Build	Fastlane Build & Archive	﻿2026-07-20T11:34:05.9459130Z ##[group]Run bundle exec fastlane build_trio
Build	Fastlane Build & Archive	2026-07-20T11:34:05.9459730Z bundle exec fastlane build_trio
Build	Fastlane Build & Archive	2026-07-20T11:34:05.9514300Z shell: /bin/bash -e {0}
Build	Fastlane Build & Archive	2026-07-20T11:34:05.9514710Z env:
Build	Fastlane Build & Archive	2026-07-20T11:34:05.9528060Z   GH_PAT: ***
Build	Fastlane Build & Archive	2026-07-20T11:34:05.9528420Z   UPSTREAM_REPO: nightscout/Trio
Build	Fastlane Build & Archive	2026-07-20T11:34:05.9528850Z   UPSTREAM_BRANCH: merge/sync-upstream-dev-20260720
Build	Fastlane Build & Archive	2026-07-20T11:34:05.9529320Z   TARGET_BRANCH: merge/sync-upstream-dev-20260720
Build	Fastlane Build & Archive	2026-07-20T11:34:05.9529730Z   TEAMID: ***
Build	Fastlane Build & Archive	2026-07-20T11:34:05.9530060Z   FASTLANE_KEY_ID: ***
Build	Fastlane Build & Archive	2026-07-20T11:34:05.9530440Z   FASTLANE_ISSUER_ID: ***
Build	Fastlane Build & Archive	2026-07-20T11:34:05.9531680Z   FASTLANE_KEY: ***
Build	Fastlane Build & Archive	2026-07-20T11:34:05.9532130Z   MATCH_PASSWORD: ***
Build	Fastlane Build & Archive	2026-07-20T11:34:05.9532530Z ##[endgroup]
Build	Fastlane Build & Archive	2026-07-20T11:34:08.4748260Z [11:34:08]: Sending anonymous analytics information
Build	Fastlane Build & Archive	2026-07-20T11:34:08.4863310Z [11:34:08]: Learn more at https://docs.fastlane.tools/#metrics
Build	Fastlane Build & Archive	2026-07-20T11:34:08.4966070Z [11:34:08]: No personal or sensitive data is sent.
Build	Fastlane Build & Archive	2026-07-20T11:34:08.5082770Z [11:34:08]: You can disable this by adding `opt_out_usage` at the top of your Fastfile
Build	Fastlane Build & Archive	2026-07-20T11:34:08.5198110Z [11:34:08]: ------------------------------
Build	Fastlane Build & Archive	2026-07-20T11:34:08.5303350Z [11:34:08]: --- Step: default_platform ---
Build	Fastlane Build & Archive	2026-07-20T11:34:08.5407540Z [11:34:08]: ------------------------------
Build	Fastlane Build & Archive	2026-07-20T11:34:08.5509410Z [11:34:08]: Driving the lane 'ios build_trio' 🚀
Build	Fastlane Build & Archive	2026-07-20T11:34:08.5532010Z [11:34:08]: ----------------------
Build	Fastlane Build & Archive	2026-07-20T11:34:08.5555200Z [11:34:08]: --- Step: setup_ci ---
Build	Fastlane Build & Archive	2026-07-20T11:34:08.5555870Z [11:34:08]: ----------------------
Build	Fastlane Build & Archive	2026-07-20T11:34:08.5556420Z [11:34:08]: Creating temporary keychain: "fastlane_tmp_keychain".
Build	Fastlane Build & Archive	2026-07-20T11:34:08.7545450Z [11:34:08]: $ security list-keychains -d user
Build	Fastlane Build & Archive	2026-07-20T11:34:08.7734910Z [11:34:08]: ▸ "/Users/runner/Library/Keychains/fastlane_tmp_keychain-db"
Build	Fastlane Build & Archive	2026-07-20T11:34:08.7738850Z [11:34:08]: Found keychain '/Users/runner/Library/Keychains/fastlane_tmp_keychain-db' in list-keychains, adding to search list skipped
Build	Fastlane Build & Archive	2026-07-20T11:34:08.7741160Z [11:34:08]: Enabling match readonly mode.
Build	Fastlane Build & Archive	2026-07-20T11:34:08.7757330Z [11:34:08]: ---------------------------------
Build	Fastlane Build & Archive	2026-07-20T11:34:08.7758710Z [11:34:08]: --- Step: update_project_team ---
Build	Fastlane Build & Archive	2026-07-20T11:34:08.7759840Z [11:34:08]: ---------------------------------
Build	Fastlane Build & Archive	2026-07-20T11:34:09.0809520Z [11:34:09]: Updating development team (***) for target `Trio` in the project '/Users/runner/work/Trio/Trio/Trio.xcodeproj'
Build	Fastlane Build & Archive	2026-07-20T11:34:09.2518360Z [11:34:09]: Successfully updated project settings to use Developer Team ID '***' for target `Trio`
Build	Fastlane Build & Archive	2026-07-20T11:34:09.2623930Z [11:34:09]: Updating development team (***) for target `TrioTests` in the project '/Users/runner/work/Trio/Trio/Trio.xcodeproj'
Build	Fastlane Build & Archive	2026-07-20T11:34:09.3638990Z [11:34:09]: Successfully updated project settings to use Developer Team ID '***' for target `TrioTests`
Build	Fastlane Build & Archive	2026-07-20T11:34:09.3742950Z [11:34:09]: Updating development team (***) for target `LiveActivityExtension` in the project '/Users/runner/work/Trio/Trio/Trio.xcodeproj'
Build	Fastlane Build & Archive	2026-07-20T11:34:09.5136450Z [11:34:09]: Successfully updated project settings to use Developer Team ID '***' for target `LiveActivityExtension`
Build	Fastlane Build & Archive	2026-07-20T11:34:09.5171500Z [11:34:09]: Updating development team (***) for target `Trio Watch App` in the project '/Users/runner/work/Trio/Trio/Trio.xcodeproj'
Build	Fastlane Build & Archive	2026-07-20T11:34:09.6426280Z [11:34:09]: Successfully updated project settings to use Developer Team ID '***' for target `Trio Watch App`
Build	Fastlane Build & Archive	2026-07-20T11:34:09.6527790Z [11:34:09]: Updating development team (***) for target `Trio Watch AppTests` in the project '/Users/runner/work/Trio/Trio/Trio.xcodeproj'
Build	Fastlane Build & Archive	2026-07-20T11:34:09.7829730Z [11:34:09]: Successfully updated project settings to use Developer Team ID '***' for target `Trio Watch AppTests`
Build	Fastlane Build & Archive	2026-07-20T11:34:09.7931930Z [11:34:09]: Updating development team (***) for target `Trio Watch Complication Extension` in the project '/Users/runner/work/Trio/Trio/Trio.xcodeproj'
Build	Fastlane Build & Archive	2026-07-20T11:34:09.8865860Z [11:34:09]: Successfully updated project settings to use Developer Team ID '***' for target `Trio Watch Complication Extension`
Build	Fastlane Build & Archive	2026-07-20T11:34:09.8868230Z [11:34:09]: ---------------------------------------
Build	Fastlane Build & Archive	2026-07-20T11:34:09.8869010Z [11:34:09]: --- Step: app_store_connect_api_key ---
Build	Fastlane Build & Archive	2026-07-20T11:34:09.8869590Z [11:34:09]: ---------------------------------------
Build	Fastlane Build & Archive	2026-07-20T11:34:09.8895240Z [11:34:09]: --------------------------------------------
Build	Fastlane Build & Archive	2026-07-20T11:34:09.8895840Z [11:34:09]: --- Step: latest_testflight_build_number ---
Build	Fastlane Build & Archive	2026-07-20T11:34:09.8896350Z [11:34:09]: --------------------------------------------
Build	Fastlane Build & Archive	2026-07-20T11:34:09.8900180Z [11:34:09]: Creating authorization token for App Store Connect API
Build	Fastlane Build & Archive	2026-07-20T11:34:10.3035200Z [11:34:10]: Fetching the latest build number for any version
Build	Fastlane Build & Archive	2026-07-20T11:34:10.4348950Z [11:34:10]: Latest upload for version 0.8.3 on ios platform is build: 59
Build	Fastlane Build & Archive	2026-07-20T11:34:10.4452070Z [11:34:10]: ------------------------------------
Build	Fastlane Build & Archive	2026-07-20T11:34:10.4472170Z [11:34:10]: --- Step: increment_build_number ---
Build	Fastlane Build & Archive	2026-07-20T11:34:10.4472970Z [11:34:10]: ------------------------------------
Build	Fastlane Build & Archive	2026-07-20T11:34:11.7064140Z Current version of project Trio is: 
Build	Fastlane Build & Archive	2026-07-20T11:34:11.7065280Z     "$(APP_BUILD_NUMBER)"
Build	Fastlane Build & Archive	2026-07-20T11:34:11.7066080Z $APP_BUILD_NUMBER
Build	Fastlane Build & Archive	2026-07-20T11:34:11.7066970Z 1
Build	Fastlane Build & Archive	2026-07-20T11:34:11.7067350Z 
Build	Fastlane Build & Archive	2026-07-20T11:34:11.7072630Z /Users/runner/work/Trio/Trio
Build	Fastlane Build & Archive	2026-07-20T11:34:11.7088830Z [11:34:11]: $ cd /Users/runner/work/Trio/Trio && agvtool new-version -all 60 && cd -
Build	Fastlane Build & Archive	2026-07-20T11:34:11.9004700Z [11:34:11]: ▸ Setting version of project Trio to:
Build	Fastlane Build & Archive	2026-07-20T11:34:11.9010410Z [11:34:11]: ▸ 60.
Build	Fastlane Build & Archive	2026-07-20T11:34:11.9513940Z [11:34:11]: ▸ Also setting CFBundleVersion key (assuming it exists)
Build	Fastlane Build & Archive	2026-07-20T11:34:12.0111620Z [11:34:12]: ▸ Updating CFBundleVersion in Info.plist(s)...
Build	Fastlane Build & Archive	2026-07-20T11:34:12.0567420Z [11:34:12]: ▸ Updated CFBundleVersion in "Trio.xcodeproj/../LiveActivity/Info.plist" to 60
Build	Fastlane Build & Archive	2026-07-20T11:34:12.0843450Z [11:34:12]: ▸ Updated CFBundleVersion in "Trio.xcodeproj/../Trio Watch Complication/Info.plist" to 60
Build	Fastlane Build & Archive	2026-07-20T11:34:12.1288750Z [11:34:12]: ▸ Updated CFBundleVersion in "Trio.xcodeproj/../Trio/Resources/Info.plist" to 60
Build	Fastlane Build & Archive	2026-07-20T11:34:12.1868300Z [11:34:12]: ▸ Updated CFBundleVersion in "Trio.xcodeproj/../TrioTests/Info.plist" to 60
Build	Fastlane Build & Archive	2026-07-20T11:34:12.1971170Z [11:34:12]: ▸ Cannot find "Trio.xcodeproj/../YES"
Build	Fastlane Build & Archive	2026-07-20T11:34:12.1974310Z [11:34:12]: ▸ /Users/runner/work/Trio/Trio
Build	Fastlane Build & Archive	2026-07-20T11:34:12.3644830Z [11:34:12]: -------------------
Build	Fastlane Build & Archive	2026-07-20T11:34:12.3646120Z [11:34:12]: --- Step: match ---
Build	Fastlane Build & Archive	2026-07-20T11:34:12.3647500Z [11:34:12]: -------------------
Build	Fastlane Build & Archive	2026-07-20T11:34:12.3649190Z [11:34:12]: Successfully loaded '/Users/runner/work/Trio/Trio/fastlane/Matchfile' 📄
Build	Fastlane Build & Archive	2026-07-20T11:34:12.3650170Z 
Build	Fastlane Build & Archive	2026-07-20T11:34:12.3653840Z +------------------------------------------------------------+
Build	Fastlane Build & Archive	2026-07-20T11:34:12.3655220Z |        Detected Values from './fastlane/Matchfile'         |
Build	Fastlane Build & Archive	2026-07-20T11:34:12.3656650Z +--------------+---------------------------------------------+
Build	Fastlane Build & Archive	2026-07-20T11:34:12.3657950Z | git_url      | https://github.com/pov-it/Match-Secrets.git |
Build	Fastlane Build & Archive	2026-07-20T11:34:12.3659190Z | storage_mode | git                                         |
Build	Fastlane Build & Archive	2026-07-20T11:34:12.3660400Z | type         | appstore                                    |
Build	Fastlane Build & Archive	2026-07-20T11:34:12.3661430Z +--------------+---------------------------------------------+
Build	Fastlane Build & Archive	2026-07-20T11:34:12.3662040Z 
Build	Fastlane Build & Archive	2026-07-20T11:34:12.3662480Z 
Build	Fastlane Build & Archive	2026-07-20T11:34:12.3670130Z +----------------------------------------------------------------------------------------------------------------------------------------------------------------------------------------------------------------------------------------------+
Build	Fastlane Build & Archive	2026-07-20T11:34:12.3676370Z |                                                                                                          Summary for match 2.235.0                                                                                                           |
Build	Fastlane Build & Archive	2026-07-20T11:34:12.3680010Z +----------------------------------------+-----------------------------------------------------------------------------------------------------------------------------------------------------------------------------------------------------+
Build	Fastlane Build & Archive	2026-07-20T11:34:12.3683280Z | type                                   | appstore                                                                                                                                                                                            |
Build	Fastlane Build & Archive	2026-07-20T11:34:12.3685520Z | git_basic_authorization                | ********                                                                                                                                                                                            |
Build	Fastlane Build & Archive	2026-07-20T11:34:12.3691060Z | app_identifier                         | ["org.nightscout.***.trio", "org.nightscout.***.trio.watchkitapp", "org.nightscout.***.trio.watchkitapp.TrioWatchComplication", "org.nightscout.***.trio.LiveActivity"] |
Build	Fastlane Build & Archive	2026-07-20T11:34:12.3694080Z | api_key                                | ********                                                                                                                                                                                            |
Build	Fastlane Build & Archive	2026-07-20T11:34:12.3696060Z | readonly                               | true                                                                                                                                                                                                |
Build	Fastlane Build & Archive	2026-07-20T11:34:12.3698740Z | generate_apple_certs                   | true                                                                                                                                                                                                |
Build	Fastlane Build & Archive	2026-07-20T11:34:12.3701230Z | skip_provisioning_profiles             | false                                                                                                                                                                                               |
Build	Fastlane Build & Archive	2026-07-20T11:34:12.3703920Z | storage_mode                           | git                                                                                                                                                                                                 |
Build	Fastlane Build & Archive	2026-07-20T11:34:12.3706490Z | git_url                                | https://github.com/pov-it/Match-Secrets.git                                                                                                                                                         |
Build	Fastlane Build & Archive	2026-07-20T11:34:12.3708940Z | git_branch                             | master                                                                                                                                                                                              |
Build	Fastlane Build & Archive	2026-07-20T11:34:12.3711870Z | shallow_clone                          | false                                                                                                                                                                                               |
Build	Fastlane Build & Archive	2026-07-20T11:34:12.3714560Z | clone_branch_directly                  | false                                                                                                                                                                                               |
Build	Fastlane Build & Archive	2026-07-20T11:34:12.3717080Z | skip_google_cloud_account_confirmation | false                                                                                                                                                                                               |
Build	Fastlane Build & Archive	2026-07-20T11:34:12.3721360Z | s3_skip_encryption                     | false                                                                                                                                                                                               |
Build	Fastlane Build & Archive	2026-07-20T11:34:12.3725840Z | gitlab_host                            | https://gitlab.com                                                                                                                                                                                  |
Build	Fastlane Build & Archive	2026-07-20T11:34:12.3728260Z | keychain_name                          | fastlane_tmp_keychain                                                                                                                                                                               |
Build	Fastlane Build & Archive	2026-07-20T11:34:12.3751470Z | force                                  | false                                                                                                                                                                                               |
Build	Fastlane Build & Archive	2026-07-20T11:34:12.3753710Z | force_for_new_devices                  | false                                                                                                                                                                                               |
Build	Fastlane Build & Archive	2026-07-20T11:34:12.3756170Z | include_mac_in_profiles                | false                                                                                                                                                                                               |
Build	Fastlane Build & Archive	2026-07-20T11:34:12.3758500Z | include_all_certificates               | false                                                                                                                                                                                               |
Build	Fastlane Build & Archive	2026-07-20T11:34:12.3760840Z | force_for_new_certificates             | false                                                                                                                                                                                               |
Build	Fastlane Build & Archive	2026-07-20T11:34:12.3763150Z | skip_confirmation                      | false                                                                                                                                                                                               |
Build	Fastlane Build & Archive	2026-07-20T11:34:12.3771010Z | safe_remove_certs                      | false                                                                                                                                                                                               |
Build	Fastlane Build & Archive	2026-07-20T11:34:12.3773440Z | skip_docs                              | false                                                                                                                                                                                               |
Build	Fastlane Build & Archive	2026-07-20T11:34:12.3775600Z | platform                               | ios                                                                                                                                                                                                 |
Build	Fastlane Build & Archive	2026-07-20T11:34:12.3777970Z | derive_catalyst_app_identifier         | false                                                                                                                                                                                               |
Build	Fastlane Build & Archive	2026-07-20T11:34:12.3786980Z | fail_on_name_taken                     | false                                                                                                                                                                                               |
Build	Fastlane Build & Archive	2026-07-20T11:34:12.3790070Z | skip_certificate_matching              | false                                                                                                                                                                                               |
Build	Fastlane Build & Archive	2026-07-20T11:34:12.3792600Z | skip_set_partition_list                | false                                                                                                                                                                                               |
Build	Fastlane Build & Archive	2026-07-20T11:34:12.3797070Z | force_legacy_encryption                | false                                                                                                                                                                                               |
Build	Fastlane Build & Archive	2026-07-20T11:34:12.3799440Z | verbose                                | false                                                                                                                                                                                               |
Build	Fastlane Build & Archive	2026-07-20T11:34:12.3802050Z +----------------------------------------+-----------------------------------------------------------------------------------------------------------------------------------------------------------------------------------------------------+
Build	Fastlane Build & Archive	2026-07-20T11:34:12.3803630Z 
Build	Fastlane Build & Archive	2026-07-20T11:34:12.3803990Z [11:34:12]: Cloning remote git repo...
Build	Fastlane Build & Archive	2026-07-20T11:34:12.3805350Z [11:34:12]: If cloning the repo takes too long, you can use the `clone_branch_directly` option in match.
Build	Fastlane Build & Archive	2026-07-20T11:34:13.1526900Z [11:34:13]: Checking out branch master...
Build	Fastlane Build & Archive	2026-07-20T11:34:13.2344210Z [11:34:13]: 🔓  Successfully decrypted certificates repo
Build	Fastlane Build & Archive	2026-07-20T11:34:13.2355790Z [11:34:13]: Installing certificate...
Build	Fastlane Build & Archive	2026-07-20T11:34:13.8145790Z [11:34:13]: There are no local code signing identities found.
Build	Fastlane Build & Archive	2026-07-20T11:34:13.8147280Z You can run `security find-identity -v -p codesigning /Users/runner/Library/Keychains/fastlane_tmp_keychain-db` to get this output.
Build	Fastlane Build & Archive	2026-07-20T11:34:13.8148140Z This Stack Overflow thread has more information: https://stackoverflow.com/q/35390072/774.
Build	Fastlane Build & Archive	2026-07-20T11:34:13.8149040Z (Check in Keychain Access for an expired WWDR certificate: https://stackoverflow.com/a/35409835/774 has more info.)
Build	Fastlane Build & Archive	2026-07-20T11:34:13.9189810Z [11:34:13]: Setting key partition list... (this can take a minute if there are a lot of keys installed)
Build	Fastlane Build & Archive	2026-07-20T11:34:13.9557570Z [11:34:13]: security: SecItemCopyMatching: The specified item could not be found in the keychain.
Build	Fastlane Build & Archive	2026-07-20T11:34:14.0545110Z [11:34:14]: Setting key partition list... (this can take a minute if there are a lot of keys installed)
Build	Fastlane Build & Archive	2026-07-20T11:34:14.0921190Z 
Build	Fastlane Build & Archive	2026-07-20T11:34:14.0927420Z +--------------------------------------------------------------------------+
Build	Fastlane Build & Archive	2026-07-20T11:34:14.0930770Z |                          Installed Certificate                           |
Build	Fastlane Build & Archive	2026-07-20T11:34:14.0932390Z +-------------------+------------------------------------------------------+
Build	Fastlane Build & Archive	2026-07-20T11:34:14.0935220Z | User ID           | ***                                           |
Build	Fastlane Build & Archive	2026-07-20T11:34:14.0937110Z | Common Name       | Apple Distribution: Marijn Pov\xC3\xA9e (***) |
Build	Fastlane Build & Archive	2026-07-20T11:34:14.0937910Z | Organisation Unit | ***                                           |
Build	Fastlane Build & Archive	2026-07-20T11:34:14.0938610Z | Organisation      | Marijn Pov\xC3\xA9e                                  |
Build	Fastlane Build & Archive	2026-07-20T11:34:14.0939250Z | Country           | US                                                   |
Build	Fastlane Build & Archive	2026-07-20T11:34:14.0939870Z | Start Datetime    | 2026-04-17 13:31:41 UTC                              |
Build	Fastlane Build & Archive	2026-07-20T11:34:14.0940470Z | End Datetime      | 2027-04-17 13:31:40 UTC                              |
Build	Fastlane Build & Archive	2026-07-20T11:34:14.0941040Z +-------------------+------------------------------------------------------+
Build	Fastlane Build & Archive	2026-07-20T11:34:14.0941340Z 
Build	Fastlane Build & Archive	2026-07-20T11:34:14.1429930Z [11:34:14]: Installing provisioning profile...
Build	Fastlane Build & Archive	2026-07-20T11:34:14.2585620Z [11:34:14]: Installing provisioning profile...
Build	Fastlane Build & Archive	2026-07-20T11:34:14.4218710Z [11:34:14]: Installing provisioning profile...
Build	Fastlane Build & Archive	2026-07-20T11:34:14.5759560Z [11:34:14]: Installing provisioning profile...
Build	Fastlane Build & Archive	2026-07-20T11:34:14.6562200Z 
Build	Fastlane Build & Archive	2026-07-20T11:34:14.6589020Z +-----------------------------------------------------------------------------------------------------------------------------------------------------------------------------------------------------------------+
Build	Fastlane Build & Archive	2026-07-20T11:34:14.6594700Z |                                                                                         Installed Provisioning Profile                                                                                          |
Build	Fastlane Build & Archive	2026-07-20T11:34:14.6598350Z +---------------------+---------------------------------------------------------------+---------------------------------------------------------------------------------------------------------------------------+
Build	Fastlane Build & Archive	2026-07-20T11:34:14.6603120Z | Parameter           | Environment Variable                                          | Value                                                                                                                     |
Build	Fastlane Build & Archive	2026-07-20T11:34:14.6604230Z +---------------------+---------------------------------------------------------------+---------------------------------------------------------------------------------------------------------------------------+
Build	Fastlane Build & Archive	2026-07-20T11:34:14.6606130Z | App Identifier      |                                                               | org.nightscout.***.trio                                                                                            |
Build	Fastlane Build & Archive	2026-07-20T11:34:14.6607290Z | Type                |                                                               | appstore                                                                                                                  |
Build	Fastlane Build & Archive	2026-07-20T11:34:14.6608180Z | Platform            |                                                               | ios                                                                                                                       |
Build	Fastlane Build & Archive	2026-07-20T11:34:14.6609220Z | Profile UUID        | sigh_org.nightscout.***.trio_appstore                  | 2a19cb78-7dd7-4efb-a100-8bb5b8e20d5e                                                                                      |
Build	Fastlane Build & Archive	2026-07-20T11:34:14.6610680Z | Profile Name        | sigh_org.nightscout.***.trio_appstore_profile-name     | match AppStore org.nightscout.***.trio                                                                             |
Build	Fastlane Build & Archive	2026-07-20T11:34:14.6612510Z | Profile Path        | sigh_org.nightscout.***.trio_appstore_profile-path     | /Users/runner/Library/Developer/Xcode/UserData/Provisioning Profiles/2a19cb78-7dd7-4efb-a100-8bb5b8e20d5e.mobileprovision |
Build	Fastlane Build & Archive	2026-07-20T11:34:14.6614380Z | Development Team ID | sigh_org.nightscout.***.trio_appstore_team-id          | ***                                                                                                                |
Build	Fastlane Build & Archive	2026-07-20T11:34:14.6619690Z | Certificate Name    | sigh_org.nightscout.***.trio_appstore_certificate-name | Apple Distribution: Marijn Pov\xC3\xA9e (***)                                                                      |
Build	Fastlane Build & Archive	2026-07-20T11:34:14.6621230Z +---------------------+---------------------------------------------------------------+---------------------------------------------------------------------------------------------------------------------------+
Build	Fastlane Build & Archive	2026-07-20T11:34:14.6622170Z 
Build	Fastlane Build & Archive	2026-07-20T11:34:14.6622180Z 
Build	Fastlane Build & Archive	2026-07-20T11:34:14.6623080Z +-----------------------------------------------------------------------------------------------------------------------------------------------------------------------------------------------------------------------------+
Build	Fastlane Build & Archive	2026-07-20T11:34:14.6625810Z |                                                                                               Installed Provisioning Profile                                                                                                |
Build	Fastlane Build & Archive	2026-07-20T11:34:14.6630780Z +---------------------+---------------------------------------------------------------------------+---------------------------------------------------------------------------------------------------------------------------+
Build	Fastlane Build & Archive	2026-07-20T11:34:14.6634050Z | Parameter           | Environment Variable                                                      | Value                                                                                                                     |
Build	Fastlane Build & Archive	2026-07-20T11:34:14.6642960Z +---------------------+---------------------------------------------------------------------------+---------------------------------------------------------------------------------------------------------------------------+
Build	Fastlane Build & Archive	2026-07-20T11:34:14.6648520Z | App Identifier      |                                                                           | org.nightscout.***.trio.watchkitapp                                                                                |
Build	Fastlane Build & Archive	2026-07-20T11:34:14.6650160Z | Type                |                                                                           | appstore                                                                                                                  |
Build	Fastlane Build & Archive	2026-07-20T11:34:14.6651220Z | Platform            |                                                                           | ios                                                                                                                       |
Build	Fastlane Build & Archive	2026-07-20T11:34:14.6652240Z | Profile UUID        | sigh_org.nightscout.***.trio.watchkitapp_appstore                  | cbddde0a-be8c-4017-aa9f-57876dce389a                                                                                      |
Build	Fastlane Build & Archive	2026-07-20T11:34:14.6653500Z | Profile Name        | sigh_org.nightscout.***.trio.watchkitapp_appstore_profile-name     | match AppStore org.nightscout.***.trio.watchkitapp                                                                 |
Build	Fastlane Build & Archive	2026-07-20T11:34:14.6654840Z | Profile Path        | sigh_org.nightscout.***.trio.watchkitapp_appstore_profile-path     | /Users/runner/Library/Developer/Xcode/UserData/Provisioning Profiles/cbddde0a-be8c-4017-aa9f-57876dce389a.mobileprovision |
Build	Fastlane Build & Archive	2026-07-20T11:34:14.6656100Z | Development Team ID | sigh_org.nightscout.***.trio.watchkitapp_appstore_team-id          | ***                                                                                                                |
Build	Fastlane Build & Archive	2026-07-20T11:34:14.6657430Z | Certificate Name    | sigh_org.nightscout.***.trio.watchkitapp_appstore_certificate-name | Apple Distribution: Marijn Pov\xC3\xA9e (***)                                                                      |
Build	Fastlane Build & Archive	2026-07-20T11:34:14.6658600Z +---------------------+---------------------------------------------------------------------------+---------------------------------------------------------------------------------------------------------------------------+
Build	Fastlane Build & Archive	2026-07-20T11:34:14.6659210Z 
Build	Fastlane Build & Archive	2026-07-20T11:34:14.6659430Z 
Build	Fastlane Build & Archive	2026-07-20T11:34:14.6660020Z +---------------------------------------------------------------------------------------------------------------------------------------------------------------------------------------------------------------------------------------------------+
Build	Fastlane Build & Archive	2026-07-20T11:34:14.6661460Z |                                                                                                          Installed Provisioning Profile                                                                                                           |
Build	Fastlane Build & Archive	2026-07-20T11:34:14.6663590Z +---------------------+-------------------------------------------------------------------------------------------------+---------------------------------------------------------------------------------------------------------------------------+
Build	Fastlane Build & Archive	2026-07-20T11:34:14.6666740Z | Parameter           | Environment Variable                                                                            | Value                                                                                                                     |
Build	Fastlane Build & Archive	2026-07-20T11:34:14.6670170Z +---------------------+-------------------------------------------------------------------------------------------------+---------------------------------------------------------------------------------------------------------------------------+
Build	Fastlane Build & Archive	2026-07-20T11:34:14.6674810Z | App Identifier      |                                                                                                 | org.nightscout.***.trio.watchkitapp.TrioWatchComplication                                                          |
Build	Fastlane Build & Archive	2026-07-20T11:34:14.6678700Z | Type                |                                                                                                 | appstore                                                                                                                  |
Build	Fastlane Build & Archive	2026-07-20T11:34:14.6706260Z | Platform            |                                                                                                 | ios                                                                                                                       |
Build	Fastlane Build & Archive	2026-07-20T11:34:14.6707600Z | Profile UUID        | sigh_org.nightscout.***.trio.watchkitapp.TrioWatchComplication_appstore                  | 23695190-ae00-4e34-b5fe-a7658624f108                                                                                      |
Build	Fastlane Build & Archive	2026-07-20T11:34:14.6709030Z | Profile Name        | sigh_org.nightscout.***.trio.watchkitapp.TrioWatchComplication_appstore_profile-name     | match AppStore org.nightscout.***.trio.watchkitapp.TrioWatchComplication                                           |
Build	Fastlane Build & Archive	2026-07-20T11:34:14.6710570Z | Profile Path        | sigh_org.nightscout.***.trio.watchkitapp.TrioWatchComplication_appstore_profile-path     | /Users/runner/Library/Developer/Xcode/UserData/Provisioning Profiles/23695190-ae00-4e34-b5fe-a7658624f108.mobileprovision |
Build	Fastlane Build & Archive	2026-07-20T11:34:14.6712900Z | Development Team ID | sigh_org.nightscout.***.trio.watchkitapp.TrioWatchComplication_appstore_team-id          | ***                                                                                                                |
Build	Fastlane Build & Archive	2026-07-20T11:34:14.6714330Z | Certificate Name    | sigh_org.nightscout.***.trio.watchkitapp.TrioWatchComplication_appstore_certificate-name | Apple Distribution: Marijn Pov\xC3\xA9e (***)                                                                      |
Build	Fastlane Build & Archive	2026-07-20T11:34:14.6715630Z +---------------------+-------------------------------------------------------------------------------------------------+---------------------------------------------------------------------------------------------------------------------------+
Build	Fastlane Build & Archive	2026-07-20T11:34:14.6716300Z 
Build	Fastlane Build & Archive	2026-07-20T11:34:14.6716310Z 
Build	Fastlane Build & Archive	2026-07-20T11:34:14.6717860Z +------------------------------------------------------------------------------------------------------------------------------------------------------------------------------------------------------------------------------+
Build	Fastlane Build & Archive	2026-07-20T11:34:14.6719130Z |                                                                                                Installed Provisioning Profile                                                                                                |
Build	Fastlane Build & Archive	2026-07-20T11:34:14.6720150Z +---------------------+----------------------------------------------------------------------------+---------------------------------------------------------------------------------------------------------------------------+
Build	Fastlane Build & Archive	2026-07-20T11:34:14.6721160Z | Parameter           | Environment Variable                                                       | Value                                                                                                                     |
Build	Fastlane Build & Archive	2026-07-20T11:34:14.6722130Z +---------------------+----------------------------------------------------------------------------+---------------------------------------------------------------------------------------------------------------------------+
Build	Fastlane Build & Archive	2026-07-20T11:34:14.6723370Z | App Identifier      |                                                                            | org.nightscout.***.trio.LiveActivity                                                                               |
Build	Fastlane Build & Archive	2026-07-20T11:34:14.6724150Z | Type                |                                                                            | appstore                                                                                                                  |
Build	Fastlane Build & Archive	2026-07-20T11:34:14.6727640Z | Platform            |                                                                            | ios                                                                                                                       |
Build	Fastlane Build & Archive	2026-07-20T11:34:14.6734450Z | Profile UUID        | sigh_org.nightscout.***.trio.LiveActivity_appstore                  | 95629ee0-c461-4ac5-86e8-0416893008ef                                                                                      |
Build	Fastlane Build & Archive	2026-07-20T11:34:14.6738010Z | Profile Name        | sigh_org.nightscout.***.trio.LiveActivity_appstore_profile-name     | match AppStore org.nightscout.***.trio.LiveActivity                                                                |
Build	Fastlane Build & Archive	2026-07-20T11:34:14.6741960Z | Profile Path        | sigh_org.nightscout.***.trio.LiveActivity_appstore_profile-path     | /Users/runner/Library/Developer/Xcode/UserData/Provisioning Profiles/95629ee0-c461-4ac5-86e8-0416893008ef.mobileprovision |
Build	Fastlane Build & Archive	2026-07-20T11:34:14.6747040Z | Development Team ID | sigh_org.nightscout.***.trio.LiveActivity_appstore_team-id          | ***                                                                                                                |
Build	Fastlane Build & Archive	2026-07-20T11:34:14.6748520Z | Certificate Name    | sigh_org.nightscout.***.trio.LiveActivity_appstore_certificate-name | Apple Distribution: Marijn Pov\xC3\xA9e (***)                                                                      |
Build	Fastlane Build & Archive	2026-07-20T11:34:14.6749650Z +---------------------+----------------------------------------------------------------------------+---------------------------------------------------------------------------------------------------------------------------+
Build	Fastlane Build & Archive	2026-07-20T11:34:14.6750240Z 
Build	Fastlane Build & Archive	2026-07-20T11:34:14.6750780Z [11:34:14]: All required keys, certificates and provisioning profiles are installed 🙌
Build	Fastlane Build & Archive	2026-07-20T11:34:14.6752070Z [11:34:14]: Setting Provisioning Profile type to 'app-store'
Build	Fastlane Build & Archive	2026-07-20T11:34:14.6768480Z [11:34:14]: ------------------------------------------
Build	Fastlane Build & Archive	2026-07-20T11:34:14.6786740Z [11:34:14]: --- Step: update_code_signing_settings ---
Build	Fastlane Build & Archive	2026-07-20T11:34:14.6788950Z [11:34:14]: ------------------------------------------
Build	Fastlane Build & Archive	2026-07-20T11:34:14.6790150Z 
Build	Fastlane Build & Archive	2026-07-20T11:34:14.6790800Z +-----------------------------------------------------------------------+
Build	Fastlane Build & Archive	2026-07-20T11:34:14.6792590Z |                   Summary for code signing settings                   |
Build	Fastlane Build & Archive	2026-07-20T11:34:14.6794110Z +-----------------------+-----------------------------------------------+
Build	Fastlane Build & Archive	2026-07-20T11:34:14.6795480Z | path                  | /Users/runner/work/Trio/Trio/Trio.xcodeproj   |
Build	Fastlane Build & Archive	2026-07-20T11:34:14.6798190Z | profile_name          | match AppStore org.nightscout.***.trio |
Build	Fastlane Build & Archive	2026-07-20T11:34:14.6799800Z | code_sign_identity    | iPhone Distribution                           |
Build	Fastlane Build & Archive	2026-07-20T11:34:14.6801470Z | targets               | ["Trio"]                                      |
Build	Fastlane Build & Archive	2026-07-20T11:34:14.6803080Z | use_automatic_signing | false                                         |
Build	Fastlane Build & Archive	2026-07-20T11:34:14.6804430Z +-----------------------+-----------------------------------------------+
Build	Fastlane Build & Archive	2026-07-20T11:34:14.6805310Z 
Build	Fastlane Build & Archive	2026-07-20T11:34:14.8035690Z [11:34:14]: Updating the Automatic Codesigning flag to disabled for the given project '/Users/runner/work/Trio/Trio/Trio.xcodeproj/project.pbxproj'
Build	Fastlane Build & Archive	2026-07-20T11:34:14.8037160Z [11:34:14]: Set Code Sign identity to: iPhone Distribution for target: Trio for build configuration: Debug
Build	Fastlane Build & Archive	2026-07-20T11:34:14.8038610Z [11:34:14]: Set Provisioning Profile name to: match AppStore org.nightscout.***.trio for target: Trio for build configuration: Debug
Build	Fastlane Build & Archive	2026-07-20T11:34:14.8040120Z [11:34:14]: Set Code Sign identity to: iPhone Distribution for target: Trio for build configuration: Release
Build	Fastlane Build & Archive	2026-07-20T11:34:14.8041620Z [11:34:14]: Set Provisioning Profile name to: match AppStore org.nightscout.***.trio for target: Trio for build configuration: Release
Build	Fastlane Build & Archive	2026-07-20T11:34:14.8043810Z [11:34:14]: Skipping TrioTests not selected (Trio)
Build	Fastlane Build & Archive	2026-07-20T11:34:14.8044710Z [11:34:14]: Skipping LiveActivityExtension not selected (Trio)
Build	Fastlane Build & Archive	2026-07-20T11:34:14.8045360Z [11:34:14]: Skipping Trio Watch App not selected (Trio)
Build	Fastlane Build & Archive	2026-07-20T11:34:14.8046010Z [11:34:14]: Skipping Trio Watch AppTests not selected (Trio)
Build	Fastlane Build & Archive	2026-07-20T11:34:14.8046720Z [11:34:14]: Skipping Trio Watch Complication Extension not selected (Trio)
Build	Fastlane Build & Archive	2026-07-20T11:34:14.9606620Z [11:34:14]: Successfully updated project settings to use Code Sign Style = 'Manual'
Build	Fastlane Build & Archive	2026-07-20T11:34:14.9708750Z [11:34:14]: Modified Targets:
Build	Fastlane Build & Archive	2026-07-20T11:34:14.9723200Z [11:34:14]: 	 * Trio
Build	Fastlane Build & Archive	2026-07-20T11:34:14.9723790Z [11:34:14]: Modified Build Configurations:
Build	Fastlane Build & Archive	2026-07-20T11:34:14.9724430Z [11:34:14]: 	 * Debug
Build	Fastlane Build & Archive	2026-07-20T11:34:14.9724890Z [11:34:14]: 	 * Release
Build	Fastlane Build & Archive	2026-07-20T11:34:14.9725430Z [11:34:14]: ------------------------------------------
Build	Fastlane Build & Archive	2026-07-20T11:34:14.9726940Z [11:34:14]: --- Step: update_code_signing_settings ---
Build	Fastlane Build & Archive	2026-07-20T11:34:14.9728140Z [11:34:14]: ------------------------------------------
Build	Fastlane Build & Archive	2026-07-20T11:34:14.9728540Z 
Build	Fastlane Build & Archive	2026-07-20T11:34:14.9728840Z +-----------------------------------------------------------------------------------+
Build	Fastlane Build & Archive	2026-07-20T11:34:14.9729540Z |                         Summary for code signing settings                         |
Build	Fastlane Build & Archive	2026-07-20T11:34:14.9730180Z +-----------------------+-----------------------------------------------------------+
Build	Fastlane Build & Archive	2026-07-20T11:34:14.9730830Z | path                  | /Users/runner/work/Trio/Trio/Trio.xcodeproj               |
Build	Fastlane Build & Archive	2026-07-20T11:34:14.9731600Z | profile_name          | match AppStore org.nightscout.***.trio.watchkitapp |
Build	Fastlane Build & Archive	2026-07-20T11:34:14.9732200Z | code_sign_identity    | iPhone Distribution                                       |
Build	Fastlane Build & Archive	2026-07-20T11:34:14.9732730Z | targets               | ["Trio Watch App"]                                        |
Build	Fastlane Build & Archive	2026-07-20T11:34:14.9733230Z | use_automatic_signing | false                                                     |
Build	Fastlane Build & Archive	2026-07-20T11:34:14.9733740Z +-----------------------+-----------------------------------------------------------+
Build	Fastlane Build & Archive	2026-07-20T11:34:14.9734070Z 
Build	Fastlane Build & Archive	2026-07-20T11:34:15.0577580Z [11:34:15]: Updating the Automatic Codesigning flag to disabled for the given project '/Users/runner/work/Trio/Trio/Trio.xcodeproj/project.pbxproj'
Build	Fastlane Build & Archive	2026-07-20T11:34:15.0578600Z [11:34:15]: Skipping Trio not selected (Trio Watch App)
Build	Fastlane Build & Archive	2026-07-20T11:34:15.0579580Z [11:34:15]: Skipping TrioTests not selected (Trio Watch App)
Build	Fastlane Build & Archive	2026-07-20T11:34:15.0581010Z [11:34:15]: Skipping LiveActivityExtension not selected (Trio Watch App)
Build	Fastlane Build & Archive	2026-07-20T11:34:15.0583150Z [11:34:15]: Set Code Sign identity to: iPhone Distribution for target: Trio Watch App for build configuration: Debug
Build	Fastlane Build & Archive	2026-07-20T11:34:15.0586560Z [11:34:15]: Set Provisioning Profile name to: match AppStore org.nightscout.***.trio.watchkitapp for target: Trio Watch App for build configuration: Debug
Build	Fastlane Build & Archive	2026-07-20T11:34:15.0587880Z [11:34:15]: Set Code Sign identity to: iPhone Distribution for target: Trio Watch App for build configuration: Release
Build	Fastlane Build & Archive	2026-07-20T11:34:15.0589050Z [11:34:15]: Set Provisioning Profile name to: match AppStore org.nightscout.***.trio.watchkitapp for target: Trio Watch App for build configuration: Release
Build	Fastlane Build & Archive	2026-07-20T11:34:15.0589820Z [11:34:15]: Skipping Trio Watch AppTests not selected (Trio Watch App)
Build	Fastlane Build & Archive	2026-07-20T11:34:15.0590630Z [11:34:15]: Skipping Trio Watch Complication Extension not selected (Trio Watch App)
Build	Fastlane Build & Archive	2026-07-20T11:34:15.1636780Z [11:34:15]: Successfully updated project settings to use Code Sign Style = 'Manual'
Build	Fastlane Build & Archive	2026-07-20T11:34:15.1637700Z [11:34:15]: Modified Targets:
Build	Fastlane Build & Archive	2026-07-20T11:34:15.1638370Z [11:34:15]: 	 * Trio Watch App
Build	Fastlane Build & Archive	2026-07-20T11:34:15.1639230Z [11:34:15]: Modified Build Configurations:
Build	Fastlane Build & Archive	2026-07-20T11:34:15.1639590Z [11:34:15]: 	 * Debug
Build	Fastlane Build & Archive	2026-07-20T11:34:15.1639880Z [11:34:15]: 	 * Release
Build	Fastlane Build & Archive	2026-07-20T11:34:15.1646730Z [11:34:15]: ------------------------------------------
Build	Fastlane Build & Archive	2026-07-20T11:34:15.1647240Z [11:34:15]: --- Step: update_code_signing_settings ---
Build	Fastlane Build & Archive	2026-07-20T11:34:15.1647660Z [11:34:15]: ------------------------------------------
Build	Fastlane Build & Archive	2026-07-20T11:34:15.1647930Z 
Build	Fastlane Build & Archive	2026-07-20T11:34:15.1649170Z +---------------------------------------------------------------------------------------------------------+
Build	Fastlane Build & Archive	2026-07-20T11:34:15.1649810Z |                                    Summary for code signing settings                                    |
Build	Fastlane Build & Archive	2026-07-20T11:34:15.1650370Z +-----------------------+---------------------------------------------------------------------------------+
Build	Fastlane Build & Archive	2026-07-20T11:34:15.1650970Z | path                  | /Users/runner/work/Trio/Trio/Trio.xcodeproj                                     |
Build	Fastlane Build & Archive	2026-07-20T11:34:15.1651780Z | profile_name          | match AppStore org.nightscout.***.trio.watchkitapp.TrioWatchComplication |
Build	Fastlane Build & Archive	2026-07-20T11:34:15.1652410Z | code_sign_identity    | iPhone Distribution                                                             |
Build	Fastlane Build & Archive	2026-07-20T11:34:15.1652990Z | targets               | ["Trio Watch Complication Extension"]                                           |
Build	Fastlane Build & Archive	2026-07-20T11:34:15.1653530Z | use_automatic_signing | false                                                                           |
Build	Fastlane Build & Archive	2026-07-20T11:34:15.1654060Z +-----------------------+---------------------------------------------------------------------------------+
Build	Fastlane Build & Archive	2026-07-20T11:34:15.1654400Z 
Build	Fastlane Build & Archive	2026-07-20T11:34:15.2773240Z [11:34:15]: Updating the Automatic Codesigning flag to disabled for the given project '/Users/runner/work/Trio/Trio/Trio.xcodeproj/project.pbxproj'
Build	Fastlane Build & Archive	2026-07-20T11:34:15.2875200Z [11:34:15]: Skipping Trio not selected (Trio Watch Complication Extension)
Build	Fastlane Build & Archive	2026-07-20T11:34:15.2977670Z [11:34:15]: Skipping TrioTests not selected (Trio Watch Complication Extension)
Build	Fastlane Build & Archive	2026-07-20T11:34:15.3079720Z [11:34:15]: Skipping LiveActivityExtension not selected (Trio Watch Complication Extension)
Build	Fastlane Build & Archive	2026-07-20T11:34:15.3181250Z [11:34:15]: Skipping Trio Watch App not selected (Trio Watch Complication Extension)
Build	Fastlane Build & Archive	2026-07-20T11:34:15.3282870Z [11:34:15]: Skipping Trio Watch AppTests not selected (Trio Watch Complication Extension)
Build	Fastlane Build & Archive	2026-07-20T11:34:15.3385820Z [11:34:15]: Set Code Sign identity to: iPhone Distribution for target: Trio Watch Complication Extension for build configuration: Debug
Build	Fastlane Build & Archive	2026-07-20T11:34:15.3442130Z [11:34:15]: Set Provisioning Profile name to: match AppStore org.nightscout.***.trio.watchkitapp.TrioWatchComplication for target: Trio Watch Complication Extension for build configuration: Debug
Build	Fastlane Build & Archive	2026-07-20T11:34:15.3443410Z [11:34:15]: Set Code Sign identity to: iPhone Distribution for target: Trio Watch Complication Extension for build configuration: Release
Build	Fastlane Build & Archive	2026-07-20T11:34:15.3444730Z [11:34:15]: Set Provisioning Profile name to: match AppStore org.nightscout.***.trio.watchkitapp.TrioWatchComplication for target: Trio Watch Complication Extension for build configuration: Release
Build	Fastlane Build & Archive	2026-07-20T11:34:15.4297180Z [11:34:15]: Successfully updated project settings to use Code Sign Style = 'Manual'
Build	Fastlane Build & Archive	2026-07-20T11:34:15.4310980Z [11:34:15]: Modified Targets:
Build	Fastlane Build & Archive	2026-07-20T11:34:15.4311600Z [11:34:15]: 	 * Trio Watch Complication Extension
Build	Fastlane Build & Archive	2026-07-20T11:34:15.4312130Z [11:34:15]: Modified Build Configurations:
Build	Fastlane Build & Archive	2026-07-20T11:34:15.4312610Z [11:34:15]: 	 * Debug
Build	Fastlane Build & Archive	2026-07-20T11:34:15.4312960Z [11:34:15]: 	 * Release
Build	Fastlane Build & Archive	2026-07-20T11:34:15.4323730Z [11:34:15]: ------------------------------------------
Build	Fastlane Build & Archive	2026-07-20T11:34:15.4326370Z [11:34:15]: --- Step: update_code_signing_settings ---
Build	Fastlane Build & Archive	2026-07-20T11:34:15.4328380Z [11:34:15]: ------------------------------------------
Build	Fastlane Build & Archive	2026-07-20T11:34:15.4331130Z 
Build	Fastlane Build & Archive	2026-07-20T11:34:15.4335230Z +------------------------------------------------------------------------------------+
Build	Fastlane Build & Archive	2026-07-20T11:34:15.4339060Z |                         Summary for code signing settings                          |
Build	Fastlane Build & Archive	2026-07-20T11:34:15.4339690Z +-----------------------+------------------------------------------------------------+
Build	Fastlane Build & Archive	2026-07-20T11:34:15.4340190Z | path                  | /Users/runner/work/Trio/Trio/Trio.xcodeproj                |
Build	Fastlane Build & Archive	2026-07-20T11:34:15.4340840Z | profile_name          | match AppStore org.nightscout.***.trio.LiveActivity |
Build	Fastlane Build & Archive	2026-07-20T11:34:15.4342840Z | code_sign_identity    | iPhone Distribution                                        |
Build	Fastlane Build & Archive	2026-07-20T11:34:15.4344300Z | targets               | ["LiveActivityExtension"]                                  |
Build	Fastlane Build & Archive	2026-07-20T11:34:15.4344850Z | use_automatic_signing | false                                                      |
Build	Fastlane Build & Archive	2026-07-20T11:34:15.4345650Z +-----------------------+------------------------------------------------------------+
Build	Fastlane Build & Archive	2026-07-20T11:34:15.4346080Z 
Build	Fastlane Build & Archive	2026-07-20T11:34:15.5418590Z [11:34:15]: Updating the Automatic Codesigning flag to disabled for the given project '/Users/runner/work/Trio/Trio/Trio.xcodeproj/project.pbxproj'
Build	Fastlane Build & Archive	2026-07-20T11:34:15.5518680Z [11:34:15]: Skipping Trio not selected (LiveActivityExtension)
Build	Fastlane Build & Archive	2026-07-20T11:34:15.5620290Z [11:34:15]: Skipping TrioTests not selected (LiveActivityExtension)
Build	Fastlane Build & Archive	2026-07-20T11:34:15.5721020Z [11:34:15]: Set Code Sign identity to: iPhone Distribution for target: LiveActivityExtension for build configuration: Debug
Build	Fastlane Build & Archive	2026-07-20T11:34:15.5821920Z [11:34:15]: Set Provisioning Profile name to: match AppStore org.nightscout.***.trio.LiveActivity for target: LiveActivityExtension for build configuration: Debug
Build	Fastlane Build & Archive	2026-07-20T11:34:15.5923930Z [11:34:15]: Set Code Sign identity to: iPhone Distribution for target: LiveActivityExtension for build configuration: Release
Build	Fastlane Build & Archive	2026-07-20T11:34:15.6023780Z [11:34:15]: Set Provisioning Profile name to: match AppStore org.nightscout.***.trio.LiveActivity for target: LiveActivityExtension for build configuration: Release
Build	Fastlane Build & Archive	2026-07-20T11:34:15.6125880Z [11:34:15]: Skipping Trio Watch App not selected (LiveActivityExtension)
Build	Fastlane Build & Archive	2026-07-20T11:34:15.6227380Z [11:34:15]: Skipping Trio Watch AppTests not selected (LiveActivityExtension)
Build	Fastlane Build & Archive	2026-07-20T11:34:15.6333060Z [11:34:15]: Skipping Trio Watch Complication Extension not selected (LiveActivityExtension)
Build	Fastlane Build & Archive	2026-07-20T11:34:15.6421790Z [11:34:15]: Successfully updated project settings to use Code Sign Style = 'Manual'
Build	Fastlane Build & Archive	2026-07-20T11:34:15.6422860Z [11:34:15]: Modified Targets:
Build	Fastlane Build & Archive	2026-07-20T11:34:15.6423520Z [11:34:15]: 	 * LiveActivityExtension
Build	Fastlane Build & Archive	2026-07-20T11:34:15.6425100Z [11:34:15]: Modified Build Configurations:
Build	Fastlane Build & Archive	2026-07-20T11:34:15.6426510Z [11:34:15]: 	 * Debug
Build	Fastlane Build & Archive	2026-07-20T11:34:15.6427430Z [11:34:15]: 	 * Release
Build	Fastlane Build & Archive	2026-07-20T11:34:15.6551810Z [11:34:15]: -----------------
Build	Fastlane Build & Archive	2026-07-20T11:34:15.6553340Z [11:34:15]: --- Step: gym ---
Build	Fastlane Build & Archive	2026-07-20T11:34:15.6554420Z [11:34:15]: -----------------
Build	Fastlane Build & Archive	2026-07-20T11:34:15.8033400Z [11:34:15]: Resolving Swift Package Manager dependencies...
Build	Fastlane Build & Archive	2026-07-20T11:34:15.8095500Z [11:34:15]: $ xcodebuild -resolvePackageDependencies -workspace ./Trio.xcworkspace -scheme Trio -configuration Release -destination generic/platform\=iOS
Build	Fastlane Build & Archive	2026-07-20T11:34:17.4177040Z [11:34:17]: ▸ Command line invocation:
Build	Fastlane Build & Archive	2026-07-20T11:34:17.4185240Z [11:34:17]: ▸     /Applications/Xcode_26.2.app/Contents/Developer/usr/bin/xcodebuild -resolvePackageDependencies -workspace ./Trio.xcworkspace -scheme Trio -configuration Release -destination generic/platform=iOS
Build	Fastlane Build & Archive	2026-07-20T11:34:24.9229650Z [11:34:24]: ▸ Resolve Package Graph
Build	Fastlane Build & Archive	2026-07-20T11:34:25.0373570Z [11:34:25]: ▸ Fetching from https://github.com/Kitura/LoggerAPI.git
Build	Fastlane Build & Archive	2026-07-20T11:34:26.0891010Z [11:34:26]: ▸ Fetching from https://github.com/google/interop-ios-for-google-sdks.git
Build	Fastlane Build & Archive	2026-07-20T11:34:26.1142400Z [11:34:26]: ▸ Fetching from https://github.com/google/grpc-binary.git
Build	Fastlane Build & Archive	2026-07-20T11:34:26.6405550Z [11:34:26]: ▸ Fetching from https://github.com/apple/swift-protobuf.git
Build	Fastlane Build & Archive	2026-07-20T11:34:36.4399620Z [11:34:36]: ▸ Fetching from https://github.com/Kitura/BlueECC.git
Build	Fastlane Build & Archive	2026-07-20T11:34:36.4508820Z [11:34:36]: ▸ Fetching from https://github.com/no-comment/SlideButton
Build	Fastlane Build & Archive	2026-07-20T11:34:36.4618210Z [11:34:36]: ▸ Fetching from https://github.com/Kitura/BlueCryptor.git
Build	Fastlane Build & Archive	2026-07-20T11:34:36.4722490Z [11:34:36]: ▸ Fetching from https://github.com/google/app-check.git
Build	Fastlane Build & Archive	2026-07-20T11:34:36.4824480Z [11:34:36]: ▸ Fetching from https://github.com/firebase/firebase-ios-sdk.git
Build	Fastlane Build & Archive	2026-07-20T11:34:54.4593380Z [11:34:54]: ▸ Fetching from https://github.com/apple/swift-algorithms
Build	Fastlane Build & Archive	2026-07-20T11:34:54.4621050Z [11:34:54]: ▸ Fetching from https://github.com/Kitura/BlueRSA.git
Build	Fastlane Build & Archive	2026-07-20T11:34:54.4623300Z [11:34:54]: ▸ Fetching from https://github.com/google/promises.git
Build	Fastlane Build & Archive	2026-07-20T11:34:54.4625230Z [11:34:54]: ▸ Fetching from https://github.com/maxkonovalov/MKRingProgressView.git
Build	Fastlane Build & Archive	2026-07-20T11:34:54.4628900Z [11:34:54]: ▸ Fetching from https://github.com/firebase/leveldb.git
Build	Fastlane Build & Archive	2026-07-20T11:34:54.4632330Z [11:34:54]: ▸ Fetching from https://github.com/Swinject/Swinject
Build	Fastlane Build & Archive	2026-07-20T11:34:54.4636130Z [11:34:54]: ▸ Fetching from https://github.com/firebase/nanopb.git
Build	Fastlane Build & Archive	2026-07-20T11:34:54.4669780Z [11:34:54]: ▸ Fetching from https://github.com/malcommac/SwiftDate
Build	Fastlane Build & Archive	2026-07-20T11:34:54.4773160Z [11:34:54]: ▸ Fetching from https://github.com/apple/swift-log.git
Build	Fastlane Build & Archive	2026-07-20T11:34:54.4875770Z [11:34:54]: ▸ Fetching from https://github.com/ivanschuetz/SwiftCharts.git
Build	Fastlane Build & Archive	2026-07-20T11:34:54.4976250Z [11:34:54]: ▸ Fetching from https://github.com/google/gtm-session-fetcher.git
Build	Fastlane Build & Archive	2026-07-20T11:34:54.5107280Z [11:34:54]: ▸ Fetching from https://github.com/Kitura/KituraContracts.git
Build	Fastlane Build & Archive	2026-07-20T11:34:54.5178390Z [11:34:54]: ▸ Fetching from https://github.com/apple/swift-numerics
Build	Fastlane Build & Archive	2026-07-20T11:34:54.5280210Z [11:34:54]: ▸ Fetching from https://github.com/google/GoogleAppMeasurement.git
Build	Fastlane Build & Archive	2026-07-20T11:34:54.5382870Z [11:34:54]: ▸ Fetching from https://github.com/google/GoogleDataTransport.git
Build	Fastlane Build & Archive	2026-07-20T11:34:54.5478950Z [11:34:54]: ▸ Fetching from https://github.com/google/GoogleUtilities.git
Build	Fastlane Build & Archive	2026-07-20T11:34:54.5480780Z [11:34:54]: ▸ Fetching from https://github.com/krzyzanowskim/CryptoSwift
Build	Fastlane Build & Archive	2026-07-20T11:34:54.7466880Z [11:34:54]: ▸ Fetching from http://github.com/Kitura/Swift-JWT.git
Build	Fastlane Build & Archive	2026-07-20T11:34:55.1836390Z [11:34:55]: ▸ Fetching from https://github.com/garmin/connectiq-companion-app-sdk-ios
Build	Fastlane Build & Archive	2026-07-20T11:34:56.0072330Z [11:34:56]: ▸ Fetching from https://github.com/tidepool-org/TidepoolKit
Build	Fastlane Build & Archive	2026-07-20T11:34:56.0107550Z [11:34:56]: ▸ Fetching from https://github.com/google/abseil-cpp-binary.git
Build	Fastlane Build & Archive	2026-07-20T11:34:56.5332290Z [11:34:56]: ▸ Creating working copy of package ‘LoggerAPI’
Build	Fastlane Build & Archive	2026-07-20T11:34:56.6606700Z [11:34:56]: ▸ Creating working copy of package ‘interop-ios-for-google-sdks’
Build	Fastlane Build & Archive	2026-07-20T11:34:56.6750140Z [11:34:56]: ▸ Creating working copy of package ‘grpc-binary’
Build	Fastlane Build & Archive	2026-07-20T11:34:56.6853590Z [11:34:56]: ▸ Checking out 2.0.0 of package ‘LoggerAPI’
Build	Fastlane Build & Archive	2026-07-20T11:34:56.9229950Z [11:34:56]: ▸ Checking out 101.0.0 of package ‘interop-ios-for-google-sdks’
Build	Fastlane Build & Archive	2026-07-20T11:34:56.9340970Z [11:34:56]: ▸ Checking out 1.69.0 of package ‘grpc-binary’
Build	Fastlane Build & Archive	2026-07-20T11:34:57.3444380Z [11:34:57]: ▸ Creating working copy of package ‘swift-protobuf’
Build	Fastlane Build & Archive	2026-07-20T11:34:57.6848010Z [11:34:57]: ▸ Creating working copy of package ‘SlideButton’
Build	Fastlane Build & Archive	2026-07-20T11:34:57.6907940Z [11:34:57]: ▸ Checking out main (5eacebb) of package ‘SlideButton’
Build	Fastlane Build & Archive	2026-07-20T11:34:57.9261350Z [11:34:57]: ▸ Checking out 1.29.0 of package ‘swift-protobuf’
Build	Fastlane Build & Archive	2026-07-20T11:34:58.9888340Z [11:34:58]: ▸ Creating working copy of package ‘BlueECC’
Build	Fastlane Build & Archive	2026-07-20T11:34:58.9999300Z [11:34:58]: ▸ Creating working copy of package ‘BlueCryptor’
Build	Fastlane Build & Archive	2026-07-20T11:34:59.0000300Z [11:34:58]: ▸ Checking out 2.0.2 of package ‘BlueCryptor’
Build	Fastlane Build & Archive	2026-07-20T11:34:59.3084090Z [11:34:59]: ▸ Checking out 1.2.201 of package ‘BlueECC’
Build	Fastlane Build & Archive	2026-07-20T11:34:59.3188340Z [11:34:59]: ▸ Creating working copy of package ‘app-check’
Build	Fastlane Build & Archive	2026-07-20T11:34:59.5953120Z [11:34:59]: ▸ Creating working copy of package ‘firebase-ios-sdk’
Build	Fastlane Build & Archive	2026-07-20T11:35:00.5922330Z [11:35:00]: ▸ Checking out 11.2.0 of package ‘app-check’
Build	Fastlane Build & Archive	2026-07-20T11:35:00.6047020Z [11:35:00]: ▸ Creating working copy of package ‘swift-algorithms’
Build	Fastlane Build & Archive	2026-07-20T11:35:00.6194800Z [11:35:00]: ▸ Creating working copy of package ‘BlueRSA’
Build	Fastlane Build & Archive	2026-07-20T11:35:00.8906060Z [11:35:00]: ▸ Checking out 0.2.1 of package ‘swift-algorithms’
Build	Fastlane Build & Archive	2026-07-20T11:35:00.9007570Z [11:35:00]: ▸ Checking out 11.11.0 of package ‘firebase-ios-sdk’
Build	Fastlane Build & Archive	2026-07-20T11:35:01.2996080Z [11:35:01]: ▸ Checking out 1.0.203 of package ‘BlueRSA’
Build	Fastlane Build & Archive	2026-07-20T11:35:01.2998730Z [11:35:01]: ▸ Creating working copy of package ‘MKRingProgressView’
Build	Fastlane Build & Archive	2026-07-20T11:35:01.3003750Z [11:35:01]: ▸ Creating working copy of package ‘promises’
Build	Fastlane Build & Archive	2026-07-20T11:35:01.3008950Z [11:35:01]: ▸ Checking out master (660888a) of package ‘MKRingProgressView’
Build	Fastlane Build & Archive	2026-07-20T11:35:01.3030340Z [11:35:01]: ▸ Checking out 2.4.0 of package ‘promises’
Build	Fastlane Build & Archive	2026-07-20T11:35:01.3031060Z [11:35:01]: ▸ Creating working copy of package ‘leveldb’
Build	Fastlane Build & Archive	2026-07-20T11:35:01.3031700Z [11:35:01]: ▸ Creating working copy of package ‘Swinject’
Build	Fastlane Build & Archive	2026-07-20T11:35:01.3039300Z [11:35:01]: ▸ Checking out 1.22.5 of package ‘leveldb’
Build	Fastlane Build & Archive	2026-07-20T11:35:01.3039930Z [11:35:01]: ▸ Checking out 2.9.1 of package ‘Swinject’
Build	Fastlane Build & Archive	2026-07-20T11:35:01.3040530Z [11:35:01]: ▸ Creating working copy of package ‘nanopb’
Build	Fastlane Build & Archive	2026-07-20T11:35:01.3041160Z [11:35:01]: ▸ Creating working copy of package ‘SwiftDate’
Build	Fastlane Build & Archive	2026-07-20T11:35:01.3041780Z [11:35:01]: ▸ Checking out 2.30910.0 of package ‘nanopb’
Build	Fastlane Build & Archive	2026-07-20T11:35:01.3042710Z [11:35:01]: ▸ Checking out 6.3.1 of package ‘SwiftDate’
Build	Fastlane Build & Archive	2026-07-20T11:35:01.3097260Z [11:35:01]: ▸ Creating working copy of package ‘swift-log’
Build	Fastlane Build & Archive	2026-07-20T11:35:01.3098320Z [11:35:01]: ▸ Creating working copy of package ‘SwiftCharts’
Build	Fastlane Build & Archive	2026-07-20T11:35:01.3102340Z [11:35:01]: ▸ Checking out 1.6.4 of package ‘swift-log’
Build	Fastlane Build & Archive	2026-07-20T11:35:01.3103280Z [11:35:01]: ▸ Checking out master (c354c19) of package ‘SwiftCharts’
Build	Fastlane Build & Archive	2026-07-20T11:35:01.3103900Z [11:35:01]: ▸ Creating working copy of package ‘gtm-session-fetcher’
Build	Fastlane Build & Archive	2026-07-20T11:35:01.3104500Z [11:35:01]: ▸ Checking out 4.4.0 of package ‘gtm-session-fetcher’
Build	Fastlane Build & Archive	2026-07-20T11:35:01.3105180Z [11:35:01]: ▸ Creating working copy of package ‘KituraContracts’
Build	Fastlane Build & Archive	2026-07-20T11:35:01.3105720Z [11:35:01]: ▸ Creating working copy of package ‘swift-numerics’
Build	Fastlane Build & Archive	2026-07-20T11:35:01.3106270Z [11:35:01]: ▸ Checking out 2.0.1 of package ‘KituraContracts’
Build	Fastlane Build & Archive	2026-07-20T11:35:01.3106790Z [11:35:01]: ▸ Checking out 0.1.0 of package ‘swift-numerics’
Build	Fastlane Build & Archive	2026-07-20T11:35:01.3109970Z [11:35:01]: ▸ Creating working copy of package ‘GoogleAppMeasurement’
Build	Fastlane Build & Archive	2026-07-20T11:35:01.3110620Z [11:35:01]: ▸ Creating working copy of package ‘GoogleDataTransport’
Build	Fastlane Build & Archive	2026-07-20T11:35:01.3111230Z [11:35:01]: ▸ Checking out 11.11.0 of package ‘GoogleAppMeasurement’
Build	Fastlane Build & Archive	2026-07-20T11:35:01.3111860Z [11:35:01]: ▸ Checking out 10.1.0 of package ‘GoogleDataTransport’
Build	Fastlane Build & Archive	2026-07-20T11:35:01.3112410Z [11:35:01]: ▸ Creating working copy of package ‘GoogleUtilities’
Build	Fastlane Build & Archive	2026-07-20T11:35:01.3112940Z [11:35:01]: ▸ Checking out 8.0.2 of package ‘GoogleUtilities’
Build	Fastlane Build & Archive	2026-07-20T11:35:01.3114200Z [11:35:01]: ▸ Creating working copy of package ‘CryptoSwift’
Build	Fastlane Build & Archive	2026-07-20T11:35:01.3114810Z [11:35:01]: ▸ Creating working copy of package ‘connectiq-companion-app-sdk-ios’
Build	Fastlane Build & Archive	2026-07-20T11:35:01.3115780Z [11:35:01]: ▸ Checking out 1.8.2 of package ‘CryptoSwift’
Build	Fastlane Build & Archive	2026-07-20T11:35:01.3117110Z [11:35:01]: ▸ Checking out 1.8.0 of package ‘connectiq-companion-app-sdk-ios’
Build	Fastlane Build & Archive	2026-07-20T11:35:01.3119190Z [11:35:01]: ▸ Creating working copy of package ‘Swift-JWT’
Build	Fastlane Build & Archive	2026-07-20T11:35:01.3129460Z [11:35:01]: ▸ Creating working copy of package ‘TidepoolKit’
Build	Fastlane Build & Archive	2026-07-20T11:35:01.3130360Z [11:35:01]: ▸ Checking out 4.0.1 of package ‘Swift-JWT’
Build	Fastlane Build & Archive	2026-07-20T11:35:01.3131760Z [11:35:01]: ▸ Checking out dev (5c92b4f) of package ‘TidepoolKit’
Build	Fastlane Build & Archive	2026-07-20T11:35:01.3132650Z [11:35:01]: ▸ Creating working copy of package ‘abseil-cpp-binary’
Build	Fastlane Build & Archive	2026-07-20T11:35:01.3134580Z [11:35:01]: ▸ Checking out 1.2024072200.0 of package ‘abseil-cpp-binary’
Build	Fastlane Build & Archive	2026-07-20T11:35:58.1087590Z [11:35:58]: ▸ Updating from https://github.com/maxkonovalov/MKRingProgressView.git
Build	Fastlane Build & Archive	2026-07-20T11:36:00.8091620Z [11:36:00]: ▸ Updating from https://github.com/no-comment/SlideButton
Build	Fastlane Build & Archive	2026-07-20T11:36:02.5228220Z [11:36:02]: ▸ Updating from https://github.com/ivanschuetz/SwiftCharts.git
Build	Fastlane Build & Archive	2026-07-20T11:36:04.6715210Z [11:36:04]: ▸ Updating from https://github.com/tidepool-org/TidepoolKit
Build	Fastlane Build & Archive	2026-07-20T11:36:06.5997530Z [11:36:06]: ▸ Updating from https://github.com/Kitura/LoggerAPI.git
Build	Fastlane Build & Archive	2026-07-20T11:36:06.9884420Z [11:36:06]: ▸ Updating from https://github.com/google/grpc-binary.git
Build	Fastlane Build & Archive	2026-07-20T11:36:07.0180730Z [11:36:07]: ▸ Updating from https://github.com/google/interop-ios-for-google-sdks.git
Build	Fastlane Build & Archive	2026-07-20T11:36:07.5957620Z [11:36:07]: ▸ Updating from https://github.com/apple/swift-protobuf.git
Build	Fastlane Build & Archive	2026-07-20T11:36:07.6267030Z [11:36:07]: ▸ Updating from https://github.com/Kitura/BlueECC.git
Build	Fastlane Build & Archive	2026-07-20T11:36:08.0346430Z [11:36:08]: ▸ Updating from https://github.com/Kitura/BlueCryptor.git
Build	Fastlane Build & Archive	2026-07-20T11:36:08.0718460Z [11:36:08]: ▸ Updating from https://github.com/firebase/firebase-ios-sdk.git
Build	Fastlane Build & Archive	2026-07-20T11:36:09.2834300Z [11:36:09]: ▸ Updating from https://github.com/google/app-check.git
Build	Fastlane Build & Archive	2026-07-20T11:36:09.2836000Z [11:36:09]: ▸ Updating from https://github.com/firebase/leveldb.git
Build	Fastlane Build & Archive	2026-07-20T11:36:09.2842650Z [11:36:09]: ▸ Updating from https://github.com/Kitura/BlueRSA.git
Build	Fastlane Build & Archive	2026-07-20T11:36:09.3135680Z [11:36:09]: ▸ Updating from https://github.com/google/promises.git
Build	Fastlane Build & Archive	2026-07-20T11:36:09.6607000Z [11:36:09]: ▸ Updating from https://github.com/Swinject/Swinject
Build	Fastlane Build & Archive	2026-07-20T11:36:09.8666620Z [11:36:09]: ▸ Updating from https://github.com/firebase/nanopb.git
Build	Fastlane Build & Archive	2026-07-20T11:36:10.0721730Z [11:36:10]: ▸ Updating from https://github.com/apple/swift-algorithms
Build	Fastlane Build & Archive	2026-07-20T11:36:10.3136850Z [11:36:10]: ▸ Updating from https://github.com/malcommac/SwiftDate
Build	Fastlane Build & Archive	2026-07-20T11:36:10.4864320Z [11:36:10]: ▸ Updating from https://github.com/apple/swift-log.git
Build	Fastlane Build & Archive	2026-07-20T11:36:10.7287470Z [11:36:10]: ▸ Updating from https://github.com/google/gtm-session-fetcher.git
Build	Fastlane Build & Archive	2026-07-20T11:36:10.9017270Z [11:36:10]: ▸ Updating from https://github.com/Kitura/KituraContracts.git
Build	Fastlane Build & Archive	2026-07-20T11:36:11.0875710Z [11:36:11]: ▸ Updating from https://github.com/apple/swift-numerics
Build	Fastlane Build & Archive	2026-07-20T11:36:11.6753370Z [11:36:11]: ▸ Updating from https://github.com/google/GoogleAppMeasurement.git
Build	Fastlane Build & Archive	2026-07-20T11:36:11.6758800Z [11:36:11]: ▸ Updating from https://github.com/google/GoogleDataTransport.git
Build	Fastlane Build & Archive	2026-07-20T11:36:11.9524940Z [11:36:11]: ▸ Updating from https://github.com/google/GoogleUtilities.git
Build	Fastlane Build & Archive	2026-07-20T11:36:12.0447680Z [11:36:12]: ▸ Updating from https://github.com/krzyzanowskim/CryptoSwift
Build	Fastlane Build & Archive	2026-07-20T11:36:12.3655940Z [11:36:12]: ▸ Updating from http://github.com/Kitura/Swift-JWT.git
Build	Fastlane Build & Archive	2026-07-20T11:36:12.6137420Z [11:36:12]: ▸ Updating from https://github.com/garmin/connectiq-companion-app-sdk-ios
Build	Fastlane Build & Archive	2026-07-20T11:36:12.7175180Z [11:36:12]: ▸ Updating from https://github.com/google/abseil-cpp-binary.git
Build	Fastlane Build & Archive	2026-07-20T11:36:12.9532730Z [11:36:12]: ▸ Fetching from https://github.com/SwiftKickMobile/SwiftMessages
Build	Fastlane Build & Archive	2026-07-20T11:36:53.4614680Z [11:36:53]: ▸ Creating working copy of package ‘SwiftMessages’
Build	Fastlane Build & Archive	2026-07-20T11:36:53.5738520Z [11:36:53]: ▸ Checking out 9.0.9 of package ‘SwiftMessages’
Build	Fastlane Build & Archive	2026-07-20T11:37:00.1063610Z [11:37:00]: ▸ Resolved source packages:
Build	Fastlane Build & Archive	2026-07-20T11:37:00.1074890Z [11:37:00]: ▸   SwiftProtobuf: https://github.com/apple/swift-protobuf.git @ 1.29.0
Build	Fastlane Build & Archive	2026-07-20T11:37:00.1086060Z [11:37:00]: ▸   SwiftDate: https://github.com/malcommac/SwiftDate @ 6.3.1
Build	Fastlane Build & Archive	2026-07-20T11:37:00.1091400Z [11:37:00]: ▸   Promises: https://github.com/google/promises.git @ 2.4.0
Build	Fastlane Build & Archive	2026-07-20T11:37:00.1096670Z [11:37:00]: ▸   KituraContracts: https://github.com/Kitura/KituraContracts.git @ 2.0.1
Build	Fastlane Build & Archive	2026-07-20T11:37:00.1098750Z [11:37:00]: ▸   MKRingProgressView: https://github.com/maxkonovalov/MKRingProgressView.git @ master (660888a)
Build	Fastlane Build & Archive	2026-07-20T11:37:00.1103490Z [11:37:00]: ▸   CryptoSwift: https://github.com/krzyzanowskim/CryptoSwift @ 1.8.2
Build	Fastlane Build & Archive	2026-07-20T11:37:00.1108580Z [11:37:00]: ▸   SwiftCharts: https://github.com/ivanschuetz/SwiftCharts.git @ master (c354c19)
Build	Fastlane Build & Archive	2026-07-20T11:37:00.1110250Z [11:37:00]: ▸   GoogleAppMeasurement: https://github.com/google/GoogleAppMeasurement.git @ 11.11.0
Build	Fastlane Build & Archive	2026-07-20T11:37:00.1116940Z [11:37:00]: ▸   SwiftMessages: https://github.com/SwiftKickMobile/SwiftMessages @ 9.0.9
Build	Fastlane Build & Archive	2026-07-20T11:37:00.1118870Z [11:37:00]: ▸   CryptorRSA: https://github.com/Kitura/BlueRSA.git @ 1.0.203
Build	Fastlane Build & Archive	2026-07-20T11:37:00.1120670Z [11:37:00]: ▸   AppCheck: https://github.com/google/app-check.git @ 11.2.0
Build	Fastlane Build & Archive	2026-07-20T11:37:00.1124970Z [11:37:00]: ▸   LoggerAPI: https://github.com/Kitura/LoggerAPI.git @ 2.0.0
Build	Fastlane Build & Archive	2026-07-20T11:37:00.1133740Z [11:37:00]: ▸   nanopb: https://github.com/firebase/nanopb.git @ 2.30910.0
Build	Fastlane Build & Archive	2026-07-20T11:37:00.1154920Z [11:37:00]: ▸   SwiftJWT: http://github.com/Kitura/Swift-JWT.git @ 4.0.1
Build	Fastlane Build & Archive	2026-07-20T11:37:00.1159420Z [11:37:00]: ▸   abseil: https://github.com/google/abseil-cpp-binary.git @ 1.2024072200.0
Build	Fastlane Build & Archive	2026-07-20T11:37:00.1162810Z [11:37:00]: ▸   GoogleUtilities: https://github.com/google/GoogleUtilities.git @ 8.0.2
Build	Fastlane Build & Archive	2026-07-20T11:37:00.1166300Z [11:37:00]: ▸   Cryptor: https://github.com/Kitura/BlueCryptor.git @ 2.0.2
Build	Fastlane Build & Archive	2026-07-20T11:37:00.1170990Z [11:37:00]: ▸   swift-algorithms: https://github.com/apple/swift-algorithms @ 0.2.1
Build	Fastlane Build & Archive	2026-07-20T11:37:00.1181010Z [11:37:00]: ▸   swift-log: https://github.com/apple/swift-log.git @ 1.6.4
Build	Fastlane Build & Archive	2026-07-20T11:37:00.1184050Z [11:37:00]: ▸   leveldb: https://github.com/firebase/leveldb.git @ 1.22.5
Build	Fastlane Build & Archive	2026-07-20T11:37:00.1187130Z [11:37:00]: ▸   gRPC: https://github.com/google/grpc-binary.git @ 1.69.0
Build	Fastlane Build & Archive	2026-07-20T11:37:00.1192340Z [11:37:00]: ▸   TidepoolKit: https://github.com/tidepool-org/TidepoolKit @ dev (5c92b4f)
Build	Fastlane Build & Archive	2026-07-20T11:37:00.1197840Z [11:37:00]: ▸   GoogleDataTransport: https://github.com/google/GoogleDataTransport.git @ 10.1.0
Build	Fastlane Build & Archive	2026-07-20T11:37:00.1200780Z [11:37:00]: ▸   GTMSessionFetcher: https://github.com/google/gtm-session-fetcher.git @ 4.4.0
Build	Fastlane Build & Archive	2026-07-20T11:37:00.1209710Z [11:37:00]: ▸   SlideButton: https://github.com/no-comment/SlideButton @ main (5eacebb)
Build	Fastlane Build & Archive	2026-07-20T11:37:00.1212110Z [11:37:00]: ▸   CryptorECC: https://github.com/Kitura/BlueECC.git @ 1.2.201
Build	Fastlane Build & Archive	2026-07-20T11:37:00.1218990Z [11:37:00]: ▸   InteropForGoogle: https://github.com/google/interop-ios-for-google-sdks.git @ 101.0.0
Build	Fastlane Build & Archive	2026-07-20T11:37:00.1367550Z [11:37:00]: ▸   Firebase: https://github.com/firebase/firebase-ios-sdk.git @ 11.11.0
Build	Fastlane Build & Archive	2026-07-20T11:37:00.1379100Z [11:37:00]: ▸   ConnectIQ: https://github.com/garmin/connectiq-companion-app-sdk-ios @ 1.8.0
Build	Fastlane Build & Archive	2026-07-20T11:37:00.1397330Z [11:37:00]: ▸   Swinject: https://github.com/Swinject/Swinject @ 2.9.1
Build	Fastlane Build & Archive	2026-07-20T11:37:00.1460330Z [11:37:00]: ▸   swift-numerics: https://github.com/apple/swift-numerics @ 0.1.0
Build	Fastlane Build & Archive	2026-07-20T11:37:00.1462580Z [11:37:00]: ▸ resolved source packages: SwiftProtobuf, SwiftDate, Promises, KituraContracts, MKRingProgressView, CryptoSwift, SwiftCharts, GoogleAppMeasurement, SwiftMessages, CryptorRSA, AppCheck, LoggerAPI, nanopb, SwiftJWT, abseil, GoogleUtilities, Cryptor, swift-algorithms, swift-log, leveldb, gRPC, TidepoolKit, GoogleDataTransport, GTMSessionFetcher, SlideButton, CryptorECC, InteropForGoogle, Firebase, ConnectIQ, Swinject, swift-numerics
Build	Fastlane Build & Archive	2026-07-20T11:37:00.1888120Z [11:37:00]: $ xcodebuild -showBuildSettings -workspace ./Trio.xcworkspace -scheme Trio -configuration Release -destination generic/platform\=iOS 2>&1
Build	Fastlane Build & Archive	2026-07-20T11:37:16.6019500Z [11:37:16]: Detected provisioning profile mapping: {"org.nightscout.***.trio": "match AppStore org.nightscout.***.trio", "org.nightscout.***.trio.watchkitapp": "match AppStore org.nightscout.***.trio.watchkitapp", "org.nightscout.***.trio.watchkitapp.TrioWatchComplication": "match AppStore org.nightscout.***.trio.watchkitapp.TrioWatchComplication", "org.nightscout.***.trio.LiveActivity": "match AppStore org.nightscout.***.trio.LiveActivity"}
Build	Fastlane Build & Archive	2026-07-20T11:37:17.2537160Z 
Build	Fastlane Build & Archive	2026-07-20T11:37:17.2552270Z +----------------------------------------------------------------------------------------------------------------------------------------------------------------------------------------+
Build	Fastlane Build & Archive	2026-07-20T11:37:17.2554370Z |                                                                                Summary for gym 2.235.0                                                                                 |
Build	Fastlane Build & Archive	2026-07-20T11:37:17.2555230Z +------------------------------------------------------------------------------------------------------+---------------------------------------------------------------------------------+
Build	Fastlane Build & Archive	2026-07-20T11:37:17.2556090Z | export_method                                                                                        | app-store                                                                       |
Build	Fastlane Build & Archive	2026-07-20T11:37:17.2556810Z | scheme                                                                                               | Trio                                                                            |
Build	Fastlane Build & Archive	2026-07-20T11:37:17.2557500Z | output_name                                                                                          | Trio                                                                            |
Build	Fastlane Build & Archive	2026-07-20T11:37:17.2558200Z | configuration                                                                                        | Release                                                                         |
Build	Fastlane Build & Archive	2026-07-20T11:37:17.2558930Z | destination                                                                                          | generic/platform=iOS                                                            |
Build	Fastlane Build & Archive	2026-07-20T11:37:17.2559670Z | buildlog_path                                                                                        | buildlog                                                                        |
Build	Fastlane Build & Archive	2026-07-20T11:37:17.2560670Z | export_options.provisioningProfiles.org.nightscout.***.trio                                   | match AppStore org.nightscout.***.trio                                   |
Build	Fastlane Build & Archive	2026-07-20T11:37:17.2561760Z | export_options.provisioningProfiles.org.nightscout.***.trio.watchkitapp                       | match AppStore org.nightscout.***.trio.watchkitapp                       |
Build	Fastlane Build & Archive	2026-07-20T11:37:17.2562960Z | export_options.provisioningProfiles.org.nightscout.***.trio.watchkitapp.TrioWatchComplication | match AppStore org.nightscout.***.trio.watchkitapp.TrioWatchComplication |
Build	Fastlane Build & Archive	2026-07-20T11:37:17.2565310Z | export_options.provisioningProfiles.org.nightscout.***.trio.LiveActivity                      | match AppStore org.nightscout.***.trio.LiveActivity                      |
Build	Fastlane Build & Archive	2026-07-20T11:37:17.2566220Z | workspace                                                                                            | ./Trio.xcworkspace                                                              |
Build	Fastlane Build & Archive	2026-07-20T11:37:17.2571320Z | clean                                                                                                | false                                                                           |
Build	Fastlane Build & Archive	2026-07-20T11:37:17.2572120Z | output_directory                                                                                     | .                                                                               |
Build	Fastlane Build & Archive	2026-07-20T11:37:17.2572890Z | silent                                                                                               | false                                                                           |
Build	Fastlane Build & Archive	2026-07-20T11:37:17.2573640Z | skip_package_ipa                                                                                     | false                                                                           |
Build	Fastlane Build & Archive	2026-07-20T11:37:17.2574370Z | skip_package_pkg                                                                                     | false                                                                           |
Build	Fastlane Build & Archive	2026-07-20T11:37:17.2575270Z | build_path                                                                                           | /Users/runner/Library/Developer/Xcode/Archives/2026-07-20                       |
Build	Fastlane Build & Archive	2026-07-20T11:37:17.2576070Z | result_bundle                                                                                        | false                                                                           |
Build	Fastlane Build & Archive	2026-07-20T11:37:17.2576860Z | xcodebuild_formatter                                                                                 | xcbeautify                                                                      |
Build	Fastlane Build & Archive	2026-07-20T11:37:17.2577620Z | build_timing_summary                                                                                 | false                                                                           |
Build	Fastlane Build & Archive	2026-07-20T11:37:17.2578380Z | skip_profile_detection                                                                               | false                                                                           |
Build	Fastlane Build & Archive	2026-07-20T11:37:17.2579190Z | xcodebuild_command                                                                                   | xcodebuild                                                                      |
Build	Fastlane Build & Archive	2026-07-20T11:37:17.2579900Z | skip_package_dependencies_resolution                                                                 | false                                                                           |
Build	Fastlane Build & Archive	2026-07-20T11:37:17.2580680Z | disable_package_automatic_updates                                                                    | false                                                                           |
Build	Fastlane Build & Archive	2026-07-20T11:37:17.2581460Z | skip_package_repository_fetches                                                                      | false                                                                           |
Build	Fastlane Build & Archive	2026-07-20T11:37:17.2582210Z | use_system_scm                                                                                       | false                                                                           |
Build	Fastlane Build & Archive	2026-07-20T11:37:17.2582940Z | generate_appstore_info                                                                               | false                                                                           |
Build	Fastlane Build & Archive	2026-07-20T11:37:17.2583690Z | xcode_path                                                                                           | /Applications/Xcode_26.2.app                                                    |
Build	Fastlane Build & Archive	2026-07-20T11:37:17.2584860Z +------------------------------------------------------------------------------------------------------+---------------------------------------------------------------------------------+
Build	Fastlane Build & Archive	2026-07-20T11:37:17.2585550Z 
Build	Fastlane Build & Archive	2026-07-20T11:37:17.2641950Z [11:37:17]: $ set -o pipefail && xcodebuild -workspace ./Trio.xcworkspace -scheme Trio -configuration Release -destination 'generic/platform=iOS' -archivePath /Users/runner/Library/Developer/Xcode/Archives/2026-07-20/Trio\ 2026-07-20\ 11.37.17.xcarchive archive | tee /Users/runner/work/Trio/Trio/buildlog/LoopKit-Trio.log | xcbeautify
Build	Fastlane Build & Archive	2026-07-20T11:37:17.3724870Z [11:37:17]: ▸ ----- xcbeautify -----
Build	Fastlane Build & Archive	2026-07-20T11:37:17.3726640Z [11:37:17]: ▸ Version: 3.2.1
Build	Fastlane Build & Archive	2026-07-20T11:37:17.3728610Z [11:37:17]: ▸ ----------------------
Build	Fastlane Build & Archive	2026-07-20T11:37:21.1070200Z [11:37:21]: ▸ Resolving Package Graph
Build	Fastlane Build & Archive	2026-07-20T11:37:26.8103170Z [11:37:26]: ▸ Resolved source packages
Build	Fastlane Build & Archive	2026-07-20T11:37:26.8108190Z [11:37:26]: ▸ CryptoSwift - https://github.com/krzyzanowskim/CryptoSwift @ 1.8.2
Build	Fastlane Build & Archive	2026-07-20T11:37:26.8115140Z [11:37:26]: ▸ SwiftDate - https://github.com/malcommac/SwiftDate @ 6.3.1
Build	Fastlane Build & Archive	2026-07-20T11:37:26.8121530Z [11:37:26]: ▸ AppCheck - https://github.com/google/app-check.git @ 11.2.0
Build	Fastlane Build & Archive	2026-07-20T11:37:26.8123150Z [11:37:26]: ▸ Promises - https://github.com/google/promises.git @ 2.4.0
Build	Fastlane Build & Archive	2026-07-20T11:37:26.8125020Z [11:37:26]: ▸ Swinject - https://github.com/Swinject/Swinject @ 2.9.1
Build	Fastlane Build & Archive	2026-07-20T11:37:26.8130570Z [11:37:26]: ▸ swift-algorithms - https://github.com/apple/swift-algorithms @ 0.2.1
Build	Fastlane Build & Archive	2026-07-20T11:37:26.8145640Z [11:37:26]: ▸ Cryptor - https://github.com/Kitura/BlueCryptor.git @ 2.0.2
Build	Fastlane Build & Archive	2026-07-20T11:37:26.8146960Z [11:37:26]: ▸ GoogleAppMeasurement - https://github.com/google/GoogleAppMeasurement.git @ 11.11.0
Build	Fastlane Build & Archive	2026-07-20T11:37:26.8150390Z [11:37:26]: ▸ ConnectIQ - https://github.com/garmin/connectiq-companion-app-sdk-ios @ 1.8.0
Build	Fastlane Build & Archive	2026-07-20T11:37:26.8152390Z [11:37:26]: ▸ KituraContracts - https://github.com/Kitura/KituraContracts.git @ 2.0.1
Build	Fastlane Build & Archive	2026-07-20T11:37:26.8160510Z [11:37:26]: ▸ Firebase - https://github.com/firebase/firebase-ios-sdk.git @ 11.11.0
Build	Fastlane Build & Archive	2026-07-20T11:37:26.8162140Z [11:37:26]: ▸ GoogleUtilities - https://github.com/google/GoogleUtilities.git @ 8.0.2
Build	Fastlane Build & Archive	2026-07-20T11:37:26.8169050Z [11:37:26]: ▸ swift-log - https://github.com/apple/swift-log.git @ 1.6.4
Build	Fastlane Build & Archive	2026-07-20T11:37:26.8171520Z [11:37:26]: ▸ leveldb - https://github.com/firebase/leveldb.git @ 1.22.5
Build	Fastlane Build & Archive	2026-07-20T11:37:26.8174030Z [11:37:26]: ▸ SwiftMessages - https://github.com/SwiftKickMobile/SwiftMessages @ 9.0.9
Build	Fastlane Build & Archive	2026-07-20T11:37:26.8176940Z [11:37:26]: ▸ InteropForGoogle - https://github.com/google/interop-ios-for-google-sdks.git @ 101.0.0
Build	Fastlane Build & Archive	2026-07-20T11:37:26.8184730Z [11:37:26]: ▸ GoogleDataTransport - https://github.com/google/GoogleDataTransport.git @ 10.1.0
Build	Fastlane Build & Archive	2026-07-20T11:37:26.8236210Z [11:37:26]: ▸ nanopb - https://github.com/firebase/nanopb.git @ 2.30910.0
Build	Fastlane Build & Archive	2026-07-20T11:37:26.8239430Z [11:37:26]: ▸ abseil - https://github.com/google/abseil-cpp-binary.git @ 1.2024072200.0
Build	Fastlane Build & Archive	2026-07-20T11:37:26.8241920Z [11:37:26]: ▸ GTMSessionFetcher - https://github.com/google/gtm-session-fetcher.git @ 4.4.0
Build	Fastlane Build & Archive	2026-07-20T11:37:26.8244580Z [11:37:26]: ▸ SwiftProtobuf - https://github.com/apple/swift-protobuf.git @ 1.29.0
Build	Fastlane Build & Archive	2026-07-20T11:37:26.8251950Z [11:37:26]: ▸ CryptorRSA - https://github.com/Kitura/BlueRSA.git @ 1.0.203
Build	Fastlane Build & Archive	2026-07-20T11:37:26.8261860Z [11:37:26]: ▸ gRPC - https://github.com/google/grpc-binary.git @ 1.69.0
Build	Fastlane Build & Archive	2026-07-20T11:37:26.8268550Z [11:37:26]: ▸ CryptorECC - https://github.com/Kitura/BlueECC.git @ 1.2.201
Build	Fastlane Build & Archive	2026-07-20T11:37:26.8269340Z [11:37:26]: ▸ swift-numerics - https://github.com/apple/swift-numerics @ 0.1.0
Build	Fastlane Build & Archive	2026-07-20T11:37:26.8270120Z [11:37:26]: ▸ LoggerAPI - https://github.com/Kitura/LoggerAPI.git @ 2.0.0
Build	Fastlane Build & Archive	2026-07-20T11:37:26.8270860Z [11:37:26]: ▸ SwiftJWT - http://github.com/Kitura/Swift-JWT.git @ 4.0.1
Build	Fastlane Build & Archive	2026-07-20T11:37:31.9342760Z [11:37:31]: ▸ note: Building targets in dependency order
Build	Fastlane Build & Archive	2026-07-20T11:37:31.9552530Z [11:37:31]: ▸ note: Target dependency graph (109 targets)
Build	Fastlane Build & Archive	2026-07-20T11:37:54.2065840Z [11:37:54]: ▸ [Trio Watch Complication Extension] Write Auxiliary File Trio\ Watch\ Complication\ Extension.hmap
Build	Fastlane Build & Archive	2026-07-20T11:37:54.2203410Z [11:37:54]: ▸ [Trio Watch Complication Extension] Write Auxiliary File Trio\ Watch\ Complication\ Extension.DependencyStaticMetadataFileList
Build	Fastlane Build & Archive	2026-07-20T11:37:54.2414520Z [11:37:54]: ▸ [Trio Watch Complication Extension] Write Auxiliary File Trio\ Watch\ Complication\ Extension.DependencyMetadataFileList
Build	Fastlane Build & Archive	2026-07-20T11:37:54.2421200Z [11:37:54]: ▸ [Trio Watch Complication Extension] Write Auxiliary File Trio\ Watch\ Complication\ Extension-project-headers.hmap
Build	Fastlane Build & Archive	2026-07-20T11:37:54.2533970Z [11:37:54]: ▸ [Trio Watch Complication Extension] Write Auxiliary File Trio\ Watch\ Complication\ Extension-own-target-headers.hmap
Build	Fastlane Build & Archive	2026-07-20T11:37:54.2698730Z [11:37:54]: ▸ [Trio Watch Complication Extension] Write Auxiliary File Trio\ Watch\ Complication\ Extension-generated-files.hmap
Build	Fastlane Build & Archive	2026-07-20T11:37:54.2872920Z [11:37:54]: ▸ [Trio Watch Complication Extension] Write Auxiliary File Trio\ Watch\ Complication\ Extension-all-target-headers.hmap
Build	Fastlane Build & Archive	2026-07-20T11:37:54.2990640Z [11:37:54]: ▸ [Trio Watch Complication Extension] Write Auxiliary File Trio\ Watch\ Complication\ Extension-all-non-framework-target-headers.hmap
Build	Fastlane Build & Archive	2026-07-20T11:37:54.3276590Z [11:37:54]: ▸ [Trio Watch Complication Extension] Write Auxiliary File Trio\ Watch\ Complication\ Extension_const_extract_protocols.json
Build	Fastlane Build & Archive	2026-07-20T11:37:54.3415410Z [11:37:54]: ▸ [Trio Watch Complication Extension] Write Auxiliary File Trio\ Watch\ Complication\ Extension.SwiftFileList
Build	Fastlane Build & Archive	2026-07-20T11:37:54.3520550Z [11:37:54]: ▸ [Trio Watch Complication Extension] Write Auxiliary File Trio\ Watch\ Complication\ Extension.SwiftConstValuesFileList
Build	Fastlane Build & Archive	2026-07-20T11:37:54.3641060Z [11:37:54]: ▸ [Trio Watch Complication Extension] Write Auxiliary File Trio\ Watch\ Complication\ Extension.LinkFileList
Build	Fastlane Build & Archive	2026-07-20T11:37:54.3781930Z [11:37:54]: ▸ [Trio Watch Complication Extension] Write Auxiliary File Trio\ Watch\ Complication\ Extension-OutputFileMap.json
Build	Fastlane Build & Archive	2026-07-20T11:37:54.4027540Z [11:37:54]: ▸ [Trio Watch Complication Extension] Write Auxiliary File Trio\ Watch\ Complication\ Extension_const_extract_protocols.json
Build	Fastlane Build & Archive	2026-07-20T11:37:54.4132770Z [11:37:54]: ▸ [Trio Watch Complication Extension] Write Auxiliary File Trio\ Watch\ Complication\ Extension.SwiftFileList
Build	Fastlane Build & Archive	2026-07-20T11:37:54.4236120Z [11:37:54]: ▸ [Trio Watch Complication Extension] Write Auxiliary File Trio\ Watch\ Complication\ Extension.SwiftConstValuesFileList
Build	Fastlane Build & Archive	2026-07-20T11:37:54.4346160Z [11:37:54]: ▸ [Trio Watch Complication Extension] Write Auxiliary File Trio\ Watch\ Complication\ Extension.LinkFileList
Build	Fastlane Build & Archive	2026-07-20T11:37:54.4394320Z [11:37:54]: ▸ [Trio Watch Complication Extension] Write Auxiliary File Trio\ Watch\ Complication\ Extension-OutputFileMap.json
Build	Fastlane Build & Archive	2026-07-20T11:37:54.4517360Z [11:37:54]: ▸ [Trio Watch Complication Extension] Write Auxiliary File Entitlements.plist
Build	Fastlane Build & Archive	2026-07-20T11:37:54.4622870Z [11:37:54]: ▸ [Trio Watch App] Write Auxiliary File empty-Trio\ Watch\ App.plist
Build	Fastlane Build & Archive	2026-07-20T11:37:54.4728230Z [11:37:54]: ▸ [Trio Watch App] Write Auxiliary File Trio\ Watch\ App.hmap
Build	Fastlane Build & Archive	2026-07-20T11:37:54.4889740Z [11:37:54]: ▸ [Trio Watch App] Write Auxiliary File Trio\ Watch\ App.DependencyStaticMetadataFileList
Build	Fastlane Build & Archive	2026-07-20T11:37:54.4898360Z [11:37:54]: ▸ [third-party-IsAppEncrypted] Write Auxiliary File third-party-IsAppEncrypted.modulemap
Build	Fastlane Build & Archive	2026-07-20T11:37:54.5038350Z [11:37:54]: ▸ [third-party-IsAppEncrypted] Write Auxiliary File third-party-IsAppEncrypted.DependencyStaticMetadataFileList
Build	Fastlane Build & Archive	2026-07-20T11:37:54.5164170Z [11:37:54]: ▸ [third-party-IsAppEncrypted] Write Auxiliary File third-party-IsAppEncrypted.DependencyMetadataFileList
Build	Fastlane Build & Archive	2026-07-20T11:37:54.5275050Z [11:37:54]: ▸ [third-party-IsAppEncrypted] Write Auxiliary File third-party-IsAppEncrypted.LinkFileList
Build	Fastlane Build & Archive	2026-07-20T11:37:54.5364660Z [11:37:54]: ▸ [third-party-IsAppEncrypted] Write Auxiliary File e6072d4f65d7061329687fe24e3d63a7-common-args.resp
Build	Fastlane Build & Archive	2026-07-20T11:37:54.5366890Z [11:37:54]: ▸ [third-party-IsAppEncrypted] Copy third-party-IsAppEncrypted.modulemap -> third-party-IsAppEncrypted.modulemap
Build	Fastlane Build & Archive	2026-07-20T11:37:54.5511530Z [11:37:54]: ▸ [nanopb_nanopb] Write Auxiliary File nanopb_nanopb.DependencyStaticMetadataFileList
Build	Fastlane Build & Archive	2026-07-20T11:37:54.5621610Z [11:37:54]: ▸ [nanopb_nanopb] Write Auxiliary File nanopb_nanopb.DependencyMetadataFileList
Build	Fastlane Build & Archive	2026-07-20T11:37:54.5786380Z [11:37:54]: ▸ [nanopb_nanopb] Write Auxiliary File empty-nanopb_nanopb.plist
Build	Fastlane Build & Archive	2026-07-20T11:37:54.5939080Z [11:37:54]: ▸ [Trio Watch App] Write Auxiliary File Trio\ Watch\ App.DependencyMetadataFileList
Build	Fastlane Build & Archive	2026-07-20T11:37:54.6083150Z [11:37:54]: ▸ [Trio Watch App] Write Auxiliary File Trio\ Watch\ App-project-headers.hmap
Build	Fastlane Build & Archive	2026-07-20T11:37:54.6269410Z [11:37:54]: ▸ [Trio Watch App] Write Auxiliary File Trio\ Watch\ App-own-target-headers.hmap
Build	Fastlane Build & Archive	2026-07-20T11:37:54.6373860Z [11:37:54]: ▸ [Trio Watch App] Write Auxiliary File Trio\ Watch\ App-generated-files.hmap
Build	Fastlane Build & Archive	2026-07-20T11:37:54.6374850Z [11:37:54]: ▸ [Trio Watch App] Write Auxiliary File Trio\ Watch\ App-all-target-headers.hmap
Build	Fastlane Build & Archive	2026-07-20T11:37:54.6382790Z [11:37:54]: ▸ [Trio Watch App] Write Auxiliary File Trio\ Watch\ App-all-non-framework-target-headers.hmap
Build	Fastlane Build & Archive	2026-07-20T11:37:54.6383980Z [11:37:54]: ▸ [Trio Watch App] Write Auxiliary File Trio\ Watch\ App_const_extract_protocols.json
Build	Fastlane Build & Archive	2026-07-20T11:37:54.6386220Z [11:37:54]: ▸ [Trio Watch App] Write Auxiliary File Trio\ Watch\ App.SwiftFileList
Build	Fastlane Build & Archive	2026-07-20T11:37:54.6387240Z [11:37:54]: ▸ [Trio Watch App] Write Auxiliary File Trio\ Watch\ App.SwiftConstValuesFileList
Build	Fastlane Build & Archive	2026-07-20T11:37:54.6388140Z [11:37:54]: ▸ [Trio Watch App] Write Auxiliary File Trio\ Watch\ App.LinkFileList
Build	Fastlane Build & Archive	2026-07-20T11:37:54.6412490Z [11:37:54]: ▸ [Trio Watch App] Write Auxiliary File Trio\ Watch\ App-OutputFileMap.json
Build	Fastlane Build & Archive	2026-07-20T11:37:54.6531010Z [11:37:54]: ▸ [Trio Watch App] Write Auxiliary File Trio\ Watch\ App_const_extract_protocols.json
Build	Fastlane Build & Archive	2026-07-20T11:37:54.6638970Z [11:37:54]: ▸ [Trio Watch App] Write Auxiliary File Trio\ Watch\ App.SwiftFileList
Build	Fastlane Build & Archive	2026-07-20T11:37:54.6742210Z [11:37:54]: ▸ [Trio Watch App] Write Auxiliary File Trio\ Watch\ App.SwiftConstValuesFileList
Build	Fastlane Build & Archive	2026-07-20T11:37:54.6844790Z [11:37:54]: ▸ [Trio Watch App] Write Auxiliary File Trio\ Watch\ App.LinkFileList
Build	Fastlane Build & Archive	2026-07-20T11:37:54.6955320Z [11:37:54]: ▸ [Trio Watch App] Write Auxiliary File Trio\ Watch\ App-OutputFileMap.json
Build	Fastlane Build & Archive	2026-07-20T11:37:54.7059210Z [11:37:54]: ▸ [Trio Watch App] Write Auxiliary File Entitlements.plist
Build	Fastlane Build & Archive	2026-07-20T11:37:54.7161550Z [11:37:54]: ▸ [TidepoolKit_TidepoolKit] Write Auxiliary File empty-TidepoolKit_TidepoolKit.plist
Build	Fastlane Build & Archive	2026-07-20T11:37:54.7265750Z [11:37:54]: ▸ [TidepoolKit_TidepoolKit] Write Auxiliary File TidepoolKit_TidepoolKit.DependencyStaticMetadataFileList
Build	Fastlane Build & Archive	2026-07-20T11:37:54.7369560Z [11:37:54]: ▸ [TidepoolKit_TidepoolKit] Write Auxiliary File TidepoolKit_TidepoolKit.DependencyMetadataFileList
Build	Fastlane Build & Archive	2026-07-20T11:37:54.7403870Z [11:37:54]: ▸ [SwiftMessages_SwiftMessages] Write Auxiliary File empty-SwiftMessages_SwiftMessages.plist
Build	Fastlane Build & Archive	2026-07-20T11:37:54.7409750Z [11:37:54]: ▸ [SwiftMessages_SwiftMessages] Write Auxiliary File SwiftMessages_SwiftMessages.DependencyStaticMetadataFileList
Build	Fastlane Build & Archive	2026-07-20T11:37:54.7414010Z [11:37:54]: ▸ [SwiftMessages_SwiftMessages] Write Auxiliary File SwiftMessages_SwiftMessages.DependencyMetadataFileList
Build	Fastlane Build & Archive	2026-07-20T11:37:54.7421670Z [11:37:54]: ▸ [LoopKit-watchOS] Write Auxiliary File module.modulemap
Build	Fastlane Build & Archive	2026-07-20T11:37:54.7423400Z [11:37:54]: ▸ [LoopKit-watchOS] Write Auxiliary File LoopKit.SwiftFileList
Build	Fastlane Build & Archive	2026-07-20T11:37:54.7424360Z [11:37:54]: ▸ [LoopKit-watchOS] Write Auxiliary File LoopKit.SwiftConstValuesFileList
Build	Fastlane Build & Archive	2026-07-20T11:37:54.7427390Z [11:37:54]: ▸ [LoopKit-watchOS] Write Auxiliary File LoopKit.LinkFileList
Build	Fastlane Build & Archive	2026-07-20T11:37:54.7429870Z [11:37:54]: ▸ [LoopKit-watchOS] Write Auxiliary File LoopKit-watchOS_const_extract_protocols.json
Build	Fastlane Build & Archive	2026-07-20T11:37:54.7539500Z [11:37:54]: ▸ [LoopKit-watchOS] Write Auxiliary File LoopKit-watchOS-OutputFileMap.json
Build	Fastlane Build & Archive	2026-07-20T11:37:54.7643150Z [11:37:54]: ▸ [LoopKit-watchOS] Write Auxiliary File 7187679823f38a2a940e0043cdf9d637-common-args.resp
Build	Fastlane Build & Archive	2026-07-20T11:37:54.7754790Z [11:37:54]: ▸ [LoopKit-watchOS] Write Auxiliary File LoopKit.SwiftFileList
Build	Fastlane Build & Archive	2026-07-20T11:37:54.7863170Z [11:37:54]: ▸ [LoopKit-watchOS] Write Auxiliary File LoopKit.SwiftConstValuesFileList
Build	Fastlane Build & Archive	2026-07-20T11:37:54.7967030Z [11:37:54]: ▸ [LoopKit-watchOS] Write Auxiliary File LoopKit.LinkFileList
Build	Fastlane Build & Archive	2026-07-20T11:37:54.8070930Z [11:37:54]: ▸ [LoopKit-watchOS] Write Auxiliary File LoopKit-watchOS_const_extract_protocols.json
Build	Fastlane Build & Archive	2026-07-20T11:37:54.8176640Z [11:37:54]: ▸ [LoopKit-watchOS] Write Auxiliary File LoopKit-watchOS-OutputFileMap.json
Build	Fastlane Build & Archive	2026-07-20T11:37:54.8281400Z [11:37:54]: ▸ [LoopKit-watchOS] Write Auxiliary File 7187679823f38a2a940e0043cdf9d637-common-args.resp
Build	Fastlane Build & Archive	2026-07-20T11:37:54.8386920Z [11:37:54]: ▸ [LoopKit-watchOS] Write Auxiliary File LoopKit.SwiftFileList
Build	Fastlane Build & Archive	2026-07-20T11:37:54.8456320Z [11:37:54]: ▸ [LoopKit-watchOS] Write Auxiliary File LoopKit.SwiftConstValuesFileList
Build	Fastlane Build & Archive	2026-07-20T11:37:54.8468450Z [11:37:54]: ▸ [LoopKit-watchOS] Write Auxiliary File LoopKit.LinkFileList
Build	Fastlane Build & Archive	2026-07-20T11:37:54.8470390Z [11:37:54]: ▸ [LoopKit-watchOS] Write Auxiliary File LoopKit-watchOS_const_extract_protocols.json
Build	Fastlane Build & Archive	2026-07-20T11:37:54.8474020Z [11:37:54]: ▸ [LoopKit-watchOS] Write Auxiliary File LoopKit-watchOS-OutputFileMap.json
Build	Fastlane Build & Archive	2026-07-20T11:37:54.8584050Z [11:37:54]: ▸ [LoopKit-watchOS] Write Auxiliary File 7187679823f38a2a940e0043cdf9d637-common-args.resp
Build	Fastlane Build & Archive	2026-07-20T11:37:54.8694480Z [11:37:54]: ▸ [LoopKit-watchOS] Write Auxiliary File LoopKit.hmap
Build	Fastlane Build & Archive	2026-07-20T11:37:54.8698160Z [11:37:54]: ▸ [LoopKit-watchOS] Write Auxiliary File LoopKit.DependencyStaticMetadataFileList
Build	Fastlane Build & Archive	2026-07-20T11:37:54.8803770Z [11:37:54]: ▸ [LoopKit-watchOS] Write Auxiliary File LoopKit.DependencyMetadataFileList
Build	Fastlane Build & Archive	2026-07-20T11:37:54.8977880Z [11:37:54]: ▸ [LoopKit-watchOS] Write Auxiliary File LoopKit-project-headers.hmap
Build	Fastlane Build & Archive	2026-07-20T11:37:54.9004740Z [11:37:54]: ▸ [LoopKit-watchOS] Write Auxiliary File LoopKit-own-target-headers.hmap
Build	Fastlane Build & Archive	2026-07-20T11:37:54.9006030Z [11:37:54]: ▸ [LoopKit-watchOS] Write Auxiliary File LoopKit-generated-files.hmap
Build	Fastlane Build & Archive	2026-07-20T11:37:54.9008040Z [11:37:54]: ▸ [LoopKit-watchOS] Write Auxiliary File LoopKit-all-target-headers.hmap
Build	Fastlane Build & Archive	2026-07-20T11:37:54.9012190Z [11:37:54]: ▸ [LoopKit-watchOS] Write Auxiliary File LoopKit-all-non-framework-target-headers.hmap
Build	Fastlane Build & Archive	2026-07-20T11:37:54.9127010Z [11:37:54]: ▸ [LoopKit-watchOS] Write Auxiliary File LoopKit_vers.c
Build	Fastlane Build & Archive	2026-07-20T11:37:54.9161230Z [11:37:54]: ▸ [LoopKit-watchOS] Copying LoopKit.h
Build	Fastlane Build & Archive	2026-07-20T11:37:54.9164950Z [11:37:54]: ▸ [LoopKit-watchOS] Copy module.modulemap -> module.modulemap
Build	Fastlane Build & Archive	2026-07-20T11:37:54.9189360Z [11:37:54]: ▸ [nanopb] Write Auxiliary File nanopb.modulemap
Build	Fastlane Build & Archive	2026-07-20T11:37:54.9193950Z [11:37:54]: ▸ [nanopb] Write Auxiliary File nanopb.DependencyStaticMetadataFileList
Build	Fastlane Build & Archive	2026-07-20T11:37:54.9247170Z [11:37:54]: ▸ [nanopb] Write Auxiliary File nanopb.DependencyMetadataFileList
Build	Fastlane Build & Archive	2026-07-20T11:37:54.9269860Z [11:37:54]: ▸ [nanopb] Write Auxiliary File nanopb.LinkFileList
Build	Fastlane Build & Archive	2026-07-20T11:37:54.9272380Z [11:37:54]: ▸ [nanopb] Write Auxiliary File e6072d4f65d7061329687fe24e3d63a7-common-args.resp
Build	Fastlane Build & Archive	2026-07-20T11:37:54.9273810Z [11:37:54]: ▸ [nanopb] Write Auxiliary File 7187679823f38a2a940e0043cdf9d637-common-args.resp
Build	Fastlane Build & Archive	2026-07-20T11:37:54.9276240Z [11:37:54]: ▸ [nanopb] Write Auxiliary File resource_bundle_accessor.m
Build	Fastlane Build & Archive	2026-07-20T11:37:54.9278220Z [11:37:54]: ▸ [nanopb] Write Auxiliary File resource_bundle_accessor.h
Build	Fastlane Build & Archive	2026-07-20T11:37:54.9355630Z [11:37:54]: ▸ [nanopb] Copy nanopb.modulemap -> nanopb.modulemap
Build	Fastlane Build & Archive	2026-07-20T11:37:54.9356570Z [11:37:54]: ▸ [_NumericsShims] Write Auxiliary File _NumericsShims.DependencyStaticMetadataFileList
Build	Fastlane Build & Archive	2026-07-20T11:37:54.9357500Z [11:37:54]: ▸ [_NumericsShims] Write Auxiliary File _NumericsShims.DependencyMetadataFileList
Build	Fastlane Build & Archive	2026-07-20T11:37:54.9359550Z [11:37:54]: ▸ [_NumericsShims] Write Auxiliary File _NumericsShims.LinkFileList
Build	Fastlane Build & Archive	2026-07-20T11:37:54.9360430Z [11:37:54]: ▸ [_NumericsShims] Write Auxiliary File 7187679823f38a2a940e0043cdf9d637-common-args.resp
Build	Fastlane Build & Archive	2026-07-20T11:37:54.9361290Z [11:37:54]: ▸ [TidepoolServiceKitUI] Write Auxiliary File unextended-module.modulemap
Build	Fastlane Build & Archive	2026-07-20T11:37:54.9362130Z [11:37:54]: ▸ [TidepoolServiceKitUI] Write Auxiliary File unextended-module-overlay.yaml
Build	Fastlane Build & Archive	2026-07-20T11:37:54.9522760Z [11:37:54]: ▸ [TidepoolServiceKitUI] Write Auxiliary File module.modulemap
Build	Fastlane Build & Archive	2026-07-20T11:37:54.9691270Z [11:37:54]: ▸ [TidepoolServiceKitUI] Write Auxiliary File TidepoolServiceKitUI.hmap
Build	Fastlane Build & Archive	2026-07-20T11:37:54.9863720Z [11:37:54]: ▸ [TidepoolServiceKitUI] Write Auxiliary File TidepoolServiceKitUI.DependencyStaticMetadataFileList
Build	Fastlane Build & Archive	2026-07-20T11:37:54.9880620Z [11:37:54]: ▸ [TidepoolServiceKitUI] Write Auxiliary File TidepoolServiceKitUI.DependencyMetadataFileList
Build	Fastlane Build & Archive	2026-07-20T11:37:54.9882270Z [11:37:54]: ▸ [TidepoolServiceKitUI] Write Auxiliary File TidepoolServiceKitUI-project-headers.hmap
Build	Fastlane Build & Archive	2026-07-20T11:37:54.9883560Z [11:37:54]: ▸ [TidepoolServiceKitUI] Write Auxiliary File TidepoolServiceKitUI-own-target-headers.hmap
Build	Fastlane Build & Archive	2026-07-20T11:37:54.9884560Z [11:37:54]: ▸ [TidepoolServiceKitUI] Write Auxiliary File TidepoolServiceKitUI-generated-files.hmap
Build	Fastlane Build & Archive	2026-07-20T11:37:54.9885770Z [11:37:54]: ▸ [TidepoolServiceKitUI] Write Auxiliary File TidepoolServiceKitUI-all-target-headers.hmap
Build	Fastlane Build & Archive	2026-07-20T11:37:54.9904080Z [11:37:54]: ▸ [TidepoolServiceKitUI] Write Auxiliary File TidepoolServiceKitUI-all-non-framework-target-headers.hmap
Build	Fastlane Build & Archive	2026-07-20T11:37:55.0109260Z [11:37:54]: ▸ [TidepoolServiceKitUI] Write Auxiliary File TidepoolServiceKitUI_const_extract_protocols.json
Build	Fastlane Build & Archive	2026-07-20T11:37:55.0213590Z [11:37:54]: ▸ [TidepoolServiceKitUI] Write Auxiliary File TidepoolServiceKitUI.SwiftFileList
Build	Fastlane Build & Archive	2026-07-20T11:37:55.0300210Z [11:37:54]: ▸ [TidepoolServiceKitUI] Write Auxiliary File TidepoolServiceKitUI.SwiftConstValuesFileList
Build	Fastlane Build & Archive	2026-07-20T11:37:55.0301500Z [11:37:54]: ▸ [TidepoolServiceKitUI] Write Auxiliary File TidepoolServiceKitUI.LinkFileList
Build	Fastlane Build & Archive	2026-07-20T11:37:55.0302530Z [11:37:54]: ▸ [TidepoolServiceKitUI] Write Auxiliary File TidepoolServiceKitUI-OutputFileMap.json
Build	Fastlane Build & Archive	2026-07-20T11:37:55.0364060Z [11:37:54]: ▸ [TidepoolServiceKitUI] Write Auxiliary File 7187679823f38a2a940e0043cdf9d637-common-args.resp
Build	Fastlane Build & Archive	2026-07-20T11:37:55.0366270Z [11:37:54]: ▸ [TidepoolServiceKitUI] Write Auxiliary File TidepoolServiceKitUI_vers.c
Build	Fastlane Build & Archive	2026-07-20T11:37:55.0367150Z [11:37:54]: ▸ [TidepoolServiceKitUI] Copying TidepoolServiceKitUI.h
Build	Fastlane Build & Archive	2026-07-20T11:37:55.0367920Z [11:37:54]: ▸ [TidepoolServiceKitUI] Copy module.modulemap -> module.modulemap
Build	Fastlane Build & Archive	2026-07-20T11:37:55.0368720Z [11:37:54]: ▸ [TidepoolServiceKit] Write Auxiliary File unextended-module.modulemap
Build	Fastlane Build & Archive	2026-07-20T11:37:55.0369550Z [11:37:54]: ▸ [TidepoolServiceKit] Write Auxiliary File unextended-module-overlay.yaml
Build	Fastlane Build & Archive	2026-07-20T11:37:55.0370430Z [11:37:54]: ▸ [TidepoolServiceKit] Write Auxiliary File module.modulemap
Build	Fastlane Build & Archive	2026-07-20T11:37:55.0383450Z [11:37:54]: ▸ [TidepoolServiceKit] Write Auxiliary File TidepoolServiceKit.hmap
Build	Fastlane Build & Archive	2026-07-20T11:37:55.0387140Z [11:37:54]: ▸ [TidepoolServiceKit] Write Auxiliary File TidepoolServiceKit.DependencyStaticMetadataFileList
Build	Fastlane Build & Archive	2026-07-20T11:37:55.0389620Z [11:37:54]: ▸ [TidepoolServiceKit] Write Auxiliary File TidepoolServiceKit.DependencyMetadataFileList
Build	Fastlane Build & Archive	2026-07-20T11:37:55.0392430Z [11:37:54]: ▸ [TidepoolServiceKit] Write Auxiliary File TidepoolServiceKit-project-headers.hmap
Build	Fastlane Build & Archive	2026-07-20T11:37:55.0395180Z [11:37:54]: ▸ [TidepoolServiceKit] Write Auxiliary File TidepoolServiceKit-own-target-headers.hmap
Build	Fastlane Build & Archive	2026-07-20T11:37:55.0512780Z [11:37:54]: ▸ [TidepoolServiceKit] Write Auxiliary File TidepoolServiceKit-generated-files.hmap
Build	Fastlane Build & Archive	2026-07-20T11:37:55.0591330Z [11:37:54]: ▸ [TidepoolServiceKit] Write Auxiliary File TidepoolServiceKit-all-target-headers.hmap
Build	Fastlane Build & Archive	2026-07-20T11:37:55.0693180Z [11:37:54]: ▸ [TidepoolServiceKit] Write Auxiliary File TidepoolServiceKit-all-non-framework-target-headers.hmap
Build	Fastlane Build & Archive	2026-07-20T11:37:55.0802110Z [11:37:54]: ▸ [TidepoolServiceKit] Write Auxiliary File TidepoolServiceKit_const_extract_protocols.json
Build	Fastlane Build & Archive	2026-07-20T11:37:55.0874310Z [11:37:54]: ▸ [TidepoolServiceKit] Write Auxiliary File TidepoolServiceKit.SwiftFileList
Build	Fastlane Build & Archive	2026-07-20T11:37:55.0875940Z [11:37:54]: ▸ [TidepoolServiceKit] Write Auxiliary File TidepoolServiceKit.SwiftConstValuesFileList
Build	Fastlane Build & Archive	2026-07-20T11:37:55.0880520Z [11:37:54]: ▸ [TidepoolServiceKit] Write Auxiliary File TidepoolServiceKit.LinkFileList
Build	Fastlane Build & Archive	2026-07-20T11:37:55.0881500Z [11:37:54]: ▸ [TidepoolServiceKit] Write Auxiliary File TidepoolServiceKit-OutputFileMap.json
Build	Fastlane Build & Archive	2026-07-20T11:37:55.0882500Z [11:37:54]: ▸ [TidepoolServiceKit] Write Auxiliary File 7187679823f38a2a940e0043cdf9d637-common-args.resp
Build	Fastlane Build & Archive	2026-07-20T11:37:55.0884140Z [11:37:54]: ▸ [TidepoolServiceKit] Write Auxiliary File TidepoolServiceKit_vers.c
Build	Fastlane Build & Archive	2026-07-20T11:37:55.0884950Z [11:37:54]: ▸ [TidepoolServiceKit] Copying TidepoolServiceKit.h
Build	Fastlane Build & Archive	2026-07-20T11:37:55.0885720Z [11:37:54]: ▸ [TidepoolServiceKit] Copy module.modulemap -> module.modulemap
Build	Fastlane Build & Archive	2026-07-20T11:37:55.0911120Z [11:37:54]: ▸ [TidepoolKit] Write Auxiliary File TidepoolKit.modulemap
Build	Fastlane Build & Archive	2026-07-20T11:37:55.1015310Z [11:37:54]: ▸ [TidepoolKit] Write Auxiliary File TidepoolKit.DependencyStaticMetadataFileList
Build	Fastlane Build & Archive	2026-07-20T11:37:55.1115640Z [11:37:54]: ▸ [TidepoolKit] Write Auxiliary File TidepoolKit.DependencyMetadataFileList
Build	Fastlane Build & Archive	2026-07-20T11:37:55.1118180Z [11:37:54]: ▸ [TidepoolKit] Write Auxiliary File TidepoolKit_const_extract_protocols.json
Build	Fastlane Build & Archive	2026-07-20T11:37:55.1120340Z [11:37:54]: ▸ [TidepoolKit] Write Auxiliary File TidepoolKit.SwiftFileList
Build	Fastlane Build & Archive	2026-07-20T11:37:55.1230980Z [11:37:54]: ▸ [TidepoolKit] Write Auxiliary File TidepoolKit.SwiftConstValuesFileList
Build	Fastlane Build & Archive	2026-07-20T11:37:55.1349300Z [11:37:54]: ▸ [TidepoolKit] Write Auxiliary File TidepoolKit.LinkFileList
Build	Fastlane Build & Archive	2026-07-20T11:37:55.1455350Z [11:37:54]: ▸ [TidepoolKit] Write Auxiliary File TidepoolKit-OutputFileMap.json
Build	Fastlane Build & Archive	2026-07-20T11:37:55.1456730Z [11:37:54]: ▸ [TidepoolKit] Write Auxiliary File resource_bundle_accessor.swift
Build	Fastlane Build & Archive	2026-07-20T11:37:55.1502540Z [11:37:54]: ▸ [TidepoolKit] Copy TidepoolKit.modulemap -> TidepoolKit.modulemap
Build	Fastlane Build & Archive	2026-07-20T11:37:55.1503560Z [11:37:54]: ▸ [Swinject] Write Auxiliary File Swinject.modulemap
Build	Fastlane Build & Archive	2026-07-20T11:37:55.1509090Z [11:37:54]: ▸ [Swinject] Write Auxiliary File Swinject.DependencyStaticMetadataFileList
Build	Fastlane Build & Archive	2026-07-20T11:37:55.1529030Z [11:37:54]: ▸ [Swinject] Write Auxiliary File Swinject.DependencyMetadataFileList
Build	Fastlane Build & Archive	2026-07-20T11:37:55.1532410Z [11:37:54]: ▸ [Swinject] Write Auxiliary File Swinject_const_extract_protocols.json
Build	Fastlane Build & Archive	2026-07-20T11:37:55.1534690Z [11:37:54]: ▸ [Swinject] Write Auxiliary File Swinject.SwiftFileList
Build	Fastlane Build & Archive	2026-07-20T11:37:55.1555590Z [11:37:54]: ▸ [Swinject] Write Auxiliary File Swinject.SwiftConstValuesFileList
Build	Fastlane Build & Archive	2026-07-20T11:37:55.1560370Z [11:37:54]: ▸ [Swinject] Write Auxiliary File Swinject.LinkFileList
Build	Fastlane Build & Archive	2026-07-20T11:37:55.1561620Z [11:37:54]: ▸ [Swinject] Write Auxiliary File Swinject-OutputFileMap.json
Build	Fastlane Build & Archive	2026-07-20T11:37:55.1576520Z [11:37:54]: ▸ [Swinject] Copy Swinject.modulemap -> Swinject.modulemap
Build	Fastlane Build & Archive	2026-07-20T11:37:55.1580280Z [11:37:54]: ▸ [SwiftMessages] Write Auxiliary File SwiftMessages.modulemap
Build	Fastlane Build & Archive	2026-07-20T11:37:55.1581220Z [11:37:54]: ▸ [SwiftMessages] Write Auxiliary File SwiftMessages.DependencyStaticMetadataFileList
Build	Fastlane Build & Archive	2026-07-20T11:37:55.1585850Z [11:37:54]: ▸ [SwiftMessages] Write Auxiliary File SwiftMessages.DependencyMetadataFileList
Build	Fastlane Build & Archive	2026-07-20T11:37:55.1590720Z [11:37:54]: ▸ [SwiftMessages] Write Auxiliary File SwiftMessages_const_extract_protocols.json
Build	Fastlane Build & Archive	2026-07-20T11:37:55.1597980Z [11:37:54]: ▸ [SwiftMessages] Write Auxiliary File SwiftMessages.SwiftFileList
Build	Fastlane Build & Archive	2026-07-20T11:37:55.1627590Z [11:37:54]: ▸ [SwiftMessages] Write Auxiliary File SwiftMessages.SwiftConstValuesFileList
Build	Fastlane Build & Archive	2026-07-20T11:37:55.1631140Z [11:37:54]: ▸ [SwiftMessages] Write Auxiliary File SwiftMessages.LinkFileList
Build	Fastlane Build & Archive	2026-07-20T11:37:55.1633740Z [11:37:54]: ▸ [SwiftMessages] Write Auxiliary File SwiftMessages-OutputFileMap.json
Build	Fastlane Build & Archive	2026-07-20T11:37:55.1635930Z [11:37:54]: ▸ [SwiftMessages] Write Auxiliary File resource_bundle_accessor.swift
Build	Fastlane Build & Archive	2026-07-20T11:37:55.1638970Z [11:37:54]: ▸ [SwiftMessages] Copy SwiftMessages.modulemap -> SwiftMessages.modulemap
Build	Fastlane Build & Archive	2026-07-20T11:37:55.1640890Z [11:37:54]: ▸ [SwiftJWT] Write Auxiliary File SwiftJWT.modulemap
Build	Fastlane Build & Archive	2026-07-20T11:37:55.1643340Z [11:37:54]: ▸ [SwiftJWT] Write Auxiliary File SwiftJWT.DependencyStaticMetadataFileList
Build	Fastlane Build & Archive	2026-07-20T11:37:55.1645070Z [11:37:54]: ▸ [SwiftJWT] Write Auxiliary File SwiftJWT.DependencyMetadataFileList
Build	Fastlane Build & Archive	2026-07-20T11:37:55.1646120Z [11:37:54]: ▸ [SwiftJWT] Write Auxiliary File SwiftJWT_const_extract_protocols.json
Build	Fastlane Build & Archive	2026-07-20T11:37:55.1646890Z [11:37:54]: ▸ [SwiftJWT] Write Auxiliary File SwiftJWT.SwiftFileList
Build	Fastlane Build & Archive	2026-07-20T11:37:55.1647760Z [11:37:54]: ▸ [SwiftJWT] Write Auxiliary File SwiftJWT.SwiftConstValuesFileList
Build	Fastlane Build & Archive	2026-07-20T11:37:55.1648480Z [11:37:54]: ▸ [SwiftJWT] Write Auxiliary File SwiftJWT.LinkFileList
Build	Fastlane Build & Archive	2026-07-20T11:37:55.1649240Z [11:37:54]: ▸ [SwiftJWT] Write Auxiliary File SwiftJWT-OutputFileMap.json
Build	Fastlane Build & Archive	2026-07-20T11:37:55.1650030Z [11:37:54]: ▸ [SwiftJWT] Copy SwiftJWT.modulemap -> SwiftJWT.modulemap
Build	Fastlane Build & Archive	2026-07-20T11:37:55.1650810Z [11:37:54]: ▸ [SwiftDate_SwiftDate] Write Auxiliary File empty-SwiftDate_SwiftDate.plist
Build	Fastlane Build & Archive	2026-07-20T11:37:55.1651720Z [11:37:54]: ▸ [SwiftDate_SwiftDate] Write Auxiliary File SwiftDate_SwiftDate.DependencyStaticMetadataFileList
Build	Fastlane Build & Archive	2026-07-20T11:37:55.1652610Z [11:37:54]: ▸ [SwiftDate_SwiftDate] Write Auxiliary File SwiftDate_SwiftDate.DependencyMetadataFileList
Build	Fastlane Build & Archive	2026-07-20T11:37:55.1653290Z [11:37:54]: ▸ [SwiftDate] Write Auxiliary File SwiftDate.modulemap
Build	Fastlane Build & Archive	2026-07-20T11:37:55.1653960Z [11:37:54]: ▸ [SwiftDate] Write Auxiliary File SwiftDate.DependencyStaticMetadataFileList
Build	Fastlane Build & Archive	2026-07-20T11:37:55.1654720Z [11:37:54]: ▸ [SwiftDate] Write Auxiliary File SwiftDate.DependencyMetadataFileList
Build	Fastlane Build & Archive	2026-07-20T11:37:55.1655780Z [11:37:54]: ▸ [SwiftDate] Write Auxiliary File SwiftDate_const_extract_protocols.json
Build	Fastlane Build & Archive	2026-07-20T11:37:55.1656370Z [11:37:54]: ▸ [SwiftDate] Write Auxiliary File SwiftDate.SwiftFileList
Build	Fastlane Build & Archive	2026-07-20T11:37:55.1657130Z [11:37:54]: ▸ [SwiftDate] Write Auxiliary File SwiftDate.SwiftConstValuesFileList
Build	Fastlane Build & Archive	2026-07-20T11:37:55.1657710Z [11:37:54]: ▸ [SwiftDate] Write Auxiliary File SwiftDate.LinkFileList
Build	Fastlane Build & Archive	2026-07-20T11:37:55.1662100Z [11:37:54]: ▸ [SwiftDate] Write Auxiliary File SwiftDate-OutputFileMap.json
Build	Fastlane Build & Archive	2026-07-20T11:37:55.1662760Z [11:37:54]: ▸ [SwiftDate] Write Auxiliary File resource_bundle_accessor.swift
Build	Fastlane Build & Archive	2026-07-20T11:37:55.1663350Z [11:37:54]: ▸ [SwiftDate] Copy SwiftDate.modulemap -> SwiftDate.modulemap
Build	Fastlane Build & Archive	2026-07-20T11:37:55.1663910Z [11:37:54]: ▸ [SwiftCharts] Write Auxiliary File SwiftCharts.modulemap
Build	Fastlane Build & Archive	2026-07-20T11:37:55.1664560Z [11:37:54]: ▸ [SwiftCharts] Write Auxiliary File SwiftCharts.DependencyStaticMetadataFileList
Build	Fastlane Build & Archive	2026-07-20T11:37:55.1666230Z [11:37:54]: ▸ [SwiftCharts] Write Auxiliary File SwiftCharts.DependencyMetadataFileList
Build	Fastlane Build & Archive	2026-07-20T11:37:55.1666930Z [11:37:54]: ▸ [SwiftCharts] Write Auxiliary File SwiftCharts_const_extract_protocols.json
Build	Fastlane Build & Archive	2026-07-20T11:37:55.1667610Z [11:37:54]: ▸ [SwiftCharts] Write Auxiliary File SwiftCharts.SwiftFileList
Build	Fastlane Build & Archive	2026-07-20T11:37:55.1668220Z [11:37:54]: ▸ [SwiftCharts] Write Auxiliary File SwiftCharts.SwiftConstValuesFileList
Build	Fastlane Build & Archive	2026-07-20T11:37:55.1668940Z [11:37:54]: ▸ [SwiftCharts] Write Auxiliary File SwiftCharts.LinkFileList
Build	Fastlane Build & Archive	2026-07-20T11:37:55.1672340Z [11:37:54]: ▸ [SwiftCharts] Write Auxiliary File SwiftCharts-OutputFileMap.json
Build	Fastlane Build & Archive	2026-07-20T11:37:55.1672950Z [11:37:54]: ▸ [SwiftCharts] Copy SwiftCharts.modulemap -> SwiftCharts.modulemap
Build	Fastlane Build & Archive	2026-07-20T11:37:55.1673540Z [11:37:54]: ▸ [SwiftCharts] Write Auxiliary File empty-SwiftCharts.plist
Build	Fastlane Build & Archive	2026-07-20T11:37:55.1674180Z [11:37:54]: ▸ [SwiftCharts] Write Auxiliary File SwiftCharts.DependencyStaticMetadataFileList
Build	Fastlane Build & Archive	2026-07-20T11:37:55.1674860Z [11:37:54]: ▸ [SwiftCharts] Write Auxiliary File SwiftCharts.DependencyMetadataFileList
Build	Fastlane Build & Archive	2026-07-20T11:37:55.1675570Z [11:37:54]: ▸ [SwiftCharts] Write Auxiliary File SwiftCharts.LinkFileList
Build	Fastlane Build & Archive	2026-07-20T11:37:55.1676130Z [11:37:54]: ▸ [SlideButton] Write Auxiliary File SlideButton.modulemap
Build	Fastlane Build & Archive	2026-07-20T11:37:55.1676780Z [11:37:54]: ▸ [SlideButton] Write Auxiliary File SlideButton.DependencyStaticMetadataFileList
Build	Fastlane Build & Archive	2026-07-20T11:37:55.1682390Z [11:37:54]: ▸ [SlideButton] Write Auxiliary File SlideButton.DependencyMetadataFileList
Build	Fastlane Build & Archive	2026-07-20T11:37:55.1688730Z [11:37:54]: ▸ [SlideButton] Write Auxiliary File SlideButton_const_extract_protocols.json
Build	Fastlane Build & Archive	2026-07-20T11:37:55.1689450Z [11:37:54]: ▸ [SlideButton] Write Auxiliary File SlideButton.SwiftFileList
Build	Fastlane Build & Archive	2026-07-20T11:37:55.1690240Z [11:37:54]: ▸ [SlideButton] Write Auxiliary File SlideButton.SwiftConstValuesFileList
Build	Fastlane Build & Archive	2026-07-20T11:37:55.1691120Z [11:37:54]: ▸ [SlideButton] Write Auxiliary File SlideButton.LinkFileList
Build	Fastlane Build & Archive	2026-07-20T11:37:55.1691750Z [11:37:54]: ▸ [SlideButton] Write Auxiliary File SlideButton-OutputFileMap.json
Build	Fastlane Build & Archive	2026-07-20T11:37:55.1692380Z [11:37:54]: ▸ [SlideButton] Copy SlideButton.modulemap -> SlideButton.modulemap
Build	Fastlane Build & Archive	2026-07-20T11:37:55.1693070Z [11:37:54]: ▸ [SlideButton] Write Auxiliary File empty-SlideButton_1E408AF8C9CA7A78_PackageProduct.plist
Build	Fastlane Build & Archive	2026-07-20T11:37:55.1694300Z [11:37:54]: ▸ [SlideButton] Write Auxiliary File SlideButton_1E408AF8C9CA7A78_PackageProduct.DependencyStaticMetadataFileList
Build	Fastlane Build & Archive	2026-07-20T11:37:55.1695550Z [11:37:54]: ▸ [SlideButton] Write Auxiliary File SlideButton_1E408AF8C9CA7A78_PackageProduct.DependencyMetadataFileList
Build	Fastlane Build & Archive	2026-07-20T11:37:55.1696390Z [11:37:54]: ▸ [SlideButton] Write Auxiliary File SlideButton_1E408AF8C9CA7A78_PackageProduct.LinkFileList
Build	Fastlane Build & Archive	2026-07-20T11:37:55.1697030Z [11:37:54]: ▸ [ShareClient] Write Auxiliary File module.modulemap
Build	Fastlane Build & Archive	2026-07-20T11:37:55.1697600Z [11:37:54]: ▸ [ShareClientUI] Write Auxiliary File unextended-module.modulemap
Build	Fastlane Build & Archive	2026-07-20T11:37:55.1698330Z [11:37:54]: ▸ [ShareClientUI] Write Auxiliary File unextended-module-overlay.yaml
Build	Fastlane Build & Archive	2026-07-20T11:37:55.1698990Z [11:37:54]: ▸ [ShareClientUI] Write Auxiliary File module.modulemap
Build	Fastlane Build & Archive	2026-07-20T11:37:55.1702750Z [11:37:54]: ▸ [ShareClientUI] Write Auxiliary File ShareClientUI.hmap
Build	Fastlane Build & Archive	2026-07-20T11:37:55.1703490Z [11:37:54]: ▸ [ShareClientUI] Write Auxiliary File ShareClientUI.DependencyStaticMetadataFileList
Build	Fastlane Build & Archive	2026-07-20T11:37:55.1704320Z [11:37:54]: ▸ [ShareClientUI] Write Auxiliary File ShareClientUI.DependencyMetadataFileList
Build	Fastlane Build & Archive	2026-07-20T11:37:55.1705030Z [11:37:54]: ▸ [ShareClientUI] Write Auxiliary File ShareClientUI-project-headers.hmap
Build	Fastlane Build & Archive	2026-07-20T11:37:55.1714010Z [11:37:54]: ▸ [ShareClientUI] Write Auxiliary File ShareClientUI-own-target-headers.hmap
Build	Fastlane Build & Archive	2026-07-20T11:37:55.1714790Z [11:37:54]: ▸ [ShareClientUI] Write Auxiliary File ShareClientUI-generated-files.hmap
Build	Fastlane Build & Archive	2026-07-20T11:37:55.1715510Z [11:37:54]: ▸ [ShareClientUI] Write Auxiliary File ShareClientUI-all-target-headers.hmap
Build	Fastlane Build & Archive	2026-07-20T11:37:55.1716260Z [11:37:54]: ▸ [ShareClientUI] Write Auxiliary File ShareClientUI-all-non-framework-target-headers.hmap
Build	Fastlane Build & Archive	2026-07-20T11:37:55.1716990Z [11:37:54]: ▸ [ShareClientUI] Write Auxiliary File ShareClientUI_const_extract_protocols.json
Build	Fastlane Build & Archive	2026-07-20T11:37:55.1718020Z [11:37:54]: ▸ [ShareClientUI] Write Auxiliary File ShareClientUI.SwiftFileList
Build	Fastlane Build & Archive	2026-07-20T11:37:55.1724590Z [11:37:54]: ▸ [ShareClientUI] Write Auxiliary File ShareClientUI.SwiftConstValuesFileList
Build	Fastlane Build & Archive	2026-07-20T11:37:55.1762730Z [11:37:54]: ▸ [ShareClientUI] Write Auxiliary File ShareClientUI.LinkFileList
Build	Fastlane Build & Archive	2026-07-20T11:37:55.1763490Z [11:37:54]: ▸ [ShareClientUI] Write Auxiliary File ShareClientUI-OutputFileMap.json
Build	Fastlane Build & Archive	2026-07-20T11:37:55.1764200Z [11:37:54]: ▸ [ShareClientUI] Write Auxiliary File 7187679823f38a2a940e0043cdf9d637-common-args.resp
Build	Fastlane Build & Archive	2026-07-20T11:37:55.1764920Z [11:37:54]: ▸ [ShareClientUI] Write Auxiliary File ShareClientUI_vers.c
Build	Fastlane Build & Archive	2026-07-20T11:37:55.1765460Z [11:37:54]: ▸ [ShareClientUI] Copying ShareClientUI.h
Build	Fastlane Build & Archive	2026-07-20T11:37:55.1766040Z [11:37:54]: ▸ [ShareClientUI] Copy module.modulemap -> module.modulemap
Build	Fastlane Build & Archive	2026-07-20T11:37:55.1766610Z [11:37:54]: ▸ [ShareClient] Write Auxiliary File unextended-module.modulemap
Build	Fastlane Build & Archive	2026-07-20T11:37:55.1769450Z [11:37:54]: ▸ [ShareClient] Write Auxiliary File unextended-module-overlay.yaml
Build	Fastlane Build & Archive	2026-07-20T11:37:55.1770040Z [11:37:54]: ▸ [ShareClient] Write Auxiliary File ShareClient.hmap
Build	Fastlane Build & Archive	2026-07-20T11:37:55.1770690Z [11:37:54]: ▸ [ShareClient] Write Auxiliary File ShareClient.DependencyStaticMetadataFileList
Build	Fastlane Build & Archive	2026-07-20T11:37:55.1771410Z [11:37:54]: ▸ [ShareClient] Write Auxiliary File ShareClient.DependencyMetadataFileList
Build	Fastlane Build & Archive	2026-07-20T11:37:55.1775610Z [11:37:54]: ▸ [ShareClient] Write Auxiliary File ShareClient-project-headers.hmap
Build	Fastlane Build & Archive	2026-07-20T11:37:55.1776310Z [11:37:54]: ▸ [ShareClient] Write Auxiliary File ShareClient-own-target-headers.hmap
Build	Fastlane Build & Archive	2026-07-20T11:37:55.1777140Z [11:37:54]: ▸ [ShareClient] Write Auxiliary File ShareClient-generated-files.hmap
Build	Fastlane Build & Archive	2026-07-20T11:37:55.1777780Z [11:37:54]: ▸ [ShareClient] Write Auxiliary File ShareClient-all-target-headers.hmap
Build	Fastlane Build & Archive	2026-07-20T11:37:55.1778500Z [11:37:54]: ▸ [ShareClient] Write Auxiliary File ShareClient-all-non-framework-target-headers.hmap
Build	Fastlane Build & Archive	2026-07-20T11:37:55.1779210Z [11:37:54]: ▸ [ShareClient] Write Auxiliary File ShareClient_const_extract_protocols.json
Build	Fastlane Build & Archive	2026-07-20T11:37:55.1779840Z [11:37:54]: ▸ [ShareClient] Write Auxiliary File ShareClient.SwiftFileList
Build	Fastlane Build & Archive	2026-07-20T11:37:55.1780480Z [11:37:54]: ▸ [ShareClient] Write Auxiliary File ShareClient.SwiftConstValuesFileList
Build	Fastlane Build & Archive	2026-07-20T11:37:55.1781140Z [11:37:54]: ▸ [ShareClient] Write Auxiliary File ShareClient.LinkFileList
Build	Fastlane Build & Archive	2026-07-20T11:37:55.1781750Z [11:37:54]: ▸ [ShareClient] Write Auxiliary File ShareClient-OutputFileMap.json
Build	Fastlane Build & Archive	2026-07-20T11:37:55.1782450Z [11:37:54]: ▸ [ShareClient] Write Auxiliary File 7187679823f38a2a940e0043cdf9d637-common-args.resp
Build	Fastlane Build & Archive	2026-07-20T11:37:55.1783110Z [11:37:54]: ▸ [ShareClient] Write Auxiliary File ShareClient_vers.c
Build	Fastlane Build & Archive	2026-07-20T11:37:55.1783620Z [11:37:54]: ▸ [ShareClient] Copying ShareClient.h
Build	Fastlane Build & Archive	2026-07-20T11:37:55.1784120Z [11:37:54]: ▸ [ShareClient] Copy module.modulemap -> module.modulemap
Build	Fastlane Build & Archive	2026-07-20T11:37:55.1784680Z [11:37:54]: ▸ [RileyLinkKitUI] Write Auxiliary File module.modulemap
Build	Fastlane Build & Archive	2026-07-20T11:37:55.1785250Z [11:37:54]: ▸ [RileyLinkKitUI] Write Auxiliary File RileyLinkKitUI.hmap
Build	Fastlane Build & Archive	2026-07-20T11:37:55.1785920Z [11:37:54]: ▸ [RileyLinkKitUI] Write Auxiliary File RileyLinkKitUI.DependencyStaticMetadataFileList
Build	Fastlane Build & Archive	2026-07-20T11:37:55.1786700Z [11:37:54]: ▸ [RileyLinkKitUI] Write Auxiliary File RileyLinkKitUI.DependencyMetadataFileList
Build	Fastlane Build & Archive	2026-07-20T11:37:55.1787430Z [11:37:54]: ▸ [RileyLinkKitUI] Write Auxiliary File RileyLinkKitUI-project-headers.hmap
Build	Fastlane Build & Archive	2026-07-20T11:37:55.1788210Z [11:37:54]: ▸ [RileyLinkKitUI] Write Auxiliary File RileyLinkKitUI-own-target-headers.hmap
Build	Fastlane Build & Archive	2026-07-20T11:37:55.1788890Z [11:37:54]: ▸ [RileyLinkKitUI] Write Auxiliary File RileyLinkKitUI-generated-files.hmap
Build	Fastlane Build & Archive	2026-07-20T11:37:55.1789570Z [11:37:54]: ▸ [RileyLinkKitUI] Write Auxiliary File RileyLinkKitUI-all-target-headers.hmap
Build	Fastlane Build & Archive	2026-07-20T11:37:55.1790620Z [11:37:54]: ▸ [RileyLinkKitUI] Write Auxiliary File RileyLinkKitUI-all-non-framework-target-headers.hmap
Build	Fastlane Build & Archive	2026-07-20T11:37:55.1791380Z [11:37:54]: ▸ [RileyLinkKitUI] Write Auxiliary File RileyLinkKitUI_const_extract_protocols.json
Build	Fastlane Build & Archive	2026-07-20T11:37:55.1792040Z [11:37:54]: ▸ [RileyLinkKitUI] Write Auxiliary File RileyLinkKitUI.SwiftFileList
Build	Fastlane Build & Archive	2026-07-20T11:37:55.1792690Z [11:37:54]: ▸ [RileyLinkKitUI] Write Auxiliary File RileyLinkKitUI.SwiftConstValuesFileList
Build	Fastlane Build & Archive	2026-07-20T11:37:55.1793330Z [11:37:54]: ▸ [RileyLinkKitUI] Write Auxiliary File RileyLinkKitUI.LinkFileList
Build	Fastlane Build & Archive	2026-07-20T11:37:55.1793960Z [11:37:54]: ▸ [RileyLinkKitUI] Write Auxiliary File RileyLinkKitUI-OutputFileMap.json
Build	Fastlane Build & Archive	2026-07-20T11:37:55.1794650Z [11:37:54]: ▸ [RileyLinkKitUI] Write Auxiliary File 7187679823f38a2a940e0043cdf9d637-common-args.resp
Build	Fastlane Build & Archive	2026-07-20T11:37:55.1795780Z [11:37:54]: ▸ [RileyLinkKitUI] Write Auxiliary File RileyLinkKitUI_vers.c
Build	Fastlane Build & Archive	2026-07-20T11:37:55.1806000Z [11:37:54]: ▸ [RileyLinkKitUI] Copying RileyLinkKitUI.h
Build	Fastlane Build & Archive	2026-07-20T11:37:55.1807180Z [11:37:54]: ▸ [RileyLinkKitUI] Copy module.modulemap -> module.modulemap
Build	Fastlane Build & Archive	2026-07-20T11:37:55.1810140Z [11:37:54]: ▸ [RileyLinkKit] Write Auxiliary File unextended-module.modulemap
Build	Fastlane Build & Archive	2026-07-20T11:37:55.1811950Z [11:37:54]: ▸ [RileyLinkKit] Write Auxiliary File unextended-module-overlay.yaml
Build	Fastlane Build & Archive	2026-07-20T11:37:55.1813520Z [11:37:54]: ▸ [RileyLinkKit] Write Auxiliary File module.modulemap
Build	Fastlane Build & Archive	2026-07-20T11:37:55.1820460Z [11:37:54]: ▸ [RileyLinkKit] Write Auxiliary File RileyLinkKit.hmap
Build	Fastlane Build & Archive	2026-07-20T11:37:55.1824170Z [11:37:54]: ▸ [RileyLinkKit] Write Auxiliary File RileyLinkKit.DependencyStaticMetadataFileList
Build	Fastlane Build & Archive	2026-07-20T11:37:55.1827280Z [11:37:54]: ▸ [RileyLinkKit] Write Auxiliary File RileyLinkKit.DependencyMetadataFileList
Build	Fastlane Build & Archive	2026-07-20T11:37:55.1829190Z [11:37:54]: ▸ [RileyLinkKit] Write Auxiliary File RileyLinkKit-project-headers.hmap
Build	Fastlane Build & Archive	2026-07-20T11:37:55.1835290Z [11:37:54]: ▸ [RileyLinkKit] Write Auxiliary File RileyLinkKit-own-target-headers.hmap
Build	Fastlane Build & Archive	2026-07-20T11:37:55.1839170Z [11:37:54]: ▸ [RileyLinkKit] Write Auxiliary File RileyLinkKit-generated-files.hmap
Build	Fastlane Build & Archive	2026-07-20T11:37:55.1841170Z [11:37:54]: ▸ [RileyLinkKit] Write Auxiliary File RileyLinkKit-all-target-headers.hmap
Build	Fastlane Build & Archive	2026-07-20T11:37:55.1843200Z [11:37:54]: ▸ [RileyLinkKit] Write Auxiliary File RileyLinkKit-all-non-framework-target-headers.hmap
Build	Fastlane Build & Archive	2026-07-20T11:37:55.1845190Z [11:37:54]: ▸ [RileyLinkKit] Write Auxiliary File RileyLinkKit_const_extract_protocols.json
Build	Fastlane Build & Archive	2026-07-20T11:37:55.1846950Z [11:37:54]: ▸ [RileyLinkKit] Write Auxiliary File RileyLinkKit.SwiftFileList
Build	Fastlane Build & Archive	2026-07-20T11:37:55.1848970Z [11:37:54]: ▸ [RileyLinkKit] Write Auxiliary File RileyLinkKit.SwiftConstValuesFileList
Build	Fastlane Build & Archive	2026-07-20T11:37:55.1850710Z [11:37:54]: ▸ [RileyLinkKit] Write Auxiliary File RileyLinkKit.LinkFileList
Build	Fastlane Build & Archive	2026-07-20T11:37:55.1853920Z [11:37:54]: ▸ [RileyLinkKit] Write Auxiliary File RileyLinkKit-OutputFileMap.json
Build	Fastlane Build & Archive	2026-07-20T11:37:55.1881700Z [11:37:54]: ▸ [RileyLinkKit] Write Auxiliary File 7187679823f38a2a940e0043cdf9d637-common-args.resp
Build	Fastlane Build & Archive	2026-07-20T11:37:55.1882470Z [11:37:54]: ▸ [RileyLinkKit] Write Auxiliary File RileyLinkKit_vers.c
Build	Fastlane Build & Archive	2026-07-20T11:37:55.1882990Z [11:37:54]: ▸ [RileyLinkKit] Copying RileyLinkKit.h
Build	Fastlane Build & Archive	2026-07-20T11:37:55.1884560Z [11:37:54]: ▸ [RileyLinkKit] Copy module.modulemap -> module.modulemap
Build	Fastlane Build & Archive	2026-07-20T11:37:55.1888830Z [11:37:54]: ▸ [RileyLinkBLEKit] Write Auxiliary File unextended-module.modulemap
Build	Fastlane Build & Archive	2026-07-20T11:37:55.1889870Z [11:37:54]: ▸ [RileyLinkBLEKit] Write Auxiliary File unextended-module-overlay.yaml
Build	Fastlane Build & Archive	2026-07-20T11:37:55.1892900Z [11:37:54]: ▸ [RileyLinkBLEKit] Write Auxiliary File module.modulemap
Build	Fastlane Build & Archive	2026-07-20T11:37:55.1894220Z [11:37:54]: ▸ [RileyLinkBLEKit] Write Auxiliary File RileyLinkBLEKit.hmap
Build	Fastlane Build & Archive	2026-07-20T11:37:55.1896390Z [11:37:54]: ▸ [RileyLinkBLEKit] Write Auxiliary File RileyLinkBLEKit.DependencyStaticMetadataFileList
Build	Fastlane Build & Archive	2026-07-20T11:37:55.1899790Z [11:37:54]: ▸ [RileyLinkBLEKit] Write Auxiliary File RileyLinkBLEKit.DependencyMetadataFileList
Build	Fastlane Build & Archive	2026-07-20T11:37:55.1901940Z [11:37:54]: ▸ [RileyLinkBLEKit] Write Auxiliary File RileyLinkBLEKit-project-headers.hmap
Build	Fastlane Build & Archive	2026-07-20T11:37:55.1904770Z [11:37:54]: ▸ [RileyLinkBLEKit] Write Auxiliary File RileyLinkBLEKit-own-target-headers.hmap
Build	Fastlane Build & Archive	2026-07-20T11:37:55.1906090Z [11:37:54]: ▸ [RileyLinkBLEKit] Write Auxiliary File RileyLinkBLEKit-generated-files.hmap
Build	Fastlane Build & Archive	2026-07-20T11:37:55.1907040Z [11:37:54]: ▸ [RileyLinkBLEKit] Write Auxiliary File RileyLinkBLEKit-all-target-headers.hmap
Build	Fastlane Build & Archive	2026-07-20T11:37:55.1907830Z [11:37:54]: ▸ [RileyLinkBLEKit] Write Auxiliary File RileyLinkBLEKit-all-non-framework-target-headers.hmap
Build	Fastlane Build & Archive	2026-07-20T11:37:55.1908610Z [11:37:54]: ▸ [RileyLinkBLEKit] Write Auxiliary File RileyLinkBLEKit_const_extract_protocols.json
Build	Fastlane Build & Archive	2026-07-20T11:37:55.1909300Z [11:37:54]: ▸ [RileyLinkBLEKit] Write Auxiliary File RileyLinkBLEKit.SwiftFileList
Build	Fastlane Build & Archive	2026-07-20T11:37:55.1909990Z [11:37:54]: ▸ [RileyLinkBLEKit] Write Auxiliary File RileyLinkBLEKit.SwiftConstValuesFileList
Build	Fastlane Build & Archive	2026-07-20T11:37:55.1910680Z [11:37:54]: ▸ [RileyLinkBLEKit] Write Auxiliary File RileyLinkBLEKit.LinkFileList
Build	Fastlane Build & Archive	2026-07-20T11:37:55.1911390Z [11:37:54]: ▸ [RileyLinkBLEKit] Write Auxiliary File RileyLinkBLEKit-OutputFileMap.json
Build	Fastlane Build & Archive	2026-07-20T11:37:55.1912140Z [11:37:54]: ▸ [RileyLinkBLEKit] Write Auxiliary File 7187679823f38a2a940e0043cdf9d637-common-args.resp
Build	Fastlane Build & Archive	2026-07-20T11:37:55.1912810Z [11:37:54]: ▸ [RileyLinkBLEKit] Write Auxiliary File RileyLinkBLEKit_vers.c
Build	Fastlane Build & Archive	2026-07-20T11:37:55.1913360Z [11:37:54]: ▸ [RileyLinkBLEKit] Copying RileyLinkBLEKit.h
Build	Fastlane Build & Archive	2026-07-20T11:37:55.1913930Z [11:37:54]: ▸ [RileyLinkBLEKit] Copy module.modulemap -> module.modulemap
Build	Fastlane Build & Archive	2026-07-20T11:37:55.1914510Z [11:37:54]: ▸ [RealModule] Write Auxiliary File RealModule.modulemap
Build	Fastlane Build & Archive	2026-07-20T11:37:55.1915170Z [11:37:54]: ▸ [RealModule] Write Auxiliary File RealModule.DependencyStaticMetadataFileList
Build	Fastlane Build & Archive	2026-07-20T11:37:55.1915870Z [11:37:54]: ▸ [RealModule] Write Auxiliary File RealModule.DependencyMetadataFileList
Build	Fastlane Build & Archive	2026-07-20T11:37:55.1917290Z [11:37:54]: ▸ [RealModule] Write Auxiliary File RealModule_const_extract_protocols.json
Build	Fastlane Build & Archive	2026-07-20T11:37:55.1917980Z [11:37:54]: ▸ [RealModule] Write Auxiliary File RealModule.SwiftFileList
Build	Fastlane Build & Archive	2026-07-20T11:37:55.1918620Z [11:37:54]: ▸ [RealModule] Write Auxiliary File RealModule.SwiftConstValuesFileList
Build	Fastlane Build & Archive	2026-07-20T11:37:55.1926970Z [11:37:54]: ▸ [RealModule] Write Auxiliary File RealModule.LinkFileList
Build	Fastlane Build & Archive	2026-07-20T11:37:55.1928840Z [11:37:54]: ▸ [RealModule] Write Auxiliary File RealModule-OutputFileMap.json
Build	Fastlane Build & Archive	2026-07-20T11:37:55.1930490Z [11:37:54]: ▸ [RealModule] Copy RealModule.modulemap -> RealModule.modulemap
Build	Fastlane Build & Archive	2026-07-20T11:37:55.1932090Z [11:37:54]: ▸ [Promises_Promises] Write Auxiliary File empty-Promises_Promises.plist
Build	Fastlane Build & Archive	2026-07-20T11:37:55.1933930Z [11:37:54]: ▸ [Promises_Promises] Write Auxiliary File Promises_Promises.DependencyStaticMetadataFileList
Build	Fastlane Build & Archive	2026-07-20T11:37:55.1934780Z [11:37:54]: ▸ [Promises_Promises] Write Auxiliary File Promises_Promises.DependencyMetadataFileList
Build	Fastlane Build & Archive	2026-07-20T11:37:55.1935500Z [11:37:54]: ▸ [Promises_FBLPromises] Write Auxiliary File empty-Promises_FBLPromises.plist
Build	Fastlane Build & Archive	2026-07-20T11:37:55.1936250Z [11:37:54]: ▸ [Promises_FBLPromises] Write Auxiliary File Promises_FBLPromises.DependencyStaticMetadataFileList
Build	Fastlane Build & Archive	2026-07-20T11:37:55.1937310Z [11:37:54]: ▸ [Promises_FBLPromises] Write Auxiliary File Promises_FBLPromises.DependencyMetadataFileList
Build	Fastlane Build & Archive	2026-07-20T11:37:55.1990390Z [11:37:54]: ▸ [Promises] Write Auxiliary File Promises.modulemap
Build	Fastlane Build & Archive	2026-07-20T11:37:55.1991240Z [11:37:54]: ▸ [Promises] Write Auxiliary File Promises.DependencyStaticMetadataFileList
Build	Fastlane Build & Archive	2026-07-20T11:37:55.1992410Z [11:37:54]: ▸ [Promises] Write Auxiliary File Promises.DependencyMetadataFileList
Build	Fastlane Build & Archive	2026-07-20T11:37:55.1993380Z [11:37:54]: ▸ [Promises] Write Auxiliary File Promises_const_extract_protocols.json
Build	Fastlane Build & Archive	2026-07-20T11:37:55.1994070Z [11:37:54]: ▸ [Promises] Write Auxiliary File Promises.SwiftFileList
Build	Fastlane Build & Archive	2026-07-20T11:37:55.2040890Z [11:37:54]: ▸ [Promises] Write Auxiliary File Promises.SwiftConstValuesFileList
Build	Fastlane Build & Archive	2026-07-20T11:37:55.2041740Z [11:37:54]: ▸ [Promises] Write Auxiliary File Promises.LinkFileList
Build	Fastlane Build & Archive	2026-07-20T11:37:55.2042490Z [11:37:54]: ▸ [Promises] Write Auxiliary File Promises-OutputFileMap.json
Build	Fastlane Build & Archive	2026-07-20T11:37:55.2043210Z [11:37:54]: ▸ [Promises] Write Auxiliary File resource_bundle_accessor.swift
Build	Fastlane Build & Archive	2026-07-20T11:37:55.2043940Z [11:37:54]: ▸ [Promises] Copy Promises.modulemap -> Promises.modulemap
Build	Fastlane Build & Archive	2026-07-20T11:37:55.2044600Z [11:37:54]: ▸ [OmnipodKit] Write Auxiliary File module.modulemap
Build	Fastlane Build & Archive	2026-07-20T11:37:55.2045250Z [11:37:54]: ▸ [OmnipodKit] Write Auxiliary File OmnipodKit.hmap
Build	Fastlane Build & Archive	2026-07-20T11:37:55.2046000Z [11:37:54]: ▸ [OmnipodKit] Write Auxiliary File OmnipodKit.DependencyStaticMetadataFileList
Build	Fastlane Build & Archive	2026-07-20T11:37:55.2046820Z [11:37:54]: ▸ [OmnipodKit] Write Auxiliary File OmnipodKit.DependencyMetadataFileList
Build	Fastlane Build & Archive	2026-07-20T11:37:55.2124850Z [11:37:54]: ▸ [OmnipodKit] Write Auxiliary File OmnipodKit-project-headers.hmap
Build	Fastlane Build & Archive	2026-07-20T11:37:55.2154270Z [11:37:54]: ▸ [OmnipodKit] Write Auxiliary File OmnipodKit-own-target-headers.hmap
Build	Fastlane Build & Archive	2026-07-20T11:37:55.2155150Z [11:37:54]: ▸ [OmnipodKit] Write Auxiliary File OmnipodKit-generated-files.hmap
Build	Fastlane Build & Archive	2026-07-20T11:37:55.2159130Z [11:37:54]: ▸ [OmnipodKit] Write Auxiliary File OmnipodKit-diagnostic-filename-map.json
Build	Fastlane Build & Archive	2026-07-20T11:37:55.2160050Z [11:37:54]: ▸ [OmnipodKit] Write Auxiliary File OmnipodKit-all-target-headers.hmap
Build	Fastlane Build & Archive	2026-07-20T11:37:55.2165300Z [11:37:54]: ▸ [OmnipodKit] Write Auxiliary File OmnipodKit-all-non-framework-target-headers.hmap
Build	Fastlane Build & Archive	2026-07-20T11:37:55.2191830Z [11:37:54]: ▸ [OmnipodKit] Write Auxiliary File OmnipodKit_const_extract_protocols.json
Build	Fastlane Build & Archive	2026-07-20T11:37:55.2224860Z [11:37:54]: ▸ [OmnipodKit] Write Auxiliary File OmnipodKit.SwiftFileList
Build	Fastlane Build & Archive	2026-07-20T11:37:55.2254550Z [11:37:54]: ▸ [OmnipodKit] Write Auxiliary File OmnipodKit.SwiftConstValuesFileList
Build	Fastlane Build & Archive	2026-07-20T11:37:55.2275440Z [11:37:54]: ▸ [OmnipodKit] Write Auxiliary File OmnipodKit.LinkFileList
Build	Fastlane Build & Archive	2026-07-20T11:37:55.2288390Z [11:37:54]: ▸ [OmnipodKit] Write Auxiliary File OmnipodKit-OutputFileMap.json
Build	Fastlane Build & Archive	2026-07-20T11:37:55.2289310Z [11:37:54]: ▸ [OmnipodKit] Write Auxiliary File 7187679823f38a2a940e0043cdf9d637-common-args.resp
Build	Fastlane Build & Archive	2026-07-20T11:37:55.2290090Z [11:37:54]: ▸ [OmnipodKit] Write Auxiliary File OmnipodKit_vers.c
Build	Fastlane Build & Archive	2026-07-20T11:37:55.2290710Z [11:37:54]: ▸ [OmnipodKit] Copying OmnipodKit.h
Build	Fastlane Build & Archive	2026-07-20T11:37:55.2291330Z [11:37:54]: ▸ [OmnipodKit] Copy module.modulemap -> module.modulemap
Build	Fastlane Build & Archive	2026-07-20T11:37:55.2292050Z [11:37:54]: ▸ [MockKitUI] Write Auxiliary File MockKitUI_const_extract_protocols.json
Build	Fastlane Build & Archive	2026-07-20T11:37:55.2295940Z [11:37:54]: ▸ [MockKitUI] Write Auxiliary File MockKitUI.SwiftFileList
Build	Fastlane Build & Archive	2026-07-20T11:37:55.2296680Z [11:37:54]: ▸ [MockKitUI] Write Auxiliary File MockKitUI.SwiftConstValuesFileList
Build	Fastlane Build & Archive	2026-07-20T11:37:55.2302810Z [11:37:54]: ▸ [MockKitUI] Write Auxiliary File MockKitUI.LinkFileList
Build	Fastlane Build & Archive	2026-07-20T11:37:55.2305950Z [11:37:54]: ▸ [MockKitUI] Write Auxiliary File MockKitUI-OutputFileMap.json
Build	Fastlane Build & Archive	2026-07-20T11:37:55.2307070Z [11:37:54]: ▸ [MockKitUI] Write Auxiliary File 7187679823f38a2a940e0043cdf9d637-common-args.resp
Build	Fastlane Build & Archive	2026-07-20T11:37:55.2320240Z [11:37:54]: ▸ [MockKitUI] Write Auxiliary File MockKitUI.hmap
Build	Fastlane Build & Archive	2026-07-20T11:37:55.2323080Z [11:37:54]: ▸ [MockKitUI] Write Auxiliary File MockKitUI.DependencyStaticMetadataFileList
Build	Fastlane Build & Archive	2026-07-20T11:37:55.2325440Z [11:37:54]: ▸ [MockKitUI] Write Auxiliary File MockKitUI.DependencyMetadataFileList
Build	Fastlane Build & Archive	2026-07-20T11:37:55.2357590Z [11:37:54]: ▸ [MockKitUI] Write Auxiliary File MockKitUI-project-headers.hmap
Build	Fastlane Build & Archive	2026-07-20T11:37:55.2360980Z [11:37:54]: ▸ [MockKitUI] Write Auxiliary File MockKitUI-own-target-headers.hmap
Build	Fastlane Build & Archive	2026-07-20T11:37:55.2362370Z [11:37:54]: ▸ [MockKitUI] Write Auxiliary File MockKitUI-generated-files.hmap
Build	Fastlane Build & Archive	2026-07-20T11:37:55.2363270Z [11:37:54]: ▸ [MockKitUI] Write Auxiliary File MockKitUI-all-target-headers.hmap
Build	Fastlane Build & Archive	2026-07-20T11:37:55.2370720Z [11:37:54]: ▸ [MockKitUI] Write Auxiliary File MockKitUI-all-non-framework-target-headers.hmap
Build	Fastlane Build & Archive	2026-07-20T11:37:55.2371490Z [11:37:54]: ▸ [MockKitUI] Write Auxiliary File MockKitUI_vers.c
Build	Fastlane Build & Archive	2026-07-20T11:37:55.2372100Z [11:37:54]: ▸ [MockKitUI] Copying MockKitUI.h
Build	Fastlane Build & Archive	2026-07-20T11:37:55.2373880Z [11:37:54]: ▸ [MockKit] Write Auxiliary File module.modulemap
Build	Fastlane Build & Archive	2026-07-20T11:37:55.2374650Z [11:37:54]: ▸ [MockKit] Write Auxiliary File MockKit_const_extract_protocols.json
Build	Fastlane Build & Archive	2026-07-20T11:37:55.2375340Z [11:37:54]: ▸ [MockKit] Write Auxiliary File MockKit.SwiftFileList
Build	Fastlane Build & Archive	2026-07-20T11:37:55.2388050Z [11:37:54]: ▸ [MockKit] Write Auxiliary File MockKit.SwiftConstValuesFileList
Build	Fastlane Build & Archive	2026-07-20T11:37:55.2392030Z [11:37:54]: ▸ [MockKit] Write Auxiliary File MockKit.LinkFileList
Build	Fastlane Build & Archive	2026-07-20T11:37:55.2395990Z [11:37:54]: ▸ [MockKit] Write Auxiliary File MockKit-OutputFileMap.json
Build	Fastlane Build & Archive	2026-07-20T11:37:55.2398350Z [11:37:54]: ▸ [MockKit] Write Auxiliary File 7187679823f38a2a940e0043cdf9d637-common-args.resp
Build	Fastlane Build & Archive	2026-07-20T11:37:55.2400690Z [11:37:54]: ▸ [MockKit] Write Auxiliary File MockKit.hmap
Build	Fastlane Build & Archive	2026-07-20T11:37:55.2440710Z [11:37:54]: ▸ [MockKit] Write Auxiliary File MockKit.DependencyStaticMetadataFileList
Build	Fastlane Build & Archive	2026-07-20T11:37:55.2441550Z [11:37:54]: ▸ [MockKit] Write Auxiliary File MockKit.DependencyMetadataFileList
Build	Fastlane Build & Archive	2026-07-20T11:37:55.2458410Z [11:37:54]: ▸ [MockKit] Write Auxiliary File MockKit-project-headers.hmap
Build	Fastlane Build & Archive	2026-07-20T11:37:55.2459190Z [11:37:54]: ▸ [MockKit] Write Auxiliary File MockKit-own-target-headers.hmap
Build	Fastlane Build & Archive	2026-07-20T11:37:55.2459980Z [11:37:54]: ▸ [MockKit] Write Auxiliary File MockKit-generated-files.hmap
Build	Fastlane Build & Archive	2026-07-20T11:37:55.2460570Z [11:37:54]: ▸ [MockKit] Write Auxiliary File MockKit-all-target-headers.hmap
Build	Fastlane Build & Archive	2026-07-20T11:37:55.2461540Z [11:37:54]: ▸ [MockKit] Write Auxiliary File MockKit-all-non-framework-target-headers.hmap
Build	Fastlane Build & Archive	2026-07-20T11:37:55.2462130Z [11:37:54]: ▸ [MockKit] Write Auxiliary File MockKit_vers.c
Build	Fastlane Build & Archive	2026-07-20T11:37:55.2462590Z [11:37:54]: ▸ [MockKit] Copying MockKit.h
Build	Fastlane Build & Archive	2026-07-20T11:37:55.2463080Z [11:37:54]: ▸ [MockKit] Copy module.modulemap -> module.modulemap
Build	Fastlane Build & Archive	2026-07-20T11:37:55.2463630Z [11:37:54]: ▸ [MinimedKitUI] Write Auxiliary File module.modulemap
Build	Fastlane Build & Archive	2026-07-20T11:37:55.2465120Z [11:37:54]: ▸ [MinimedKitUI] Write Auxiliary File empty-MinimedKitUI.plist
Build	Fastlane Build & Archive	2026-07-20T11:37:55.2465980Z [11:37:54]: ▸ [MinimedKitUI] Write Auxiliary File MinimedKitUI_const_extract_protocols.json
Build	Fastlane Build & Archive	2026-07-20T11:37:55.2467080Z [11:37:54]: ▸ [MinimedKitUI] Write Auxiliary File MinimedKitUI.SwiftFileList
Build	Fastlane Build & Archive	2026-07-20T11:37:55.2468680Z [11:37:54]: ▸ [MinimedKitUI] Write Auxiliary File MinimedKitUI.SwiftConstValuesFileList
Build	Fastlane Build & Archive	2026-07-20T11:37:55.2471170Z [11:37:54]: ▸ [MinimedKitUI] Write Auxiliary File MinimedKitUI.LinkFileList
Build	Fastlane Build & Archive	2026-07-20T11:37:55.2473290Z [11:37:54]: ▸ [MinimedKitUI] Write Auxiliary File MinimedKitUI-OutputFileMap.json
Build	Fastlane Build & Archive	2026-07-20T11:37:55.2477360Z [11:37:54]: ▸ [MinimedKitUI] Write Auxiliary File 7187679823f38a2a940e0043cdf9d637-common-args.resp
Build	Fastlane Build & Archive	2026-07-20T11:37:55.2478370Z [11:37:54]: ▸ [MinimedKitUI] Write Auxiliary File MinimedKitUI.hmap
Build	Fastlane Build & Archive	2026-07-20T11:37:55.2479170Z [11:37:54]: ▸ [MinimedKitUI] Write Auxiliary File MinimedKitUI.DependencyStaticMetadataFileList
Build	Fastlane Build & Archive	2026-07-20T11:37:55.2479910Z [11:37:54]: ▸ [MinimedKitUI] Write Auxiliary File MinimedKitUI.DependencyMetadataFileList
Build	Fastlane Build & Archive	2026-07-20T11:37:55.2480600Z [11:37:54]: ▸ [MinimedKitUI] Write Auxiliary File MinimedKitUI-project-headers.hmap
Build	Fastlane Build & Archive	2026-07-20T11:37:55.2481270Z [11:37:54]: ▸ [MinimedKitUI] Write Auxiliary File MinimedKitUI-own-target-headers.hmap
Build	Fastlane Build & Archive	2026-07-20T11:37:55.2481940Z [11:37:54]: ▸ [MinimedKitUI] Write Auxiliary File MinimedKitUI-generated-files.hmap
Build	Fastlane Build & Archive	2026-07-20T11:37:55.2482610Z [11:37:54]: ▸ [MinimedKitUI] Write Auxiliary File MinimedKitUI-all-target-headers.hmap
Build	Fastlane Build & Archive	2026-07-20T11:37:55.2483330Z [11:37:54]: ▸ [MinimedKitUI] Write Auxiliary File MinimedKitUI-all-non-framework-target-headers.hmap
Build	Fastlane Build & Archive	2026-07-20T11:37:55.2484000Z [11:37:54]: ▸ [MinimedKitUI] Write Auxiliary File MinimedKitUI_vers.c
Build	Fastlane Build & Archive	2026-07-20T11:37:55.2484540Z [11:37:54]: ▸ [MinimedKitUI] Copying MinimedKitUI.h
Build	Fastlane Build & Archive	2026-07-20T11:37:55.2485200Z [11:37:54]: ▸ [MinimedKitUI] Copy module.modulemap -> module.modulemap
Build	Fastlane Build & Archive	2026-07-20T11:37:55.2485860Z [11:37:54]: ▸ [MinimedKit] Write Auxiliary File unextended-module.modulemap
Build	Fastlane Build & Archive	2026-07-20T11:37:55.2486460Z [11:37:54]: ▸ [MinimedKit] Write Auxiliary File unextended-module-overlay.yaml
Build	Fastlane Build & Archive	2026-07-20T11:37:55.2487040Z [11:37:54]: ▸ [MinimedKit] Write Auxiliary File module.modulemap
Build	Fastlane Build & Archive	2026-07-20T11:37:55.2487580Z [11:37:54]: ▸ [MinimedKit] Write Auxiliary File empty-MinimedKit.plist
Build	Fastlane Build & Archive	2026-07-20T11:37:55.2488200Z [11:37:54]: ▸ [MinimedKit] Write Auxiliary File MinimedKit_const_extract_protocols.json
Build	Fastlane Build & Archive	2026-07-20T11:37:55.2489430Z [11:37:54]: ▸ [MinimedKit] Write Auxiliary File MinimedKit.SwiftFileList
Build	Fastlane Build & Archive	2026-07-20T11:37:55.2490090Z [11:37:54]: ▸ [MinimedKit] Write Auxiliary File MinimedKit.SwiftConstValuesFileList
Build	Fastlane Build & Archive	2026-07-20T11:37:55.2490740Z [11:37:54]: ▸ [MinimedKit] Write Auxiliary File MinimedKit.LinkFileList
Build	Fastlane Build & Archive	2026-07-20T11:37:55.2491360Z [11:37:54]: ▸ [MinimedKit] Write Auxiliary File MinimedKit-OutputFileMap.json
Build	Fastlane Build & Archive	2026-07-20T11:37:55.2492050Z [11:37:54]: ▸ [MinimedKit] Write Auxiliary File 7187679823f38a2a940e0043cdf9d637-common-args.resp
Build	Fastlane Build & Archive	2026-07-20T11:37:55.2493460Z [11:37:54]: ▸ [MinimedKit] Write Auxiliary File MinimedKit.hmap
Build	Fastlane Build & Archive	2026-07-20T11:37:55.2494780Z [11:37:54]: ▸ [MinimedKit] Write Auxiliary File MinimedKit.DependencyStaticMetadataFileList
Build	Fastlane Build & Archive	2026-07-20T11:37:55.2495920Z [11:37:54]: ▸ [MinimedKit] Write Auxiliary File MinimedKit.DependencyMetadataFileList
Build	Fastlane Build & Archive	2026-07-20T11:37:55.2496630Z [11:37:54]: ▸ [MinimedKit] Write Auxiliary File MinimedKit-project-headers.hmap
Build	Fastlane Build & Archive	2026-07-20T11:37:55.2497530Z [11:37:54]: ▸ [MinimedKit] Write Auxiliary File MinimedKit-own-target-headers.hmap
Build	Fastlane Build & Archive	2026-07-20T11:37:55.2498190Z [11:37:54]: ▸ [MinimedKit] Write Auxiliary File MinimedKit-generated-files.hmap
Build	Fastlane Build & Archive	2026-07-20T11:37:55.2499600Z [11:37:54]: ▸ [MinimedKit] Write Auxiliary File MinimedKit-all-target-headers.hmap
Build	Fastlane Build & Archive	2026-07-20T11:37:55.2500390Z [11:37:54]: ▸ [MinimedKit] Write Auxiliary File MinimedKit-all-non-framework-target-headers.hmap
Build	Fastlane Build & Archive	2026-07-20T11:37:55.2502600Z [11:37:54]: ▸ [MinimedKit] Write Auxiliary File MinimedKit_vers.c
Build	Fastlane Build & Archive	2026-07-20T11:37:55.2503950Z [11:37:54]: ▸ [MinimedKit] Copying MinimedKit.h
Build	Fastlane Build & Archive	2026-07-20T11:37:55.2505290Z [11:37:54]: ▸ [MinimedKit] Copy module.modulemap -> module.modulemap
Build	Fastlane Build & Archive	2026-07-20T11:37:55.2506950Z [11:37:54]: ▸ [MedtrumKit] Write Auxiliary File module.modulemap
Build	Fastlane Build & Archive	2026-07-20T11:37:55.2507810Z [11:37:54]: ▸ [MedtrumKit] Write Auxiliary File MedtrumKit_const_extract_protocols.json
Build	Fastlane Build & Archive	2026-07-20T11:37:55.2508490Z [11:37:54]: ▸ [MedtrumKit] Write Auxiliary File MedtrumKit.SwiftFileList
Build	Fastlane Build & Archive	2026-07-20T11:37:55.2509110Z [11:37:54]: ▸ [MedtrumKit] Write Auxiliary File MedtrumKit.SwiftConstValuesFileList
Build	Fastlane Build & Archive	2026-07-20T11:37:55.2509720Z [11:37:54]: ▸ [MedtrumKit] Write Auxiliary File MedtrumKit.LinkFileList
Build	Fastlane Build & Archive	2026-07-20T11:37:55.2510330Z [11:37:54]: ▸ [MedtrumKit] Write Auxiliary File MedtrumKit-OutputFileMap.json
Build	Fastlane Build & Archive	2026-07-20T11:37:55.2511040Z [11:37:54]: ▸ [MedtrumKit] Write Auxiliary File 7187679823f38a2a940e0043cdf9d637-common-args.resp
Build	Fastlane Build & Archive	2026-07-20T11:37:55.2511690Z [11:37:54]: ▸ [MedtrumKit] Write Auxiliary File MedtrumKit.hmap
Build	Fastlane Build & Archive	2026-07-20T11:37:55.2512360Z [11:37:54]: ▸ [MedtrumKit] Write Auxiliary File MedtrumKit.DependencyStaticMetadataFileList
Build	Fastlane Build & Archive	2026-07-20T11:37:55.2513060Z [11:37:54]: ▸ [MedtrumKit] Write Auxiliary File MedtrumKit.DependencyMetadataFileList
Build	Fastlane Build & Archive	2026-07-20T11:37:55.2513730Z [11:37:54]: ▸ [MedtrumKit] Write Auxiliary File MedtrumKit-project-headers.hmap
Build	Fastlane Build & Archive	2026-07-20T11:37:55.2514420Z [11:37:54]: ▸ [MedtrumKit] Write Auxiliary File MedtrumKit-own-target-headers.hmap
Build	Fastlane Build & Archive	2026-07-20T11:37:55.2515070Z [11:37:54]: ▸ [MedtrumKit] Write Auxiliary File MedtrumKit-generated-files.hmap
Build	Fastlane Build & Archive	2026-07-20T11:37:55.2518790Z [11:37:54]: ▸ [MedtrumKit] Write Auxiliary File MedtrumKit-diagnostic-filename-map.json
Build	Fastlane Build & Archive	2026-07-20T11:37:55.2538690Z [11:37:54]: ▸ [MedtrumKit] Write Auxiliary File MedtrumKit-all-target-headers.hmap
Build	Fastlane Build & Archive	2026-07-20T11:37:55.2539610Z [11:37:54]: ▸ [MedtrumKit] Write Auxiliary File MedtrumKit-all-non-framework-target-headers.hmap
Build	Fastlane Build & Archive	2026-07-20T11:37:55.2540310Z [11:37:54]: ▸ [MedtrumKit] Write Auxiliary File MedtrumKit_vers.c
Build	Fastlane Build & Archive	2026-07-20T11:37:55.2540800Z [11:37:54]: ▸ [MedtrumKit] Copying MedtrumKit.h
Build	Fastlane Build & Archive	2026-07-20T11:37:55.2541300Z [11:37:54]: ▸ [MedtrumKit] Copy module.modulemap -> module.modulemap
Build	Fastlane Build & Archive	2026-07-20T11:37:55.2541980Z [11:37:54]: ▸ [MKRingProgressView] Write Auxiliary File MKRingProgressView_const_extract_protocols.json
Build	Fastlane Build & Archive	2026-07-20T11:37:55.2542720Z [11:37:54]: ▸ [MKRingProgressView] Write Auxiliary File MKRingProgressView.SwiftFileList
Build	Fastlane Build & Archive	2026-07-20T11:37:55.2543450Z [11:37:54]: ▸ [MKRingProgressView] Write Auxiliary File MKRingProgressView.SwiftConstValuesFileList
Build	Fastlane Build & Archive	2026-07-20T11:37:55.2545810Z [11:37:54]: ▸ [MKRingProgressView] Write Auxiliary File MKRingProgressView.LinkFileList
Build	Fastlane Build & Archive	2026-07-20T11:37:55.2549430Z [11:37:54]: ▸ [MKRingProgressView] Write Auxiliary File MKRingProgressView-OutputFileMap.json
Build	Fastlane Build & Archive	2026-07-20T11:37:55.2551390Z [11:37:54]: ▸ [MKRingProgressView] Write Auxiliary File MKRingProgressView.modulemap
Build	Fastlane Build & Archive	2026-07-20T11:37:55.2553410Z [11:37:54]: ▸ [MKRingProgressView] Write Auxiliary File MKRingProgressView.DependencyStaticMetadataFileList
Build	Fastlane Build & Archive	2026-07-20T11:37:55.2555770Z [11:37:54]: ▸ [MKRingProgressView] Write Auxiliary File MKRingProgressView.DependencyMetadataFileList
Build	Fastlane Build & Archive	2026-07-20T11:37:55.2558120Z [11:37:54]: ▸ [MKRingProgressView] Copy MKRingProgressView.modulemap -> MKRingProgressView.modulemap
Build	Fastlane Build & Archive	2026-07-20T11:37:55.2560320Z [11:37:54]: ▸ [LoopTestingKit] Write Auxiliary File LoopTestingKit_const_extract_protocols.json
Build	Fastlane Build & Archive	2026-07-20T11:37:55.2562660Z [11:37:54]: ▸ [LoopTestingKit] Write Auxiliary File LoopTestingKit.SwiftFileList
Build	Fastlane Build & Archive	2026-07-20T11:37:55.2565000Z [11:37:54]: ▸ [LoopTestingKit] Write Auxiliary File LoopTestingKit.SwiftConstValuesFileList
Build	Fastlane Build & Archive	2026-07-20T11:37:55.2567010Z [11:37:54]: ▸ [LoopTestingKit] Write Auxiliary File LoopTestingKit.LinkFileList
Build	Fastlane Build & Archive	2026-07-20T11:37:55.2591990Z [11:37:54]: ▸ [LoopTestingKit] Write Auxiliary File LoopTestingKit-OutputFileMap.json
Build	Fastlane Build & Archive	2026-07-20T11:37:55.2595340Z [11:37:54]: ▸ [LoopTestingKit] Write Auxiliary File 7187679823f38a2a940e0043cdf9d637-common-args.resp
Build	Fastlane Build & Archive	2026-07-20T11:37:55.2606610Z [11:37:54]: ▸ [LoopTestingKit] Write Auxiliary File LoopTestingKit.hmap
Build	Fastlane Build & Archive	2026-07-20T11:37:55.2607330Z [11:37:54]: ▸ [LoopTestingKit] Write Auxiliary File LoopTestingKit.DependencyStaticMetadataFileList
Build	Fastlane Build & Archive	2026-07-20T11:37:55.2608700Z [11:37:54]: ▸ [LoopTestingKit] Write Auxiliary File LoopTestingKit.DependencyMetadataFileList
Build	Fastlane Build & Archive	2026-07-20T11:37:55.2611090Z [11:37:54]: ▸ [LoopTestingKit] Write Auxiliary File LoopTestingKit-project-headers.hmap
Build	Fastlane Build & Archive	2026-07-20T11:37:55.2613300Z [11:37:54]: ▸ [LoopTestingKit] Write Auxiliary File LoopTestingKit-own-target-headers.hmap
Build	Fastlane Build & Archive	2026-07-20T11:37:55.2615850Z [11:37:54]: ▸ [LoopTestingKit] Write Auxiliary File LoopTestingKit-generated-files.hmap
Build	Fastlane Build & Archive	2026-07-20T11:37:55.2617670Z [11:37:54]: ▸ [LoopTestingKit] Write Auxiliary File LoopTestingKit-all-target-headers.hmap
Build	Fastlane Build & Archive	2026-07-20T11:37:55.2619690Z [11:37:54]: ▸ [LoopTestingKit] Write Auxiliary File LoopTestingKit-all-non-framework-target-headers.hmap
Build	Fastlane Build & Archive	2026-07-20T11:37:55.2621520Z [11:37:54]: ▸ [LoopTestingKit] Write Auxiliary File LoopTestingKit_vers.c
Build	Fastlane Build & Archive	2026-07-20T11:37:55.2625240Z [11:37:54]: ▸ [LoopTestingKit] Copying LoopTestingKit.h
Build	Fastlane Build & Archive	2026-07-20T11:37:55.2625820Z [11:37:54]: ▸ [LoopKitUI] Write Auxiliary File module.modulemap
Build	Fastlane Build & Archive	2026-07-20T11:37:55.2626870Z [11:37:54]: ▸ [LoopKitUI] Write Auxiliary File LoopKitUI_const_extract_protocols.json
Build	Fastlane Build & Archive	2026-07-20T11:37:55.2627520Z [11:37:54]: ▸ [LoopKitUI] Write Auxiliary File LoopKitUI.SwiftFileList
Build	Fastlane Build & Archive	2026-07-20T11:37:55.2629830Z [11:37:54]: ▸ [LoopKitUI] Write Auxiliary File LoopKitUI.SwiftConstValuesFileList
Build	Fastlane Build & Archive	2026-07-20T11:37:55.2630490Z [11:37:54]: ▸ [LoopKitUI] Write Auxiliary File LoopKitUI.LinkFileList
Build	Fastlane Build & Archive	2026-07-20T11:37:55.2631070Z [11:37:54]: ▸ [LoopKitUI] Write Auxiliary File LoopKitUI-OutputFileMap.json
Build	Fastlane Build & Archive	2026-07-20T11:37:55.2631730Z [11:37:54]: ▸ [LoopKitUI] Write Auxiliary File 7187679823f38a2a940e0043cdf9d637-common-args.resp
Build	Fastlane Build & Archive	2026-07-20T11:37:55.2638710Z [11:37:54]: ▸ [LoopKitUI] Write Auxiliary File LoopKitUI.hmap
Build	Fastlane Build & Archive	2026-07-20T11:37:55.2639510Z [11:37:54]: ▸ [LoopKitUI] Write Auxiliary File LoopKitUI.DependencyStaticMetadataFileList
Build	Fastlane Build & Archive	2026-07-20T11:37:55.2640200Z [11:37:54]: ▸ [LoopKitUI] Write Auxiliary File LoopKitUI.DependencyMetadataFileList
Build	Fastlane Build & Archive	2026-07-20T11:37:55.2640840Z [11:37:54]: ▸ [LoopKitUI] Write Auxiliary File LoopKitUI-project-headers.hmap
Build	Fastlane Build & Archive	2026-07-20T11:37:55.2641460Z [11:37:54]: ▸ [LoopKitUI] Write Auxiliary File LoopKitUI-own-target-headers.hmap
Build	Fastlane Build & Archive	2026-07-20T11:37:55.2642080Z [11:37:54]: ▸ [LoopKitUI] Write Auxiliary File LoopKitUI-generated-files.hmap
Build	Fastlane Build & Archive	2026-07-20T11:37:55.2642690Z [11:37:54]: ▸ [LoopKitUI] Write Auxiliary File LoopKitUI-all-target-headers.hmap
Build	Fastlane Build & Archive	2026-07-20T11:37:55.2643370Z [11:37:54]: ▸ [LoopKitUI] Write Auxiliary File LoopKitUI-all-non-framework-target-headers.hmap
Build	Fastlane Build & Archive	2026-07-20T11:37:55.2644070Z [11:37:54]: ▸ [LoopKitUI] Write Auxiliary File LoopKitUI_vers.c
Build	Fastlane Build & Archive	2026-07-20T11:37:55.2644540Z [11:37:54]: ▸ [LoopKitUI] Copying LoopKitUI.h
Build	Fastlane Build & Archive	2026-07-20T11:37:55.2645010Z [11:37:54]: ▸ [LoopKitUI] Copy module.modulemap -> module.modulemap
Build	Fastlane Build & Archive	2026-07-20T11:37:55.2645550Z [11:37:54]: ▸ [LoopKit] Write Auxiliary File module.modulemap
Build	Fastlane Build & Archive	2026-07-20T11:37:55.2646120Z [11:37:54]: ▸ [LoopKit] Write Auxiliary File LoopKit_const_extract_protocols.json
Build	Fastlane Build & Archive	2026-07-20T11:37:55.2646680Z [11:37:54]: ▸ [LoopKit] Write Auxiliary File LoopKit.SwiftFileList
Build	Fastlane Build & Archive	2026-07-20T11:37:55.2654760Z [11:37:54]: ▸ [LoopKit] Write Auxiliary File LoopKit.SwiftConstValuesFileList
Build	Fastlane Build & Archive	2026-07-20T11:37:55.2655360Z [11:37:54]: ▸ [LoopKit] Write Auxiliary File LoopKit.LinkFileList
Build	Fastlane Build & Archive	2026-07-20T11:37:55.2655910Z [11:37:54]: ▸ [LoopKit] Write Auxiliary File LoopKit-OutputFileMap.json
Build	Fastlane Build & Archive	2026-07-20T11:37:55.2656590Z [11:37:54]: ▸ [LoopKit] Write Auxiliary File 7187679823f38a2a940e0043cdf9d637-common-args.resp
Build	Fastlane Build & Archive	2026-07-20T11:37:55.2657200Z [11:37:54]: ▸ [LoopKit] Write Auxiliary File LoopKit.hmap
Build	Fastlane Build & Archive	2026-07-20T11:37:55.2657810Z [11:37:54]: ▸ [LoopKit] Write Auxiliary File LoopKit.DependencyStaticMetadataFileList
Build	Fastlane Build & Archive	2026-07-20T11:37:55.2658460Z [11:37:54]: ▸ [LoopKit] Write Auxiliary File LoopKit.DependencyMetadataFileList
Build	Fastlane Build & Archive	2026-07-20T11:37:55.2659060Z [11:37:54]: ▸ [LoopKit] Write Auxiliary File LoopKit-project-headers.hmap
Build	Fastlane Build & Archive	2026-07-20T11:37:55.2659690Z [11:37:54]: ▸ [LoopKit] Write Auxiliary File LoopKit-own-target-headers.hmap
Build	Fastlane Build & Archive	2026-07-20T11:37:55.2660340Z [11:37:54]: ▸ [LoopKit] Write Auxiliary File LoopKit-generated-files.hmap
Build	Fastlane Build & Archive	2026-07-20T11:37:55.2660960Z [11:37:54]: ▸ [LoopKit] Write Auxiliary File LoopKit-all-target-headers.hmap
Build	Fastlane Build & Archive	2026-07-20T11:37:55.2661630Z [11:37:54]: ▸ [LoopKit] Write Auxiliary File LoopKit-all-non-framework-target-headers.hmap
Build	Fastlane Build & Archive	2026-07-20T11:37:55.2662230Z [11:37:54]: ▸ [LoopKit] Write Auxiliary File LoopKit_vers.c
Build	Fastlane Build & Archive	2026-07-20T11:37:55.2662680Z [11:37:54]: ▸ [LoopKit] Copying LoopKit.h
Build	Fastlane Build & Archive	2026-07-20T11:37:55.2663180Z [11:37:54]: ▸ [LoopKit] Copy module.modulemap -> module.modulemap
Build	Fastlane Build & Archive	2026-07-20T11:37:55.2663780Z [11:37:54]: ▸ [Logging] Write Auxiliary File Logging_const_extract_protocols.json
Build	Fastlane Build & Archive	2026-07-20T11:37:55.2664370Z [11:37:54]: ▸ [Logging] Write Auxiliary File Logging.SwiftFileList
Build	Fastlane Build & Archive	2026-07-20T11:37:55.2665590Z [11:37:54]: ▸ [Logging] Write Auxiliary File Logging.SwiftConstValuesFileList
Build	Fastlane Build & Archive	2026-07-20T11:37:55.2666360Z [11:37:54]: ▸ [Logging] Write Auxiliary File Logging.LinkFileList
Build	Fastlane Build & Archive	2026-07-20T11:37:55.2667330Z [11:37:54]: ▸ [Logging] Write Auxiliary File Logging-OutputFileMap.json
Build	Fastlane Build & Archive	2026-07-20T11:37:55.2667880Z [11:37:54]: ▸ [Logging] Write Auxiliary File Logging.modulemap
Build	Fastlane Build & Archive	2026-07-20T11:37:55.2668530Z [11:37:54]: ▸ [Logging] Write Auxiliary File Logging.DependencyStaticMetadataFileList
Build	Fastlane Build & Archive	2026-07-20T11:37:55.2669220Z [11:37:54]: ▸ [Logging] Write Auxiliary File Logging.DependencyMetadataFileList
Build	Fastlane Build & Archive	2026-07-20T11:37:55.2669800Z [11:37:54]: ▸ [Logging] Copy Logging.modulemap -> Logging.modulemap
Build	Fastlane Build & Archive	2026-07-20T11:37:55.2670420Z [11:37:54]: ▸ [LoggerAPI] Write Auxiliary File LoggerAPI_const_extract_protocols.json
Build	Fastlane Build & Archive	2026-07-20T11:37:55.2671060Z [11:37:54]: ▸ [LoggerAPI] Write Auxiliary File LoggerAPI.SwiftFileList
Build	Fastlane Build & Archive	2026-07-20T11:37:55.2671690Z [11:37:54]: ▸ [LoggerAPI] Write Auxiliary File LoggerAPI.SwiftConstValuesFileList
Build	Fastlane Build & Archive	2026-07-20T11:37:55.2672370Z [11:37:54]: ▸ [LoggerAPI] Write Auxiliary File LoggerAPI.LinkFileList
Build	Fastlane Build & Archive	2026-07-20T11:37:55.2673190Z [11:37:54]: ▸ [LoggerAPI] Write Auxiliary File LoggerAPI-OutputFileMap.json
Build	Fastlane Build & Archive	2026-07-20T11:37:55.2673770Z [11:37:54]: ▸ [LoggerAPI] Write Auxiliary File LoggerAPI.modulemap
Build	Fastlane Build & Archive	2026-07-20T11:37:55.2674590Z [11:37:54]: ▸ [LoggerAPI] Write Auxiliary File LoggerAPI.DependencyStaticMetadataFileList
Build	Fastlane Build & Archive	2026-07-20T11:37:55.2675260Z [11:37:54]: ▸ [LoggerAPI] Write Auxiliary File LoggerAPI.DependencyMetadataFileList
Build	Fastlane Build & Archive	2026-07-20T11:37:55.2675890Z [11:37:54]: ▸ [LoggerAPI] Copy LoggerAPI.modulemap -> LoggerAPI.modulemap
Build	Fastlane Build & Archive	2026-07-20T11:37:55.2676600Z [11:37:54]: ▸ [LiveActivityExtension] Write Auxiliary File LiveActivityExtension_const_extract_protocols.json
Build	Fastlane Build & Archive	2026-07-20T11:37:55.2677400Z [11:37:54]: ▸ [LiveActivityExtension] Write Auxiliary File LiveActivityExtension.SwiftFileList
Build	Fastlane Build & Archive	2026-07-20T11:37:55.2678180Z [11:37:54]: ▸ [LiveActivityExtension] Write Auxiliary File LiveActivityExtension.SwiftConstValuesFileList
Build	Fastlane Build & Archive	2026-07-20T11:37:55.2678940Z [11:37:54]: ▸ [LiveActivityExtension] Write Auxiliary File LiveActivityExtension.LinkFileList
Build	Fastlane Build & Archive	2026-07-20T11:37:55.2679670Z [11:37:54]: ▸ [LiveActivityExtension] Write Auxiliary File LiveActivityExtension-OutputFileMap.json
Build	Fastlane Build & Archive	2026-07-20T11:37:55.2680410Z [11:37:54]: ▸ [LiveActivityExtension] Write Auxiliary File LiveActivityExtension.hmap
Build	Fastlane Build & Archive	2026-07-20T11:37:55.2681170Z [11:37:54]: ▸ [LiveActivityExtension] Write Auxiliary File LiveActivityExtension.DependencyStaticMetadataFileList
Build	Fastlane Build & Archive	2026-07-20T11:37:55.2682010Z [11:37:54]: ▸ [LiveActivityExtension] Write Auxiliary File LiveActivityExtension.DependencyMetadataFileList
Build	Fastlane Build & Archive	2026-07-20T11:37:55.2682840Z [11:37:54]: ▸ [LiveActivityExtension] Write Auxiliary File LiveActivityExtension-project-headers.hmap
Build	Fastlane Build & Archive	2026-07-20T11:37:55.2683730Z [11:37:54]: ▸ [LiveActivityExtension] Write Auxiliary File LiveActivityExtension-own-target-headers.hmap
Build	Fastlane Build & Archive	2026-07-20T11:37:55.2684520Z [11:37:54]: ▸ [LiveActivityExtension] Write Auxiliary File LiveActivityExtension-generated-files.hmap
Build	Fastlane Build & Archive	2026-07-20T11:37:55.2685320Z [11:37:54]: ▸ [LiveActivityExtension] Write Auxiliary File LiveActivityExtension-all-target-headers.hmap
Build	Fastlane Build & Archive	2026-07-20T11:37:55.2686180Z [11:37:54]: ▸ [LiveActivityExtension] Write Auxiliary File LiveActivityExtension-all-non-framework-target-headers.hmap
Build	Fastlane Build & Archive	2026-07-20T11:37:55.2687480Z [11:37:54]: ▸ [LiveActivityExtension] Write Auxiliary File Entitlements.plist
Build	Fastlane Build & Archive	2026-07-20T11:37:55.2688610Z [11:37:54]: ▸ [LibreTransmitterUI] Write Auxiliary File unextended-module.modulemap
Build	Fastlane Build & Archive	2026-07-20T11:37:55.2689300Z [11:37:54]: ▸ [LibreTransmitterUI] Write Auxiliary File unextended-module-overlay.yaml
Build	Fastlane Build & Archive	2026-07-20T11:37:55.2689910Z [11:37:54]: ▸ [LibreTransmitterUI] Write Auxiliary File module.modulemap
Build	Fastlane Build & Archive	2026-07-20T11:37:55.2690570Z [11:37:54]: ▸ [LibreTransmitterUI] Write Auxiliary File LibreTransmitterUI_const_extract_protocols.json
Build	Fastlane Build & Archive	2026-07-20T11:37:55.2691300Z [11:37:54]: ▸ [LibreTransmitterUI] Write Auxiliary File LibreTransmitterUI.SwiftFileList
Build	Fastlane Build & Archive	2026-07-20T11:37:55.2692310Z [11:37:54]: ▸ [LibreTransmitterUI] Write Auxiliary File LibreTransmitterUI.SwiftConstValuesFileList
Build	Fastlane Build & Archive	2026-07-20T11:37:55.2693070Z [11:37:54]: ▸ [LibreTransmitterUI] Write Auxiliary File LibreTransmitterUI.LinkFileList
Build	Fastlane Build & Archive	2026-07-20T11:37:55.2693790Z [11:37:54]: ▸ [LibreTransmitterUI] Write Auxiliary File LibreTransmitterUI-OutputFileMap.json
Build	Fastlane Build & Archive	2026-07-20T11:37:55.2694630Z [11:37:54]: ▸ [LibreTransmitterUI] Write Auxiliary File 7187679823f38a2a940e0043cdf9d637-common-args.resp
Build	Fastlane Build & Archive	2026-07-20T11:37:55.2695330Z [11:37:54]: ▸ [LibreTransmitterUI] Write Auxiliary File LibreTransmitterUI.hmap
Build	Fastlane Build & Archive	2026-07-20T11:37:55.2696070Z [11:37:54]: ▸ [LibreTransmitterUI] Write Auxiliary File LibreTransmitterUI.DependencyStaticMetadataFileList
Build	Fastlane Build & Archive	2026-07-20T11:37:55.2696870Z [11:37:54]: ▸ [LibreTransmitterUI] Write Auxiliary File LibreTransmitterUI.DependencyMetadataFileList
Build	Fastlane Build & Archive	2026-07-20T11:37:55.2697640Z [11:37:54]: ▸ [LibreTransmitterUI] Write Auxiliary File LibreTransmitterUI-project-headers.hmap
Build	Fastlane Build & Archive	2026-07-20T11:37:55.2699600Z [11:37:54]: ▸ [LibreTransmitterUI] Write Auxiliary File LibreTransmitterUI-own-target-headers.hmap
Build	Fastlane Build & Archive	2026-07-20T11:37:55.2700400Z [11:37:54]: ▸ [LibreTransmitterUI] Write Auxiliary File LibreTransmitterUI-generated-files.hmap
Build	Fastlane Build & Archive	2026-07-20T11:37:55.2701170Z [11:37:54]: ▸ [LibreTransmitterUI] Write Auxiliary File LibreTransmitterUI-all-target-headers.hmap
Build	Fastlane Build & Archive	2026-07-20T11:37:55.2702000Z [11:37:54]: ▸ [LibreTransmitterUI] Write Auxiliary File LibreTransmitterUI-all-non-framework-target-headers.hmap
Build	Fastlane Build & Archive	2026-07-20T11:37:55.2704620Z [11:37:54]: ▸ [LibreTransmitterUI] Write Auxiliary File LibreTransmitterUI_vers.c
Build	Fastlane Build & Archive	2026-07-20T11:37:55.2705220Z [11:37:54]: ▸ [LibreTransmitterUI] Copying LibreTransmitterUI.h
Build	Fastlane Build & Archive	2026-07-20T11:37:55.2705810Z [11:37:54]: ▸ [LibreTransmitterUI] Copy module.modulemap -> module.modulemap
Build	Fastlane Build & Archive	2026-07-20T11:37:55.2706470Z [11:37:54]: ▸ [LibreTransmitter] Write Auxiliary File unextended-module.modulemap
Build	Fastlane Build & Archive	2026-07-20T11:37:55.2707140Z [11:37:54]: ▸ [LibreTransmitter] Write Auxiliary File unextended-module-overlay.yaml
Build	Fastlane Build & Archive	2026-07-20T11:37:55.2709410Z [11:37:54]: ▸ [LibreTransmitter] Write Auxiliary File module.modulemap
Build	Fastlane Build & Archive	2026-07-20T11:37:55.2714880Z [11:37:54]: ▸ [LibreTransmitter] Write Auxiliary File LibreTransmitter_const_extract_protocols.json
Build	Fastlane Build & Archive	2026-07-20T11:37:55.2717180Z [11:37:54]: ▸ [LibreTransmitter] Write Auxiliary File LibreTransmitter.SwiftFileList
Build	Fastlane Build & Archive	2026-07-20T11:37:55.2719350Z [11:37:54]: ▸ [LibreTransmitter] Write Auxiliary File LibreTransmitter.SwiftConstValuesFileList
Build	Fastlane Build & Archive	2026-07-20T11:37:55.2721260Z [11:37:54]: ▸ [LibreTransmitter] Write Auxiliary File LibreTransmitter.LinkFileList
Build	Fastlane Build & Archive	2026-07-20T11:37:55.2724840Z [11:37:54]: ▸ [LibreTransmitter] Write Auxiliary File LibreTransmitter-OutputFileMap.json
Build	Fastlane Build & Archive	2026-07-20T11:37:55.2741360Z [11:37:54]: ▸ [LibreTransmitter] Write Auxiliary File 7187679823f38a2a940e0043cdf9d637-common-args.resp
Build	Fastlane Build & Archive	2026-07-20T11:37:55.2742520Z [11:37:54]: ▸ [LibreTransmitter] Write Auxiliary File LibreTransmitter.hmap
Build	Fastlane Build & Archive	2026-07-20T11:37:55.2745160Z [11:37:54]: ▸ [LibreTransmitter] Write Auxiliary File LibreTransmitter.DependencyStaticMetadataFileList
Build	Fastlane Build & Archive	2026-07-20T11:37:55.2747290Z [11:37:54]: ▸ [LibreTransmitter] Write Auxiliary File LibreTransmitter.DependencyMetadataFileList
Build	Fastlane Build & Archive	2026-07-20T11:37:55.2749810Z [11:37:54]: ▸ [LibreTransmitter] Write Auxiliary File LibreTransmitter-project-headers.hmap
Build	Fastlane Build & Archive	2026-07-20T11:37:55.2750710Z [11:37:54]: ▸ [LibreTransmitter] Write Auxiliary File LibreTransmitter-own-target-headers.hmap
Build	Fastlane Build & Archive	2026-07-20T11:37:55.2751640Z [11:37:54]: ▸ [LibreTransmitter] Write Auxiliary File LibreTransmitter-generated-files.hmap
Build	Fastlane Build & Archive	2026-07-20T11:37:55.2752590Z [11:37:54]: ▸ [LibreTransmitter] Write Auxiliary File LibreTransmitter-all-target-headers.hmap
Build	Fastlane Build & Archive	2026-07-20T11:37:55.2753500Z [11:37:54]: ▸ [LibreTransmitter] Write Auxiliary File LibreTransmitter-all-non-framework-target-headers.hmap
Build	Fastlane Build & Archive	2026-07-20T11:37:55.2756470Z [11:37:54]: ▸ [LibreTransmitter] Write Auxiliary File LibreTransmitter_vers.c
Build	Fastlane Build & Archive	2026-07-20T11:37:55.2762170Z [11:37:54]: ▸ [LibreTransmitter] Copying LibreTransmitter.h
Build	Fastlane Build & Archive	2026-07-20T11:37:55.2764010Z [11:37:54]: ▸ [LibreTransmitter] Copy module.modulemap -> module.modulemap
Build	Fastlane Build & Archive	2026-07-20T11:37:55.2765890Z [11:37:54]: ▸ [KituraContracts] Write Auxiliary File KituraContracts_const_extract_protocols.json
Build	Fastlane Build & Archive	2026-07-20T11:37:55.2768100Z [11:37:54]: ▸ [KituraContracts] Write Auxiliary File KituraContracts.SwiftFileList
Build	Fastlane Build & Archive	2026-07-20T11:37:55.2769910Z [11:37:54]: ▸ [KituraContracts] Write Auxiliary File KituraContracts.SwiftConstValuesFileList
Build	Fastlane Build & Archive	2026-07-20T11:37:55.2771840Z [11:37:54]: ▸ [KituraContracts] Write Auxiliary File KituraContracts.LinkFileList
Build	Fastlane Build & Archive	2026-07-20T11:37:55.2772650Z [11:37:54]: ▸ [KituraContracts] Write Auxiliary File KituraContracts-OutputFileMap.json
Build	Fastlane Build & Archive	2026-07-20T11:37:55.2773330Z [11:37:54]: ▸ [KituraContracts] Write Auxiliary File KituraContracts.modulemap
Build	Fastlane Build & Archive	2026-07-20T11:37:55.2774050Z [11:37:54]: ▸ [KituraContracts] Write Auxiliary File KituraContracts.DependencyStaticMetadataFileList
Build	Fastlane Build & Archive	2026-07-20T11:37:55.2774850Z [11:37:54]: ▸ [KituraContracts] Write Auxiliary File KituraContracts.DependencyMetadataFileList
Build	Fastlane Build & Archive	2026-07-20T11:37:55.2775620Z [11:37:54]: ▸ [KituraContracts] Copy KituraContracts.modulemap -> KituraContracts.modulemap
Build	Fastlane Build & Archive	2026-07-20T11:37:55.2777050Z [11:37:54]: ▸ [GoogleUtilities_GoogleUtilities-UserDefaults] Write Auxiliary File empty-GoogleUtilities_GoogleUtilities-UserDefaults.plist
Build	Fastlane Build & Archive	2026-07-20T11:37:55.2792770Z [11:37:54]: ▸ [GoogleUtilities_GoogleUtilities-UserDefaults] Write Auxiliary File GoogleUtilities_GoogleUtilities-UserDefaults.DependencyStaticMetadataFileList
Build	Fastlane Build & Archive	2026-07-20T11:37:55.2793950Z [11:37:54]: ▸ [GoogleUtilities_GoogleUtilities-UserDefaults] Write Auxiliary File GoogleUtilities_GoogleUtilities-UserDefaults.DependencyMetadataFileList
Build	Fastlane Build & Archive	2026-07-20T11:37:55.2794970Z [11:37:54]: ▸ [GoogleUtilities_GoogleUtilities-NSData] Write Auxiliary File empty-GoogleUtilities_GoogleUtilities-NSData.plist
Build	Fastlane Build & Archive	2026-07-20T11:37:55.2795970Z [11:37:54]: ▸ [GoogleUtilities_GoogleUtilities-NSData] Write Auxiliary File GoogleUtilities_GoogleUtilities-NSData.DependencyStaticMetadataFileList
Build	Fastlane Build & Archive	2026-07-20T11:37:55.2797370Z [11:37:54]: ▸ [GoogleUtilities_GoogleUtilities-NSData] Write Auxiliary File GoogleUtilities_GoogleUtilities-NSData.DependencyMetadataFileList
Build	Fastlane Build & Archive	2026-07-20T11:37:55.2798460Z [11:37:54]: ▸ [GoogleUtilities_GoogleUtilities-Logger] Write Auxiliary File empty-GoogleUtilities_GoogleUtilities-Logger.plist
Build	Fastlane Build & Archive	2026-07-20T11:37:55.2799460Z [11:37:54]: ▸ [GoogleUtilities_GoogleUtilities-Logger] Write Auxiliary File GoogleUtilities_GoogleUtilities-Logger.DependencyStaticMetadataFileList
Build	Fastlane Build & Archive	2026-07-20T11:37:55.2800550Z [11:37:54]: ▸ [GoogleUtilities_GoogleUtilities-Logger] Write Auxiliary File GoogleUtilities_GoogleUtilities-Logger.DependencyMetadataFileList
Build	Fastlane Build & Archive	2026-07-20T11:37:55.2801570Z [11:37:54]: ▸ [GoogleUtilities_GoogleUtilities-Environment] Write Auxiliary File empty-GoogleUtilities_GoogleUtilities-Environment.plist
Build	Fastlane Build & Archive	2026-07-20T11:37:55.2802650Z [11:37:54]: ▸ [GoogleUtilities_GoogleUtilities-Environment] Write Auxiliary File GoogleUtilities_GoogleUtilities-Environment.DependencyStaticMetadataFileList
Build	Fastlane Build & Archive	2026-07-20T11:37:55.2803780Z [11:37:54]: ▸ [GoogleUtilities_GoogleUtilities-Environment] Write Auxiliary File GoogleUtilities_GoogleUtilities-Environment.DependencyMetadataFileList
Build	Fastlane Build & Archive	2026-07-20T11:37:55.2805740Z [11:37:54]: ▸ [GoogleUtilities-UserDefaults] Write Auxiliary File e6072d4f65d7061329687fe24e3d63a7-common-args.resp
Build	Fastlane Build & Archive	2026-07-20T11:37:55.2807020Z [11:37:54]: ▸ [GoogleUtilities-UserDefaults] Write Auxiliary File GoogleUtilities-UserDefaults.LinkFileList
Build	Fastlane Build & Archive	2026-07-20T11:37:55.2807860Z [11:37:54]: ▸ [GoogleUtilities-UserDefaults] Write Auxiliary File GoogleUtilities-UserDefaults.modulemap
Build	Fastlane Build & Archive	2026-07-20T11:37:55.2808760Z [11:37:54]: ▸ [GoogleUtilities-UserDefaults] Write Auxiliary File GoogleUtilities-UserDefaults.DependencyStaticMetadataFileList
Build	Fastlane Build & Archive	2026-07-20T11:37:55.2809700Z [11:37:54]: ▸ [GoogleUtilities-UserDefaults] Write Auxiliary File GoogleUtilities-UserDefaults.DependencyMetadataFileList
Build	Fastlane Build & Archive	2026-07-20T11:37:55.2810530Z [11:37:54]: ▸ [GoogleUtilities-UserDefaults] Write Auxiliary File resource_bundle_accessor.m
Build	Fastlane Build & Archive	2026-07-20T11:37:55.2811220Z [11:37:54]: ▸ [GoogleUtilities-UserDefaults] Write Auxiliary File resource_bundle_accessor.h
Build	Fastlane Build & Archive	2026-07-20T11:37:55.2812170Z [11:37:54]: ▸ [GoogleUtilities-UserDefaults] Copy GoogleUtilities-UserDefaults.modulemap -> GoogleUtilities-UserDefaults.modulemap
Build	Fastlane Build & Archive	2026-07-20T11:37:55.2813480Z [11:37:54]: ▸ [GoogleUtilities-NSData] Write Auxiliary File e6072d4f65d7061329687fe24e3d63a7-common-args.resp
Build	Fastlane Build & Archive	2026-07-20T11:37:55.2814260Z [11:37:54]: ▸ [GoogleUtilities-NSData] Write Auxiliary File GoogleUtilities-NSData.LinkFileList
Build	Fastlane Build & Archive	2026-07-20T11:37:55.2815000Z [11:37:54]: ▸ [GoogleUtilities-NSData] Write Auxiliary File GoogleUtilities-NSData.modulemap
Build	Fastlane Build & Archive	2026-07-20T11:37:55.2816030Z [11:37:54]: ▸ [GoogleUtilities-NSData] Write Auxiliary File GoogleUtilities-NSData.DependencyStaticMetadataFileList
Build	Fastlane Build & Archive	2026-07-20T11:37:55.2819970Z [11:37:54]: ▸ [GoogleUtilities-NSData] Write Auxiliary File GoogleUtilities-NSData.DependencyMetadataFileList
Build	Fastlane Build & Archive	2026-07-20T11:37:55.2820750Z [11:37:54]: ▸ [GoogleUtilities-NSData] Write Auxiliary File resource_bundle_accessor.m
Build	Fastlane Build & Archive	2026-07-20T11:37:55.2821440Z [11:37:54]: ▸ [GoogleUtilities-NSData] Write Auxiliary File resource_bundle_accessor.h
Build	Fastlane Build & Archive	2026-07-20T11:37:55.2822240Z [11:37:54]: ▸ [GoogleUtilities-NSData] Copy GoogleUtilities-NSData.modulemap -> GoogleUtilities-NSData.modulemap
Build	Fastlane Build & Archive	2026-07-20T11:37:55.2823820Z [11:37:54]: ▸ [GoogleUtilities-Logger] Write Auxiliary File e6072d4f65d7061329687fe24e3d63a7-common-args.resp
Build	Fastlane Build & Archive	2026-07-20T11:37:55.2824910Z [11:37:54]: ▸ [GoogleUtilities-Logger] Write Auxiliary File GoogleUtilities-Logger.LinkFileList
Build	Fastlane Build & Archive	2026-07-20T11:37:55.2825630Z [11:37:54]: ▸ [GoogleUtilities-Logger] Write Auxiliary File GoogleUtilities-Logger.modulemap
Build	Fastlane Build & Archive	2026-07-20T11:37:55.2826460Z [11:37:54]: ▸ [GoogleUtilities-Logger] Write Auxiliary File GoogleUtilities-Logger.DependencyStaticMetadataFileList
Build	Fastlane Build & Archive	2026-07-20T11:37:55.2827310Z [11:37:54]: ▸ [GoogleUtilities-Logger] Write Auxiliary File GoogleUtilities-Logger.DependencyMetadataFileList
Build	Fastlane Build & Archive	2026-07-20T11:37:55.2829960Z [11:37:54]: ▸ [GoogleUtilities-Logger] Write Auxiliary File resource_bundle_accessor.m
Build	Fastlane Build & Archive	2026-07-20T11:37:55.2831230Z [11:37:54]: ▸ [GoogleUtilities-Logger] Write Auxiliary File resource_bundle_accessor.h
Build	Fastlane Build & Archive	2026-07-20T11:37:55.2832010Z [11:37:54]: ▸ [GoogleUtilities-Logger] Copy GoogleUtilities-Logger.modulemap -> GoogleUtilities-Logger.modulemap
Build	Fastlane Build & Archive	2026-07-20T11:37:55.2832850Z [11:37:54]: ▸ [GoogleUtilities-Environment] Write Auxiliary File e6072d4f65d7061329687fe24e3d63a7-common-args.resp
Build	Fastlane Build & Archive	2026-07-20T11:37:55.2833650Z [11:37:54]: ▸ [GoogleUtilities-Environment] Write Auxiliary File GoogleUtilities-Environment.LinkFileList
Build	Fastlane Build & Archive	2026-07-20T11:37:55.2834440Z [11:37:54]: ▸ [GoogleUtilities-Environment] Write Auxiliary File GoogleUtilities-Environment.modulemap
Build	Fastlane Build & Archive	2026-07-20T11:37:55.2835300Z [11:37:54]: ▸ [GoogleUtilities-Environment] Write Auxiliary File GoogleUtilities-Environment.DependencyStaticMetadataFileList
Build	Fastlane Build & Archive	2026-07-20T11:37:55.2836210Z [11:37:54]: ▸ [GoogleUtilities-Environment] Write Auxiliary File GoogleUtilities-Environment.DependencyMetadataFileList
Build	Fastlane Build & Archive	2026-07-20T11:37:55.2837010Z [11:37:54]: ▸ [GoogleUtilities-Environment] Write Auxiliary File resource_bundle_accessor.m
Build	Fastlane Build & Archive	2026-07-20T11:37:55.2837710Z [11:37:54]: ▸ [GoogleUtilities-Environment] Write Auxiliary File resource_bundle_accessor.h
Build	Fastlane Build & Archive	2026-07-20T11:37:55.2839140Z [11:37:54]: ▸ [GoogleUtilities-Environment] Copy GoogleUtilities-Environment.modulemap -> GoogleUtilities-Environment.modulemap
Build	Fastlane Build & Archive	2026-07-20T11:37:55.2840100Z [11:37:54]: ▸ [GoogleDataTransport_GoogleDataTransport] Write Auxiliary File empty-GoogleDataTransport_GoogleDataTransport.plist
Build	Fastlane Build & Archive	2026-07-20T11:37:55.2841140Z [11:37:54]: ▸ [GoogleDataTransport_GoogleDataTransport] Write Auxiliary File GoogleDataTransport_GoogleDataTransport.DependencyStaticMetadataFileList
Build	Fastlane Build & Archive	2026-07-20T11:37:55.2842230Z [11:37:54]: ▸ [GoogleDataTransport_GoogleDataTransport] Write Auxiliary File GoogleDataTransport_GoogleDataTransport.DependencyMetadataFileList
Build	Fastlane Build & Archive	2026-07-20T11:37:55.2843230Z [11:37:54]: ▸ [GoogleDataTransport] Write Auxiliary File e6072d4f65d7061329687fe24e3d63a7-common-args.resp
Build	Fastlane Build & Archive	2026-07-20T11:37:55.2843970Z [11:37:54]: ▸ [GoogleDataTransport] Write Auxiliary File GoogleDataTransport.LinkFileList
Build	Fastlane Build & Archive	2026-07-20T11:37:55.2844710Z [11:37:54]: ▸ [GoogleDataTransport] Write Auxiliary File 7187679823f38a2a940e0043cdf9d637-common-args.resp
Build	Fastlane Build & Archive	2026-07-20T11:37:55.2845460Z [11:37:54]: ▸ [GoogleDataTransport] Write Auxiliary File GoogleDataTransport.modulemap
Build	Fastlane Build & Archive	2026-07-20T11:37:55.2846260Z [11:37:54]: ▸ [GoogleDataTransport] Write Auxiliary File GoogleDataTransport.DependencyStaticMetadataFileList
Build	Fastlane Build & Archive	2026-07-20T11:37:55.2847090Z [11:37:54]: ▸ [GoogleDataTransport] Write Auxiliary File GoogleDataTransport.DependencyMetadataFileList
Build	Fastlane Build & Archive	2026-07-20T11:37:55.2848180Z [11:37:54]: ▸ [GoogleDataTransport] Write Auxiliary File resource_bundle_accessor.m
Build	Fastlane Build & Archive	2026-07-20T11:37:55.2848810Z [11:37:54]: ▸ [GoogleDataTransport] Write Auxiliary File resource_bundle_accessor.h
Build	Fastlane Build & Archive	2026-07-20T11:37:55.2849650Z [11:37:54]: ▸ [GoogleDataTransport] Copy GoogleDataTransport.modulemap -> GoogleDataTransport.modulemap
Build	Fastlane Build & Archive	2026-07-20T11:37:55.2850380Z [11:37:54]: ▸ [G7SensorKitUI] Write Auxiliary File unextended-module.modulemap
Build	Fastlane Build & Archive	2026-07-20T11:37:55.2851140Z [11:37:54]: ▸ [G7SensorKitUI] Write Auxiliary File unextended-module-overlay.yaml
Build	Fastlane Build & Archive	2026-07-20T11:37:55.2851790Z [11:37:54]: ▸ [G7SensorKitUI] Write Auxiliary File module.modulemap
Build	Fastlane Build & Archive	2026-07-20T11:37:55.2852400Z [11:37:54]: ▸ [G7SensorKitUI] Write Auxiliary File empty-G7SensorKitUI.plist
Build	Fastlane Build & Archive	2026-07-20T11:37:55.2853380Z [11:37:54]: ▸ [G7SensorKitUI] Write Auxiliary File G7SensorKitUI_const_extract_protocols.json
Build	Fastlane Build & Archive	2026-07-20T11:37:55.2854070Z [11:37:54]: ▸ [G7SensorKitUI] Write Auxiliary File G7SensorKitUI.SwiftFileList
Build	Fastlane Build & Archive	2026-07-20T11:37:55.2854790Z [11:37:54]: ▸ [G7SensorKitUI] Write Auxiliary File G7SensorKitUI.SwiftConstValuesFileList
Build	Fastlane Build & Archive	2026-07-20T11:37:55.2864160Z [11:37:54]: ▸ [G7SensorKitUI] Write Auxiliary File G7SensorKitUI.LinkFileList
Build	Fastlane Build & Archive	2026-07-20T11:37:55.2864940Z [11:37:54]: ▸ [G7SensorKitUI] Write Auxiliary File G7SensorKitUI-OutputFileMap.json
Build	Fastlane Build & Archive	2026-07-20T11:37:55.2865660Z [11:37:54]: ▸ [G7SensorKitUI] Write Auxiliary File 7187679823f38a2a940e0043cdf9d637-common-args.resp
Build	Fastlane Build & Archive	2026-07-20T11:37:55.2866460Z [11:37:54]: ▸ [G7SensorKitUI] Write Auxiliary File G7SensorKitUI.hmap
Build	Fastlane Build & Archive	2026-07-20T11:37:55.2867120Z [11:37:54]: ▸ [G7SensorKitUI] Write Auxiliary File G7SensorKitUI.DependencyStaticMetadataFileList
Build	Fastlane Build & Archive	2026-07-20T11:37:55.2878560Z [11:37:54]: ▸ [G7SensorKitUI] Write Auxiliary File G7SensorKitUI.DependencyMetadataFileList
Build	Fastlane Build & Archive	2026-07-20T11:37:55.2880540Z [11:37:54]: ▸ [G7SensorKitUI] Write Auxiliary File G7SensorKitUI-project-headers.hmap
Build	Fastlane Build & Archive	2026-07-20T11:37:55.2882420Z [11:37:54]: ▸ [G7SensorKitUI] Write Auxiliary File G7SensorKitUI-own-target-headers.hmap
Build	Fastlane Build & Archive	2026-07-20T11:37:55.2884190Z [11:37:54]: ▸ [G7SensorKitUI] Write Auxiliary File G7SensorKitUI-generated-files.hmap
Build	Fastlane Build & Archive	2026-07-20T11:37:55.2885950Z [11:37:54]: ▸ [G7SensorKitUI] Write Auxiliary File G7SensorKitUI-all-target-headers.hmap
Build	Fastlane Build & Archive	2026-07-20T11:37:55.2887870Z [11:37:54]: ▸ [G7SensorKitUI] Write Auxiliary File G7SensorKitUI-all-non-framework-target-headers.hmap
Build	Fastlane Build & Archive	2026-07-20T11:37:55.2889630Z [11:37:54]: ▸ [G7SensorKitUI] Write Auxiliary File G7SensorKitUI_vers.c
Build	Fastlane Build & Archive	2026-07-20T11:37:55.2891000Z [11:37:54]: ▸ [G7SensorKitUI] Copying G7SensorKitUI.h
Build	Fastlane Build & Archive	2026-07-20T11:37:55.2892350Z [11:37:54]: ▸ [G7SensorKitUI] Copy module.modulemap -> module.modulemap
Build	Fastlane Build & Archive	2026-07-20T11:37:55.2894400Z [11:37:54]: ▸ [G7SensorKit] Write Auxiliary File unextended-module.modulemap
Build	Fastlane Build & Archive	2026-07-20T11:37:55.2896490Z [11:37:54]: ▸ [G7SensorKit] Write Auxiliary File unextended-module-overlay.yaml
Build	Fastlane Build & Archive	2026-07-20T11:37:55.2897260Z [11:37:54]: ▸ [G7SensorKit] Write Auxiliary File module.modulemap
Build	Fastlane Build & Archive	2026-07-20T11:37:55.2897840Z [11:37:54]: ▸ [G7SensorKit] Write Auxiliary File empty-G7SensorKit.plist
Build	Fastlane Build & Archive	2026-07-20T11:37:55.2898500Z [11:37:54]: ▸ [G7SensorKit] Write Auxiliary File G7SensorKit_const_extract_protocols.json
Build	Fastlane Build & Archive	2026-07-20T11:37:55.2899130Z [11:37:54]: ▸ [G7SensorKit] Write Auxiliary File G7SensorKit.SwiftFileList
Build	Fastlane Build & Archive	2026-07-20T11:37:55.2900500Z [11:37:54]: ▸ [G7SensorKit] Write Auxiliary File G7SensorKit.SwiftConstValuesFileList
Build	Fastlane Build & Archive	2026-07-20T11:37:55.2901310Z [11:37:54]: ▸ [G7SensorKit] Write Auxiliary File G7SensorKit.LinkFileList
Build	Fastlane Build & Archive	2026-07-20T11:37:55.2901910Z [11:37:54]: ▸ [G7SensorKit] Write Auxiliary File G7SensorKit-OutputFileMap.json
Build	Fastlane Build & Archive	2026-07-20T11:37:55.2902590Z [11:37:54]: ▸ [G7SensorKit] Write Auxiliary File 7187679823f38a2a940e0043cdf9d637-common-args.resp
Build	Fastlane Build & Archive	2026-07-20T11:37:55.2903220Z [11:37:54]: ▸ [G7SensorKit] Write Auxiliary File G7SensorKit.hmap
Build	Fastlane Build & Archive	2026-07-20T11:37:55.2903860Z [11:37:54]: ▸ [G7SensorKit] Write Auxiliary File G7SensorKit.DependencyStaticMetadataFileList
Build	Fastlane Build & Archive	2026-07-20T11:37:55.2904600Z [11:37:54]: ▸ [G7SensorKit] Write Auxiliary File G7SensorKit.DependencyMetadataFileList
Build	Fastlane Build & Archive	2026-07-20T11:37:55.2905260Z [11:37:54]: ▸ [G7SensorKit] Write Auxiliary File G7SensorKit-project-headers.hmap
Build	Fastlane Build & Archive	2026-07-20T11:37:55.2905910Z [11:37:54]: ▸ [G7SensorKit] Write Auxiliary File G7SensorKit-own-target-headers.hmap
Build	Fastlane Build & Archive	2026-07-20T11:37:55.2906590Z [11:37:54]: ▸ [G7SensorKit] Write Auxiliary File G7SensorKit-generated-files.hmap
Build	Fastlane Build & Archive	2026-07-20T11:37:55.2907230Z [11:37:54]: ▸ [G7SensorKit] Write Auxiliary File G7SensorKit-all-target-headers.hmap
Build	Fastlane Build & Archive	2026-07-20T11:37:55.2907930Z [11:37:54]: ▸ [G7SensorKit] Write Auxiliary File G7SensorKit-all-non-framework-target-headers.hmap
Build	Fastlane Build & Archive	2026-07-20T11:37:55.2908600Z [11:37:54]: ▸ [G7SensorKit] Write Auxiliary File G7SensorKit_vers.c
Build	Fastlane Build & Archive	2026-07-20T11:37:55.2909230Z [11:37:54]: ▸ [G7SensorKit] Copying G7SensorKit.h
Build	Fastlane Build & Archive	2026-07-20T11:37:55.2909730Z [11:37:54]: ▸ [G7SensorKit] Copy module.modulemap -> module.modulemap
Build	Fastlane Build & Archive	2026-07-20T11:37:55.2910430Z [11:37:54]: ▸ [Firebase_FirebaseInstallations] Write Auxiliary File empty-Firebase_FirebaseInstallations.plist
Build	Fastlane Build & Archive	2026-07-20T11:37:55.2911340Z [11:37:54]: ▸ [Firebase_FirebaseInstallations] Write Auxiliary File Firebase_FirebaseInstallations.DependencyStaticMetadataFileList
Build	Fastlane Build & Archive	2026-07-20T11:37:55.2912280Z [11:37:54]: ▸ [Firebase_FirebaseInstallations] Write Auxiliary File Firebase_FirebaseInstallations.DependencyMetadataFileList
Build	Fastlane Build & Archive	2026-07-20T11:37:55.2913140Z [11:37:54]: ▸ [Firebase_FirebaseCrashlytics] Write Auxiliary File empty-Firebase_FirebaseCrashlytics.plist
Build	Fastlane Build & Archive	2026-07-20T11:37:55.2914000Z [11:37:54]: ▸ [Firebase_FirebaseCrashlytics] Write Auxiliary File Firebase_FirebaseCrashlytics.DependencyStaticMetadataFileList
Build	Fastlane Build & Archive	2026-07-20T11:37:55.2914930Z [11:37:54]: ▸ [Firebase_FirebaseCrashlytics] Write Auxiliary File Firebase_FirebaseCrashlytics.DependencyMetadataFileList
Build	Fastlane Build & Archive	2026-07-20T11:37:55.2915990Z [11:37:54]: ▸ [Firebase_FirebaseCoreInternal] Write Auxiliary File empty-Firebase_FirebaseCoreInternal.plist
Build	Fastlane Build & Archive	2026-07-20T11:37:55.2916970Z [11:37:54]: ▸ [Firebase_FirebaseCoreInternal] Write Auxiliary File Firebase_FirebaseCoreInternal.DependencyStaticMetadataFileList
Build	Fastlane Build & Archive	2026-07-20T11:37:55.2917890Z [11:37:54]: ▸ [Firebase_FirebaseCoreInternal] Write Auxiliary File Firebase_FirebaseCoreInternal.DependencyMetadataFileList
Build	Fastlane Build & Archive	2026-07-20T11:37:55.2918730Z [11:37:54]: ▸ [Firebase_FirebaseCoreExtension] Write Auxiliary File empty-Firebase_FirebaseCoreExtension.plist
Build	Fastlane Build & Archive	2026-07-20T11:37:55.2919620Z [11:37:54]: ▸ [Firebase_FirebaseCoreExtension] Write Auxiliary File Firebase_FirebaseCoreExtension.DependencyStaticMetadataFileList
Build	Fastlane Build & Archive	2026-07-20T11:37:55.2920560Z [11:37:54]: ▸ [Firebase_FirebaseCoreExtension] Write Auxiliary File Firebase_FirebaseCoreExtension.DependencyMetadataFileList
Build	Fastlane Build & Archive	2026-07-20T11:37:55.2921350Z [11:37:54]: ▸ [Firebase_FirebaseCore] Write Auxiliary File empty-Firebase_FirebaseCore.plist
Build	Fastlane Build & Archive	2026-07-20T11:37:55.2922110Z [11:37:54]: ▸ [Firebase_FirebaseCore] Write Auxiliary File Firebase_FirebaseCore.DependencyStaticMetadataFileList
Build	Fastlane Build & Archive	2026-07-20T11:37:55.2922920Z [11:37:54]: ▸ [Firebase_FirebaseCore] Write Auxiliary File Firebase_FirebaseCore.DependencyMetadataFileList
Build	Fastlane Build & Archive	2026-07-20T11:37:55.2923700Z [11:37:54]: ▸ [FirebaseSessionsObjC] Write Auxiliary File e6072d4f65d7061329687fe24e3d63a7-common-args.resp
Build	Fastlane Build & Archive	2026-07-20T11:37:55.2924430Z [11:37:54]: ▸ [FirebaseSessionsObjC] Write Auxiliary File FirebaseSessionsObjC.LinkFileList
Build	Fastlane Build & Archive	2026-07-20T11:37:55.2925170Z [11:37:54]: ▸ [FirebaseSessionsObjC] Write Auxiliary File 7187679823f38a2a940e0043cdf9d637-common-args.resp
Build	Fastlane Build & Archive	2026-07-20T11:37:55.2925890Z [11:37:55]: ▸ [FirebaseSessionsObjC] Write Auxiliary File FirebaseSessionsObjC.modulemap
Build	Fastlane Build & Archive	2026-07-20T11:37:55.2926660Z [11:37:55]: ▸ [FirebaseSessionsObjC] Write Auxiliary File FirebaseSessionsObjC.DependencyStaticMetadataFileList
Build	Fastlane Build & Archive	2026-07-20T11:37:55.2927520Z [11:37:55]: ▸ [FirebaseSessionsObjC] Write Auxiliary File FirebaseSessionsObjC.DependencyMetadataFileList
Build	Fastlane Build & Archive	2026-07-20T11:37:55.2928360Z [11:37:55]: ▸ [FirebaseSessionsObjC] Copy FirebaseSessionsObjC.modulemap -> FirebaseSessionsObjC.modulemap
Build	Fastlane Build & Archive	2026-07-20T11:37:55.2929150Z [11:37:55]: ▸ [FirebaseSessions] Write Auxiliary File FirebaseSessions_const_extract_protocols.json
Build	Fastlane Build & Archive	2026-07-20T11:37:55.2929870Z [11:37:55]: ▸ [FirebaseSessions] Write Auxiliary File FirebaseSessions.SwiftFileList
Build	Fastlane Build & Archive	2026-07-20T11:37:55.2930590Z [11:37:55]: ▸ [FirebaseSessions] Write Auxiliary File FirebaseSessions.SwiftConstValuesFileList
Build	Fastlane Build & Archive	2026-07-20T11:37:55.2931370Z [11:37:55]: ▸ [FirebaseSessions] Write Auxiliary File FirebaseSessions.LinkFileList
Build	Fastlane Build & Archive	2026-07-20T11:37:55.2932080Z [11:37:55]: ▸ [FirebaseSessions] Write Auxiliary File FirebaseSessions-OutputFileMap.json
Build	Fastlane Build & Archive	2026-07-20T11:37:55.2932760Z [11:37:55]: ▸ [FirebaseSessions] Write Auxiliary File FirebaseSessions.modulemap
Build	Fastlane Build & Archive	2026-07-20T11:37:55.2933490Z [11:37:55]: ▸ [FirebaseSessions] Write Auxiliary File FirebaseSessions.DependencyStaticMetadataFileList
Build	Fastlane Build & Archive	2026-07-20T11:37:55.2934270Z [11:37:55]: ▸ [FirebaseSessions] Write Auxiliary File FirebaseSessions.DependencyMetadataFileList
Build	Fastlane Build & Archive	2026-07-20T11:37:55.2935030Z [11:37:55]: ▸ [FirebaseSessions] Copy FirebaseSessions.modulemap -> FirebaseSessions.modulemap
Build	Fastlane Build & Archive	2026-07-20T11:37:55.2935830Z [11:37:55]: ▸ [FirebaseRemoteConfigInterop] Write Auxiliary File FirebaseRemoteConfigInterop_const_extract_protocols.json
Build	Fastlane Build & Archive	2026-07-20T11:37:55.2936930Z [11:37:55]: ▸ [FirebaseRemoteConfigInterop] Write Auxiliary File FirebaseRemoteConfigInterop.SwiftFileList
Build	Fastlane Build & Archive	2026-07-20T11:37:55.2937930Z [11:37:55]: ▸ [FirebaseRemoteConfigInterop] Write Auxiliary File FirebaseRemoteConfigInterop.SwiftConstValuesFileList
Build	Fastlane Build & Archive	2026-07-20T11:37:55.2938780Z [11:37:55]: ▸ [FirebaseRemoteConfigInterop] Write Auxiliary File FirebaseRemoteConfigInterop.LinkFileList
Build	Fastlane Build & Archive	2026-07-20T11:37:55.2939600Z [11:37:55]: ▸ [FirebaseRemoteConfigInterop] Write Auxiliary File FirebaseRemoteConfigInterop-OutputFileMap.json
Build	Fastlane Build & Archive	2026-07-20T11:37:55.2940530Z [11:37:55]: ▸ [FirebaseRemoteConfigInterop] Write Auxiliary File FirebaseRemoteConfigInterop.modulemap
Build	Fastlane Build & Archive	2026-07-20T11:37:55.2941450Z [11:37:55]: ▸ [FirebaseRemoteConfigInterop] Write Auxiliary File FirebaseRemoteConfigInterop.DependencyStaticMetadataFileList
Build	Fastlane Build & Archive	2026-07-20T11:37:55.2942380Z [11:37:55]: ▸ [FirebaseRemoteConfigInterop] Write Auxiliary File FirebaseRemoteConfigInterop.DependencyMetadataFileList
Build	Fastlane Build & Archive	2026-07-20T11:37:55.2943330Z [11:37:55]: ▸ [FirebaseRemoteConfigInterop] Copy FirebaseRemoteConfigInterop.modulemap -> FirebaseRemoteConfigInterop.modulemap
Build	Fastlane Build & Archive	2026-07-20T11:37:55.2944190Z [11:37:55]: ▸ [FirebaseInstallations] Write Auxiliary File e6072d4f65d7061329687fe24e3d63a7-common-args.resp
Build	Fastlane Build & Archive	2026-07-20T11:37:55.2944960Z [11:37:55]: ▸ [FirebaseInstallations] Write Auxiliary File FirebaseInstallations.LinkFileList
Build	Fastlane Build & Archive	2026-07-20T11:37:55.2945710Z [11:37:55]: ▸ [FirebaseInstallations] Write Auxiliary File FirebaseInstallations.modulemap
Build	Fastlane Build & Archive	2026-07-20T11:37:55.2946490Z [11:37:55]: ▸ [FirebaseInstallations] Write Auxiliary File FirebaseInstallations.DependencyStaticMetadataFileList
Build	Fastlane Build & Archive	2026-07-20T11:37:55.2947330Z [11:37:55]: ▸ [FirebaseInstallations] Write Auxiliary File FirebaseInstallations.DependencyMetadataFileList
Build	Fastlane Build & Archive	2026-07-20T11:37:55.2948070Z [11:37:55]: ▸ [FirebaseInstallations] Write Auxiliary File resource_bundle_accessor.m
Build	Fastlane Build & Archive	2026-07-20T11:37:55.2948720Z [11:37:55]: ▸ [FirebaseInstallations] Write Auxiliary File resource_bundle_accessor.h
Build	Fastlane Build & Archive	2026-07-20T11:37:55.2953390Z [11:37:55]: ▸ [FirebaseInstallations] Copy FirebaseInstallations.modulemap -> FirebaseInstallations.modulemap
Build	Fastlane Build & Archive	2026-07-20T11:37:55.2954260Z [11:37:55]: ▸ [FirebaseCrashlyticsSwift] Write Auxiliary File FirebaseCrashlyticsSwift_const_extract_protocols.json
Build	Fastlane Build & Archive	2026-07-20T11:37:55.2955060Z [11:37:55]: ▸ [FirebaseCrashlyticsSwift] Write Auxiliary File FirebaseCrashlyticsSwift.SwiftFileList
Build	Fastlane Build & Archive	2026-07-20T11:37:55.2955880Z [11:37:55]: ▸ [FirebaseCrashlyticsSwift] Write Auxiliary File FirebaseCrashlyticsSwift.SwiftConstValuesFileList
Build	Fastlane Build & Archive	2026-07-20T11:37:55.2956710Z [11:37:55]: ▸ [FirebaseCrashlyticsSwift] Write Auxiliary File FirebaseCrashlyticsSwift.LinkFileList
Build	Fastlane Build & Archive	2026-07-20T11:37:55.2957520Z [11:37:55]: ▸ [FirebaseCrashlyticsSwift] Write Auxiliary File FirebaseCrashlyticsSwift-OutputFileMap.json
Build	Fastlane Build & Archive	2026-07-20T11:37:55.2958330Z [11:37:55]: ▸ [FirebaseCrashlyticsSwift] Write Auxiliary File FirebaseCrashlyticsSwift.modulemap
Build	Fastlane Build & Archive	2026-07-20T11:37:55.2959200Z [11:37:55]: ▸ [FirebaseCrashlyticsSwift] Write Auxiliary File FirebaseCrashlyticsSwift.DependencyStaticMetadataFileList
Build	Fastlane Build & Archive	2026-07-20T11:37:55.2960100Z [11:37:55]: ▸ [FirebaseCrashlyticsSwift] Write Auxiliary File FirebaseCrashlyticsSwift.DependencyMetadataFileList
Build	Fastlane Build & Archive	2026-07-20T11:37:55.2961080Z [11:37:55]: ▸ [FirebaseCrashlyticsSwift] Copy FirebaseCrashlyticsSwift.modulemap -> FirebaseCrashlyticsSwift.modulemap
Build	Fastlane Build & Archive	2026-07-20T11:37:55.2962190Z [11:37:55]: ▸ [FirebaseCrashlytics] Write Auxiliary File e6072d4f65d7061329687fe24e3d63a7-common-args.resp
Build	Fastlane Build & Archive	2026-07-20T11:37:55.2963100Z [11:37:55]: ▸ [FirebaseCrashlytics] Write Auxiliary File af3fcb34312c57c0f52879cdce924b91-common-args.resp
Build	Fastlane Build & Archive	2026-07-20T11:37:55.2963870Z [11:37:55]: ▸ [FirebaseCrashlytics] Write Auxiliary File FirebaseCrashlytics.LinkFileList
Build	Fastlane Build & Archive	2026-07-20T11:37:55.2964640Z [11:37:55]: ▸ [FirebaseCrashlytics] Write Auxiliary File 7187679823f38a2a940e0043cdf9d637-common-args.resp
Build	Fastlane Build & Archive	2026-07-20T11:37:55.2965390Z [11:37:55]: ▸ [FirebaseCrashlytics] Write Auxiliary File FirebaseCrashlytics.modulemap
Build	Fastlane Build & Archive	2026-07-20T11:37:55.2966180Z [11:37:55]: ▸ [FirebaseCrashlytics] Write Auxiliary File FirebaseCrashlytics.DependencyStaticMetadataFileList
Build	Fastlane Build & Archive	2026-07-20T11:37:55.2967000Z [11:37:55]: ▸ [FirebaseCrashlytics] Write Auxiliary File FirebaseCrashlytics.DependencyMetadataFileList
Build	Fastlane Build & Archive	2026-07-20T11:37:55.2967700Z [11:37:55]: ▸ [FirebaseCrashlytics] Write Auxiliary File resource_bundle_accessor.m
Build	Fastlane Build & Archive	2026-07-20T11:37:55.2968340Z [11:37:55]: ▸ [FirebaseCrashlytics] Write Auxiliary File resource_bundle_accessor.h
Build	Fastlane Build & Archive	2026-07-20T11:37:55.2969050Z [11:37:55]: ▸ [FirebaseCrashlytics] Copy FirebaseCrashlytics.modulemap -> FirebaseCrashlytics.modulemap
Build	Fastlane Build & Archive	2026-07-20T11:37:55.2969920Z [11:37:55]: ▸ [FirebaseCoreInternal] Write Auxiliary File FirebaseCoreInternal_const_extract_protocols.json
Build	Fastlane Build & Archive	2026-07-20T11:37:55.2970680Z [11:37:55]: ▸ [FirebaseCoreInternal] Write Auxiliary File FirebaseCoreInternal.SwiftFileList
Build	Fastlane Build & Archive	2026-07-20T11:37:55.2971410Z [11:37:55]: ▸ [FirebaseCoreInternal] Write Auxiliary File FirebaseCoreInternal.SwiftConstValuesFileList
Build	Fastlane Build & Archive	2026-07-20T11:37:55.2972150Z [11:37:55]: ▸ [FirebaseCoreInternal] Write Auxiliary File FirebaseCoreInternal.LinkFileList
Build	Fastlane Build & Archive	2026-07-20T11:37:55.2972870Z [11:37:55]: ▸ [FirebaseCoreInternal] Write Auxiliary File FirebaseCoreInternal-OutputFileMap.json
Build	Fastlane Build & Archive	2026-07-20T11:37:55.2973610Z [11:37:55]: ▸ [FirebaseCoreInternal] Write Auxiliary File FirebaseCoreInternal.modulemap
Build	Fastlane Build & Archive	2026-07-20T11:37:55.2974360Z [11:37:55]: ▸ [FirebaseCoreInternal] Write Auxiliary File FirebaseCoreInternal.DependencyStaticMetadataFileList
Build	Fastlane Build & Archive	2026-07-20T11:37:55.2975180Z [11:37:55]: ▸ [FirebaseCoreInternal] Write Auxiliary File FirebaseCoreInternal.DependencyMetadataFileList
Build	Fastlane Build & Archive	2026-07-20T11:37:55.2975890Z [11:37:55]: ▸ [FirebaseCoreInternal] Write Auxiliary File resource_bundle_accessor.swift
Build	Fastlane Build & Archive	2026-07-20T11:37:55.2976620Z [11:37:55]: ▸ [FirebaseCoreInternal] Copy FirebaseCoreInternal.modulemap -> FirebaseCoreInternal.modulemap
Build	Fastlane Build & Archive	2026-07-20T11:37:55.2977430Z [11:37:55]: ▸ [FirebaseCoreExtension] Write Auxiliary File e6072d4f65d7061329687fe24e3d63a7-common-args.resp
Build	Fastlane Build & Archive	2026-07-20T11:37:55.2978190Z [11:37:55]: ▸ [FirebaseCoreExtension] Write Auxiliary File FirebaseCoreExtension.LinkFileList
Build	Fastlane Build & Archive	2026-07-20T11:37:55.2978890Z [11:37:55]: ▸ [FirebaseCoreExtension] Write Auxiliary File FirebaseCoreExtension.modulemap
Build	Fastlane Build & Archive	2026-07-20T11:37:55.2979700Z [11:37:55]: ▸ [FirebaseCoreExtension] Write Auxiliary File FirebaseCoreExtension.DependencyStaticMetadataFileList
Build	Fastlane Build & Archive	2026-07-20T11:37:55.2980530Z [11:37:55]: ▸ [FirebaseCoreExtension] Write Auxiliary File FirebaseCoreExtension.DependencyMetadataFileList
Build	Fastlane Build & Archive	2026-07-20T11:37:55.2981250Z [11:37:55]: ▸ [FirebaseCoreExtension] Write Auxiliary File resource_bundle_accessor.m
Build	Fastlane Build & Archive	2026-07-20T11:37:55.2982050Z [11:37:55]: ▸ [FirebaseCoreExtension] Write Auxiliary File resource_bundle_accessor.h
Build	Fastlane Build & Archive	2026-07-20T11:37:55.2982780Z [11:37:55]: ▸ [FirebaseCoreExtension] Copy FirebaseCoreExtension.modulemap -> FirebaseCoreExtension.modulemap
Build	Fastlane Build & Archive	2026-07-20T11:37:55.2983630Z [11:37:55]: ▸ [FirebaseCore] Write Auxiliary File e6072d4f65d7061329687fe24e3d63a7-common-args.resp
Build	Fastlane Build & Archive	2026-07-20T11:37:55.2984280Z [11:37:55]: ▸ [FirebaseCore] Write Auxiliary File FirebaseCore.LinkFileList
Build	Fastlane Build & Archive	2026-07-20T11:37:55.2984850Z [11:37:55]: ▸ [FirebaseCore] Write Auxiliary File FirebaseCore.modulemap
Build	Fastlane Build & Archive	2026-07-20T11:37:55.2985500Z [11:37:55]: ▸ [FirebaseCore] Write Auxiliary File FirebaseCore.DependencyStaticMetadataFileList
Build	Fastlane Build & Archive	2026-07-20T11:37:55.2986200Z [11:37:55]: ▸ [FirebaseCore] Write Auxiliary File FirebaseCore.DependencyMetadataFileList
Build	Fastlane Build & Archive	2026-07-20T11:37:55.2986830Z [11:37:55]: ▸ [FirebaseCore] Write Auxiliary File resource_bundle_accessor.m
Build	Fastlane Build & Archive	2026-07-20T11:37:55.2987410Z [11:37:55]: ▸ [FirebaseCore] Write Auxiliary File resource_bundle_accessor.h
Build	Fastlane Build & Archive	2026-07-20T11:37:55.2988030Z [11:37:55]: ▸ [FirebaseCore] Copy FirebaseCore.modulemap -> FirebaseCore.modulemap
Build	Fastlane Build & Archive	2026-07-20T11:37:55.2988730Z [11:37:55]: ▸ [Firebase] Write Auxiliary File e6072d4f65d7061329687fe24e3d63a7-common-args.resp
Build	Fastlane Build & Archive	2026-07-20T11:37:55.2989350Z [11:37:55]: ▸ [Firebase] Write Auxiliary File Firebase.LinkFileList
Build	Fastlane Build & Archive	2026-07-20T11:37:55.2989950Z [11:37:55]: ▸ [Firebase] Write Auxiliary File Firebase.DependencyStaticMetadataFileList
Build	Fastlane Build & Archive	2026-07-20T11:37:55.2990590Z [11:37:55]: ▸ [Firebase] Write Auxiliary File Firebase.DependencyMetadataFileList
Build	Fastlane Build & Archive	2026-07-20T11:37:55.2991260Z [11:37:55]: ▸ [FBLPromises] Write Auxiliary File e6072d4f65d7061329687fe24e3d63a7-common-args.resp
Build	Fastlane Build & Archive	2026-07-20T11:37:55.2991900Z [11:37:55]: ▸ [FBLPromises] Write Auxiliary File FBLPromises.LinkFileList
Build	Fastlane Build & Archive	2026-07-20T11:37:55.2992550Z [11:37:55]: ▸ [FBLPromises] Write Auxiliary File FBLPromises.DependencyStaticMetadataFileList
Build	Fastlane Build & Archive	2026-07-20T11:37:55.2993810Z [11:37:55]: ▸ [FBLPromises] Write Auxiliary File FBLPromises.DependencyMetadataFileList
Build	Fastlane Build & Archive	2026-07-20T11:37:55.2994850Z [11:37:55]: ▸ [FBLPromises] Write Auxiliary File resource_bundle_accessor.m
Build	Fastlane Build & Archive	2026-07-20T11:37:55.2995450Z [11:37:55]: ▸ [FBLPromises] Write Auxiliary File resource_bundle_accessor.h
Build	Fastlane Build & Archive	2026-07-20T11:37:55.2996000Z [11:37:55]: ▸ [DanaKit] Write Auxiliary File module.modulemap
Build	Fastlane Build & Archive	2026-07-20T11:37:55.2996560Z [11:37:55]: ▸ [DanaKit] Write Auxiliary File DanaKit_const_extract_protocols.json
Build	Fastlane Build & Archive	2026-07-20T11:37:55.2997140Z [11:37:55]: ▸ [DanaKit] Write Auxiliary File DanaKit.SwiftFileList
Build	Fastlane Build & Archive	2026-07-20T11:37:55.2997710Z [11:37:55]: ▸ [DanaKit] Write Auxiliary File DanaKit.SwiftConstValuesFileList
Build	Fastlane Build & Archive	2026-07-20T11:37:55.2998270Z [11:37:55]: ▸ [DanaKit] Write Auxiliary File DanaKit.LinkFileList
Build	Fastlane Build & Archive	2026-07-20T11:37:55.2998840Z [11:37:55]: ▸ [DanaKit] Write Auxiliary File DanaKit-OutputFileMap.json
Build	Fastlane Build & Archive	2026-07-20T11:37:55.2999480Z [11:37:55]: ▸ [DanaKit] Write Auxiliary File 7187679823f38a2a940e0043cdf9d637-common-args.resp
Build	Fastlane Build & Archive	2026-07-20T11:37:55.3000050Z [11:37:55]: ▸ [DanaKit] Write Auxiliary File DanaKit_vers.c
Build	Fastlane Build & Archive	2026-07-20T11:37:55.3000520Z [11:37:55]: ▸ [DanaKit] Write Auxiliary File DanaKit.hmap
Build	Fastlane Build & Archive	2026-07-20T11:37:55.3001090Z [11:37:55]: ▸ [DanaKit] Write Auxiliary File DanaKit.DependencyStaticMetadataFileList
Build	Fastlane Build & Archive	2026-07-20T11:37:55.3001910Z [11:37:55]: ▸ [DanaKit] Write Auxiliary File DanaKit.DependencyMetadataFileList
Build	Fastlane Build & Archive	2026-07-20T11:37:55.3002650Z [11:37:55]: ▸ [DanaKit] Write Auxiliary File DanaKit-project-headers.hmap
Build	Fastlane Build & Archive	2026-07-20T11:37:55.3003410Z [11:37:55]: ▸ [DanaKit] Write Auxiliary File DanaKit-own-target-headers.hmap
Build	Fastlane Build & Archive	2026-07-20T11:37:55.3004030Z [11:37:55]: ▸ [DanaKit] Write Auxiliary File DanaKit-generated-files.hmap
Build	Fastlane Build & Archive	2026-07-20T11:37:55.3004600Z [11:37:55]: ▸ [DanaKit] Write Auxiliary File DanaKit-all-target-headers.hmap
Build	Fastlane Build & Archive	2026-07-20T11:37:55.3007030Z [11:37:55]: ▸ [DanaKit] Write Auxiliary File DanaKit-all-non-framework-target-headers.hmap
Build	Fastlane Build & Archive	2026-07-20T11:37:55.3007580Z [11:37:55]: ▸ [DanaKit] Copying DanaKit.h
Build	Fastlane Build & Archive	2026-07-20T11:37:55.3008040Z [11:37:55]: ▸ [DanaKit] Copy module.modulemap -> module.modulemap
Build	Fastlane Build & Archive	2026-07-20T11:37:55.3008640Z [11:37:55]: ▸ [CryptorRSA] Write Auxiliary File CryptorRSA_const_extract_protocols.json
Build	Fastlane Build & Archive	2026-07-20T11:37:55.3009240Z [11:37:55]: ▸ [CryptorRSA] Write Auxiliary File CryptorRSA.SwiftFileList
Build	Fastlane Build & Archive	2026-07-20T11:37:55.3009850Z [11:37:55]: ▸ [CryptorRSA] Write Auxiliary File CryptorRSA.SwiftConstValuesFileList
Build	Fastlane Build & Archive	2026-07-20T11:37:55.3011660Z [11:37:55]: ▸ [CryptorRSA] Write Auxiliary File CryptorRSA.LinkFileList
Build	Fastlane Build & Archive	2026-07-20T11:37:55.3012300Z [11:37:55]: ▸ [CryptorRSA] Write Auxiliary File CryptorRSA-OutputFileMap.json
Build	Fastlane Build & Archive	2026-07-20T11:37:55.3014430Z [11:37:55]: ▸ [CryptorRSA] Write Auxiliary File CryptorRSA.modulemap
Build	Fastlane Build & Archive	2026-07-20T11:37:55.3016310Z [11:37:55]: ▸ [CryptorRSA] Write Auxiliary File CryptorRSA.DependencyStaticMetadataFileList
Build	Fastlane Build & Archive	2026-07-20T11:37:55.3020760Z [11:37:55]: ▸ [CryptorRSA] Write Auxiliary File CryptorRSA.DependencyMetadataFileList
Build	Fastlane Build & Archive	2026-07-20T11:37:55.3024580Z [11:37:55]: ▸ [CryptorRSA] Copy CryptorRSA.modulemap -> CryptorRSA.modulemap
Build	Fastlane Build & Archive	2026-07-20T11:37:55.3026640Z [11:37:55]: ▸ [CryptorECC] Write Auxiliary File CryptorECC_const_extract_protocols.json
Build	Fastlane Build & Archive	2026-07-20T11:37:55.3028800Z [11:37:55]: ▸ [CryptorECC] Write Auxiliary File CryptorECC.SwiftFileList
Build	Fastlane Build & Archive	2026-07-20T11:37:55.3030660Z [11:37:55]: ▸ [CryptorECC] Write Auxiliary File CryptorECC.SwiftConstValuesFileList
Build	Fastlane Build & Archive	2026-07-20T11:37:55.3033250Z [11:37:55]: ▸ [CryptorECC] Write Auxiliary File CryptorECC.LinkFileList
Build	Fastlane Build & Archive	2026-07-20T11:37:55.3035200Z [11:37:55]: ▸ [CryptorECC] Write Auxiliary File CryptorECC-OutputFileMap.json
Build	Fastlane Build & Archive	2026-07-20T11:37:55.3036930Z [11:37:55]: ▸ [CryptorECC] Write Auxiliary File CryptorECC.modulemap
Build	Fastlane Build & Archive	2026-07-20T11:37:55.3040470Z [11:37:55]: ▸ [CryptorECC] Write Auxiliary File CryptorECC.DependencyStaticMetadataFileList
Build	Fastlane Build & Archive	2026-07-20T11:37:55.3043430Z [11:37:55]: ▸ [CryptorECC] Write Auxiliary File CryptorECC.DependencyMetadataFileList
Build	Fastlane Build & Archive	2026-07-20T11:37:55.3045260Z [11:37:55]: ▸ [CryptorECC] Copy CryptorECC.modulemap -> CryptorECC.modulemap
Build	Fastlane Build & Archive	2026-07-20T11:37:55.3047990Z [11:37:55]: ▸ [Cryptor] Write Auxiliary File Cryptor_const_extract_protocols.json
Build	Fastlane Build & Archive	2026-07-20T11:37:55.3050280Z [11:37:55]: ▸ [Cryptor] Write Auxiliary File Cryptor.SwiftFileList
Build	Fastlane Build & Archive	2026-07-20T11:37:55.3051960Z [11:37:55]: ▸ [Cryptor] Write Auxiliary File Cryptor.SwiftConstValuesFileList
Build	Fastlane Build & Archive	2026-07-20T11:37:55.3053560Z [11:37:55]: ▸ [Cryptor] Write Auxiliary File Cryptor.LinkFileList
Build	Fastlane Build & Archive	2026-07-20T11:37:55.3055050Z [11:37:55]: ▸ [Cryptor] Write Auxiliary File Cryptor-OutputFileMap.json
Build	Fastlane Build & Archive	2026-07-20T11:37:55.3058000Z [11:37:55]: ▸ [Cryptor] Write Auxiliary File Cryptor.modulemap
Build	Fastlane Build & Archive	2026-07-20T11:37:55.3060310Z [11:37:55]: ▸ [Cryptor] Write Auxiliary File Cryptor.DependencyStaticMetadataFileList
Build	Fastlane Build & Archive	2026-07-20T11:37:55.3062400Z [11:37:55]: ▸ [Cryptor] Write Auxiliary File Cryptor.DependencyMetadataFileList
Build	Fastlane Build & Archive	2026-07-20T11:37:55.3063000Z [11:37:55]: ▸ [Cryptor] Copy Cryptor.modulemap -> Cryptor.modulemap
Build	Fastlane Build & Archive	2026-07-20T11:37:55.3063650Z [11:37:55]: ▸ [CryptoSwift_CryptoSwift] Write Auxiliary File empty-CryptoSwift_CryptoSwift.plist
Build	Fastlane Build & Archive	2026-07-20T11:37:55.3064470Z [11:37:55]: ▸ [CryptoSwift_CryptoSwift] Write Auxiliary File CryptoSwift_CryptoSwift.DependencyStaticMetadataFileList
Build	Fastlane Build & Archive	2026-07-20T11:37:55.3065300Z [11:37:55]: ▸ [CryptoSwift_CryptoSwift] Write Auxiliary File CryptoSwift_CryptoSwift.DependencyMetadataFileList
Build	Fastlane Build & Archive	2026-07-20T11:37:55.3066330Z [11:37:55]: ▸ [CryptoSwift] Write Auxiliary File CryptoSwift_const_extract_protocols.json
Build	Fastlane Build & Archive	2026-07-20T11:37:55.3073090Z [11:37:55]: ▸ [CryptoSwift] Write Auxiliary File CryptoSwift.SwiftFileList
Build	Fastlane Build & Archive	2026-07-20T11:37:55.3075020Z [11:37:55]: ▸ [CryptoSwift] Write Auxiliary File CryptoSwift.SwiftConstValuesFileList
Build	Fastlane Build & Archive	2026-07-20T11:37:55.3077150Z [11:37:55]: ▸ [CryptoSwift] Write Auxiliary File CryptoSwift.LinkFileList
Build	Fastlane Build & Archive	2026-07-20T11:37:55.3078900Z [11:37:55]: ▸ [CryptoSwift] Write Auxiliary File CryptoSwift-OutputFileMap.json
Build	Fastlane Build & Archive	2026-07-20T11:37:55.3079750Z [11:37:55]: ▸ [CryptoSwift] Write Auxiliary File resource_bundle_accessor.swift
Build	Fastlane Build & Archive	2026-07-20T11:37:55.3101710Z [11:37:55]: ▸ [CryptoSwift] Write Auxiliary File CryptoSwift.modulemap
Build	Fastlane Build & Archive	2026-07-20T11:37:55.3102600Z [11:37:55]: ▸ [CryptoSwift] Write Auxiliary File CryptoSwift.DependencyStaticMetadataFileList
Build	Fastlane Build & Archive	2026-07-20T11:37:55.3103350Z [11:37:55]: ▸ [CryptoSwift] Write Auxiliary File CryptoSwift.DependencyMetadataFileList
Build	Fastlane Build & Archive	2026-07-20T11:37:55.3104030Z [11:37:55]: ▸ [CryptoSwift] Copy CryptoSwift.modulemap -> CryptoSwift.modulemap
Build	Fastlane Build & Archive	2026-07-20T11:37:55.3104740Z [11:37:55]: ▸ [CryptoSwift] Write Auxiliary File empty-CryptoSwift_-360922625E627667_PackageProduct.plist
Build	Fastlane Build & Archive	2026-07-20T11:37:55.3105530Z [11:37:55]: ▸ [CryptoSwift] Write Auxiliary File CryptoSwift_-360922625E627667_PackageProduct.LinkFileList
Build	Fastlane Build & Archive	2026-07-20T11:37:55.3106360Z [11:37:55]: ▸ [CryptoSwift] Write Auxiliary File CryptoSwift_-360922625E627667_PackageProduct.DependencyStaticMetadataFileList
Build	Fastlane Build & Archive	2026-07-20T11:37:55.3108480Z [11:37:55]: ▸ [CryptoSwift] Write Auxiliary File CryptoSwift_-360922625E627667_PackageProduct.DependencyMetadataFileList
Build	Fastlane Build & Archive	2026-07-20T11:37:55.3109240Z [11:37:55]: ▸ [CGMBLEKitUI] Write Auxiliary File unextended-module.modulemap
Build	Fastlane Build & Archive	2026-07-20T11:37:55.3109840Z [11:37:55]: ▸ [CGMBLEKitUI] Write Auxiliary File unextended-module-overlay.yaml
Build	Fastlane Build & Archive	2026-07-20T11:37:55.3110410Z [11:37:55]: ▸ [CGMBLEKitUI] Write Auxiliary File module.modulemap
Build	Fastlane Build & Archive	2026-07-20T11:37:55.3111000Z [11:37:55]: ▸ [CGMBLEKitUI] Write Auxiliary File CGMBLEKitUI_const_extract_protocols.json
Build	Fastlane Build & Archive	2026-07-20T11:37:55.3111610Z [11:37:55]: ▸ [CGMBLEKitUI] Write Auxiliary File CGMBLEKitUI.SwiftFileList
Build	Fastlane Build & Archive	2026-07-20T11:37:55.3112210Z [11:37:55]: ▸ [CGMBLEKitUI] Write Auxiliary File CGMBLEKitUI.SwiftConstValuesFileList
Build	Fastlane Build & Archive	2026-07-20T11:37:55.3112820Z [11:37:55]: ▸ [CGMBLEKitUI] Write Auxiliary File CGMBLEKitUI.LinkFileList
Build	Fastlane Build & Archive	2026-07-20T11:37:55.3115220Z [11:37:55]: ▸ [CGMBLEKitUI] Write Auxiliary File CGMBLEKitUI-OutputFileMap.json
Build	Fastlane Build & Archive	2026-07-20T11:37:55.3130260Z [11:37:55]: ▸ [CGMBLEKitUI] Write Auxiliary File 7187679823f38a2a940e0043cdf9d637-common-args.resp
Build	Fastlane Build & Archive	2026-07-20T11:37:55.3131120Z [11:37:55]: ▸ [CGMBLEKitUI] Write Auxiliary File CGMBLEKitUI_vers.c
Build	Fastlane Build & Archive	2026-07-20T11:37:55.3131640Z [11:37:55]: ▸ [CGMBLEKitUI] Write Auxiliary File CGMBLEKitUI.hmap
Build	Fastlane Build & Archive	2026-07-20T11:37:55.3135290Z [11:37:55]: ▸ [CGMBLEKitUI] Write Auxiliary File CGMBLEKitUI.DependencyStaticMetadataFileList
Build	Fastlane Build & Archive	2026-07-20T11:37:55.3136040Z [11:37:55]: ▸ [CGMBLEKitUI] Write Auxiliary File CGMBLEKitUI.DependencyMetadataFileList
Build	Fastlane Build & Archive	2026-07-20T11:37:55.3137440Z [11:37:55]: ▸ [CGMBLEKitUI] Write Auxiliary File CGMBLEKitUI-project-headers.hmap
Build	Fastlane Build & Archive	2026-07-20T11:37:55.3138140Z [11:37:55]: ▸ [CGMBLEKitUI] Write Auxiliary File CGMBLEKitUI-own-target-headers.hmap
Build	Fastlane Build & Archive	2026-07-20T11:37:55.3138800Z [11:37:55]: ▸ [CGMBLEKitUI] Write Auxiliary File CGMBLEKitUI-generated-files.hmap
Build	Fastlane Build & Archive	2026-07-20T11:37:55.3139440Z [11:37:55]: ▸ [CGMBLEKitUI] Write Auxiliary File CGMBLEKitUI-all-target-headers.hmap
Build	Fastlane Build & Archive	2026-07-20T11:37:55.3146610Z [11:37:55]: ▸ [CGMBLEKitUI] Write Auxiliary File CGMBLEKitUI-all-non-framework-target-headers.hmap
Build	Fastlane Build & Archive	2026-07-20T11:37:55.3147250Z [11:37:55]: ▸ [CGMBLEKitUI] Copying CGMBLEKitUI.h
Build	Fastlane Build & Archive	2026-07-20T11:37:55.3147770Z [11:37:55]: ▸ [CGMBLEKitUI] Copy module.modulemap -> module.modulemap
Build	Fastlane Build & Archive	2026-07-20T11:37:55.3148350Z [11:37:55]: ▸ [CGMBLEKit] Write Auxiliary File unextended-module.modulemap
Build	Fastlane Build & Archive	2026-07-20T11:37:55.3148960Z [11:37:55]: ▸ [CGMBLEKit] Write Auxiliary File unextended-module-overlay.yaml
Build	Fastlane Build & Archive	2026-07-20T11:37:55.3149550Z [11:37:55]: ▸ [CGMBLEKit] Write Auxiliary File module.modulemap
Build	Fastlane Build & Archive	2026-07-20T11:37:55.3150250Z [11:37:55]: ▸ [CGMBLEKit] Write Auxiliary File e6072d4f65d7061329687fe24e3d63a7-common-args.resp
Build	Fastlane Build & Archive	2026-07-20T11:37:55.3151040Z [11:37:55]: ▸ [CGMBLEKit] Write Auxiliary File CGMBLEKit_const_extract_protocols.json
Build	Fastlane Build & Archive	2026-07-20T11:37:55.3151930Z [11:37:55]: ▸ [CGMBLEKit] Write Auxiliary File CGMBLEKit.SwiftFileList
Build	Fastlane Build & Archive	2026-07-20T11:37:55.3152570Z [11:37:55]: ▸ [CGMBLEKit] Write Auxiliary File CGMBLEKit.SwiftConstValuesFileList
Build	Fastlane Build & Archive	2026-07-20T11:37:55.3154250Z [11:37:55]: ▸ [CGMBLEKit] Write Auxiliary File CGMBLEKit.LinkFileList
Build	Fastlane Build & Archive	2026-07-20T11:37:55.3156540Z [11:37:55]: ▸ [CGMBLEKit] Write Auxiliary File CGMBLEKit-OutputFileMap.json
Build	Fastlane Build & Archive	2026-07-20T11:37:55.3157250Z [11:37:55]: ▸ [CGMBLEKit] Write Auxiliary File 7187679823f38a2a940e0043cdf9d637-common-args.resp
Build	Fastlane Build & Archive	2026-07-20T11:37:55.3157850Z [11:37:55]: ▸ [CGMBLEKit] Write Auxiliary File CGMBLEKit_vers.c
Build	Fastlane Build & Archive	2026-07-20T11:37:55.3158370Z [11:37:55]: ▸ [CGMBLEKit] Write Auxiliary File CGMBLEKit.hmap
Build	Fastlane Build & Archive	2026-07-20T11:37:55.3167020Z [11:37:55]: ▸ [CGMBLEKit] Write Auxiliary File CGMBLEKit.DependencyStaticMetadataFileList
Build	Fastlane Build & Archive	2026-07-20T11:37:55.3169070Z [11:37:55]: ▸ [CGMBLEKit] Write Auxiliary File CGMBLEKit.DependencyMetadataFileList
Build	Fastlane Build & Archive	2026-07-20T11:37:55.3170740Z [11:37:55]: ▸ [CGMBLEKit] Write Auxiliary File CGMBLEKit-project-headers.hmap
Build	Fastlane Build & Archive	2026-07-20T11:37:55.3172420Z [11:37:55]: ▸ [CGMBLEKit] Write Auxiliary File CGMBLEKit-own-target-headers.hmap
Build	Fastlane Build & Archive	2026-07-20T11:37:55.3174000Z [11:37:55]: ▸ [CGMBLEKit] Write Auxiliary File CGMBLEKit-generated-files.hmap
Build	Fastlane Build & Archive	2026-07-20T11:37:55.3175570Z [11:37:55]: ▸ [CGMBLEKit] Write Auxiliary File CGMBLEKit-all-target-headers.hmap
Build	Fastlane Build & Archive	2026-07-20T11:37:55.3181670Z [11:37:55]: ▸ [CGMBLEKit] Write Auxiliary File CGMBLEKit-all-non-framework-target-headers.hmap
Build	Fastlane Build & Archive	2026-07-20T11:37:55.3182320Z [11:37:55]: ▸ [CGMBLEKit] Copying CGMBLEKit.h
Build	Fastlane Build & Archive	2026-07-20T11:37:55.3183030Z [11:37:55]: ▸ [CGMBLEKit] Copying AESCrypt.h
Build	Fastlane Build & Archive	2026-07-20T11:37:55.3184440Z [11:37:55]: ▸ [CGMBLEKit] Copy module.modulemap -> module.modulemap
Build	Fastlane Build & Archive	2026-07-20T11:37:55.3185080Z [11:37:55]: ▸ [Algorithms] Write Auxiliary File Algorithms_const_extract_protocols.json
Build	Fastlane Build & Archive	2026-07-20T11:37:55.3185710Z [11:37:55]: ▸ [Algorithms] Write Auxiliary File Algorithms.SwiftFileList
Build	Fastlane Build & Archive	2026-07-20T11:37:55.3186320Z [11:37:55]: ▸ [Algorithms] Write Auxiliary File Algorithms.SwiftConstValuesFileList
Build	Fastlane Build & Archive	2026-07-20T11:37:55.3187060Z [11:37:55]: ▸ [Algorithms] Write Auxiliary File Algorithms.LinkFileList
Build	Fastlane Build & Archive	2026-07-20T11:37:55.3188090Z [11:37:55]: ▸ [Algorithms] Write Auxiliary File Algorithms-OutputFileMap.json
Build	Fastlane Build & Archive	2026-07-20T11:37:55.3188710Z [11:37:55]: ▸ [Algorithms] Write Auxiliary File Algorithms.modulemap
Build	Fastlane Build & Archive	2026-07-20T11:37:55.3189340Z [11:37:55]: ▸ [Algorithms] Write Auxiliary File Algorithms.DependencyStaticMetadataFileList
Build	Fastlane Build & Archive	2026-07-20T11:37:55.3190140Z [11:37:55]: ▸ [Algorithms] Write Auxiliary File Algorithms.DependencyMetadataFileList
Build	Fastlane Build & Archive	2026-07-20T11:37:55.3191560Z [11:37:55]: ▸ [Algorithms] Copy Algorithms.modulemap -> Algorithms.modulemap
Build	Fastlane Build & Archive	2026-07-20T11:37:55.3192090Z [11:37:55]: ▸ [Trio] Write Auxiliary File Trio.hmap
Build	Fastlane Build & Archive	2026-07-20T11:37:55.3192630Z [11:37:55]: ▸ [Trio] Write Auxiliary File Trio.DependencyStaticMetadataFileList
Build	Fastlane Build & Archive	2026-07-20T11:37:55.3193230Z [11:37:55]: ▸ [Trio] Write Auxiliary File Trio.DependencyMetadataFileList
Build	Fastlane Build & Archive	2026-07-20T11:37:55.3194800Z [11:37:55]: ▸ [Trio] Write Auxiliary File Trio-project-headers.hmap
Build	Fastlane Build & Archive	2026-07-20T11:37:55.3195520Z [11:37:55]: ▸ [Trio] Write Auxiliary File Trio-own-target-headers.hmap
Build	Fastlane Build & Archive	2026-07-20T11:37:55.3196110Z [11:37:55]: ▸ [Trio] Write Auxiliary File Trio-generated-files.hmap
Build	Fastlane Build & Archive	2026-07-20T11:37:55.3196770Z [11:37:55]: ▸ [Trio] Write Auxiliary File Trio-all-target-headers.hmap
Build	Fastlane Build & Archive	2026-07-20T11:37:55.3198750Z [11:37:55]: ▸ [Trio] Write Auxiliary File Trio-all-non-framework-target-headers.hmap
Build	Fastlane Build & Archive	2026-07-20T11:37:55.3204610Z [11:37:55]: ▸ [Trio] Write Auxiliary File Script-DD88C8DF2C4D583900F2D558.sh
Build	Fastlane Build & Archive	2026-07-20T11:37:55.3206750Z [11:37:55]: ▸ [Trio] Write Auxiliary File Script-3B47C6112DA0A52C00B0E5EF.sh
Build	Fastlane Build & Archive	2026-07-20T11:37:55.3207380Z [11:37:55]: ▸ [Trio] Write Auxiliary File Script-3811DEF525CA169200A708ED.sh
Build	Fastlane Build & Archive	2026-07-20T11:37:55.3208080Z [11:37:55]: ▸ [Trio] Write Auxiliary File Trio_const_extract_protocols.json
Build	Fastlane Build & Archive	2026-07-20T11:37:55.3208660Z [11:37:55]: ▸ [Trio] Write Auxiliary File Trio.SwiftFileList
Build	Fastlane Build & Archive	2026-07-20T11:37:55.3209220Z [11:37:55]: ▸ [Trio] Write Auxiliary File Trio.SwiftConstValuesFileList
Build	Fastlane Build & Archive	2026-07-20T11:37:55.3209760Z [11:37:55]: ▸ [Trio] Write Auxiliary File Trio.LinkFileList
Build	Fastlane Build & Archive	2026-07-20T11:37:55.3210270Z [11:37:55]: ▸ [Trio] Write Auxiliary File Trio-OutputFileMap.json
Build	Fastlane Build & Archive	2026-07-20T11:37:55.3210790Z [11:37:55]: ▸ [Trio] Write Auxiliary File Entitlements.plist
Build	Fastlane Build & Archive	2026-07-20T11:37:55.3211470Z [11:37:55]: ▸ [nanopb_nanopb] Processing empty-nanopb_nanopb.plist
Build	Fastlane Build & Archive	2026-07-20T11:37:55.3212120Z [11:37:55]: ▸ [nanopb_nanopb] Copying PrivacyInfo.xcprivacy
Build	Fastlane Build & Archive	2026-07-20T11:37:55.3212810Z [11:37:55]: ▸ [Trio Watch Complication Extension] Generate Asset Symbols Assets.xcassets
Build	Fastlane Build & Archive	2026-07-20T11:37:55.3213930Z [11:37:55]: ▸ [Trio Watch Complication Extension] Compile XCStrings Localizable.xcstrings
Build	Fastlane Build & Archive	2026-07-20T11:38:15.4701220Z [11:38:15]: ▸ [third-party-IsAppEncrypted] Compiling IsAppEncrypted.m
Build	Fastlane Build & Archive	2026-07-20T11:38:17.2475490Z [11:38:17]: ▸ [third-party-IsAppEncrypted] Linking third-party-IsAppEncrypted.o
Build	Fastlane Build & Archive	2026-07-20T11:38:17.2578220Z [11:38:17]: ▸ [nanopb] Compiling resource_bundle_accessor.m
Build	Fastlane Build & Archive	2026-07-20T11:38:17.2679220Z [11:38:17]: ▸ [Trio Watch Complication Extension] Copy arm64-apple-watchos.swiftmodule -> Trio_Watch_Complication_Extension.swiftmodule
Build	Fastlane Build & Archive	2026-07-20T11:38:17.2779150Z [11:38:17]: ▸ [Trio Watch Complication Extension] Copy arm64-apple-watchos.swiftdoc -> Trio_Watch_Complication_Extension.swiftdoc
Build	Fastlane Build & Archive	2026-07-20T11:38:17.2785970Z [11:38:17]: ▸ [Trio Watch Complication Extension] Copy arm64-apple-watchos.abi.json -> Trio_Watch_Complication_Extension.abi.json
Build	Fastlane Build & Archive	2026-07-20T11:38:17.2889600Z [11:38:17]: ▸ note: Emplaced /Users/runner/Library/Developer/Xcode/DerivedData/Trio-bovmnxebschsylahdeysnjjqdcte/Build/Intermediates.noindex/ArchiveIntermediates/Trio/IntermediateBuildFilesPath/UninstalledProducts/watchos/Trio Watch Complication Extension.appex/Assets.car (in target 'Trio Watch Complication Extension' from project 'Trio')
Build	Fastlane Build & Archive	2026-07-20T11:38:17.2990510Z [11:38:17]: ▸ [Trio Watch Complication Extension] Copying Localizable.strings
Build	Fastlane Build & Archive	2026-07-20T11:38:17.3086570Z [11:38:17]: ▸ [_NumericsShims] Compiling _NumericsShims.c
Build	Fastlane Build & Archive	2026-07-20T11:38:17.3093380Z [11:38:17]: ▸ [_NumericsShims] Linking _NumericsShims.o
Build	Fastlane Build & Archive	2026-07-20T11:38:17.3179070Z [11:38:17]: ▸ [Trio Watch Complication Extension] Processing Info.plist
Build	Fastlane Build & Archive	2026-07-20T11:38:17.3281190Z [11:38:17]: ▸ [Trio Watch Complication Extension] Copying Localizable.strings
Build	Fastlane Build & Archive	2026-07-20T11:38:17.3829380Z [11:38:17]: ▸ [Trio Watch Complication Extension] Copying Localizable.strings
Build	Fastlane Build & Archive	2026-07-20T11:38:17.3934200Z [11:38:17]: ▸ [nanopb] Compiling pb_encode.c
Build	Fastlane Build & Archive	2026-07-20T11:38:17.4037800Z [11:38:17]: ▸ [nanopb] Compiling pb_decode.c
Build	Fastlane Build & Archive	2026-07-20T11:38:17.5984400Z [11:38:17]: ▸ [nanopb] Compiling pb_common.c
Build	Fastlane Build & Archive	2026-07-20T11:38:17.6093820Z [11:38:17]: ▸ [Trio Watch Complication Extension] Copy arm64_32-apple-watchos.swiftmodule -> Trio_Watch_Complication_Extension.swiftmodule
Build	Fastlane Build & Archive	2026-07-20T11:38:17.6225550Z [11:38:17]: ▸ [Trio Watch Complication Extension] Copy arm64_32-apple-watchos.swiftdoc -> Trio_Watch_Complication_Extension.swiftdoc
Build	Fastlane Build & Archive	2026-07-20T11:38:17.6342190Z [11:38:17]: ▸ [Trio Watch Complication Extension] Copy arm64_32-apple-watchos.abi.json -> Trio_Watch_Complication_Extension.abi.json
Build	Fastlane Build & Archive	2026-07-20T11:38:17.6449730Z [11:38:17]: ▸ [Trio Watch Complication Extension] Copying Localizable.strings
Build	Fastlane Build & Archive	2026-07-20T11:38:17.6552790Z [11:38:17]: ▸ [Trio Watch Complication Extension] Copying Localizable.strings
Build	Fastlane Build & Archive	2026-07-20T11:38:17.6684130Z [11:38:17]: ▸ [Trio Watch Complication Extension] Copying Localizable.strings
Build	Fastlane Build & Archive	2026-07-20T11:38:17.6787590Z [11:38:17]: ▸ [Trio Watch Complication Extension] Copying Localizable.strings
Build	Fastlane Build & Archive	2026-07-20T11:38:17.6899970Z [11:38:17]: ▸ [Trio Watch Complication Extension] Copying Localizable.strings
Build	Fastlane Build & Archive	2026-07-20T11:38:17.6993500Z [11:38:17]: ▸ [Trio Watch Complication Extension] Copying Localizable.strings
Build	Fastlane Build & Archive	2026-07-20T11:38:17.6996270Z [11:38:17]: ▸ [Trio Watch Complication Extension] Copying Localizable.strings
Build	Fastlane Build & Archive	2026-07-20T11:38:17.7108600Z [11:38:17]: ▸ [Trio Watch Complication Extension] Copying Localizable.strings
Build	Fastlane Build & Archive	2026-07-20T11:38:17.7357590Z [11:38:17]: ▸ [Trio Watch Complication Extension] Copying Localizable.strings
Build	Fastlane Build & Archive	2026-07-20T11:38:17.7576560Z [11:38:17]: ▸ [Trio Watch Complication Extension] Copying Localizable.strings
Build	Fastlane Build & Archive	2026-07-20T11:38:17.7672200Z [11:38:17]: ▸ [Trio Watch Complication Extension] Copying Localizable.strings
Build	Fastlane Build & Archive	2026-07-20T11:38:17.8085440Z [11:38:17]: ▸ [Trio Watch Complication Extension] Copying Localizable.strings
Build	Fastlane Build & Archive	2026-07-20T11:38:17.8519680Z [11:38:17]: ▸ [Trio Watch Complication Extension] Copying Localizable.strings
Build	Fastlane Build & Archive	2026-07-20T11:38:17.8631700Z [11:38:17]: ▸ [Trio Watch Complication Extension] Copying Localizable.strings
Build	Fastlane Build & Archive	2026-07-20T11:38:17.8760110Z [11:38:17]: ▸ [Trio Watch Complication Extension] Copying Localizable.strings
Build	Fastlane Build & Archive	2026-07-20T11:38:17.8890040Z [11:38:17]: ▸ [Trio Watch Complication Extension] Copying Localizable.strings
Build	Fastlane Build & Archive	2026-07-20T11:38:17.9469000Z [11:38:17]: ▸ [Trio Watch Complication Extension] Copying Localizable.strings
Build	Fastlane Build & Archive	2026-07-20T11:38:17.9612100Z [11:38:17]: ▸ [Trio Watch Complication Extension] Copying Localizable.strings
Build	Fastlane Build & Archive	2026-07-20T11:38:18.0234040Z [11:38:18]: ▸ [nanopb_nanopb] RegisterExecutionPolicyException nanopb_nanopb.bundle
Build	Fastlane Build & Archive	2026-07-20T11:38:18.0353010Z [11:38:18]: ▸ [nanopb_nanopb] Touching nanopb_nanopb.bundle
Build	Fastlane Build & Archive	2026-07-20T11:38:18.0467310Z [11:38:18]: ▸ [third-party-IsAppEncrypted] RegisterExecutionPolicyException third-party-IsAppEncrypted.o
Build	Fastlane Build & Archive	2026-07-20T11:38:18.0615720Z [11:38:18]: ▸ [nanopb] Linking nanopb.o
Build	Fastlane Build & Archive	2026-07-20T11:38:18.0720480Z [11:38:18]: ▸ [_NumericsShims] RegisterExecutionPolicyException _NumericsShims.o
Build	Fastlane Build & Archive	2026-07-20T11:38:18.0823210Z [11:38:18]: ▸ [Trio Watch Complication Extension] Linking Trio\ Watch\ Complication\ Extension
Build	Fastlane Build & Archive	2026-07-20T11:38:19.1680720Z [11:38:19]: ▸ [Trio Watch Complication Extension] Linking Trio\ Watch\ Complication\ Extension
Build	Fastlane Build & Archive	2026-07-20T11:38:19.2958400Z [11:38:19]: ▸ [TidepoolKit_TidepoolKit] Copying Localizable.strings
Build	Fastlane Build & Archive	2026-07-20T11:38:19.3061090Z [11:38:19]: ▸ [TidepoolKit_TidepoolKit] Copying Localizable.strings
Build	Fastlane Build & Archive	2026-07-20T11:38:19.3175830Z [11:38:19]: ▸ [TidepoolKit_TidepoolKit] Copying Localizable.strings
Build	Fastlane Build & Archive	2026-07-20T11:38:19.3203590Z [11:38:19]: ▸ [TidepoolKit_TidepoolKit] Copying Localizable.strings
Build	Fastlane Build & Archive	2026-07-20T11:38:19.3204670Z [11:38:19]: ▸ [TidepoolKit_TidepoolKit] Copying Localizable.strings
Build	Fastlane Build & Archive	2026-07-20T11:38:19.3205820Z [11:38:19]: ▸ [TidepoolKit_TidepoolKit] Copying Localizable.strings
Build	Fastlane Build & Archive	2026-07-20T11:38:19.3207320Z [11:38:19]: ▸ [TidepoolKit_TidepoolKit] Copying Localizable.strings
Build	Fastlane Build & Archive	2026-07-20T11:38:19.3208250Z [11:38:19]: ▸ [TidepoolKit_TidepoolKit] Copying Localizable.strings
Build	Fastlane Build & Archive	2026-07-20T11:38:19.3209020Z [11:38:19]: ▸ [TidepoolKit_TidepoolKit] Copying Localizable.strings
Build	Fastlane Build & Archive	2026-07-20T11:38:19.3209700Z [11:38:19]: ▸ [TidepoolKit_TidepoolKit] Copying Localizable.strings
Build	Fastlane Build & Archive	2026-07-20T11:38:19.3210450Z [11:38:19]: ▸ [TidepoolKit_TidepoolKit] Copying Localizable.strings
Build	Fastlane Build & Archive	2026-07-20T11:38:19.3211190Z [11:38:19]: ▸ [TidepoolKit_TidepoolKit] Copying Localizable.strings
Build	Fastlane Build & Archive	2026-07-20T11:38:19.3212010Z [11:38:19]: ▸ [TidepoolKit_TidepoolKit] Copying Localizable.strings
Build	Fastlane Build & Archive	2026-07-20T11:38:19.3213690Z [11:38:19]: ▸ [TidepoolKit_TidepoolKit] Copying Localizable.strings
Build	Fastlane Build & Archive	2026-07-20T11:38:19.3215340Z [11:38:19]: ▸ [TidepoolKit_TidepoolKit] Copying Localizable.strings
Build	Fastlane Build & Archive	2026-07-20T11:38:19.3216030Z [11:38:19]: ▸ [TidepoolKit_TidepoolKit] Copying Localizable.strings
Build	Fastlane Build & Archive	2026-07-20T11:38:19.3217200Z [11:38:19]: ▸ [TidepoolKit_TidepoolKit] Copying Localizable.strings
Build	Fastlane Build & Archive	2026-07-20T11:38:19.3219280Z [11:38:19]: ▸ [TidepoolKit_TidepoolKit] Copying Localizable.strings
Build	Fastlane Build & Archive	2026-07-20T11:38:19.3220300Z [11:38:19]: ▸ [TidepoolKit_TidepoolKit] Copying Localizable.strings
Build	Fastlane Build & Archive	2026-07-20T11:38:19.3225630Z [11:38:19]: ▸ [TidepoolKit_TidepoolKit] Copying Localizable.strings
Build	Fastlane Build & Archive	2026-07-20T11:38:19.3226370Z [11:38:19]: ▸ [TidepoolKit_TidepoolKit] Copying Localizable.strings
Build	Fastlane Build & Archive	2026-07-20T11:38:19.3227020Z [11:38:19]: ▸ [TidepoolKit_TidepoolKit] Copying Localizable.strings
Build	Fastlane Build & Archive	2026-07-20T11:38:19.3227740Z [11:38:19]: ▸ [TidepoolKit_TidepoolKit] Copying Localizable.strings
Build	Fastlane Build & Archive	2026-07-20T11:38:30.8578850Z [11:38:30]: ▸ [TidepoolKit] Generate Asset Symbols Assets.xcassets
Build	Fastlane Build & Archive	2026-07-20T11:38:30.8719110Z [11:38:30]: ▸ [Trio Watch Complication Extension] Create Universal Binary Trio\ Watch\ Complication\ Extension
Build	Fastlane Build & Archive	2026-07-20T11:38:30.8823510Z [11:38:30]: ▸ [Trio Watch Complication Extension] Generating Trio\ Watch\ Complication\ Extension.appex.dSYM
Build	Fastlane Build & Archive	2026-07-20T11:38:30.8931600Z [11:38:30]: ▸ [Trio Watch Complication Extension] Extract App Intents Metadata
Build	Fastlane Build & Archive	2026-07-20T11:38:30.9035680Z [11:38:30]: ▸ [nanopb] RegisterExecutionPolicyException nanopb.o
Build	Fastlane Build & Archive	2026-07-20T11:38:30.9141020Z [11:38:30]: ▸ [Trio Watch App] Generate Asset Symbols Assets.xcassets
Build	Fastlane Build & Archive	2026-07-20T11:38:39.0965870Z [11:38:39]: ▸ note: Emplaced /Users/runner/Library/Developer/Xcode/DerivedData/Trio-bovmnxebschsylahdeysnjjqdcte/Build/Intermediates.noindex/ArchiveIntermediates/Trio/IntermediateBuildFilesPath/UninstalledProducts/watchos/Trio Watch App.app/Assets.car (in target 'Trio Watch App' from project 'Trio')
Build	Fastlane Build & Archive	2026-07-20T11:38:39.2629460Z [11:38:39]: ▸ note: Emplaced /Users/runner/Library/Developer/Xcode/DerivedData/Trio-bovmnxebschsylahdeysnjjqdcte/Build/Intermediates.noindex/ArchiveIntermediates/Trio/IntermediateBuildFilesPath/UninstalledProducts/iphoneos/TidepoolKit_TidepoolKit.bundle/Assets.car (in target 'TidepoolKit_TidepoolKit' from project 'TidepoolKit')
Build	Fastlane Build & Archive	2026-07-20T11:38:53.1431800Z [11:38:53]: ▸ ::warning file=/Users/runner/work/Trio/Trio/Trio Watch App Extension/WatchLogger.swift,line=113,col=17::result of 'try?' is unused
Build	Fastlane Build & Archive	2026-07-20T11:38:53.1537870Z [11:38:53]: ▸                 try? handle.seekToEnd()
Build	Fastlane Build & Archive	2026-07-20T11:38:53.1540200Z [11:38:53]: ▸                 ^~~~~~~~~~~~~~~~~~~~~~~
Build	Fastlane Build & Archive	2026-07-20T11:38:53.2452520Z [11:38:53]: ▸ ::warning file=/Users/runner/work/Trio/Trio/Trio Watch App Extension/WatchLogger.swift,line=113,col=17::result of 'try?' is unused
Build	Fastlane Build & Archive	2026-07-20T11:38:53.2557740Z [11:38:53]: ▸                 try? handle.seekToEnd()
Build	Fastlane Build & Archive	2026-07-20T11:38:53.4054160Z [11:38:53]: ▸                 ^~~~~~~~~~~~~~~~~~~~~~~
Build	Fastlane Build & Archive	2026-07-20T11:38:53.4157410Z [11:38:53]: ▸ [TidepoolKit_TidepoolKit] Processing empty-TidepoolKit_TidepoolKit.plist
Build	Fastlane Build & Archive	2026-07-20T11:39:21.9123180Z [11:39:21]: ▸ [Trio Watch App] Copy arm64-apple-watchos.swiftmodule -> Trio_Watch_App.swiftmodule
Build	Fastlane Build & Archive	2026-07-20T11:39:21.9197080Z [11:39:21]: ▸ [Trio Watch App] Copy arm64-apple-watchos.swiftdoc -> Trio_Watch_App.swiftdoc
Build	Fastlane Build & Archive	2026-07-20T11:39:21.9199310Z [11:39:21]: ▸ [Trio Watch App] Copy arm64-apple-watchos.abi.json -> Trio_Watch_App.abi.json
Build	Fastlane Build & Archive	2026-07-20T11:39:21.9202580Z [11:39:21]: ▸ [Trio Watch App] Copy arm64_32-apple-watchos.swiftmodule -> Trio_Watch_App.swiftmodule
Build	Fastlane Build & Archive	2026-07-20T11:39:21.9246380Z [11:39:21]: ▸ [Trio Watch App] Copy arm64_32-apple-watchos.swiftdoc -> Trio_Watch_App.swiftdoc
Build	Fastlane Build & Archive	2026-07-20T11:39:21.9260820Z [11:39:21]: ▸ [Trio Watch App] Copy arm64_32-apple-watchos.abi.json -> Trio_Watch_App.abi.json
Build	Fastlane Build & Archive	2026-07-20T11:39:21.9264510Z [11:39:21]: ▸ Signing Trio\ Watch\ Complication\ Extension.appex (in target 'Trio Watch Complication Extension' from project 'Trio')
Build	Fastlane Build & Archive	2026-07-20T11:39:21.9267480Z [11:39:21]: ▸ [Swinject] Copy arm64-apple-ios.swiftmodule -> Swinject.swiftmodule
Build	Fastlane Build & Archive	2026-07-20T11:39:21.9270360Z [11:39:21]: ▸ [Swinject] Copy arm64-apple-ios.swiftdoc -> Swinject.swiftdoc
Build	Fastlane Build & Archive	2026-07-20T11:39:21.9272510Z [11:39:21]: ▸ [Swinject] Copy arm64-apple-ios.abi.json -> Swinject.abi.json
Build	Fastlane Build & Archive	2026-07-20T11:39:21.9274730Z [11:39:21]: ▸ [SwiftMessages_SwiftMessages] Copying warningIconSubtle@3x.png
Build	Fastlane Build & Archive	2026-07-20T11:39:21.9278310Z [11:39:21]: ▸ [SwiftMessages_SwiftMessages] Copying warningIconSubtle@2x.png
Build	Fastlane Build & Archive	2026-07-20T11:39:21.9280600Z [11:39:21]: ▸ [SwiftMessages_SwiftMessages] Copying warningIconSubtle.png
Build	Fastlane Build & Archive	2026-07-20T11:39:21.9283260Z [11:39:21]: ▸ [SwiftMessages_SwiftMessages] Copying warningIconLight@3x.png
Build	Fastlane Build & Archive	2026-07-20T11:39:21.9285510Z [11:39:21]: ▸ [SwiftMessages_SwiftMessages] Copying warningIconLight@2x.png
Build	Fastlane Build & Archive	2026-07-20T11:39:21.9287870Z [11:39:21]: ▸ [SwiftMessages_SwiftMessages] Copying warningIconLight.png
Build	Fastlane Build & Archive	2026-07-20T11:39:21.9290310Z [11:39:21]: ▸ [SwiftMessages_SwiftMessages] Copying warningIcon@3x.png
Build	Fastlane Build & Archive	2026-07-20T11:39:21.9292980Z [11:39:21]: ▸ [SwiftMessages_SwiftMessages] Copying warningIcon@2x.png
Build	Fastlane Build & Archive	2026-07-20T11:39:21.9296110Z [11:39:21]: ▸ [SwiftMessages_SwiftMessages] Copying warningIcon.png
Build	Fastlane Build & Archive	2026-07-20T11:39:21.9298640Z [11:39:21]: ▸ [SwiftMessages_SwiftMessages] Copying successIconSubtle@3x.png
Build	Fastlane Build & Archive	2026-07-20T11:39:21.9301390Z [11:39:21]: ▸ [SwiftMessages_SwiftMessages] Copying successIconSubtle@2x.png
Build	Fastlane Build & Archive	2026-07-20T11:39:21.9303930Z [11:39:21]: ▸ [SwiftMessages_SwiftMessages] Copying successIconSubtle.png
Build	Fastlane Build & Archive	2026-07-20T11:39:21.9306240Z [11:39:21]: ▸ [SwiftMessages_SwiftMessages] Copying successIconLight@3x.png
Build	Fastlane Build & Archive	2026-07-20T11:39:21.9308550Z [11:39:21]: ▸ [SwiftMessages_SwiftMessages] Copying successIconLight@2x.png
Build	Fastlane Build & Archive	2026-07-20T11:39:21.9310830Z [11:39:21]: ▸ [SwiftMessages_SwiftMessages] Copying successIconLight.png
Build	Fastlane Build & Archive	2026-07-20T11:39:21.9313200Z [11:39:21]: ▸ [SwiftMessages_SwiftMessages] Copying successIcon@3x.png
Build	Fastlane Build & Archive	2026-07-20T11:39:21.9315410Z [11:39:21]: ▸ [SwiftMessages_SwiftMessages] Copying successIcon@2x.png
Build	Fastlane Build & Archive	2026-07-20T11:39:21.9317630Z [11:39:21]: ▸ [SwiftMessages_SwiftMessages] Copying successIcon.png
Build	Fastlane Build & Archive	2026-07-20T11:39:21.9320680Z [11:39:21]: ▸ [SwiftMessages_SwiftMessages] Copying infoIconSubtle@3x.png
Build	Fastlane Build & Archive	2026-07-20T11:39:21.9323710Z [11:39:21]: ▸ [SwiftMessages_SwiftMessages] Copying infoIconSubtle@2x.png
Build	Fastlane Build & Archive	2026-07-20T11:39:21.9325880Z [11:39:21]: ▸ [SwiftMessages_SwiftMessages] Copying infoIconSubtle.png
Build	Fastlane Build & Archive	2026-07-20T11:39:21.9327910Z [11:39:21]: ▸ [SwiftMessages_SwiftMessages] Copying infoIconLight@3x.png
Build	Fastlane Build & Archive	2026-07-20T11:39:21.9330080Z [11:39:21]: ▸ [SwiftMessages_SwiftMessages] Copying infoIconLight@2x.png
Build	Fastlane Build & Archive	2026-07-20T11:39:21.9332410Z [11:39:21]: ▸ [SwiftMessages_SwiftMessages] Copying infoIconLight.png
Build	Fastlane Build & Archive	2026-07-20T11:39:21.9334660Z [11:39:21]: ▸ [SwiftMessages_SwiftMessages] Copying infoIcon@3x.png
Build	Fastlane Build & Archive	2026-07-20T11:39:21.9338000Z [11:39:21]: ▸ [SwiftMessages_SwiftMessages] Copying infoIcon@2x.png
Build	Fastlane Build & Archive	2026-07-20T11:39:21.9343250Z [11:39:21]: ▸ [SwiftMessages_SwiftMessages] Copying infoIcon.png
Build	Fastlane Build & Archive	2026-07-20T11:39:21.9345130Z [11:39:21]: ▸ [SwiftMessages_SwiftMessages] Copying errorIconSubtle@3x.png
Build	Fastlane Build & Archive	2026-07-20T11:39:21.9348690Z [11:39:21]: ▸ [SwiftMessages_SwiftMessages] Copying errorIconSubtle@2x.png
Build	Fastlane Build & Archive	2026-07-20T11:39:21.9350240Z [11:39:21]: ▸ [SwiftMessages_SwiftMessages] Copying errorIconSubtle.png
Build	Fastlane Build & Archive	2026-07-20T11:39:21.9351540Z [11:39:21]: ▸ [SwiftMessages_SwiftMessages] Copying errorIconLight@3x.png
Build	Fastlane Build & Archive	2026-07-20T11:39:21.9354190Z [11:39:21]: ▸ [SwiftMessages_SwiftMessages] Copying errorIconLight@2x.png
Build	Fastlane Build & Archive	2026-07-20T11:39:21.9358020Z [11:39:21]: ▸ [SwiftMessages_SwiftMessages] Copying errorIconLight.png
Build	Fastlane Build & Archive	2026-07-20T11:39:21.9359910Z [11:39:21]: ▸ [SwiftMessages_SwiftMessages] Copying errorIcon@3x.png
Build	Fastlane Build & Archive	2026-07-20T11:39:21.9361180Z [11:39:21]: ▸ [SwiftMessages_SwiftMessages] Copying errorIcon@2x.png
Build	Fastlane Build & Archive	2026-07-20T11:39:21.9362690Z [11:39:21]: ▸ [SwiftMessages_SwiftMessages] Copying errorIcon.png
Build	Fastlane Build & Archive	2026-07-20T11:39:21.9365400Z [11:39:21]: ▸ [SwiftMessages_SwiftMessages] Compiling TabView.xib
Build	Fastlane Build & Archive	2026-07-20T11:39:21.9367120Z [11:39:21]: ▸ [SwiftMessages_SwiftMessages] Compiling StatusLine.xib
Build	Fastlane Build & Archive	2026-07-20T11:39:21.9369750Z [11:39:21]: ▸ [SwiftMessages_SwiftMessages] Compiling MessageView.xib
Build	Fastlane Build & Archive	2026-07-20T11:39:21.9373620Z [11:39:21]: ▸ [SwiftMessages_SwiftMessages] Compiling CenteredView.xib
Build	Fastlane Build & Archive	2026-07-20T11:39:21.9376350Z [11:39:21]: ▸ [SwiftMessages_SwiftMessages] Compiling CardView.xib
Build	Fastlane Build & Archive	2026-07-20T11:39:21.9378360Z [11:39:21]: ▸ [SwiftDate_SwiftDate] Processing empty-SwiftDate_SwiftDate.plist
Build	Fastlane Build & Archive	2026-07-20T11:39:21.9381970Z [11:39:21]: ▸ [SwiftDate_SwiftDate] Copying langs
Build	Fastlane Build & Archive	2026-07-20T11:39:21.9384060Z [11:39:21]: ▸ [SwiftMessages] Copy arm64-apple-ios.swiftmodule -> SwiftMessages.swiftmodule
Build	Fastlane Build & Archive	2026-07-20T11:39:21.9390030Z [11:39:21]: ▸ [SwiftMessages] Copy arm64-apple-ios.swiftdoc -> SwiftMessages.swiftdoc
Build	Fastlane Build & Archive	2026-07-20T11:39:21.9392520Z [11:39:21]: ▸ [SwiftMessages] Copy arm64-apple-ios.abi.json -> SwiftMessages.abi.json
Build	Fastlane Build & Archive	2026-07-20T11:39:21.9395450Z [11:39:21]: ▸ [SwiftMessages_SwiftMessages] Processing empty-SwiftMessages_SwiftMessages.plist
Build	Fastlane Build & Archive	2026-07-20T11:39:21.9399000Z [11:39:21]: ▸ [Trio Watch Complication Extension] RegisterExecutionPolicyException Trio\ Watch\ Complication\ Extension.appex
Build	Fastlane Build & Archive	2026-07-20T11:39:21.9401600Z [11:39:21]: ▸ [Swinject] Linking Swinject.o
Build	Fastlane Build & Archive	2026-07-20T11:39:21.9404890Z [11:39:21]: ▸ [Trio Watch Complication Extension] Touching Trio\ Watch\ Complication\ Extension.appex
Build	Fastlane Build & Archive	2026-07-20T11:39:21.9508940Z [11:39:21]: ▸ [Trio Watch App] Linking Trio\ Watch\ App
Build	Fastlane Build & Archive	2026-07-20T11:39:21.9613030Z [11:39:21]: ▸ [Trio Watch App] Linking Trio\ Watch\ App
Build	Fastlane Build & Archive	2026-07-20T11:39:21.9717810Z [11:39:21]: ▸ [Trio Watch App] Compile XCStrings Localizable.xcstrings
Build	Fastlane Build & Archive	2026-07-20T11:39:21.9823780Z [11:39:21]: ▸ [Trio Watch App] Create Universal Binary Trio\ Watch\ App
Build	Fastlane Build & Archive	2026-07-20T11:39:21.9964050Z [11:39:21]: ▸ [Swinject] Extract App Intents Metadata
Build	Fastlane Build & Archive	2026-07-20T11:39:22.0066180Z [11:39:21]: ▸ [TidepoolKit_TidepoolKit] RegisterExecutionPolicyException TidepoolKit_TidepoolKit.bundle
Build	Fastlane Build & Archive	2026-07-20T11:39:22.0169810Z [11:39:21]: ▸ [TidepoolKit_TidepoolKit] Touching TidepoolKit_TidepoolKit.bundle
Build	Fastlane Build & Archive	2026-07-20T11:39:22.0174060Z [11:39:21]: ▸ [Swinject] RegisterExecutionPolicyException Swinject.o
Build	Fastlane Build & Archive	2026-07-20T11:39:22.0228930Z [11:39:21]: ▸ [SwiftMessages_SwiftMessages] RegisterExecutionPolicyException SwiftMessages_SwiftMessages.bundle
Build	Fastlane Build & Archive	2026-07-20T11:39:22.0233310Z [11:39:21]: ▸ [SwiftMessages_SwiftMessages] Touching SwiftMessages_SwiftMessages.bundle
Build	Fastlane Build & Archive	2026-07-20T11:39:22.0247900Z [11:39:21]: ▸ [SwiftMessages] Linking SwiftMessages.o
Build	Fastlane Build & Archive	2026-07-20T11:39:22.0350300Z [11:39:21]: ▸ [SwiftMessages] Extract App Intents Metadata
Build	Fastlane Build & Archive	2026-07-20T11:39:22.0455010Z [11:39:21]: ▸ [SwiftMessages] RegisterExecutionPolicyException SwiftMessages.o
Build	Fastlane Build & Archive	2026-07-20T11:39:22.0558370Z [11:39:21]: ▸ [SwiftDate_SwiftDate] RegisterExecutionPolicyException SwiftDate_SwiftDate.bundle
Build	Fastlane Build & Archive	2026-07-20T11:39:25.3364770Z [11:39:25]: ▸ [Trio Watch App] Copying Localizable.strings
Build	Fastlane Build & Archive	2026-07-20T11:39:25.3432550Z [11:39:25]: ▸ [Trio Watch App] Copying Localizable.strings
Build	Fastlane Build & Archive	2026-07-20T11:39:25.3434450Z [11:39:25]: ▸ [Trio Watch App] Copying Localizable.strings
Build	Fastlane Build & Archive	2026-07-20T11:39:25.3437100Z [11:39:25]: ▸ [Trio Watch App] Copying Localizable.strings
Build	Fastlane Build & Archive	2026-07-20T11:39:25.3487310Z [11:39:25]: ▸ [Trio Watch App] Copying Localizable.strings
Build	Fastlane Build & Archive	2026-07-20T11:39:25.3493290Z [11:39:25]: ▸ [Trio Watch App] Copying Localizable.strings
Build	Fastlane Build & Archive	2026-07-20T11:39:25.3496930Z [11:39:25]: ▸ [Trio Watch App] Copying Localizable.strings
Build	Fastlane Build & Archive	2026-07-20T11:39:25.3500080Z [11:39:25]: ▸ [Trio Watch App] Copying Localizable.strings
Build	Fastlane Build & Archive	2026-07-20T11:39:25.3503030Z [11:39:25]: ▸ [Trio Watch App] Copying Localizable.strings
Build	Fastlane Build & Archive	2026-07-20T11:39:25.3503850Z [11:39:25]: ▸ [Trio Watch App] Copying Localizable.strings
Build	Fastlane Build & Archive	2026-07-20T11:39:25.3505750Z [11:39:25]: ▸ [Trio Watch App] Copying Localizable.strings
Build	Fastlane Build & Archive	2026-07-20T11:39:25.3506550Z [11:39:25]: ▸ [Trio Watch App] Copying Localizable.strings
Build	Fastlane Build & Archive	2026-07-20T11:39:25.3507250Z [11:39:25]: ▸ [Trio Watch App] Copying Localizable.strings
Build	Fastlane Build & Archive	2026-07-20T11:39:25.3507940Z [11:39:25]: ▸ [Trio Watch App] Copying Localizable.strings
Build	Fastlane Build & Archive	2026-07-20T11:39:25.3509560Z [11:39:25]: ▸ [Trio Watch App] Copying Localizable.strings
Build	Fastlane Build & Archive	2026-07-20T11:39:25.3510260Z [11:39:25]: ▸ [Trio Watch App] Copying Localizable.strings
Build	Fastlane Build & Archive	2026-07-20T11:39:25.3511540Z [11:39:25]: ▸ [Trio Watch App] Copying Localizable.strings
Build	Fastlane Build & Archive	2026-07-20T11:39:25.3513090Z [11:39:25]: ▸ [Trio Watch App] Copying Localizable.strings
Build	Fastlane Build & Archive	2026-07-20T11:39:25.3514400Z [11:39:25]: ▸ [Trio Watch App] Copying Localizable.strings
Build	Fastlane Build & Archive	2026-07-20T11:39:25.3515090Z [11:39:25]: ▸ [Trio Watch App] Copying Localizable.strings
Build	Fastlane Build & Archive	2026-07-20T11:39:25.3515770Z [11:39:25]: ▸ [Trio Watch App] Copying Localizable.strings
Build	Fastlane Build & Archive	2026-07-20T11:39:25.3518000Z [11:39:25]: ▸ [Trio Watch App] Copy Trio\ Watch\ Complication\ Extension.appex -> Trio\ Watch\ Complication\ Extension.appex
Build	Fastlane Build & Archive	2026-07-20T11:39:25.3518950Z [11:39:25]: ▸ [Trio Watch App] Processing empty-Trio\ Watch\ App.plist
Build	Fastlane Build & Archive	2026-07-20T11:39:37.5247120Z [11:39:37]: ▸ [Trio Watch App] Generating Trio\ Watch\ App.app.dSYM
Build	Fastlane Build & Archive	2026-07-20T11:39:37.5385200Z [11:39:37]: ▸ [Trio Watch App] Extract App Intents Metadata
Build	Fastlane Build & Archive	2026-07-20T11:39:37.5488500Z [11:39:37]: ▸ [TidepoolKit] Copy arm64-apple-ios.swiftmodule -> TidepoolKit.swiftmodule
Build	Fastlane Build & Archive	2026-07-20T11:39:37.5526750Z [11:39:37]: ▸ [TidepoolKit] Copy arm64-apple-ios.swiftdoc -> TidepoolKit.swiftdoc
Build	Fastlane Build & Archive	2026-07-20T11:39:37.5628870Z [11:39:37]: ▸ [TidepoolKit] Copy arm64-apple-ios.abi.json -> TidepoolKit.abi.json
Build	Fastlane Build & Archive	2026-07-20T11:39:37.5735240Z [11:39:37]: ▸ [SwiftDate] Copy arm64-apple-ios.swiftmodule -> SwiftDate.swiftmodule
Build	Fastlane Build & Archive	2026-07-20T11:39:37.5843740Z [11:39:37]: ▸ [SwiftDate] Copy arm64-apple-ios.swiftdoc -> SwiftDate.swiftdoc
Build	Fastlane Build & Archive	2026-07-20T11:39:37.5950960Z [11:39:37]: ▸ [SwiftDate] Copy arm64-apple-ios.abi.json -> SwiftDate.abi.json
Build	Fastlane Build & Archive	2026-07-20T11:39:37.6055090Z [11:39:37]: ▸ [SlideButton] Copy arm64-apple-ios.swiftmodule -> SlideButton.swiftmodule
Build	Fastlane Build & Archive	2026-07-20T11:39:37.6157900Z [11:39:37]: ▸ [SlideButton] Copy arm64-apple-ios.swiftdoc -> SlideButton.swiftdoc
Build	Fastlane Build & Archive	2026-07-20T11:39:37.6261260Z [11:39:37]: ▸ [SlideButton] Copy arm64-apple-ios.abi.json -> SlideButton.abi.json
Build	Fastlane Build & Archive	2026-07-20T11:39:37.6365610Z [11:39:37]: ▸ [RealModule] Copy arm64-apple-ios.swiftmodule -> RealModule.swiftmodule
Build	Fastlane Build & Archive	2026-07-20T11:39:37.6470290Z [11:39:37]: ▸ [RealModule] Copy arm64-apple-ios.swiftdoc -> RealModule.swiftdoc
Build	Fastlane Build & Archive	2026-07-20T11:39:37.6573320Z [11:39:37]: ▸ [RealModule] Copy arm64-apple-ios.abi.json -> RealModule.abi.json
Build	Fastlane Build & Archive	2026-07-20T11:39:37.6676480Z [11:39:37]: ▸ [SwiftDate_SwiftDate] Touching SwiftDate_SwiftDate.bundle
Build	Fastlane Build & Archive	2026-07-20T11:39:37.6696020Z [11:39:37]: ▸ [MKRingProgressView] Copy arm64-apple-ios.swiftmodule -> MKRingProgressView.swiftmodule
Build	Fastlane Build & Archive	2026-07-20T11:39:37.6701540Z [11:39:37]: ▸ [MKRingProgressView] Copy arm64-apple-ios.swiftdoc -> MKRingProgressView.swiftdoc
Build	Fastlane Build & Archive	2026-07-20T11:39:37.6702530Z [11:39:37]: ▸ [MKRingProgressView] Copy arm64-apple-ios.abi.json -> MKRingProgressView.abi.json
Build	Fastlane Build & Archive	2026-07-20T11:39:37.6703550Z [11:39:37]: ▸ [Promises_Promises] Processing empty-Promises_Promises.plist
Build	Fastlane Build & Archive	2026-07-20T11:39:37.6704910Z [11:39:37]: ▸ [Promises_Promises] Copying PrivacyInfo.xcprivacy
Build	Fastlane Build & Archive	2026-07-20T11:39:37.6705660Z [11:39:37]: ▸ [Promises_FBLPromises] Processing empty-Promises_FBLPromises.plist
Build	Fastlane Build & Archive	2026-07-20T11:39:37.6707410Z [11:39:37]: ▸ [Promises_FBLPromises] Copying PrivacyInfo.xcprivacy
Build	Fastlane Build & Archive	2026-07-20T11:39:37.6730460Z [11:39:37]: ▸ [LoopKit-watchOS] Processing Info.plist
Build	Fastlane Build & Archive	2026-07-20T11:39:37.6732520Z [11:39:37]: ▸ [LoopKit] Processing Info.plist
Build	Fastlane Build & Archive	2026-07-20T11:39:37.6780370Z [11:39:37]: ▸ [TidepoolKit] Linking TidepoolKit.o
Build	Fastlane Build & Archive	2026-07-20T11:39:37.6782090Z [11:39:37]: ▸ [SlideButton] Linking SlideButton.o
Build	Fastlane Build & Archive	2026-07-20T11:39:37.6815970Z [11:39:37]: ▸ [TidepoolKit] Extract App Intents Metadata
Build	Fastlane Build & Archive	2026-07-20T11:39:37.6816910Z [11:39:37]: ▸ [Promises] Copy arm64-apple-ios.swiftmodule -> Promises.swiftmodule
Build	Fastlane Build & Archive	2026-07-20T11:39:37.6849490Z [11:39:37]: ▸ [Promises] Copy arm64-apple-ios.swiftdoc -> Promises.swiftdoc
Build	Fastlane Build & Archive	2026-07-20T11:39:37.6882710Z [11:39:37]: ▸ [Promises] Copy arm64-apple-ios.abi.json -> Promises.abi.json
Build	Fastlane Build & Archive	2026-07-20T11:39:37.6889290Z [11:39:37]: ▸ [SwiftDate] Linking SwiftDate.o
Build	Fastlane Build & Archive	2026-07-20T11:39:37.6897400Z [11:39:37]: ▸ [SwiftDate] Extract App Intents Metadata
Build	Fastlane Build & Archive	2026-07-20T11:39:37.6898390Z [11:39:37]: ▸ [SlideButton] Extract App Intents Metadata
Build	Fastlane Build & Archive	2026-07-20T11:39:37.6904300Z [11:39:37]: ▸ Signing Trio\ Watch\ App.app (in target 'Trio Watch App' from project 'Trio')
Build	Fastlane Build & Archive	2026-07-20T11:39:37.6906730Z [11:39:37]: ▸ [RealModule] Linking RealModule.o
Build	Fastlane Build & Archive	2026-07-20T11:39:37.7020440Z [11:39:37]: ▸ [RealModule] Extract App Intents Metadata
Build	Fastlane Build & Archive	2026-07-20T11:39:37.7122680Z [11:39:37]: ▸ [Trio Watch App] Validate Embedded Binary Trio\ Watch\ Complication\ Extension.appex
Build	Fastlane Build & Archive	2026-07-20T11:39:37.7225320Z [11:39:37]: ▸ [TidepoolKit] RegisterExecutionPolicyException TidepoolKit.o
Build	Fastlane Build & Archive	2026-07-20T11:39:37.7327050Z [11:39:37]: ▸ [Trio Watch App] RegisterExecutionPolicyException Trio\ Watch\ App.app
Build	Fastlane Build & Archive	2026-07-20T11:39:37.7430200Z [11:39:37]: ▸ [Trio Watch App] Validate Trio\ Watch\ App.app
Build	Fastlane Build & Archive	2026-07-20T11:39:37.7533980Z [11:39:37]: ▸ [Trio Watch App] Touching Trio\ Watch\ App.app
Build	Fastlane Build & Archive	2026-07-20T11:39:37.7551680Z [11:39:37]: ▸ [SwiftDate] RegisterExecutionPolicyException SwiftDate.o
Build	Fastlane Build & Archive	2026-07-20T11:39:37.7586790Z [11:39:37]: ▸ [SlideButton] RegisterExecutionPolicyException SlideButton.o
Build	Fastlane Build & Archive	2026-07-20T11:39:37.7692800Z [11:39:37]: ▸ [SlideButton] Processing empty-SlideButton_1E408AF8C9CA7A78_PackageProduct.plist
Build	Fastlane Build & Archive	2026-07-20T11:39:37.7704520Z [11:39:37]: ▸ [SlideButton] Linking SlideButton_1E408AF8C9CA7A78_PackageProduct
Build	Fastlane Build & Archive	2026-07-20T11:39:37.7746160Z [11:39:37]: ▸ [SlideButton] Generating SlideButton_1E408AF8C9CA7A78_PackageProduct.framework.dSYM
Build	Fastlane Build & Archive	2026-07-20T11:39:37.7747240Z [11:39:37]: ▸ [RealModule] RegisterExecutionPolicyException RealModule.o
Build	Fastlane Build & Archive	2026-07-20T11:39:37.7748490Z [11:39:37]: ▸ [MKRingProgressView] Linking MKRingProgressView.o
Build	Fastlane Build & Archive	2026-07-20T11:39:37.7749630Z [11:39:37]: ▸ [SlideButton] RegisterExecutionPolicyException SlideButton_1E408AF8C9CA7A78_PackageProduct.framework
Build	Fastlane Build & Archive	2026-07-20T11:39:37.7750560Z [11:39:37]: ▸ [MKRingProgressView] Extract App Intents Metadata
Build	Fastlane Build & Archive	2026-07-20T11:39:37.7751880Z [11:39:37]: ▸ [SlideButton] Touching SlideButton_1E408AF8C9CA7A78_PackageProduct.framework
Build	Fastlane Build & Archive	2026-07-20T11:39:37.7752820Z [11:39:37]: ▸ [Promises_Promises] RegisterExecutionPolicyException Promises_Promises.bundle
Build	Fastlane Build & Archive	2026-07-20T11:39:37.7856890Z [11:39:37]: ▸ [Promises_Promises] Touching Promises_Promises.bundle
Build	Fastlane Build & Archive	2026-07-20T11:39:37.7960930Z [11:39:37]: ▸ [Promises_FBLPromises] RegisterExecutionPolicyException Promises_FBLPromises.bundle
Build	Fastlane Build & Archive	2026-07-20T11:39:37.8062830Z [11:39:37]: ▸ [Promises_FBLPromises] Touching Promises_FBLPromises.bundle
Build	Fastlane Build & Archive	2026-07-20T11:40:20.9231390Z [11:40:20]: ▸ ::warning file=/Users/runner/work/Trio/Trio/LoopKit/LoopKit/GlucoseKit/HKDevice+Encodable.swift,line=12,col=1::extension declares a conformance of imported type 'HKDevice' to imported protocol 'Encodable'; this will not behave correctly if the owners of 'HealthKit' introduce this conformance in the future
Build	Fastlane Build & Archive	2026-07-20T11:40:20.9335910Z [11:40:20]: ▸ extension HKDevice: Encodable {
Build	Fastlane Build & Archive	2026-07-20T11:40:20.9436930Z [11:40:20]: ▸ ^
Build	Fastlane Build & Archive	2026-07-20T11:40:20.9443780Z [11:40:20]: ▸ ::warning file=/Users/runner/work/Trio/Trio/LoopKit/LoopKit/HealthKitSampleStore.swift,line=27,col=1::sendability of function types in instance method 'save(_:withCompletion:)' does not match requirement in protocol 'HKHealthStoreProtocol'; this is an error in the Swift 6 language mode
Build	Fastlane Build & Archive	2026-07-20T11:40:20.9557950Z [11:40:20]: ▸ extension HKHealthStore: HKHealthStoreProtocol {
Build	Fastlane Build & Archive	2026-07-20T11:40:20.9558650Z [11:40:20]: ▸ ^
Build	Fastlane Build & Archive	2026-07-20T11:40:20.9659670Z [11:40:20]: ▸ ::warning file=/Users/runner/work/Trio/Trio/LoopKit/LoopKit/HealthKitSampleStore.swift,line=27,col=1::sendability of function types in instance method 'save(_:withCompletion:)' does not match requirement in protocol 'HKHealthStoreProtocol'; this is an error in the Swift 6 language mode
Build	Fastlane Build & Archive	2026-07-20T11:40:20.9760030Z [11:40:20]: ▸ extension HKHealthStore: HKHealthStoreProtocol {
Build	Fastlane Build & Archive	2026-07-20T11:40:20.9861860Z [11:40:20]: ▸ ^
Build	Fastlane Build & Archive	2026-07-20T11:40:20.9966400Z [11:40:20]: ▸ ::warning file=/Users/runner/work/Trio/Trio/LoopKit/LoopKit/HealthKitSampleStore.swift,line=27,col=1::sendability of function types in instance method 'deleteObjects(of:predicate:withCompletion:)' does not match requirement in protocol 'HKHealthStoreProtocol'; this is an error in the Swift 6 language mode
Build	Fastlane Build & Archive	2026-07-20T11:40:21.0064040Z [11:40:20]: ▸ extension HKHealthStore: HKHealthStoreProtocol {
Build	Fastlane Build & Archive	2026-07-20T11:40:21.0165530Z [11:40:20]: ▸ ^
Build	Fastlane Build & Archive	2026-07-20T11:40:21.0268030Z [11:40:20]: ▸ ::warning file=/Users/runner/work/Trio/Trio/LoopKit/LoopKit/InsulinKit/InsulinDeliveryStore.swift,line=289,col=17::capture of 'self' with non-Sendable type 'InsulinDeliveryStore' in a '@Sendable' closure
Build	Fastlane Build & Archive	2026-07-20T11:40:21.0372010Z [11:40:20]: ▸                 self.cacheStore.managedObjectContext.performAndWait {
Build	Fastlane Build & Archive	2026-07-20T11:40:21.0473890Z [11:40:20]: ▸                 ^
Build	Fastlane Build & Archive	2026-07-20T11:40:21.0476360Z [11:40:20]: ▸ ::warning file=/Users/runner/work/Trio/Trio/LoopKit/LoopKit/InsulinKit/InsulinDeliveryStore.swift,line=327,col=17::capture of 'self' with non-Sendable type 'InsulinDeliveryStore' in a '@Sendable' closure
Build	Fastlane Build & Archive	2026-07-20T11:40:21.0480450Z [11:40:20]: ▸                 self.cacheStore.managedObjectContext.performAndWait {
Build	Fastlane Build & Archive	2026-07-20T11:40:21.0481080Z [11:40:20]: ▸                 ^
Build	Fastlane Build & Archive	2026-07-20T11:40:21.0485360Z [11:40:20]: ▸ ::warning file=/Users/runner/work/Trio/Trio/LoopKit/LoopKit/InsulinKit/InsulinDeliveryStore.swift,line=524,col=17::capture of 'self' with non-Sendable type 'InsulinDeliveryStore' in a '@Sendable' closure
Build	Fastlane Build & Archive	2026-07-20T11:40:21.0488270Z [11:40:20]: ▸                 self.cacheStore.managedObjectContext.performAndWait {
Build	Fastlane Build & Archive	2026-07-20T11:40:21.0489560Z [11:40:20]: ▸                 ^
Build	Fastlane Build & Archive	2026-07-20T11:40:21.0492130Z [11:40:20]: ▸ ::warning file=/Users/runner/work/Trio/Trio/LoopKit/LoopKit/InsulinKit/InsulinDeliveryStore.swift,line=532,col=145::capture of 'entries' with non-Sendable type '[DoseEntry]' in a '@Sendable' closure
Build	Fastlane Build & Archive	2026-07-20T11:40:21.0496800Z [11:40:20]: ▸                             request.predicate = NSCompoundPredicate(andPredicateWithSubpredicates: [NSPredicate(format: "syncIdentifier IN %@", entries.map { $0.syncIdentifier })])
Build	Fastlane Build & Archive	2026-07-20T11:40:21.0499910Z [11:40:20]: ▸                                                                                                                                                 ^
Build	Fastlane Build & Archive	2026-07-20T11:40:21.0502310Z [11:40:20]: ▸ ::warning file=/Users/runner/work/Trio/Trio/LoopKit/LoopKit/Extensions/Double.swift,line=11,col=1::extension declares a conformance of imported type 'Double' to imported protocol 'RawRepresentable'; this will not behave correctly if the owners of 'Swift' introduce this conformance in the future
Build	Fastlane Build & Archive	2026-07-20T11:40:21.0503610Z [11:40:20]: ▸ extension Double: RawRepresentable {
Build	Fastlane Build & Archive	2026-07-20T11:40:21.0504090Z [11:40:20]: ▸ ^
Build	Fastlane Build & Archive	2026-07-20T11:40:21.0505060Z [11:40:20]: ▸ ::warning file=/Users/runner/work/Trio/Trio/LoopKit/LoopKit/DeviceManager/DeviceLog/PersistentDeviceLog.swift,line=15,col=7::class 'PersistentContainer' must restate inherited '@unchecked Sendable' conformance
Build	Fastlane Build & Archive	2026-07-20T11:40:21.0506310Z [11:40:20]: ▸ class PersistentContainer: NSPersistentContainer { }
Build	Fastlane Build & Archive	2026-07-20T11:40:21.0507200Z [11:40:20]: ▸       ^
Build	Fastlane Build & Archive	2026-07-20T11:40:21.0508060Z [11:40:20]: ▸ ::warning file=/Users/runner/work/Trio/Trio/LoopKit/LoopKit/CarbKit/CarbStore.swift,line=768,col=39::capture of 'self' with non-Sendable type 'CarbStore' in a '@Sendable' closure
Build	Fastlane Build & Archive	2026-07-20T11:40:21.0509190Z [11:40:20]: ▸                     let entries = try self.cacheStore.managedObjectContext.fetch(request).compactMap { StoredCarbEntry(managedObject: $0) }
Build	Fastlane Build & Archive	2026-07-20T11:40:21.0509890Z [11:40:20]: ▸                                       ^
Build	Fastlane Build & Archive	2026-07-20T11:40:21.0510800Z [11:40:20]: ▸ ::warning file=/Users/runner/work/Trio/Trio/LoopKit/LoopKit/GlucoseKit/GlucoseStore.swift,line=268,col=30::capture of 'self' with non-Sendable type 'GlucoseStore' in a '@Sendable' closure
Build	Fastlane Build & Archive	2026-07-20T11:40:21.0512820Z [11:40:20]: ▸                 let result = self.getGlucoseSamples(start: start, end: end)
Build	Fastlane Build & Archive	2026-07-20T11:40:21.0513730Z [11:40:20]: ▸                              ^
Build	Fastlane Build & Archive	2026-07-20T11:40:21.0514990Z [11:40:20]: ▸ ::warning file=/Users/runner/work/Trio/Trio/LoopKit/LoopKit/Extensions/HKQuantity.swift,line=13,col=1::extension declares a conformance of imported type 'HKQuantity' to imported protocol 'Comparable'; this will not behave correctly if the owners of 'HealthKit' introduce this conformance in the future
Build	Fastlane Build & Archive	2026-07-20T11:40:21.0516160Z [11:40:20]: ▸ extension HKQuantity: Comparable { }
Build	Fastlane Build & Archive	2026-07-20T11:40:21.0516560Z [11:40:20]: ▸ ^
Build	Fastlane Build & Archive	2026-07-20T11:40:21.1137000Z [11:40:21]: ▸ [SwiftCharts] Copy arm64-apple-ios.swiftmodule -> SwiftCharts.swiftmodule
Build	Fastlane Build & Archive	2026-07-20T11:40:21.1310380Z [11:40:21]: ▸ [SwiftCharts] Copy arm64-apple-ios.swiftdoc -> SwiftCharts.swiftdoc
Build	Fastlane Build & Archive	2026-07-20T11:40:21.1311290Z [11:40:21]: ▸ [SwiftCharts] Copy arm64-apple-ios.abi.json -> SwiftCharts.abi.json
Build	Fastlane Build & Archive	2026-07-20T11:40:26.0886970Z [11:40:26]: ▸ ::warning file=/Users/runner/work/Trio/Trio/LoopKit/LoopKit/GlucoseKit/HKDevice+Encodable.swift,line=12,col=1::extension declares a conformance of imported type 'HKDevice' to imported protocol 'Encodable'; this will not behave correctly if the owners of 'HealthKit' introduce this conformance in the future
Build	Fastlane Build & Archive	2026-07-20T11:40:26.0990650Z [11:40:26]: ▸ extension HKDevice: Encodable {
Build	Fastlane Build & Archive	2026-07-20T11:40:26.1092800Z [11:40:26]: ▸ ^
Build	Fastlane Build & Archive	2026-07-20T11:40:26.1169150Z [11:40:26]: ▸ ::warning file=/Users/runner/work/Trio/Trio/LoopKit/LoopKit/HealthKitSampleStore.swift,line=27,col=1::sendability of function types in instance method 'save(_:withCompletion:)' does not match requirement in protocol 'HKHealthStoreProtocol'; this is an error in the Swift 6 language mode
Build	Fastlane Build & Archive	2026-07-20T11:40:26.1207010Z [11:40:26]: ▸ extension HKHealthStore: HKHealthStoreProtocol {
Build	Fastlane Build & Archive	2026-07-20T11:40:26.1312290Z [11:40:26]: ▸ ^
Build	Fastlane Build & Archive	2026-07-20T11:40:26.1420570Z [11:40:26]: ▸ ::warning file=/Users/runner/work/Trio/Trio/LoopKit/LoopKit/HealthKitSampleStore.swift,line=27,col=1::sendability of function types in instance method 'save(_:withCompletion:)' does not match requirement in protocol 'HKHealthStoreProtocol'; this is an error in the Swift 6 language mode
Build	Fastlane Build & Archive	2026-07-20T11:40:26.1541510Z [11:40:26]: ▸ extension HKHealthStore: HKHealthStoreProtocol {
Build	Fastlane Build & Archive	2026-07-20T11:40:26.1644010Z [11:40:26]: ▸ ^
Build	Fastlane Build & Archive	2026-07-20T11:40:26.1752030Z [11:40:26]: ▸ ::warning file=/Users/runner/work/Trio/Trio/LoopKit/LoopKit/HealthKitSampleStore.swift,line=27,col=1::sendability of function types in instance method 'deleteObjects(of:predicate:withCompletion:)' does not match requirement in protocol 'HKHealthStoreProtocol'; this is an error in the Swift 6 language mode
Build	Fastlane Build & Archive	2026-07-20T11:40:26.1856030Z [11:40:26]: ▸ extension HKHealthStore: HKHealthStoreProtocol {
Build	Fastlane Build & Archive	2026-07-20T11:40:26.1960030Z [11:40:26]: ▸ ^
Build	Fastlane Build & Archive	2026-07-20T11:40:26.2046930Z [11:40:26]: ▸ ::warning file=/Users/runner/work/Trio/Trio/LoopKit/LoopKit/InsulinKit/InsulinDeliveryStore.swift,line=289,col=17::capture of 'self' with non-Sendable type 'InsulinDeliveryStore' in a '@Sendable' closure
Build	Fastlane Build & Archive	2026-07-20T11:40:26.2050960Z [11:40:26]: ▸                 self.cacheStore.managedObjectContext.performAndWait {
Build	Fastlane Build & Archive	2026-07-20T11:40:26.2051840Z [11:40:26]: ▸                 ^
Build	Fastlane Build & Archive	2026-07-20T11:40:26.2052990Z [11:40:26]: ▸ ::warning file=/Users/runner/work/Trio/Trio/LoopKit/LoopKit/InsulinKit/InsulinDeliveryStore.swift,line=327,col=17::capture of 'self' with non-Sendable type 'InsulinDeliveryStore' in a '@Sendable' closure
Build	Fastlane Build & Archive	2026-07-20T11:40:26.2054380Z [11:40:26]: ▸                 self.cacheStore.managedObjectContext.performAndWait {
Build	Fastlane Build & Archive	2026-07-20T11:40:26.2058670Z [11:40:26]: ▸                 ^
Build	Fastlane Build & Archive	2026-07-20T11:40:26.2060450Z [11:40:26]: ▸ ::warning file=/Users/runner/work/Trio/Trio/LoopKit/LoopKit/InsulinKit/InsulinDeliveryStore.swift,line=524,col=17::capture of 'self' with non-Sendable type 'InsulinDeliveryStore' in a '@Sendable' closure
Build	Fastlane Build & Archive	2026-07-20T11:40:26.2061810Z [11:40:26]: ▸                 self.cacheStore.managedObjectContext.performAndWait {
Build	Fastlane Build & Archive	2026-07-20T11:40:26.2062530Z [11:40:26]: ▸                 ^
Build	Fastlane Build & Archive	2026-07-20T11:40:26.2063620Z [11:40:26]: ▸ ::warning file=/Users/runner/work/Trio/Trio/LoopKit/LoopKit/InsulinKit/InsulinDeliveryStore.swift,line=532,col=145::capture of 'entries' with non-Sendable type '[DoseEntry]' in a '@Sendable' closure
Build	Fastlane Build & Archive	2026-07-20T11:40:26.2068780Z [11:40:26]: ▸                             request.predicate = NSCompoundPredicate(andPredicateWithSubpredicates: [NSPredicate(format: "syncIdentifier IN %@", entries.map { $0.syncIdentifier })])
Build	Fastlane Build & Archive	2026-07-20T11:40:26.2070280Z [11:40:26]: ▸                                                                                                                                                 ^
Build	Fastlane Build & Archive	2026-07-20T11:40:26.2071960Z [11:40:26]: ▸ ::warning file=/Users/runner/work/Trio/Trio/LoopKit/LoopKit/Extensions/Double.swift,line=11,col=1::extension declares a conformance of imported type 'Double' to imported protocol 'RawRepresentable'; this will not behave correctly if the owners of 'Swift' introduce this conformance in the future
Build	Fastlane Build & Archive	2026-07-20T11:40:26.2079940Z [11:40:26]: ▸ extension Double: RawRepresentable {
Build	Fastlane Build & Archive	2026-07-20T11:40:26.2080590Z [11:40:26]: ▸ ^
Build	Fastlane Build & Archive	2026-07-20T11:40:26.2081720Z [11:40:26]: ▸ ::warning file=/Users/runner/work/Trio/Trio/LoopKit/LoopKit/DeviceManager/DeviceLog/PersistentDeviceLog.swift,line=15,col=7::class 'PersistentContainer' must restate inherited '@unchecked Sendable' conformance
Build	Fastlane Build & Archive	2026-07-20T11:40:26.2084330Z [11:40:26]: ▸ class PersistentContainer: NSPersistentContainer { }
Build	Fastlane Build & Archive	2026-07-20T11:40:26.2086100Z [11:40:26]: ▸       ^
Build	Fastlane Build & Archive	2026-07-20T11:40:26.2087440Z [11:40:26]: ▸ ::warning file=/Users/runner/work/Trio/Trio/LoopKit/LoopKit/CarbKit/CarbStore.swift,line=768,col=39::capture of 'self' with non-Sendable type 'CarbStore' in a '@Sendable' closure
Build	Fastlane Build & Archive	2026-07-20T11:40:26.2096250Z [11:40:26]: ▸                     let entries = try self.cacheStore.managedObjectContext.fetch(request).compactMap { StoredCarbEntry(managedObject: $0) }
Build	Fastlane Build & Archive	2026-07-20T11:40:26.2097410Z [11:40:26]: ▸                                       ^
Build	Fastlane Build & Archive	2026-07-20T11:40:26.2098520Z [11:40:26]: ▸ ::warning file=/Users/runner/work/Trio/Trio/LoopKit/LoopKit/GlucoseKit/GlucoseStore.swift,line=268,col=30::capture of 'self' with non-Sendable type 'GlucoseStore' in a '@Sendable' closure
Build	Fastlane Build & Archive	2026-07-20T11:40:26.2100840Z [11:40:26]: ▸                 let result = self.getGlucoseSamples(start: start, end: end)
Build	Fastlane Build & Archive	2026-07-20T11:40:26.2102110Z [11:40:26]: ▸                              ^
Build	Fastlane Build & Archive	2026-07-20T11:40:26.2103580Z [11:40:26]: ▸ ::warning file=/Users/runner/work/Trio/Trio/LoopKit/LoopKit/Extensions/HKQuantity.swift,line=13,col=1::extension declares a conformance of imported type 'HKQuantity' to imported protocol 'Comparable'; this will not behave correctly if the owners of 'HealthKit' introduce this conformance in the future
Build	Fastlane Build & Archive	2026-07-20T11:40:26.2109060Z [11:40:26]: ▸ extension HKQuantity: Comparable { }
Build	Fastlane Build & Archive	2026-07-20T11:40:26.2109720Z [11:40:26]: ▸ ^
Build	Fastlane Build & Archive	2026-07-20T11:40:26.2110390Z [11:40:26]: ▸ [Logging] Copy arm64-apple-ios.swiftmodule -> Logging.swiftmodule
Build	Fastlane Build & Archive	2026-07-20T11:40:26.2112090Z [11:40:26]: ▸ [Logging] Copy arm64-apple-ios.swiftdoc -> Logging.swiftdoc
Build	Fastlane Build & Archive	2026-07-20T11:40:26.2113080Z [11:40:26]: ▸ [Logging] Copy arm64-apple-ios.abi.json -> Logging.abi.json
Build	Fastlane Build & Archive	2026-07-20T11:40:49.4336320Z [11:40:49]: ▸ ::warning file=/Users/runner/work/Trio/Trio/LoopKit/LoopKit/GlucoseKit/HKDevice+Encodable.swift,line=12,col=1::extension declares a conformance of imported type 'HKDevice' to imported protocol 'Encodable'; this will not behave correctly if the owners of 'HealthKit' introduce this conformance in the future
Build	Fastlane Build & Archive	2026-07-20T11:40:49.4365460Z [11:40:49]: ▸ extension HKDevice: Encodable {
Build	Fastlane Build & Archive	2026-07-20T11:40:49.4376550Z [11:40:49]: ▸ ^
Build	Fastlane Build & Archive	2026-07-20T11:40:49.4424420Z [11:40:49]: ▸ ::warning file=/Users/runner/work/Trio/Trio/LoopKit/LoopKit/HealthKitSampleStore.swift,line=27,col=1::sendability of function types in instance method 'save(_:withCompletion:)' does not match requirement in protocol 'HKHealthStoreProtocol'; this is an error in the Swift 6 language mode
Build	Fastlane Build & Archive	2026-07-20T11:40:49.4440900Z [11:40:49]: ▸ extension HKHealthStore: HKHealthStoreProtocol {
Build	Fastlane Build & Archive	2026-07-20T11:40:49.4555380Z [11:40:49]: ▸ ^
Build	Fastlane Build & Archive	2026-07-20T11:40:49.4612770Z [11:40:49]: ▸ ::warning file=/Users/runner/work/Trio/Trio/LoopKit/LoopKit/HealthKitSampleStore.swift,line=27,col=1::sendability of function types in instance method 'save(_:withCompletion:)' does not match requirement in protocol 'HKHealthStoreProtocol'; this is an error in the Swift 6 language mode
Build	Fastlane Build & Archive	2026-07-20T11:40:49.4615220Z [11:40:49]: ▸ extension HKHealthStore: HKHealthStoreProtocol {
Build	Fastlane Build & Archive	2026-07-20T11:40:49.4616650Z [11:40:49]: ▸ ^
Build	Fastlane Build & Archive	2026-07-20T11:40:49.4621030Z [11:40:49]: ▸ ::warning file=/Users/runner/work/Trio/Trio/LoopKit/LoopKit/HealthKitSampleStore.swift,line=27,col=1::sendability of function types in instance method 'deleteObjects(of:predicate:withCompletion:)' does not match requirement in protocol 'HKHealthStoreProtocol'; this is an error in the Swift 6 language mode
Build	Fastlane Build & Archive	2026-07-20T11:40:49.4622910Z [11:40:49]: ▸ extension HKHealthStore: HKHealthStoreProtocol {
Build	Fastlane Build & Archive	2026-07-20T11:40:49.4623560Z [11:40:49]: ▸ ^
Build	Fastlane Build & Archive	2026-07-20T11:40:49.4625220Z [11:40:49]: ▸ ::warning file=/Users/runner/work/Trio/Trio/LoopKit/LoopKit/InsulinKit/InsulinDeliveryStore.swift,line=289,col=17::capture of 'self' with non-Sendable type 'InsulinDeliveryStore' in a '@Sendable' closure
Build	Fastlane Build & Archive	2026-07-20T11:40:49.4626740Z [11:40:49]: ▸                 self.cacheStore.managedObjectContext.performAndWait {
Build	Fastlane Build & Archive	2026-07-20T11:40:49.4627940Z [11:40:49]: ▸                 ^
Build	Fastlane Build & Archive	2026-07-20T11:40:49.4629400Z [11:40:49]: ▸ ::warning file=/Users/runner/work/Trio/Trio/LoopKit/LoopKit/InsulinKit/InsulinDeliveryStore.swift,line=327,col=17::capture of 'self' with non-Sendable type 'InsulinDeliveryStore' in a '@Sendable' closure
Build	Fastlane Build & Archive	2026-07-20T11:40:49.4630640Z [11:40:49]: ▸                 self.cacheStore.managedObjectContext.performAndWait {
Build	Fastlane Build & Archive	2026-07-20T11:40:49.4631600Z [11:40:49]: ▸                 ^
Build	Fastlane Build & Archive	2026-07-20T11:40:49.4632830Z [11:40:49]: ▸ ::warning file=/Users/runner/work/Trio/Trio/LoopKit/LoopKit/InsulinKit/InsulinDeliveryStore.swift,line=524,col=17::capture of 'self' with non-Sendable type 'InsulinDeliveryStore' in a '@Sendable' closure
Build	Fastlane Build & Archive	2026-07-20T11:40:49.4648140Z [11:40:49]: ▸                 self.cacheStore.managedObjectContext.performAndWait {
Build	Fastlane Build & Archive	2026-07-20T11:40:49.4650140Z [11:40:49]: ▸                 ^
Build	Fastlane Build & Archive	2026-07-20T11:40:49.4664690Z [11:40:49]: ▸ ::warning file=/Users/runner/work/Trio/Trio/LoopKit/LoopKit/InsulinKit/InsulinDeliveryStore.swift,line=532,col=145::capture of 'entries' with non-Sendable type '[DoseEntry]' in a '@Sendable' closure
Build	Fastlane Build & Archive	2026-07-20T11:40:49.4666270Z [11:40:49]: ▸                             request.predicate = NSCompoundPredicate(andPredicateWithSubpredicates: [NSPredicate(format: "syncIdentifier IN %@", entries.map { $0.syncIdentifier })])
Build	Fastlane Build & Archive	2026-07-20T11:40:49.4668430Z [11:40:49]: ▸                                                                                                                                                 ^
Build	Fastlane Build & Archive	2026-07-20T11:40:49.4670070Z [11:40:49]: ▸ ::warning file=/Users/runner/work/Trio/Trio/LoopKit/LoopKit/Extensions/Double.swift,line=11,col=1::extension declares a conformance of imported type 'Double' to imported protocol 'RawRepresentable'; this will not behave correctly if the owners of 'Swift' introduce this conformance in the future
Build	Fastlane Build & Archive	2026-07-20T11:40:49.4671820Z [11:40:49]: ▸ extension Double: RawRepresentable {
Build	Fastlane Build & Archive	2026-07-20T11:40:49.4672320Z [11:40:49]: ▸ ^
Build	Fastlane Build & Archive	2026-07-20T11:40:49.4673890Z [11:40:49]: ▸ ::warning file=/Users/runner/work/Trio/Trio/LoopKit/LoopKit/DeviceManager/DeviceLog/PersistentDeviceLog.swift,line=15,col=7::class 'PersistentContainer' must restate inherited '@unchecked Sendable' conformance
Build	Fastlane Build & Archive	2026-07-20T11:40:49.4680880Z [11:40:49]: ▸ class PersistentContainer: NSPersistentContainer { }
Build	Fastlane Build & Archive	2026-07-20T11:40:49.4681920Z [11:40:49]: ▸       ^
Build	Fastlane Build & Archive	2026-07-20T11:40:49.4683180Z [11:40:49]: ▸ ::warning file=/Users/runner/work/Trio/Trio/LoopKit/LoopKit/CarbKit/CarbStore.swift,line=768,col=39::capture of 'self' with non-Sendable type 'CarbStore' in a '@Sendable' closure
Build	Fastlane Build & Archive	2026-07-20T11:40:49.4684920Z [11:40:49]: ▸                     let entries = try self.cacheStore.managedObjectContext.fetch(request).compactMap { StoredCarbEntry(managedObject: $0) }
Build	Fastlane Build & Archive	2026-07-20T11:40:49.4692170Z [11:40:49]: ▸                                       ^
Build	Fastlane Build & Archive	2026-07-20T11:40:49.4693540Z [11:40:49]: ▸ ::warning file=/Users/runner/work/Trio/Trio/LoopKit/LoopKit/GlucoseKit/GlucoseStore.swift,line=268,col=30::capture of 'self' with non-Sendable type 'GlucoseStore' in a '@Sendable' closure
Build	Fastlane Build & Archive	2026-07-20T11:40:49.4694840Z [11:40:49]: ▸                 let result = self.getGlucoseSamples(start: start, end: end)
Build	Fastlane Build & Archive	2026-07-20T11:40:49.4695800Z [11:40:49]: ▸                              ^
Build	Fastlane Build & Archive	2026-07-20T11:40:49.4712950Z [11:40:49]: ▸ ::warning file=/Users/runner/work/Trio/Trio/LoopKit/LoopKit/Extensions/HKQuantity.swift,line=13,col=1::extension declares a conformance of imported type 'HKQuantity' to imported protocol 'Comparable'; this will not behave correctly if the owners of 'HealthKit' introduce this conformance in the future
Build	Fastlane Build & Archive	2026-07-20T11:40:49.4721760Z [11:40:49]: ▸ extension HKQuantity: Comparable { }
Build	Fastlane Build & Archive	2026-07-20T11:40:49.4722670Z [11:40:49]: ▸ ^
Build	Fastlane Build & Archive	2026-07-20T11:40:49.5128950Z [11:40:49]: ▸ [LoopKit-watchOS] Copy arm64-apple-watchos.swiftmodule -> LoopKit.swiftmodule
Build	Fastlane Build & Archive	2026-07-20T11:40:49.5183490Z [11:40:49]: ▸ [LoopKit-watchOS] Copy arm64-apple-watchos.swiftdoc -> LoopKit.swiftdoc
Build	Fastlane Build & Archive	2026-07-20T11:40:49.5185020Z [11:40:49]: ▸ [LoopKit-watchOS] Copy arm64-apple-watchos.abi.json -> LoopKit.abi.json
Build	Fastlane Build & Archive	2026-07-20T11:41:36.9157810Z [11:41:36]: ▸ ::warning file=/Users/runner/work/Trio/Trio/LoopKit/LoopKit/GlucoseKit/CgmEventStore.swift,line=147,col=26::capture of 'events' with non-Sendable type '[PersistedCgmEvent]' in a '@Sendable' closure
Build	Fastlane Build & Archive	2026-07-20T11:41:36.9162910Z [11:41:36]: ▸             for event in events {
Build	Fastlane Build & Archive	2026-07-20T11:41:36.9166190Z [11:41:36]: ▸                          ^
Build	Fastlane Build & Archive	2026-07-20T11:41:36.9186810Z [11:41:36]: ▸ ::warning file=/Users/runner/work/Trio/Trio/LoopKit/LoopKit/GlucoseKit/CgmEventStore.swift,line=148,col=50::capture of 'self' with non-Sendable type 'CgmEventStore' in a '@Sendable' closure
Build	Fastlane Build & Archive	2026-07-20T11:41:36.9189970Z [11:41:36]: ▸                 let cgmEvent = CgmEvent(context: self.cacheStore.managedObjectContext)
Build	Fastlane Build & Archive	2026-07-20T11:41:36.9190970Z [11:41:36]: ▸                                                  ^
Build	Fastlane Build & Archive	2026-07-20T11:41:36.9193150Z [11:41:36]: ▸ ::warning file=/Users/runner/work/Trio/Trio/LoopKit/LoopKit/DeviceManager/DeviceLog/PersistentDeviceLog.swift,line=15,col=7::class 'PersistentContainer' must restate inherited '@unchecked Sendable' conformance
Build	Fastlane Build & Archive	2026-07-20T11:41:36.9196590Z [11:41:36]: ▸ class PersistentContainer: NSPersistentContainer { }
Build	Fastlane Build & Archive	2026-07-20T11:41:36.9198340Z [11:41:36]: ▸       ^
Build	Fastlane Build & Archive	2026-07-20T11:41:36.9202120Z [11:41:36]: ▸ ::warning file=/Users/runner/work/Trio/Trio/LoopKit/LoopKit/HealthKitSampleStore.swift,line=27,col=1::sendability of function types in instance method 'save(_:withCompletion:)' does not match requirement in protocol 'HKHealthStoreProtocol'; this is an error in the Swift 6 language mode
Build	Fastlane Build & Archive	2026-07-20T11:41:36.9205090Z [11:41:36]: ▸ extension HKHealthStore: HKHealthStoreProtocol {
Build	Fastlane Build & Archive	2026-07-20T11:41:36.9205790Z [11:41:36]: ▸ ^
Build	Fastlane Build & Archive	2026-07-20T11:41:36.9207290Z [11:41:36]: ▸ ::warning file=/Users/runner/work/Trio/Trio/LoopKit/LoopKit/HealthKitSampleStore.swift,line=27,col=1::sendability of function types in instance method 'save(_:withCompletion:)' does not match requirement in protocol 'HKHealthStoreProtocol'; this is an error in the Swift 6 language mode
Build	Fastlane Build & Archive	2026-07-20T11:41:36.9209070Z [11:41:36]: ▸ extension HKHealthStore: HKHealthStoreProtocol {
Build	Fastlane Build & Archive	2026-07-20T11:41:36.9209760Z [11:41:36]: ▸ ^
Build	Fastlane Build & Archive	2026-07-20T11:41:36.9212190Z [11:41:36]: ▸ ::warning file=/Users/runner/work/Trio/Trio/LoopKit/LoopKit/HealthKitSampleStore.swift,line=27,col=1::sendability of function types in instance method 'deleteObjects(of:predicate:withCompletion:)' does not match requirement in protocol 'HKHealthStoreProtocol'; this is an error in the Swift 6 language mode
Build	Fastlane Build & Archive	2026-07-20T11:41:36.9213700Z [11:41:36]: ▸ extension HKHealthStore: HKHealthStoreProtocol {
Build	Fastlane Build & Archive	2026-07-20T11:41:36.9214360Z [11:41:36]: ▸ ^
Build	Fastlane Build & Archive	2026-07-20T11:41:36.9215690Z [11:41:36]: ▸ ::warning file=/Users/runner/work/Trio/Trio/LoopKit/LoopKit/DosingDecisionStore.swift,line=92,col=17::capture of 'self' with non-Sendable type 'DosingDecisionStore' in a '@Sendable' closure
Build	Fastlane Build & Archive	2026-07-20T11:41:36.9216990Z [11:41:36]: ▸                 self.store.managedObjectContext.performAndWait {
Build	Fastlane Build & Archive	2026-07-20T11:41:36.9217530Z [11:41:36]: ▸                 ^
Build	Fastlane Build & Archive	2026-07-20T11:41:36.9218640Z [11:41:36]: ▸ ::warning file=/Users/runner/work/Trio/Trio/LoopKit/LoopKit/InsulinKit/InsulinDeliveryStore.swift,line=289,col=17::capture of 'self' with non-Sendable type 'InsulinDeliveryStore' in a '@Sendable' closure
Build	Fastlane Build & Archive	2026-07-20T11:41:36.9219820Z [11:41:36]: ▸                 self.cacheStore.managedObjectContext.performAndWait {
Build	Fastlane Build & Archive	2026-07-20T11:41:36.9220420Z [11:41:36]: ▸                 ^
Build	Fastlane Build & Archive	2026-07-20T11:41:36.9221620Z [11:41:36]: ▸ ::warning file=/Users/runner/work/Trio/Trio/LoopKit/LoopKit/InsulinKit/InsulinDeliveryStore.swift,line=327,col=17::capture of 'self' with non-Sendable type 'InsulinDeliveryStore' in a '@Sendable' closure
Build	Fastlane Build & Archive	2026-07-20T11:41:36.9224370Z [11:41:36]: ▸                 self.cacheStore.managedObjectContext.performAndWait {
Build	Fastlane Build & Archive	2026-07-20T11:41:36.9226280Z [11:41:36]: ▸                 ^
Build	Fastlane Build & Archive	2026-07-20T11:41:36.9228140Z [11:41:36]: ▸ ::warning file=/Users/runner/work/Trio/Trio/LoopKit/LoopKit/InsulinKit/InsulinDeliveryStore.swift,line=524,col=17::capture of 'self' with non-Sendable type 'InsulinDeliveryStore' in a '@Sendable' closure
Build	Fastlane Build & Archive	2026-07-20T11:41:36.9229430Z [11:41:36]: ▸                 self.cacheStore.managedObjectContext.performAndWait {
Build	Fastlane Build & Archive	2026-07-20T11:41:36.9230910Z [11:41:36]: ▸                 ^
Build	Fastlane Build & Archive	2026-07-20T11:41:36.9232580Z [11:41:36]: ▸ ::warning file=/Users/runner/work/Trio/Trio/LoopKit/LoopKit/InsulinKit/InsulinDeliveryStore.swift,line=532,col=145::capture of 'entries' with non-Sendable type '[DoseEntry]' in a '@Sendable' closure
Build	Fastlane Build & Archive	2026-07-20T11:41:36.9234590Z [11:41:36]: ▸                             request.predicate = NSCompoundPredicate(andPredicateWithSubpredicates: [NSPredicate(format: "syncIdentifier IN %@", entries.map { $0.syncIdentifier })])
Build	Fastlane Build & Archive	2026-07-20T11:41:36.9236020Z [11:41:36]: ▸                                                                                                                                                 ^
Build	Fastlane Build & Archive	2026-07-20T11:41:36.9237950Z [11:41:36]: ▸ ::warning file=/Users/runner/work/Trio/Trio/LoopKit/LoopKit/Extensions/Double.swift,line=11,col=1::extension declares a conformance of imported type 'Double' to imported protocol 'RawRepresentable'; this will not behave correctly if the owners of 'Swift' introduce this conformance in the future
Build	Fastlane Build & Archive	2026-07-20T11:41:36.9239540Z [11:41:36]: ▸ extension Double: RawRepresentable {
Build	Fastlane Build & Archive	2026-07-20T11:41:36.9241070Z [11:41:36]: ▸ ^
Build	Fastlane Build & Archive	2026-07-20T11:41:36.9338090Z [11:41:36]: ▸ ::warning file=/Users/runner/work/Trio/Trio/LoopKit/LoopKit/GlucoseKit/HKDevice+Encodable.swift,line=12,col=1::extension declares a conformance of imported type 'HKDevice' to imported protocol 'Encodable'; this will not behave correctly if the owners of 'HealthKit' introduce this conformance in the future
Build	Fastlane Build & Archive	2026-07-20T11:41:36.9339690Z [11:41:36]: ▸ extension HKDevice: Encodable {
Build	Fastlane Build & Archive	2026-07-20T11:41:36.9340070Z [11:41:36]: ▸ ^
Build	Fastlane Build & Archive	2026-07-20T11:41:36.9340970Z [11:41:36]: ▸ ::warning file=/Users/runner/work/Trio/Trio/LoopKit/LoopKit/SettingsStore.swift,line=227,col=38::capture of 'self' with non-Sendable type 'SettingsStore' in a '@Sendable' closure
Build	Fastlane Build & Archive	2026-07-20T11:41:36.9341930Z [11:41:36]: ▸                     let stored = try self.store.managedObjectContext.fetch(request)
Build	Fastlane Build & Archive	2026-07-20T11:41:36.9342720Z [11:41:36]: ▸                                      ^
Build	Fastlane Build & Archive	2026-07-20T11:41:36.9343610Z [11:41:36]: ▸ ::warning file=/Users/runner/work/Trio/Trio/LoopKit/LoopKit/CarbKit/CarbStore.swift,line=768,col=39::capture of 'self' with non-Sendable type 'CarbStore' in a '@Sendable' closure
Build	Fastlane Build & Archive	2026-07-20T11:41:36.9344750Z [11:41:36]: ▸                     let entries = try self.cacheStore.managedObjectContext.fetch(request).compactMap { StoredCarbEntry(managedObject: $0) }
Build	Fastlane Build & Archive	2026-07-20T11:41:36.9345830Z [11:41:36]: ▸                                       ^
Build	Fastlane Build & Archive	2026-07-20T11:41:36.9346860Z [11:41:36]: ▸ ::warning file=/Users/runner/work/Trio/Trio/LoopKit/LoopKit/GlucoseKit/GlucoseStore.swift,line=268,col=30::capture of 'self' with non-Sendable type 'GlucoseStore' in a '@Sendable' closure
Build	Fastlane Build & Archive	2026-07-20T11:41:36.9347990Z [11:41:36]: ▸                 let result = self.getGlucoseSamples(start: start, end: end)
Build	Fastlane Build & Archive	2026-07-20T11:41:36.9348760Z [11:41:36]: ▸                              ^
Build	Fastlane Build & Archive	2026-07-20T11:41:36.9350230Z [11:41:36]: ▸ ::warning file=/Users/runner/work/Trio/Trio/LoopKit/LoopKit/Extensions/HKQuantity.swift,line=13,col=1::extension declares a conformance of imported type 'HKQuantity' to imported protocol 'Comparable'; this will not behave correctly if the owners of 'HealthKit' introduce this conformance in the future
Build	Fastlane Build & Archive	2026-07-20T11:41:36.9352110Z [11:41:36]: ▸ extension HKQuantity: Comparable { }
Build	Fastlane Build & Archive	2026-07-20T11:41:36.9352980Z [11:41:36]: ▸ ^
Build	Fastlane Build & Archive	2026-07-20T11:41:37.0415700Z [11:41:37]: ▸ [LoopKit-watchOS] Copy arm64_32-apple-watchos.swiftmodule -> LoopKit.swiftmodule
Build	Fastlane Build & Archive	2026-07-20T11:41:37.0526520Z [11:41:37]: ▸ [LoopKit-watchOS] Copy arm64_32-apple-watchos.swiftdoc -> LoopKit.swiftdoc
Build	Fastlane Build & Archive	2026-07-20T11:41:37.0640790Z [11:41:37]: ▸ [LoopKit-watchOS] Copy arm64_32-apple-watchos.abi.json -> LoopKit.abi.json
Build	Fastlane Build & Archive	2026-07-20T11:41:37.0748600Z [11:41:37]: ▸ [LoopKit-watchOS] Compile XCStrings Localizable.xcstrings
Build	Fastlane Build & Archive	2026-07-20T11:41:37.0749440Z [11:41:37]: ▸ [LoopKit-watchOS] Compile XCStrings InfoPlist.xcstrings
Build	Fastlane Build & Archive	2026-07-20T11:41:37.0853340Z [11:41:37]: ▸ [LoopKit-watchOS] Copying Localizable.strings
Build	Fastlane Build & Archive	2026-07-20T11:41:37.0956950Z [11:41:37]: ▸ [LoopKit-watchOS] Copying Localizable.strings
Build	Fastlane Build & Archive	2026-07-20T11:41:37.1060430Z [11:41:37]: ▸ [LoopKit-watchOS] Copying Localizable.strings
Build	Fastlane Build & Archive	2026-07-20T11:41:37.1163080Z [11:41:37]: ▸ [LoopKit-watchOS] Copying Localizable.strings
Build	Fastlane Build & Archive	2026-07-20T11:41:37.1265150Z [11:41:37]: ▸ [LoopKit-watchOS] Copying InfoPlist.strings
Build	Fastlane Build & Archive	2026-07-20T11:41:37.1337910Z [11:41:37]: ▸ [LoopKit-watchOS] Copying Localizable.strings
Build	Fastlane Build & Archive	2026-07-20T11:41:37.1338830Z [11:41:37]: ▸ [LoopKit-watchOS] Copying InfoPlist.strings
Build	Fastlane Build & Archive	2026-07-20T11:41:37.1339690Z [11:41:37]: ▸ [LoopKit-watchOS] Copying Localizable.strings
Build	Fastlane Build & Archive	2026-07-20T11:41:37.1340510Z [11:41:37]: ▸ [LoopKit-watchOS] Copying Localizable.strings
Build	Fastlane Build & Archive	2026-07-20T11:41:37.1341230Z [11:41:37]: ▸ [LoopKit-watchOS] Copying InfoPlist.strings
Build	Fastlane Build & Archive	2026-07-20T11:41:37.1342140Z [11:41:37]: ▸ [LoopKit-watchOS] Copying Localizable.strings
Build	Fastlane Build & Archive	2026-07-20T11:41:37.1343030Z [11:41:37]: ▸ [LoopKit-watchOS] Copying InfoPlist.strings
Build	Fastlane Build & Archive	2026-07-20T11:41:37.1361810Z [11:41:37]: ▸ [LoopKit-watchOS] Copying Localizable.strings
Build	Fastlane Build & Archive	2026-07-20T11:41:37.1463780Z [11:41:37]: ▸ [LoopKit-watchOS] Copying Localizable.strings
Build	Fastlane Build & Archive	2026-07-20T11:41:37.1565560Z [11:41:37]: ▸ [LoopKit-watchOS] Copying Localizable.strings
Build	Fastlane Build & Archive	2026-07-20T11:41:37.1668820Z [11:41:37]: ▸ [LoopKit-watchOS] Copying InfoPlist.strings
Build	Fastlane Build & Archive	2026-07-20T11:41:37.1771840Z [11:41:37]: ▸ [LoopKit-watchOS] Copying Localizable.strings
Build	Fastlane Build & Archive	2026-07-20T11:41:37.1873190Z [11:41:37]: ▸ [LoopKit-watchOS] Copying InfoPlist.strings
Build	Fastlane Build & Archive	2026-07-20T11:41:37.1973750Z [11:41:37]: ▸ [LoopKit-watchOS] Copying Localizable.strings
Build	Fastlane Build & Archive	2026-07-20T11:41:37.2076680Z [11:41:37]: ▸ [LoopKit-watchOS] Copying InfoPlist.strings
Build	Fastlane Build & Archive	2026-07-20T11:41:37.2175910Z [11:41:37]: ▸ [LoopKit-watchOS] Copying Localizable.strings
Build	Fastlane Build & Archive	2026-07-20T11:41:37.2277800Z [11:41:37]: ▸ [LoopKit-watchOS] Copying Localizable.strings
Build	Fastlane Build & Archive	2026-07-20T11:41:37.2379080Z [11:41:37]: ▸ [LoopKit-watchOS] Copying Localizable.strings
Build	Fastlane Build & Archive	2026-07-20T11:41:37.2379920Z [11:41:37]: ▸ [LoopKit-watchOS] Copying InfoPlist.strings
Build	Fastlane Build & Archive	2026-07-20T11:41:37.2382220Z [11:41:37]: ▸ [LoopKit-watchOS] Copying Localizable.strings
Build	Fastlane Build & Archive	2026-07-20T11:41:37.2383030Z [11:41:37]: ▸ [LoopKit-watchOS] Copying Localizable.strings
Build	Fastlane Build & Archive	2026-07-20T11:41:37.2385770Z [11:41:37]: ▸ [LoopKit-watchOS] Copying Localizable.strings
Build	Fastlane Build & Archive	2026-07-20T11:41:37.2386950Z [11:41:37]: ▸ [LoopKit-watchOS] Copying InfoPlist.strings
Build	Fastlane Build & Archive	2026-07-20T11:41:37.2390890Z [11:41:37]: ▸ [LoopKit-watchOS] Copying Localizable.strings
Build	Fastlane Build & Archive	2026-07-20T11:41:37.2392600Z [11:41:37]: ▸ [LoopKit-watchOS] Copying InfoPlist.strings
Build	Fastlane Build & Archive	2026-07-20T11:41:37.2394590Z [11:41:37]: ▸ [LoopKit-watchOS] Copying Localizable.strings
Build	Fastlane Build & Archive	2026-07-20T11:41:37.2403170Z [11:41:37]: ▸ [LoopKit-watchOS] Copying InfoPlist.strings
Build	Fastlane Build & Archive	2026-07-20T11:41:37.2413770Z [11:41:37]: ▸ [LoopKit-watchOS] Copying Localizable.strings
Build	Fastlane Build & Archive	2026-07-20T11:41:37.2420470Z [11:41:37]: ▸ [LoopKit-watchOS] Copying Localizable.strings
Build	Fastlane Build & Archive	2026-07-20T11:41:37.2424800Z [11:41:37]: ▸ [LoopKit-watchOS] Copying InfoPlist.strings
Build	Fastlane Build & Archive	2026-07-20T11:41:37.2426810Z [11:41:37]: ▸ [LoopKit-watchOS] Copying Localizable.strings
Build	Fastlane Build & Archive	2026-07-20T11:41:37.2427470Z [11:41:37]: ▸ [LoopKit-watchOS] Copying InfoPlist.strings
Build	Fastlane Build & Archive	2026-07-20T11:41:37.2428150Z [11:41:37]: ▸ [LoopKit-watchOS] Copying Localizable.strings
Build	Fastlane Build & Archive	2026-07-20T11:41:37.2428870Z [11:41:37]: ▸ [LoopKit-watchOS] Copying Localizable.strings
Build	Fastlane Build & Archive	2026-07-20T11:41:37.2429490Z [11:41:37]: ▸ [LoopKit] Compile XCStrings Localizable.xcstrings
Build	Fastlane Build & Archive	2026-07-20T11:41:37.2432490Z [11:41:37]: ▸ [LoopKit] Compile XCStrings InfoPlist.xcstrings
Build	Fastlane Build & Archive	2026-07-20T11:41:37.2434110Z [11:41:37]: ▸ [LoopKit] Copying Localizable.strings
Build	Fastlane Build & Archive	2026-07-20T11:41:37.2435500Z [11:41:37]: ▸ [LoopKit] Copying Localizable.strings
Build	Fastlane Build & Archive	2026-07-20T11:41:37.2437140Z [11:41:37]: ▸ [LoopKit] Copying Localizable.strings
Build	Fastlane Build & Archive	2026-07-20T11:41:37.2437990Z [11:41:37]: ▸ [LoopKit] Copying Localizable.strings
Build	Fastlane Build & Archive	2026-07-20T11:41:37.2444240Z [11:41:37]: ▸ [LoopKit] Copying InfoPlist.strings
Build	Fastlane Build & Archive	2026-07-20T11:41:37.2445970Z [11:41:37]: ▸ [LoopKit] Copying Localizable.strings
Build	Fastlane Build & Archive	2026-07-20T11:41:37.2447420Z [11:41:37]: ▸ [LoopKit] Copying InfoPlist.strings
Build	Fastlane Build & Archive	2026-07-20T11:41:37.2448890Z [11:41:37]: ▸ [LoopKit] Copying Localizable.strings
Build	Fastlane Build & Archive	2026-07-20T11:41:37.2450440Z [11:41:37]: ▸ [LoopKit] Copying Localizable.strings
Build	Fastlane Build & Archive	2026-07-20T11:41:37.2452100Z [11:41:37]: ▸ [LoopKit] Copying InfoPlist.strings
Build	Fastlane Build & Archive	2026-07-20T11:41:37.2453620Z [11:41:37]: ▸ [LoopKit] Copying Localizable.strings
Build	Fastlane Build & Archive	2026-07-20T11:41:37.2455570Z [11:41:37]: ▸ [LoopKit] Copying InfoPlist.strings
Build	Fastlane Build & Archive	2026-07-20T11:41:37.2457100Z [11:41:37]: ▸ [LoopKit] Copying Localizable.strings
Build	Fastlane Build & Archive	2026-07-20T11:41:37.2458480Z [11:41:37]: ▸ [LoopKit] Copying Localizable.strings
Build	Fastlane Build & Archive	2026-07-20T11:41:37.2459880Z [11:41:37]: ▸ [LoopKit] Copying Localizable.strings
Build	Fastlane Build & Archive	2026-07-20T11:41:37.2461320Z [11:41:37]: ▸ [LoopKit] Copying InfoPlist.strings
Build	Fastlane Build & Archive	2026-07-20T11:41:37.2462720Z [11:41:37]: ▸ [LoopKit] Copying Localizable.strings
Build	Fastlane Build & Archive	2026-07-20T11:41:37.2463380Z [11:41:37]: ▸ [LoopKit] Copying InfoPlist.strings
Build	Fastlane Build & Archive	2026-07-20T11:41:37.2463980Z [11:41:37]: ▸ [LoopKit] Copying Localizable.strings
Build	Fastlane Build & Archive	2026-07-20T11:41:37.2464540Z [11:41:37]: ▸ [LoopKit] Copying InfoPlist.strings
Build	Fastlane Build & Archive	2026-07-20T11:41:37.2465180Z [11:41:37]: ▸ [LoopKit] Copying Localizable.strings
Build	Fastlane Build & Archive	2026-07-20T11:41:37.2465970Z [11:41:37]: ▸ [LoopKit] Copying Localizable.strings
Build	Fastlane Build & Archive	2026-07-20T11:41:37.2466580Z [11:41:37]: ▸ [LoopKit] Copying Localizable.strings
Build	Fastlane Build & Archive	2026-07-20T11:41:37.2469780Z [11:41:37]: ▸ [LoopKit] Copying InfoPlist.strings
Build	Fastlane Build & Archive	2026-07-20T11:41:37.2471370Z [11:41:37]: ▸ [LoopKit] Copying Localizable.strings
Build	Fastlane Build & Archive	2026-07-20T11:41:37.2472020Z [11:41:37]: ▸ [LoopKit] Copying Localizable.strings
Build	Fastlane Build & Archive	2026-07-20T11:41:37.2472580Z [11:41:37]: ▸ [LoopKit] Copying Localizable.strings
Build	Fastlane Build & Archive	2026-07-20T11:41:37.2473140Z [11:41:37]: ▸ [LoopKit] Copying InfoPlist.strings
Build	Fastlane Build & Archive	2026-07-20T11:41:37.2473710Z [11:41:37]: ▸ [LoopKit] Copying Localizable.strings
Build	Fastlane Build & Archive	2026-07-20T11:41:37.2474290Z [11:41:37]: ▸ [LoopKit] Copying InfoPlist.strings
Build	Fastlane Build & Archive	2026-07-20T11:41:37.2475890Z [11:41:37]: ▸ [LoopKit] Copying Localizable.strings
Build	Fastlane Build & Archive	2026-07-20T11:41:37.2476430Z [11:41:37]: ▸ [LoopKit] Copying InfoPlist.strings
Build	Fastlane Build & Archive	2026-07-20T11:41:37.2477420Z [11:41:37]: ▸ [LoopKit] Copying Localizable.strings
Build	Fastlane Build & Archive	2026-07-20T11:41:37.2477960Z [11:41:37]: ▸ [LoopKit] Copying Localizable.strings
Build	Fastlane Build & Archive	2026-07-20T11:41:37.2478450Z [11:41:37]: ▸ [LoopKit] Copying InfoPlist.strings
Build	Fastlane Build & Archive	2026-07-20T11:41:37.2480100Z [11:41:37]: ▸ [LoopKit] Copying Localizable.strings
Build	Fastlane Build & Archive	2026-07-20T11:41:37.2481020Z [11:41:37]: ▸ [LoopKit] Copying InfoPlist.strings
Build	Fastlane Build & Archive	2026-07-20T11:41:37.2481550Z [11:41:37]: ▸ [LoopKit] Copying Localizable.strings
Build	Fastlane Build & Archive	2026-07-20T11:41:37.2482120Z [11:41:37]: ▸ [LoopKit] Copying Localizable.strings
Build	Fastlane Build & Archive	2026-07-20T11:41:37.2482770Z [11:41:37]: ▸ [LiveActivityExtension] Generate Asset Symbols Assets.xcassets
Build	Fastlane Build & Archive	2026-07-20T11:41:37.2483580Z [11:41:37]: ▸ [LiveActivityExtension] Compile XCStrings Localizable.xcstrings
Build	Fastlane Build & Archive	2026-07-20T11:41:37.2484850Z [11:41:37]: ▸ [LiveActivityExtension] Copying Localizable.strings
Build	Fastlane Build & Archive	2026-07-20T11:41:37.2489030Z [11:41:37]: ▸ note: Emplaced /Users/runner/Library/Developer/Xcode/DerivedData/Trio-bovmnxebschsylahdeysnjjqdcte/Build/Intermediates.noindex/ArchiveIntermediates/Trio/IntermediateBuildFilesPath/UninstalledProducts/iphoneos/LiveActivityExtension.appex/Assets.car (in target 'LiveActivityExtension' from project 'Trio')
Build	Fastlane Build & Archive	2026-07-20T11:41:37.2492960Z [11:41:37]: ▸ [LiveActivityExtension] Copying Localizable.strings
Build	Fastlane Build & Archive	2026-07-20T11:41:37.2494760Z [11:41:37]: ▸ [LiveActivityExtension] Processing Info.plist
Build	Fastlane Build & Archive	2026-07-20T11:41:37.2496660Z [11:41:37]: ▸ [LiveActivityExtension] Copying Localizable.strings
Build	Fastlane Build & Archive	2026-07-20T11:41:37.2498810Z [11:41:37]: ▸ [LiveActivityExtension] Copying Localizable.strings
Build	Fastlane Build & Archive	2026-07-20T11:41:37.2500900Z [11:41:37]: ▸ [LiveActivityExtension] Copying Localizable.strings
Build	Fastlane Build & Archive	2026-07-20T11:41:37.2501920Z [11:41:37]: ▸ [LiveActivityExtension] Copying Localizable.strings
Build	Fastlane Build & Archive	2026-07-20T11:41:37.2502670Z [11:41:37]: ▸ [LiveActivityExtension] Copying Localizable.strings
Build	Fastlane Build & Archive	2026-07-20T11:41:37.2503370Z [11:41:37]: ▸ [LiveActivityExtension] Copying Localizable.strings
Build	Fastlane Build & Archive	2026-07-20T11:41:37.2504110Z [11:41:37]: ▸ [LiveActivityExtension] Copying Localizable.strings
Build	Fastlane Build & Archive	2026-07-20T11:41:37.2504860Z [11:41:37]: ▸ [LiveActivityExtension] Copying Localizable.strings
Build	Fastlane Build & Archive	2026-07-20T11:41:37.2505630Z [11:41:37]: ▸ [LiveActivityExtension] Copying Localizable.strings
Build	Fastlane Build & Archive	2026-07-20T11:41:37.2506380Z [11:41:37]: ▸ [LiveActivityExtension] Copying Localizable.strings
Build	Fastlane Build & Archive	2026-07-20T11:41:37.2508520Z [11:41:37]: ▸ [LiveActivityExtension] Copying Localizable.strings
Build	Fastlane Build & Archive	2026-07-20T11:41:37.2509750Z [11:41:37]: ▸ [LiveActivityExtension] Copying Localizable.strings
Build	Fastlane Build & Archive	2026-07-20T11:41:37.2510480Z [11:41:37]: ▸ [LiveActivityExtension] Copying Localizable.strings
Build	Fastlane Build & Archive	2026-07-20T11:41:37.2511210Z [11:41:37]: ▸ [LiveActivityExtension] Copying Localizable.strings
Build	Fastlane Build & Archive	2026-07-20T11:41:37.2511880Z [11:41:37]: ▸ [LiveActivityExtension] Copying Localizable.strings
Build	Fastlane Build & Archive	2026-07-20T11:41:37.2512620Z [11:41:37]: ▸ [LiveActivityExtension] Copying Localizable.strings
Build	Fastlane Build & Archive	2026-07-20T11:41:37.2513370Z [11:41:37]: ▸ [LiveActivityExtension] Copying Localizable.strings
Build	Fastlane Build & Archive	2026-07-20T11:41:37.2514110Z [11:41:37]: ▸ [LiveActivityExtension] Copying Localizable.strings
Build	Fastlane Build & Archive	2026-07-20T11:41:37.2515410Z [11:41:37]: ▸ [LiveActivityExtension] Copying Localizable.strings
Build	Fastlane Build & Archive	2026-07-20T11:41:37.2516540Z [11:41:37]: ▸ [GoogleUtilities_GoogleUtilities-UserDefaults] Processing empty-GoogleUtilities_GoogleUtilities-UserDefaults.plist
Build	Fastlane Build & Archive	2026-07-20T11:41:37.2518400Z [11:41:37]: ▸ [GoogleUtilities_GoogleUtilities-UserDefaults] Copying PrivacyInfo.xcprivacy
Build	Fastlane Build & Archive	2026-07-20T11:41:37.2520170Z [11:41:37]: ▸ [GoogleUtilities_GoogleUtilities-NSData] Processing empty-GoogleUtilities_GoogleUtilities-NSData.plist
Build	Fastlane Build & Archive	2026-07-20T11:41:37.2534080Z [11:41:37]: ▸ [GoogleUtilities_GoogleUtilities-NSData] Copying PrivacyInfo.xcprivacy
Build	Fastlane Build & Archive	2026-07-20T11:41:37.2536800Z [11:41:37]: ▸ [GoogleUtilities_GoogleUtilities-Logger] Processing empty-GoogleUtilities_GoogleUtilities-Logger.plist
Build	Fastlane Build & Archive	2026-07-20T11:41:37.2537880Z [11:41:37]: ▸ [GoogleUtilities_GoogleUtilities-Logger] Copying PrivacyInfo.xcprivacy
Build	Fastlane Build & Archive	2026-07-20T11:41:37.2538900Z [11:41:37]: ▸ [GoogleUtilities_GoogleUtilities-Environment] Processing empty-GoogleUtilities_GoogleUtilities-Environment.plist
Build	Fastlane Build & Archive	2026-07-20T11:41:37.2539890Z [11:41:37]: ▸ [GoogleUtilities_GoogleUtilities-Environment] Copying PrivacyInfo.xcprivacy
Build	Fastlane Build & Archive	2026-07-20T11:41:37.2541110Z [11:41:37]: ▸ [LoopKit-watchOS] Copy armv7k-apple-watchos.swiftmodule -> LoopKit.swiftmodule
Build	Fastlane Build & Archive	2026-07-20T11:41:37.2541890Z [11:41:37]: ▸ [LoopKit-watchOS] Copy armv7k-apple-watchos.swiftdoc -> LoopKit.swiftdoc
Build	Fastlane Build & Archive	2026-07-20T11:41:37.2542620Z [11:41:37]: ▸ [LoopKit-watchOS] Copy armv7k-apple-watchos.abi.json -> LoopKit.abi.json
Build	Fastlane Build & Archive	2026-07-20T11:41:37.2543260Z [11:41:37]: ▸ [SwiftCharts] Linking SwiftCharts.o
Build	Fastlane Build & Archive	2026-07-20T11:41:37.2543810Z [11:41:37]: ▸ [SwiftCharts] Extract App Intents Metadata
Build	Fastlane Build & Archive	2026-07-20T11:41:37.2544540Z [11:41:37]: ▸ [GoogleUtilities-UserDefaults] Compiling resource_bundle_accessor.m
Build	Fastlane Build & Archive	2026-07-20T11:41:37.2545310Z [11:41:37]: ▸ [GoogleUtilities-NSData] Compiling resource_bundle_accessor.m
Build	Fastlane Build & Archive	2026-07-20T11:41:37.2546020Z [11:41:37]: ▸ [GoogleUtilities-NSData] Compiling GULNSData+zlib.m
Build	Fastlane Build & Archive	2026-07-20T11:41:37.2546690Z [11:41:37]: ▸ [GoogleUtilities-UserDefaults] Compiling GULUserDefaults.m
Build	Fastlane Build & Archive	2026-07-20T11:41:37.2547920Z [11:41:37]: ▸ [SwiftCharts] RegisterExecutionPolicyException SwiftCharts.o
Build	Fastlane Build & Archive	2026-07-20T11:41:37.2549750Z [11:41:37]: ▸ [Logging] Linking Logging.o
Build	Fastlane Build & Archive	2026-07-20T11:41:37.2551500Z [11:41:37]: ▸ [SwiftCharts] Processing empty-SwiftCharts.plist
Build	Fastlane Build & Archive	2026-07-20T11:41:37.2553370Z [11:41:37]: ▸ [SwiftCharts] Linking SwiftCharts
Build	Fastlane Build & Archive	2026-07-20T11:41:37.2554020Z [11:41:37]: ▸ [LoopKit-watchOS] Compiling LoopKit_vers.c
Build	Fastlane Build & Archive	2026-07-20T11:41:37.2554690Z [11:41:37]: ▸ [LoopKit-watchOS] Compiling LoopKit_vers.c
Build	Fastlane Build & Archive	2026-07-20T11:41:37.2555240Z [11:41:37]: ▸ [LoopKit-watchOS] Linking LoopKit
Build	Fastlane Build & Archive	2026-07-20T11:41:37.2555770Z [11:41:37]: ▸ [LoopKit-watchOS] Linking LoopKit
Build	Fastlane Build & Archive	2026-07-20T11:41:37.2556350Z [11:41:37]: ▸ [SwiftCharts] Generating SwiftCharts.framework.dSYM
Build	Fastlane Build & Archive	2026-07-20T11:41:37.2557000Z [11:41:37]: ▸ [LoopKit-watchOS] Compiling LoopKit_vers.c
Build	Fastlane Build & Archive	2026-07-20T11:41:37.2557560Z [11:41:37]: ▸ [LoopKit-watchOS] Linking LoopKit
Build	Fastlane Build & Archive	2026-07-20T11:41:37.2558270Z [11:41:37]: ▸ [MKRingProgressView] RegisterExecutionPolicyException MKRingProgressView.o
Build	Fastlane Build & Archive	2026-07-20T11:41:37.2558910Z [11:41:37]: ▸ [Logging] Extract App Intents Metadata
Build	Fastlane Build & Archive	2026-07-20T11:41:37.2559470Z [11:41:37]: ▸ [LoopKit-watchOS] Create Universal Binary LoopKit
Build	Fastlane Build & Archive	2026-07-20T11:41:37.2560610Z [11:41:37]: ▸ [LoopKit-watchOS] Generating LoopKit.framework.dSYM
Build	Fastlane Build & Archive	2026-07-20T11:41:37.2561480Z [11:41:37]: ▸ [LoopKit-watchOS] Extract App Intents Metadata
Build	Fastlane Build & Archive	2026-07-20T11:41:37.2562170Z [11:41:37]: ▸ [SwiftCharts] RegisterExecutionPolicyException SwiftCharts.framework
Build	Fastlane Build & Archive	2026-07-20T11:41:37.2562800Z [11:41:37]: ▸ [SwiftCharts] Touching SwiftCharts.framework
Build	Fastlane Build & Archive	2026-07-20T11:41:37.2563560Z [11:41:37]: ▸ [FirebaseRemoteConfigInterop] Copy arm64-apple-ios.swiftmodule -> FirebaseRemoteConfigInterop.swiftmodule
Build	Fastlane Build & Archive	2026-07-20T11:41:37.2564560Z [11:41:37]: ▸ [FirebaseRemoteConfigInterop] Copy arm64-apple-ios.swiftdoc -> FirebaseRemoteConfigInterop.swiftdoc
Build	Fastlane Build & Archive	2026-07-20T11:41:37.2565560Z [11:41:37]: ▸ [FirebaseRemoteConfigInterop] Copy arm64-apple-ios.abi.json -> FirebaseRemoteConfigInterop.abi.json
Build	Fastlane Build & Archive	2026-07-20T11:41:37.2566450Z [11:41:37]: ▸ [FirebaseCoreInternal] Copy arm64-apple-ios.swiftmodule -> FirebaseCoreInternal.swiftmodule
Build	Fastlane Build & Archive	2026-07-20T11:41:37.2568290Z [11:41:37]: ▸ [FirebaseCoreInternal] Copy arm64-apple-ios.swiftdoc -> FirebaseCoreInternal.swiftdoc
Build	Fastlane Build & Archive	2026-07-20T11:41:37.2569100Z [11:41:37]: ▸ [FirebaseCoreInternal] Copy arm64-apple-ios.abi.json -> FirebaseCoreInternal.abi.json
Build	Fastlane Build & Archive	2026-07-20T11:41:37.2569900Z [11:41:37]: ▸ [GoogleUtilities-Logger] Compiling resource_bundle_accessor.m
Build	Fastlane Build & Archive	2026-07-20T11:41:37.2570450Z [11:41:37]: ▸ [GoogleUtilities-Logger] Compiling GULLogger.m
Build	Fastlane Build & Archive	2026-07-20T11:41:37.2571030Z [11:41:37]: ▸ [GoogleUtilities-Environment] Compiling resource_bundle_accessor.m
Build	Fastlane Build & Archive	2026-07-20T11:41:37.2571640Z [11:41:37]: ▸ [GoogleUtilities-Environment] Compiling GULKeychainUtils.m
Build	Fastlane Build & Archive	2026-07-20T11:41:37.2572280Z [11:41:37]: ▸ [GoogleUtilities-Environment] Compiling GULNetworkInfo.m
Build	Fastlane Build & Archive	2026-07-20T11:41:37.2573010Z [11:41:37]: ▸ [GoogleUtilities-Environment] Compiling GULKeychainStorage.m
Build	Fastlane Build & Archive	2026-07-20T11:41:37.2574180Z [11:41:37]: ▸ [GoogleDataTransport_GoogleDataTransport] Processing empty-GoogleDataTransport_GoogleDataTransport.plist
Build	Fastlane Build & Archive	2026-07-20T11:41:37.2576630Z [11:41:37]: ▸ [GoogleDataTransport_GoogleDataTransport] Copying PrivacyInfo.xcprivacy
Build	Fastlane Build & Archive	2026-07-20T11:41:37.2578450Z [11:41:37]: ▸ [GoogleUtilities-Environment] Compiling GULAppEnvironmentUtil.m
Build	Fastlane Build & Archive	2026-07-20T11:41:37.2583330Z [11:41:37]: ▸ [GoogleDataTransport] Compiling resource_bundle_accessor.m
Build	Fastlane Build & Archive	2026-07-20T11:41:37.2585110Z [11:41:37]: ▸ [GoogleDataTransport] Compiling external_privacy_context.nanopb.c
Build	Fastlane Build & Archive	2026-07-20T11:41:37.2585800Z [11:41:37]: ▸ [GoogleDataTransport] Compiling external_prequest_context.nanopb.c
Build	Fastlane Build & Archive	2026-07-20T11:41:37.2586410Z [11:41:37]: ▸ [GoogleDataTransport] Compiling compliance.nanopb.c
Build	Fastlane Build & Archive	2026-07-20T11:41:37.2587220Z [11:41:37]: ▸ [GoogleDataTransport] Compiling client_metrics.nanopb.c
Build	Fastlane Build & Archive	2026-07-20T11:41:37.2587740Z [11:41:37]: ▸ [GoogleDataTransport] Compiling cct.nanopb.c
Build	Fastlane Build & Archive	2026-07-20T11:41:37.2588320Z [11:41:37]: ▸ [GoogleDataTransport] Compiling GDTCORUploadBatch.m
Build	Fastlane Build & Archive	2026-07-20T11:41:37.2589010Z [11:41:37]: ▸ [LiveActivityExtension] Copy arm64-apple-ios.swiftmodule -> LiveActivityExtension.swiftmodule
Build	Fastlane Build & Archive	2026-07-20T11:41:37.2589860Z [11:41:37]: ▸ [LiveActivityExtension] Copy arm64-apple-ios.swiftdoc -> LiveActivityExtension.swiftdoc
Build	Fastlane Build & Archive	2026-07-20T11:41:37.2590610Z [11:41:37]: ▸ [LiveActivityExtension] Copy arm64-apple-ios.abi.json -> LiveActivityExtension.abi.json
Build	Fastlane Build & Archive	2026-07-20T11:41:37.2591840Z [11:41:37]: ▸ [GoogleDataTransport] Compiling GDTCORStorageMetadata.m
Build	Fastlane Build & Archive	2026-07-20T11:41:37.2592430Z [11:41:37]: ▸ [GoogleDataTransport] Compiling GDTCORStorageEventSelector.m
Build	Fastlane Build & Archive	2026-07-20T11:41:37.2593210Z [11:41:37]: ▸ [GoogleDataTransport] Compiling GDTCORProductData.m
Build	Fastlane Build & Archive	2026-07-20T11:41:37.2605390Z [11:41:37]: ▸ [GoogleDataTransport] Compiling GDTCORMetricsMetadata.m
Build	Fastlane Build & Archive	2026-07-20T11:41:37.2607660Z [11:41:37]: ▸ [GoogleDataTransport] Compiling GDTCORMetrics.m
Build	Fastlane Build & Archive	2026-07-20T11:41:37.2609060Z [11:41:37]: ▸ [GoogleDataTransport] Compiling GDTCORLogSourceMetrics.m
Build	Fastlane Build & Archive	2026-07-20T11:41:37.2609690Z [11:41:37]: ▸ [GoogleDataTransport] Compiling GDTCOREvent+GDTMetricsSupport.m
Build	Fastlane Build & Archive	2026-07-20T11:41:37.2610300Z [11:41:37]: ▸ [GoogleDataTransport] Compiling GDTCOREvent+GDTCCTSupport.m
Build	Fastlane Build & Archive	2026-07-20T11:41:37.2610970Z [11:41:37]: ▸ [GoogleDataTransport] Compiling GDTCORUploadCoordinator.m
Build	Fastlane Build & Archive	2026-07-20T11:41:37.2611560Z [11:41:37]: ▸ [GoogleDataTransport] Compiling GDTCORTransport.m
Build	Fastlane Build & Archive	2026-07-20T11:41:37.2612130Z [11:41:37]: ▸ [GoogleDataTransport] Compiling GDTCORTransformer.m
Build	Fastlane Build & Archive	2026-07-20T11:41:37.2612740Z [11:41:37]: ▸ [GoogleDataTransport] Compiling GDTCORRegistrar.m
Build	Fastlane Build & Archive	2026-07-20T11:41:37.2613310Z [11:41:37]: ▸ [GoogleDataTransport] Compiling GDTCORReachability.m
Build	Fastlane Build & Archive	2026-07-20T11:41:37.2613910Z [11:41:37]: ▸ [GoogleDataTransport] Compiling GDTCORPlatform.m
Build	Fastlane Build & Archive	2026-07-20T11:41:37.2614510Z [11:41:37]: ▸ [GoogleDataTransport] Compiling GDTCORMetricsController.m
Build	Fastlane Build & Archive	2026-07-20T11:41:37.2615180Z [11:41:37]: ▸ [GoogleDataTransport] Compiling GDTCORMetrics+GDTCCTSupport.m
Build	Fastlane Build & Archive	2026-07-20T11:41:37.2615780Z [11:41:37]: ▸ [GoogleDataTransport] Compiling GDTCORLifecycle.m
Build	Fastlane Build & Archive	2026-07-20T11:41:37.2616410Z [11:41:37]: ▸ [GoogleDataTransport] Compiling GDTCORFlatFileStorage.m
Build	Fastlane Build & Archive	2026-07-20T11:41:37.2617070Z [11:41:37]: ▸ [GoogleDataTransport] Compiling GDTCORFlatFileStorage+Promises.m
Build	Fastlane Build & Archive	2026-07-20T11:41:37.2617680Z [11:41:37]: ▸ [GoogleDataTransport] Compiling GDTCOREvent.m
Build	Fastlane Build & Archive	2026-07-20T11:41:37.2618230Z [11:41:37]: ▸ [GoogleDataTransport] Compiling GDTCOREndpoints.m
Build	Fastlane Build & Archive	2026-07-20T11:41:37.2618870Z [11:41:37]: ▸ [GoogleDataTransport] Compiling GDTCORDirectorySizeTracker.m
Build	Fastlane Build & Archive	2026-07-20T11:41:37.2619510Z [11:41:37]: ▸ [GoogleDataTransport] Compiling GDTCORConsoleLogger.m
Build	Fastlane Build & Archive	2026-07-20T11:41:37.2620100Z [11:41:37]: ▸ [GoogleDataTransport] Compiling GDTCORClock.m
Build	Fastlane Build & Archive	2026-07-20T11:41:37.2620650Z [11:41:37]: ▸ [GoogleDataTransport] Compiling GDTCORAssert.m
Build	Fastlane Build & Archive	2026-07-20T11:41:37.2621280Z [11:41:37]: ▸ [GoogleDataTransport] Compiling GDTCCTUploader.m
Build	Fastlane Build & Archive	2026-07-20T11:41:37.2621870Z [11:41:37]: ▸ [GoogleDataTransport] Compiling GDTCCTUploadOperation.m
Build	Fastlane Build & Archive	2026-07-20T11:41:37.2622460Z [11:41:37]: ▸ [GoogleDataTransport] Compiling GDTCCTURLSessionDataResponse.m
Build	Fastlane Build & Archive	2026-07-20T11:41:37.2623040Z [11:41:37]: ▸ [GoogleDataTransport] Compiling GDTCCTNanopbHelpers.m
Build	Fastlane Build & Archive	2026-07-20T11:41:37.2623710Z [11:41:37]: ▸ [Firebase_FirebaseInstallations] Processing empty-Firebase_FirebaseInstallations.plist
Build	Fastlane Build & Archive	2026-07-20T11:41:37.2624380Z [11:41:37]: ▸ [GoogleDataTransport] Compiling GDTCCTCompressionHelper.m
Build	Fastlane Build & Archive	2026-07-20T11:41:37.2624980Z [11:41:37]: ▸ [Firebase_FirebaseInstallations] Copying PrivacyInfo.xcprivacy
Build	Fastlane Build & Archive	2026-07-20T11:41:37.2625660Z [11:41:37]: ▸ [Firebase_FirebaseCrashlytics] Processing empty-Firebase_FirebaseCrashlytics.plist
Build	Fastlane Build & Archive	2026-07-20T11:41:37.2627010Z [11:41:37]: ▸ [Firebase_FirebaseCrashlytics] Copying PrivacyInfo.xcprivacy
Build	Fastlane Build & Archive	2026-07-20T11:41:37.2628780Z [11:41:37]: ▸ [Firebase_FirebaseCoreInternal] Processing empty-Firebase_FirebaseCoreInternal.plist
Build	Fastlane Build & Archive	2026-07-20T11:41:37.2629500Z [11:41:37]: ▸ [Firebase_FirebaseCoreInternal] Copying PrivacyInfo.xcprivacy
Build	Fastlane Build & Archive	2026-07-20T11:41:37.2630220Z [11:41:37]: ▸ [Firebase_FirebaseCoreExtension] Processing empty-Firebase_FirebaseCoreExtension.plist
Build	Fastlane Build & Archive	2026-07-20T11:41:37.2630910Z [11:41:37]: ▸ [Firebase_FirebaseCoreExtension] Copying PrivacyInfo.xcprivacy
Build	Fastlane Build & Archive	2026-07-20T11:41:37.2631560Z [11:41:37]: ▸ [Firebase_FirebaseCore] Processing empty-Firebase_FirebaseCore.plist
Build	Fastlane Build & Archive	2026-07-20T11:41:37.2632180Z [11:41:37]: ▸ [Firebase_FirebaseCore] Copying PrivacyInfo.xcprivacy
Build	Fastlane Build & Archive	2026-07-20T11:41:37.2632730Z [11:41:37]: ▸ [FirebaseCoreExtension] Compiling dummy.m
Build	Fastlane Build & Archive	2026-07-20T11:41:37.2633290Z [11:41:37]: ▸ [FirebaseCoreExtension] Compiling resource_bundle_accessor.m
Build	Fastlane Build & Archive	2026-07-20T11:41:37.2633820Z [11:41:37]: ▸ [Firebase] Compiling dummy.m
Build	Fastlane Build & Archive	2026-07-20T11:41:37.2634220Z [11:41:37]: ▸ [Firebase] Linking Firebase.o
Build	Fastlane Build & Archive	2026-07-20T11:41:37.2634800Z [11:41:37]: ▸ [LoopKit-watchOS] RegisterExecutionPolicyException LoopKit.framework
Build	Fastlane Build & Archive	2026-07-20T11:41:37.2635410Z [11:41:37]: ▸ [Logging] RegisterExecutionPolicyException Logging.o
Build	Fastlane Build & Archive	2026-07-20T11:41:37.2635960Z [11:41:37]: ▸ [LiveActivityExtension] Linking LiveActivityExtension
Build	Fastlane Build & Archive	2026-07-20T11:41:37.2636480Z [11:41:37]: ▸ [LoopKit-watchOS] Touching LoopKit.framework
Build	Fastlane Build & Archive	2026-07-20T11:41:37.2636940Z [11:41:37]: ▸ [LoggerAPI] Compiling Logger.swift
Build	Fastlane Build & Archive	2026-07-20T11:41:37.2637500Z [11:41:37]: ▸ [LiveActivityExtension] Generating LiveActivityExtension.appex.dSYM
Build	Fastlane Build & Archive	2026-07-20T11:41:37.2638090Z [11:41:37]: ▸ [LiveActivityExtension] Extract App Intents Metadata
Build	Fastlane Build & Archive	2026-07-20T11:41:37.2638690Z [11:41:37]: ▸ [LoggerAPI] Copy arm64-apple-ios.swiftmodule -> LoggerAPI.swiftmodule
Build	Fastlane Build & Archive	2026-07-20T11:41:37.2639350Z [11:41:37]: ▸ [LoggerAPI] Copy arm64-apple-ios.swiftdoc -> LoggerAPI.swiftdoc
Build	Fastlane Build & Archive	2026-07-20T11:41:37.2639950Z [11:41:37]: ▸ [LoggerAPI] Copy arm64-apple-ios.abi.json -> LoggerAPI.abi.json
Build	Fastlane Build & Archive	2026-07-20T11:41:37.2640440Z [11:41:37]: ▸ [LoggerAPI] Linking LoggerAPI.o
Build	Fastlane Build & Archive	2026-07-20T11:41:37.2640880Z [11:41:37]: ▸ [LoggerAPI] Extract App Intents Metadata
Build	Fastlane Build & Archive	2026-07-20T11:41:37.2641410Z [11:41:37]: ▸ [LoggerAPI] RegisterExecutionPolicyException LoggerAPI.o
Build	Fastlane Build & Archive	2026-07-20T11:41:37.2642070Z [11:41:37]: ▸ Signing LiveActivityExtension.appex (in target 'LiveActivityExtension' from project 'Trio')
Build	Fastlane Build & Archive	2026-07-20T11:41:37.2642840Z [11:41:37]: ▸ [LiveActivityExtension] RegisterExecutionPolicyException LiveActivityExtension.appex
Build	Fastlane Build & Archive	2026-07-20T11:41:37.2643820Z [11:41:37]: ▸ [GoogleUtilities_GoogleUtilities-UserDefaults] RegisterExecutionPolicyException GoogleUtilities_GoogleUtilities-UserDefaults.bundle
Build	Fastlane Build & Archive	2026-07-20T11:41:37.2644640Z [11:41:37]: ▸ [LiveActivityExtension] Touching LiveActivityExtension.appex
Build	Fastlane Build & Archive	2026-07-20T11:41:37.2645540Z [11:41:37]: ▸ [GoogleUtilities_GoogleUtilities-UserDefaults] Touching GoogleUtilities_GoogleUtilities-UserDefaults.bundle
Build	Fastlane Build & Archive	2026-07-20T11:41:37.2646500Z [11:41:37]: ▸ [GoogleUtilities_GoogleUtilities-NSData] RegisterExecutionPolicyException GoogleUtilities_GoogleUtilities-NSData.bundle
Build	Fastlane Build & Archive	2026-07-20T11:41:37.2647500Z [11:41:37]: ▸ [GoogleUtilities_GoogleUtilities-Logger] RegisterExecutionPolicyException GoogleUtilities_GoogleUtilities-Logger.bundle
Build	Fastlane Build & Archive	2026-07-20T11:41:37.2648890Z [11:41:37]: ▸ [GoogleUtilities_GoogleUtilities-NSData] Touching GoogleUtilities_GoogleUtilities-NSData.bundle
Build	Fastlane Build & Archive	2026-07-20T11:41:37.2649850Z [11:41:37]: ▸ [GoogleUtilities_GoogleUtilities-Logger] Touching GoogleUtilities_GoogleUtilities-Logger.bundle
Build	Fastlane Build & Archive	2026-07-20T11:41:37.2650570Z [11:41:37]: ▸ [GoogleUtilities-NSData] Linking GoogleUtilities-NSData.o
Build	Fastlane Build & Archive	2026-07-20T11:41:37.2651390Z [11:41:37]: ▸ [GoogleUtilities_GoogleUtilities-Environment] RegisterExecutionPolicyException GoogleUtilities_GoogleUtilities-Environment.bundle
Build	Fastlane Build & Archive	2026-07-20T11:41:37.2652370Z [11:41:37]: ▸ [GoogleUtilities_GoogleUtilities-Environment] Touching GoogleUtilities_GoogleUtilities-Environment.bundle
Build	Fastlane Build & Archive	2026-07-20T11:41:37.2653120Z [11:41:37]: ▸ [GoogleUtilities-Environment] Linking GoogleUtilities-Environment.o
Build	Fastlane Build & Archive	2026-07-20T11:41:37.2653840Z [11:41:37]: ▸ [GoogleUtilities-NSData] RegisterExecutionPolicyException GoogleUtilities-NSData.o
Build	Fastlane Build & Archive	2026-07-20T11:41:37.2654630Z [11:41:37]: ▸ [GoogleUtilities-Environment] RegisterExecutionPolicyException GoogleUtilities-Environment.o
Build	Fastlane Build & Archive	2026-07-20T11:41:37.2655540Z [11:41:37]: ▸ [GoogleDataTransport_GoogleDataTransport] RegisterExecutionPolicyException GoogleDataTransport_GoogleDataTransport.bundle
Build	Fastlane Build & Archive	2026-07-20T11:41:37.2656310Z [11:41:37]: ▸ [GoogleUtilities-Logger] Linking GoogleUtilities-Logger.o
Build	Fastlane Build & Archive	2026-07-20T11:41:37.2657070Z [11:41:37]: ▸ [GoogleDataTransport_GoogleDataTransport] Touching GoogleDataTransport_GoogleDataTransport.bundle
Build	Fastlane Build & Archive	2026-07-20T11:41:37.2657850Z [11:41:37]: ▸ [GoogleUtilities-Logger] RegisterExecutionPolicyException GoogleUtilities-Logger.o
Build	Fastlane Build & Archive	2026-07-20T11:41:37.2658580Z [11:41:37]: ▸ [GoogleUtilities-UserDefaults] Linking GoogleUtilities-UserDefaults.o
Build	Fastlane Build & Archive	2026-07-20T11:41:37.2659290Z [11:41:37]: ▸ [FirebaseRemoteConfigInterop] Linking FirebaseRemoteConfigInterop.o
Build	Fastlane Build & Archive	2026-07-20T11:41:37.2660080Z [11:41:37]: ▸ [GoogleUtilities-UserDefaults] RegisterExecutionPolicyException GoogleUtilities-UserDefaults.o
Build	Fastlane Build & Archive	2026-07-20T11:41:37.2660920Z [11:41:37]: ▸ [Firebase_FirebaseInstallations] RegisterExecutionPolicyException Firebase_FirebaseInstallations.bundle
Build	Fastlane Build & Archive	2026-07-20T11:41:37.2661660Z [11:41:37]: ▸ [FirebaseRemoteConfigInterop] Extract App Intents Metadata
Build	Fastlane Build & Archive	2026-07-20T11:41:37.2662290Z [11:41:37]: ▸ [Firebase_FirebaseInstallations] Touching Firebase_FirebaseInstallations.bundle
Build	Fastlane Build & Archive	2026-07-20T11:41:37.2663070Z [11:41:37]: ▸ [Firebase_FirebaseCrashlytics] RegisterExecutionPolicyException Firebase_FirebaseCrashlytics.bundle
Build	Fastlane Build & Archive	2026-07-20T11:41:37.2663830Z [11:41:37]: ▸ [Firebase_FirebaseCrashlytics] Touching Firebase_FirebaseCrashlytics.bundle
Build	Fastlane Build & Archive	2026-07-20T11:41:37.2665920Z [11:41:37]: ▸ [Firebase_FirebaseCoreInternal] RegisterExecutionPolicyException Firebase_FirebaseCoreInternal.bundle
Build	Fastlane Build & Archive	2026-07-20T11:41:37.2666930Z [11:41:37]: ▸ [Firebase_FirebaseCoreInternal] Touching Firebase_FirebaseCoreInternal.bundle
Build	Fastlane Build & Archive	2026-07-20T11:41:37.2669490Z [11:41:37]: ▸ [Firebase_FirebaseCoreExtension] RegisterExecutionPolicyException Firebase_FirebaseCoreExtension.bundle
Build	Fastlane Build & Archive	2026-07-20T11:41:37.2671690Z [11:41:37]: ▸ [FirebaseCoreInternal] Linking FirebaseCoreInternal.o
Build	Fastlane Build & Archive	2026-07-20T11:41:37.2673670Z [11:41:37]: ▸ [Firebase_FirebaseCoreExtension] Touching Firebase_FirebaseCoreExtension.bundle
Build	Fastlane Build & Archive	2026-07-20T11:41:37.2675360Z [11:41:37]: ▸ [FirebaseCoreExtension] Linking FirebaseCoreExtension.o
Build	Fastlane Build & Archive	2026-07-20T11:41:37.2678250Z [11:41:37]: ▸ [Firebase_FirebaseCore] RegisterExecutionPolicyException Firebase_FirebaseCore.bundle
Build	Fastlane Build & Archive	2026-07-20T11:41:37.2680480Z [11:41:37]: ▸ [Firebase_FirebaseCore] Touching Firebase_FirebaseCore.bundle
Build	Fastlane Build & Archive	2026-07-20T11:41:37.2682350Z [11:41:37]: ▸ [FirebaseSessionsObjC] Compiling sessions.nanopb.c
Build	Fastlane Build & Archive	2026-07-20T11:41:37.2684200Z [11:41:37]: ▸ [FirebaseSessionsObjC] Compiling FIRSESNanoPBHelpers.m
Build	Fastlane Build & Archive	2026-07-20T11:42:04.7937750Z [11:42:04]: ▸ [KituraContracts] Copy arm64-apple-ios.swiftmodule -> KituraContracts.swiftmodule
Build	Fastlane Build & Archive	2026-07-20T11:42:04.8066000Z [11:42:04]: ▸ [KituraContracts] Copy arm64-apple-ios.swiftdoc -> KituraContracts.swiftdoc
Build	Fastlane Build & Archive	2026-07-20T11:42:04.8169600Z [11:42:04]: ▸ [KituraContracts] Copy arm64-apple-ios.abi.json -> KituraContracts.abi.json
Build	Fastlane Build & Archive	2026-07-20T11:42:04.8292360Z [11:42:04]: ▸ [CryptorRSA] Copy arm64-apple-ios.swiftmodule -> CryptorRSA.swiftmodule
Build	Fastlane Build & Archive	2026-07-20T11:42:04.8395620Z [11:42:04]: ▸ [CryptorRSA] Copy arm64-apple-ios.swiftdoc -> CryptorRSA.swiftdoc
Build	Fastlane Build & Archive	2026-07-20T11:42:04.8497060Z [11:42:04]: ▸ [CryptorRSA] Copy arm64-apple-ios.abi.json -> CryptorRSA.abi.json
Build	Fastlane Build & Archive	2026-07-20T11:42:04.8662980Z [11:42:04]: ▸ [LoopKit] Copy arm64-apple-ios.swiftmodule -> LoopKit.swiftmodule
Build	Fastlane Build & Archive	2026-07-20T11:42:04.8775830Z [11:42:04]: ▸ [LoopKit] Copy arm64-apple-ios.swiftdoc -> LoopKit.swiftdoc
Build	Fastlane Build & Archive	2026-07-20T11:42:04.8885380Z [11:42:04]: ▸ [LoopKit] Copy arm64-apple-ios.abi.json -> LoopKit.abi.json
Build	Fastlane Build & Archive	2026-07-20T11:42:04.9002740Z [11:42:04]: ▸ [CryptorECC] Copy arm64-apple-ios.swiftmodule -> CryptorECC.swiftmodule
Build	Fastlane Build & Archive	2026-07-20T11:42:04.9073910Z [11:42:04]: ▸ [CryptorECC] Copy arm64-apple-ios.swiftdoc -> CryptorECC.swiftdoc
Build	Fastlane Build & Archive	2026-07-20T11:42:04.9091620Z [11:42:04]: ▸ [CryptorECC] Copy arm64-apple-ios.abi.json -> CryptorECC.abi.json
Build	Fastlane Build & Archive	2026-07-20T11:42:04.9092440Z [11:42:04]: ▸ [Cryptor] Copy arm64-apple-ios.swiftmodule -> Cryptor.swiftmodule
Build	Fastlane Build & Archive	2026-07-20T11:42:04.9093150Z [11:42:04]: ▸ [Cryptor] Copy arm64-apple-ios.swiftdoc -> Cryptor.swiftdoc
Build	Fastlane Build & Archive	2026-07-20T11:42:04.9093930Z [11:42:04]: ▸ [Cryptor] Copy arm64-apple-ios.abi.json -> Cryptor.abi.json
Build	Fastlane Build & Archive	2026-07-20T11:42:04.9094650Z [11:42:04]: ▸ [FirebaseCoreInternal] Extract App Intents Metadata
Build	Fastlane Build & Archive	2026-07-20T11:42:04.9095290Z [11:42:04]: ▸ [FBLPromises] Compiling resource_bundle_accessor.m
Build	Fastlane Build & Archive	2026-07-20T11:42:04.9095890Z [11:42:04]: ▸ [FBLPromises] Compiling FBLPromiseError.m
Build	Fastlane Build & Archive	2026-07-20T11:42:04.9098210Z [11:42:04]: ▸ [FBLPromises] Compiling FBLPromise.m
Build	Fastlane Build & Archive	2026-07-20T11:42:04.9099820Z [11:42:04]: ▸ [FBLPromises] Compiling FBLPromise+Wrap.m
Build	Fastlane Build & Archive	2026-07-20T11:42:04.9100430Z [11:42:04]: ▸ [FBLPromises] Compiling FBLPromise+Validate.m
Build	Fastlane Build & Archive	2026-07-20T11:42:04.9101000Z [11:42:04]: ▸ [FBLPromises] Compiling FBLPromise+Timeout.m
Build	Fastlane Build & Archive	2026-07-20T11:42:04.9101600Z [11:42:04]: ▸ [FBLPromises] Compiling FBLPromise+Then.m
Build	Fastlane Build & Archive	2026-07-20T11:42:04.9102170Z [11:42:04]: ▸ [FBLPromises] Compiling FBLPromise+Testing.m
Build	Fastlane Build & Archive	2026-07-20T11:42:04.9102780Z [11:42:04]: ▸ [FBLPromises] Compiling FBLPromise+Retry.m
Build	Fastlane Build & Archive	2026-07-20T11:42:04.9103360Z [11:42:04]: ▸ [FBLPromises] Compiling FBLPromise+Reduce.m
Build	Fastlane Build & Archive	2026-07-20T11:42:04.9103990Z [11:42:04]: ▸ [FBLPromises] Compiling FBLPromise+Recover.m
Build	Fastlane Build & Archive	2026-07-20T11:42:04.9104560Z [11:42:04]: ▸ [FBLPromises] Compiling FBLPromise+Race.m
Build	Fastlane Build & Archive	2026-07-20T11:42:04.9112710Z [11:42:04]: ▸ [FBLPromises] Compiling FBLPromise+Do.m
Build	Fastlane Build & Archive	2026-07-20T11:42:04.9113280Z [11:42:04]: ▸ [FBLPromises] Compiling FBLPromise+Delay.m
Build	Fastlane Build & Archive	2026-07-20T11:42:04.9121860Z [11:42:04]: ▸ [FBLPromises] Compiling FBLPromise+Catch.m
Build	Fastlane Build & Archive	2026-07-20T11:42:04.9191720Z [11:42:04]: ▸ [FBLPromises] Compiling FBLPromise+Await.m
Build	Fastlane Build & Archive	2026-07-20T11:42:04.9296740Z [11:42:04]: ▸ [FBLPromises] Compiling FBLPromise+Async.m
Build	Fastlane Build & Archive	2026-07-20T11:42:04.9408750Z [11:42:04]: ▸ [FBLPromises] Compiling FBLPromise+Any.m
Build	Fastlane Build & Archive	2026-07-20T11:42:04.9519470Z [11:42:04]: ▸ [FBLPromises] Compiling FBLPromise+Always.m
Build	Fastlane Build & Archive	2026-07-20T11:42:04.9623820Z [11:42:04]: ▸ [FBLPromises] Compiling FBLPromise+All.m
Build	Fastlane Build & Archive	2026-07-20T11:42:04.9726350Z [11:42:04]: ▸ [FBLPromises] Linking FBLPromises.o
Build	Fastlane Build & Archive	2026-07-20T11:42:04.9832980Z [11:42:04]: ▸ [CryptoSwift_CryptoSwift] Processing empty-CryptoSwift_CryptoSwift.plist
Build	Fastlane Build & Archive	2026-07-20T11:42:04.9935990Z [11:42:04]: ▸ [CryptoSwift_CryptoSwift] Copying PrivacyInfo.xcprivacy
Build	Fastlane Build & Archive	2026-07-20T11:42:05.0064780Z [11:42:04]: ▸ [KituraContracts] Linking KituraContracts.o
Build	Fastlane Build & Archive	2026-07-20T11:42:05.0106090Z [11:42:04]: ▸ [LoopKit] Compiling LoopKit_vers.c
Build	Fastlane Build & Archive	2026-07-20T11:42:05.0106780Z [11:42:04]: ▸ [LoopKit] Linking LoopKit
Build	Fastlane Build & Archive	2026-07-20T11:42:05.0107350Z [11:42:04]: ▸ [LoopKit] Generating LoopKit.framework.dSYM
Build	Fastlane Build & Archive	2026-07-20T11:42:05.0108100Z [11:42:04]: ▸ [FirebaseSessions] Copy arm64-apple-ios.swiftmodule -> FirebaseSessions.swiftmodule
Build	Fastlane Build & Archive	2026-07-20T11:42:05.0111000Z [11:42:04]: ▸ [FirebaseSessions] Copy arm64-apple-ios.swiftdoc -> FirebaseSessions.swiftdoc
Build	Fastlane Build & Archive	2026-07-20T11:42:05.0113270Z [11:42:04]: ▸ [FirebaseSessions] Copy arm64-apple-ios.abi.json -> FirebaseSessions.abi.json
Build	Fastlane Build & Archive	2026-07-20T11:42:05.0115240Z [11:42:04]: ▸ [LoopKit] Extract App Intents Metadata
Build	Fastlane Build & Archive	2026-07-20T11:42:05.0116650Z [11:42:04]: ▸ [KituraContracts] Extract App Intents Metadata
Build	Fastlane Build & Archive	2026-07-20T11:42:06.6536070Z [11:42:06]: ▸ ::warning file=/Users/runner/work/Trio/Trio/TidepoolService/TidepoolServiceKit/Extensions/TDatum.swift,line=59,col=1::extension declares a conformance of imported type 'TDatum' to imported protocol 'CustomDebugStringConvertible'; this will not behave correctly if the owners of 'TidepoolKit' introduce this conformance in the future
Build	Fastlane Build & Archive	2026-07-20T11:42:06.6681590Z [11:42:06]: ▸ extension TDatum: CustomDebugStringConvertible {
Build	Fastlane Build & Archive	2026-07-20T11:42:06.6683790Z [11:42:06]: ▸ ^
Build	Fastlane Build & Archive	2026-07-20T11:42:06.8213640Z [11:42:06]: ▸ [SwiftJWT] Copy arm64-apple-ios.swiftmodule -> SwiftJWT.swiftmodule
Build	Fastlane Build & Archive	2026-07-20T11:42:06.8255350Z [11:42:06]: ▸ [SwiftJWT] Copy arm64-apple-ios.swiftdoc -> SwiftJWT.swiftdoc
Build	Fastlane Build & Archive	2026-07-20T11:42:06.8257080Z [11:42:06]: ▸ [SwiftJWT] Copy arm64-apple-ios.abi.json -> SwiftJWT.abi.json
Build	Fastlane Build & Archive	2026-07-20T11:42:06.8257880Z [11:42:06]: ▸ [CryptorRSA] Linking CryptorRSA.o
Build	Fastlane Build & Archive	2026-07-20T11:42:06.8258680Z [11:42:06]: ▸ [ShareClient] Copy arm64-apple-ios.swiftmodule -> ShareClient.swiftmodule
Build	Fastlane Build & Archive	2026-07-20T11:42:06.8259570Z [11:42:06]: ▸ [ShareClient] Copy arm64-apple-ios.swiftdoc -> ShareClient.swiftdoc
Build	Fastlane Build & Archive	2026-07-20T11:42:06.8260410Z [11:42:06]: ▸ [ShareClient] Copy arm64-apple-ios.abi.json -> ShareClient.abi.json
Build	Fastlane Build & Archive	2026-07-20T11:42:06.8261230Z [11:42:06]: ▸ [FirebaseInstallations] Compiling resource_bundle_accessor.m
Build	Fastlane Build & Archive	2026-07-20T11:42:06.8262000Z [11:42:06]: ▸ [FirebaseInstallations] Compiling FIRInstallationsStoredItem.m
Build	Fastlane Build & Archive	2026-07-20T11:42:06.8304650Z [11:42:06]: ▸ [FirebaseInstallations] Compiling FIRInstallationsStoredAuthToken.m
Build	Fastlane Build & Archive	2026-07-20T11:42:06.8307090Z [11:42:06]: ▸ [FirebaseInstallations] Compiling FIRInstallationsStore.m
Build	Fastlane Build & Archive	2026-07-20T11:42:06.8310860Z [11:42:06]: ▸ [FirebaseInstallations] Compiling FIRInstallationsSingleOperationPromiseCache.m
Build	Fastlane Build & Archive	2026-07-20T11:42:06.8311930Z [11:42:06]: ▸ [FirebaseInstallations] Compiling FIRInstallationsLogger.m
Build	Fastlane Build & Archive	2026-07-20T11:42:06.8312620Z [11:42:06]: ▸ [FirebaseInstallations] Compiling FIRInstallationsItem.m
Build	Fastlane Build & Archive	2026-07-20T11:42:06.8313450Z [11:42:06]: ▸ [FirebaseInstallations] Compiling FIRInstallationsItem+RegisterInstallationAPI.m
Build	Fastlane Build & Archive	2026-07-20T11:42:06.8314240Z [11:42:06]: ▸ [FirebaseInstallations] Compiling FIRInstallationsIIDTokenStore.m
Build	Fastlane Build & Archive	2026-07-20T11:42:06.8314960Z [11:42:06]: ▸ [FirebaseInstallations] Compiling FIRInstallationsIIDStore.m
Build	Fastlane Build & Archive	2026-07-20T11:42:06.8315700Z [11:42:06]: ▸ [FirebaseInstallations] Compiling FIRInstallationsIDController.m
Build	Fastlane Build & Archive	2026-07-20T11:42:06.8316410Z [11:42:06]: ▸ [FirebaseInstallations] Compiling FIRInstallationsHTTPError.m
Build	Fastlane Build & Archive	2026-07-20T11:42:06.8318890Z [11:42:06]: ▸ [FirebaseInstallations] Compiling FIRInstallationsErrorUtil.m
Build	Fastlane Build & Archive	2026-07-20T11:42:06.8421050Z [11:42:06]: ▸ [FirebaseInstallations] Compiling FIRInstallationsBackoffController.m
Build	Fastlane Build & Archive	2026-07-20T11:42:06.8523110Z [11:42:06]: ▸ [FirebaseInstallations] Compiling FIRInstallationsAuthTokenResult.m
Build	Fastlane Build & Archive	2026-07-20T11:42:06.8627540Z [11:42:06]: ▸ [FirebaseInstallations] Compiling FIRInstallationsAPIService.m
Build	Fastlane Build & Archive	2026-07-20T11:42:06.8729520Z [11:42:06]: ▸ [FirebaseInstallations] Compiling FIRInstallations.m
Build	Fastlane Build & Archive	2026-07-20T11:42:06.8831160Z [11:42:06]: ▸ [FirebaseInstallations] Compiling FIRCurrentDateProvider.m
Build	Fastlane Build & Archive	2026-07-20T11:42:06.8933120Z [11:42:06]: ▸ [ShareClient] Compiling ShareClient_vers.c
Build	Fastlane Build & Archive	2026-07-20T11:42:14.5901620Z [11:42:14]: ▸ /Users/runner/Library/Developer/Xcode/DerivedData/Trio-bovmnxebschsylahdeysnjjqdcte/Build/Intermediates.noindex/ArchiveIntermediates/Trio/IntermediateBuildFilesPath/LoopKit.build/Release-iphoneos/LoopKitUI.build/DerivedSources/GeneratedAssetSymbols.swift:121:14: warning: The "vial_color" image asset name resolves to the symbol "vial" which already exists. Try renaming the asset.
Build	Fastlane Build & Archive	2026-07-20T11:42:14.5975880Z [11:42:14]: ▸     #warning("The \"vial_color\" image asset name resolves to the symbol \"vial\" which already exists. Try renaming the asset.")
Build	Fastlane Build & Archive	2026-07-20T11:42:14.5977130Z [11:42:14]: ▸              ^~~~~~~~~~~~~~~~~~~~~~~~~~~~~~~~~~~~~~~~~~~~~~~~~~~~~~~~~~~~~~~~~~~~~~~~~~~~~~~~~~~~~~~~~~~~~~~~~~~~~~~~~~~~~~~~~~~
Build	Fastlane Build & Archive	2026-07-20T11:42:19.8927500Z [11:42:19]: ▸ [CryptoSwift] Copy arm64-apple-ios.swiftmodule -> CryptoSwift.swiftmodule
Build	Fastlane Build & Archive	2026-07-20T11:42:19.9034860Z [11:42:19]: ▸ [CryptoSwift] Copy arm64-apple-ios.swiftdoc -> CryptoSwift.swiftdoc
Build	Fastlane Build & Archive	2026-07-20T11:42:19.9036060Z [11:42:19]: ▸ [CryptoSwift] Copy arm64-apple-ios.abi.json -> CryptoSwift.abi.json
Build	Fastlane Build & Archive	2026-07-20T11:42:19.9149800Z [11:42:19]: ▸ [TidepoolServiceKit] Copy arm64-apple-ios.swiftmodule -> TidepoolServiceKit.swiftmodule
Build	Fastlane Build & Archive	2026-07-20T11:42:19.9254890Z [11:42:19]: ▸ [TidepoolServiceKit] Copy arm64-apple-ios.swiftdoc -> TidepoolServiceKit.swiftdoc
Build	Fastlane Build & Archive	2026-07-20T11:42:19.9355350Z [11:42:19]: ▸ [TidepoolServiceKit] Copy arm64-apple-ios.abi.json -> TidepoolServiceKit.abi.json
Build	Fastlane Build & Archive	2026-07-20T11:42:19.9365130Z [11:42:19]: ▸ [TidepoolServiceKit] Compiling TidepoolServiceKit_vers.c
Build	Fastlane Build & Archive	2026-07-20T11:42:19.9368130Z [11:42:19]: ▸ [FirebaseRemoteConfigInterop] RegisterExecutionPolicyException FirebaseRemoteConfigInterop.o
Build	Fastlane Build & Archive	2026-07-20T11:42:19.9383890Z [11:42:19]: ▸ [LoopKitUI] Generate Asset Symbols Assets.xcassets
Build	Fastlane Build & Archive	2026-07-20T11:42:22.4085630Z [11:42:22]: ▸ ::warning file=/Users/runner/Library/Developer/Xcode/DerivedData/Trio-bovmnxebschsylahdeysnjjqdcte/Build/Intermediates.noindex/ArchiveIntermediates/Trio/IntermediateBuildFilesPath/LoopKit.build/Release-iphoneos/LoopKitUI.build/DerivedSources/GeneratedAssetSymbols.swift,line=121,col=14::The "vial_color" image asset name resolves to the symbol "vial" which already exists. Try renaming the asset.
Build	Fastlane Build & Archive	2026-07-20T11:42:22.4212210Z [11:42:22]: ▸     #warning("The \"vial_color\" image asset name resolves to the symbol \"vial\" which already exists. Try renaming the asset.")
Build	Fastlane Build & Archive	2026-07-20T11:42:22.4287200Z [11:42:22]: ▸              ^~~~~~~~~~~~~~~~~~~~~~~~~~~~~~~~~~~~~~~~~~~~~~~~~~~~~~~~~~~~~~~~~~~~~~~~~~~~~~~~~~~~~~~~~~~~~~~~~~~~~~~~~~~~~~~~~~~ (in target 'LoopKitUI' from project 'LoopKit')
Build	Fastlane Build & Archive	2026-07-20T11:42:22.4289000Z [11:42:22]: ▸ [LoopTestingKit] Copy arm64-apple-ios.swiftmodule -> LoopTestingKit.swiftmodule
Build	Fastlane Build & Archive	2026-07-20T11:42:22.4289980Z [11:42:22]: ▸ [LoopTestingKit] Copy arm64-apple-ios.swiftdoc -> LoopTestingKit.swiftdoc
Build	Fastlane Build & Archive	2026-07-20T11:42:22.4388600Z [11:42:22]: ▸ [LoopTestingKit] Copy arm64-apple-ios.abi.json -> LoopTestingKit.abi.json
Build	Fastlane Build & Archive	2026-07-20T11:43:14.5718320Z [11:43:14]: ▸ ::warning file=/Users/runner/Library/Developer/Xcode/DerivedData/Trio-bovmnxebschsylahdeysnjjqdcte/Build/Intermediates.noindex/ArchiveIntermediates/Trio/IntermediateBuildFilesPath/LoopKit.build/Release-iphoneos/LoopKitUI.build/DerivedSources/GeneratedAssetSymbols.swift,line=121,col=14::The "vial_color" image asset name resolves to the symbol "vial" which already exists. Try renaming the asset.
Build	Fastlane Build & Archive	2026-07-20T11:43:14.5812770Z [11:43:14]: ▸     #warning("The \"vial_color\" image asset name resolves to the symbol \"vial\" which already exists. Try renaming the asset.")
Build	Fastlane Build & Archive	2026-07-20T11:43:14.5814510Z [11:43:14]: ▸              ^~~~~~~~~~~~~~~~~~~~~~~~~~~~~~~~~~~~~~~~~~~~~~~~~~~~~~~~~~~~~~~~~~~~~~~~~~~~~~~~~~~~~~~~~~~~~~~~~~~~~~~~~~~~~~~~~~~
Build	Fastlane Build & Archive	2026-07-20T11:43:14.5816600Z [11:43:14]: ▸ ::warning file=/Users/runner/work/Trio/Trio/LoopKit/LoopKitUI/Views/GuardrailConstrainedQuantityRangeView.swift,line=51,col=10::'animation' was deprecated in iOS 15.0: Use withAnimation or animation(_:value:) instead.
Build	Fastlane Build & Archive	2026-07-20T11:43:14.5818250Z [11:43:14]: ▸         .animation(forceDisableAnimations || isEditing || !hasAppeared ? nil : .default)
Build	Fastlane Build & Archive	2026-07-20T11:43:14.5819200Z [11:43:14]: ▸          ^
Build	Fastlane Build & Archive	2026-07-20T11:43:14.5820550Z [11:43:14]: ▸ ::warning file=/Users/runner/work/Trio/Trio/LoopKit/LoopKitUI/Views/GuardrailConstraintedQuantityView.swift,line=78,col=10::'animation' was deprecated in iOS 15.0: Use withAnimation or animation(_:value:) instead.
Build	Fastlane Build & Archive	2026-07-20T11:43:14.5827750Z [11:43:14]: ▸         .animation(animation)
Build	Fastlane Build & Archive	2026-07-20T11:43:14.5917820Z [11:43:14]: ▸          ^
Build	Fastlane Build & Archive	2026-07-20T11:43:14.5925040Z [11:43:14]: ▸ ::warning file=/Users/runner/work/Trio/Trio/LoopKit/LoopKitUI/Views/SetupButton.swift,line=33,col=9::'contentEdgeInsets' was deprecated in iOS 15.0: This property is ignored when using UIButtonConfiguration
Build	Fastlane Build & Archive	2026-07-20T11:43:14.5928830Z [11:43:14]: ▸         contentEdgeInsets.top = 14
Build	Fastlane Build & Archive	2026-07-20T11:43:14.5930860Z [11:43:14]: ▸         ^
Build	Fastlane Build & Archive	2026-07-20T11:43:14.5932880Z [11:43:14]: ▸ ::warning file=/Users/runner/work/Trio/Trio/LoopKit/LoopKitUI/Views/SetupButton.swift,line=34,col=9::'contentEdgeInsets' was deprecated in iOS 15.0: This property is ignored when using UIButtonConfiguration
Build	Fastlane Build & Archive	2026-07-20T11:43:14.5934020Z [11:43:14]: ▸         contentEdgeInsets.bottom = 14
Build	Fastlane Build & Archive	2026-07-20T11:43:14.5935640Z [11:43:14]: ▸         ^
Build	Fastlane Build & Archive	2026-07-20T11:43:14.5937370Z [11:43:14]: ▸ ::warning file=/Users/runner/work/Trio/Trio/LoopKit/LoopKitUI/View Controllers/EmojiInputController.swift,line=138,col=1::extension declares a conformance of imported type 'UIInputView' to imported protocol 'UIInputViewAudioFeedback'; this will not behave correctly if the owners of 'UIKit' introduce this conformance in the future
Build	Fastlane Build & Archive	2026-07-20T11:43:14.6047560Z [11:43:14]: ▸ extension UIInputView: UIInputViewAudioFeedback {
Build	Fastlane Build & Archive	2026-07-20T11:43:14.6048120Z [11:43:14]: ▸ ^
Build	Fastlane Build & Archive	2026-07-20T11:43:14.6049260Z [11:43:14]: ▸ ::warning file=/Users/runner/work/Trio/Trio/LoopKit/LoopKitUI/Views/ProgressIndicatorView.swift,line=83,col=22::'animation' was deprecated in iOS 15.0: Use withAnimation or animation(_:value:) instead.
Build	Fastlane Build & Archive	2026-07-20T11:43:14.6050450Z [11:43:14]: ▸                     .animation(.linear(duration: self.duration))
Build	Fastlane Build & Archive	2026-07-20T11:43:14.6050980Z [11:43:14]: ▸                      ^
Build	Fastlane Build & Archive	2026-07-20T11:43:14.6054630Z [11:43:14]: ▸ ::warning file=/Users/runner/work/Trio/Trio/LoopKit/LoopKitUI/Views/ProgressIndicatorView.swift,line=91,col=18::'animation' was deprecated in iOS 15.0: Use withAnimation or animation(_:value:) instead.
Build	Fastlane Build & Archive	2026-07-20T11:43:14.6055720Z [11:43:14]: ▸                 .animation(.spring(dampingFraction: 0.5))
Build	Fastlane Build & Archive	2026-07-20T11:43:14.6056210Z [11:43:14]: ▸                  ^
Build	Fastlane Build & Archive	2026-07-20T11:43:14.6057260Z [11:43:14]: ▸ ::warning file=/Users/runner/work/Trio/Trio/LoopKit/LoopKitUI/Views/ProgressIndicatorView.swift,line=149,col=10::'animation' was deprecated in iOS 15.0: Use withAnimation or animation(_:value:) instead.
Build	Fastlane Build & Archive	2026-07-20T11:43:14.6058300Z [11:43:14]: ▸         .animation(.default)
Build	Fastlane Build & Archive	2026-07-20T11:43:14.6058780Z [11:43:14]: ▸          ^
Build	Fastlane Build & Archive	2026-07-20T11:43:14.6059760Z [11:43:14]: ▸ ::warning file=/Users/runner/work/Trio/Trio/LoopKit/LoopKitUI/Views/DateAndDurationTableViewCell.swift,line=33,col=9::switch must be exhaustive
Build	Fastlane Build & Archive	2026-07-20T11:43:14.6060670Z [11:43:14]: ▸         switch datePicker.datePickerMode {
Build	Fastlane Build & Archive	2026-07-20T11:43:14.6061220Z [11:43:14]: ▸         ^
Build	Fastlane Build & Archive	2026-07-20T11:43:14.6062410Z [11:43:14]: ▸ ::warning file=/Users/runner/work/Trio/Trio/LoopKit/LoopKitUI/Views/ProgressView.swift,line=29,col=22::'animation' was deprecated in iOS 15.0: Use withAnimation or animation(_:value:) instead.
Build	Fastlane Build & Archive	2026-07-20T11:43:14.6063390Z [11:43:14]: ▸                     .animation(nil)
Build	Fastlane Build & Archive	2026-07-20T11:43:14.6063910Z [11:43:14]: ▸                      ^
Build	Fastlane Build & Archive	2026-07-20T11:43:14.6064990Z [11:43:14]: ▸ ::warning file=/Users/runner/work/Trio/Trio/LoopKit/LoopKitUI/Views/ProgressView.swift,line=49,col=18::'animation' was deprecated in iOS 15.0: Use withAnimation or animation(_:value:) instead.
Build	Fastlane Build & Archive	2026-07-20T11:43:14.6065940Z [11:43:14]: ▸                 .animation(.linear(duration: 2))
Build	Fastlane Build & Archive	2026-07-20T11:43:14.6066470Z [11:43:14]: ▸                  ^
Build	Fastlane Build & Archive	2026-07-20T11:43:14.6067450Z [11:43:14]: ▸ ::warning file=/Users/runner/work/Trio/Trio/LoopKit/LoopKitUI/Views/ProgressView.swift,line=52,col=18::'animation' was deprecated in iOS 15.0: Use withAnimation or animation(_:value:) instead.
Build	Fastlane Build & Archive	2026-07-20T11:43:14.6068940Z [11:43:14]: ▸                 .animation(.linear(duration: 0.2))
Build	Fastlane Build & Archive	2026-07-20T11:43:14.6069730Z [11:43:14]: ▸                  ^
Build	Fastlane Build & Archive	2026-07-20T11:43:14.6071740Z [11:43:14]: ▸ ::warning file=/Users/runner/work/Trio/Trio/LoopKit/LoopKitUI/Views/ProgressView.swift,line=58,col=10::'animation' was deprecated in iOS 15.0: Use withAnimation or animation(_:value:) instead.
Build	Fastlane Build & Archive	2026-07-20T11:43:14.6072800Z [11:43:14]: ▸         .animation(.linear(duration: 0.2))
Build	Fastlane Build & Archive	2026-07-20T11:43:14.6073250Z [11:43:14]: ▸          ^
Build	Fastlane Build & Archive	2026-07-20T11:43:14.6074710Z [11:43:14]: ▸ ::warning file=/Users/runner/work/Trio/Trio/LoopKit/LoopKitUI/Extensions/ChartPoint.swift,line=119,col=1::extension declares a conformance of imported type 'ChartPoint' to imported protocol 'TimelineValue'; this will not behave correctly if the owners of 'SwiftCharts' introduce this conformance in the future
Build	Fastlane Build & Archive	2026-07-20T11:43:14.6076110Z [11:43:14]: ▸ extension ChartPoint: TimelineValue {
Build	Fastlane Build & Archive	2026-07-20T11:43:14.6076610Z [11:43:14]: ▸ ^
Build	Fastlane Build & Archive	2026-07-20T11:43:14.8029890Z [11:43:14]: ▸ [RileyLinkBLEKit] Copy arm64-apple-ios.swiftmodule -> RileyLinkBLEKit.swiftmodule
Build	Fastlane Build & Archive	2026-07-20T11:43:14.8177600Z [11:43:14]: ▸ [RileyLinkBLEKit] Copy arm64-apple-ios.swiftdoc -> RileyLinkBLEKit.swiftdoc
Build	Fastlane Build & Archive	2026-07-20T11:43:14.8332820Z [11:43:14]: ▸ [RileyLinkBLEKit] Copy arm64-apple-ios.abi.json -> RileyLinkBLEKit.abi.json
Build	Fastlane Build & Archive	2026-07-20T11:43:14.8463490Z [11:43:14]: ▸ [LoopTestingKit] Compiling LoopTestingKit_vers.c
Build	Fastlane Build & Archive	2026-07-20T11:43:14.8590430Z [11:43:14]: ▸ [RileyLinkBLEKit] Compiling RileyLinkBLEKit_vers.c
Build	Fastlane Build & Archive	2026-07-20T11:43:14.8713190Z [11:43:14]: ▸ [LoopKit] RegisterExecutionPolicyException LoopKit.framework
Build	Fastlane Build & Archive	2026-07-20T11:43:14.8891560Z [11:43:14]: ▸ [KituraContracts] RegisterExecutionPolicyException KituraContracts.o
Build	Fastlane Build & Archive	2026-07-20T11:43:14.9010530Z [11:43:14]: ▸ [CryptorECC] Linking CryptorECC.o
Build	Fastlane Build & Archive	2026-07-20T11:43:14.9128690Z [11:43:14]: ▸ [Cryptor] Linking Cryptor.o
Build	Fastlane Build & Archive	2026-07-20T11:43:14.9258610Z [11:43:14]: ▸ note: Emplaced /Users/runner/Library/Developer/Xcode/DerivedData/Trio-bovmnxebschsylahdeysnjjqdcte/Build/Intermediates.noindex/ArchiveIntermediates/Trio/IntermediateBuildFilesPath/UninstalledProducts/iphoneos/LoopKitUI.framework/Assets.car (in target 'LoopKitUI' from project 'LoopKit')
Build	Fastlane Build & Archive	2026-07-20T11:43:14.9409940Z [11:43:14]: ▸ [LoopKit] Touching LoopKit.framework
Build	Fastlane Build & Archive	2026-07-20T11:43:14.9529060Z [11:43:14]: ▸ [CryptorRSA] Extract App Intents Metadata
Build	Fastlane Build & Archive	2026-07-20T11:43:14.9734610Z [11:43:14]: ▸ [FirebaseCrashlyticsSwift] Copy arm64-apple-ios.swiftmodule -> FirebaseCrashlyticsSwift.swiftmodule
Build	Fastlane Build & Archive	2026-07-20T11:43:14.9764230Z [11:43:14]: ▸ [FirebaseCrashlyticsSwift] Copy arm64-apple-ios.swiftdoc -> FirebaseCrashlyticsSwift.swiftdoc
Build	Fastlane Build & Archive	2026-07-20T11:43:14.9771420Z [11:43:14]: ▸ [FirebaseCrashlyticsSwift] Copy arm64-apple-ios.abi.json -> FirebaseCrashlyticsSwift.abi.json
Build	Fastlane Build & Archive	2026-07-20T11:43:14.9779770Z [11:43:14]: ▸ [TidepoolServiceKit] Linking TidepoolServiceKit
Build	Fastlane Build & Archive	2026-07-20T11:43:14.9781860Z [11:43:14]: ▸ [ShareClient] Linking ShareClient
Build	Fastlane Build & Archive	2026-07-20T11:43:14.9784460Z [11:43:14]: ▸ [RileyLinkBLEKit] Linking RileyLinkBLEKit
Build	Fastlane Build & Archive	2026-07-20T11:43:14.9821050Z [11:43:14]: ▸ [TidepoolServiceKit] Processing Info.plist
Build	Fastlane Build & Archive	2026-07-20T11:43:14.9821970Z [11:43:14]: ▸ [TidepoolServiceKit] Generating TidepoolServiceKit.framework.dSYM
Build	Fastlane Build & Archive	2026-07-20T11:43:14.9822890Z [11:43:14]: ▸ [TidepoolServiceKit] Compile XCStrings Localizable.xcstrings
Build	Fastlane Build & Archive	2026-07-20T11:43:14.9824870Z [11:43:14]: ▸ [ShareClient] Processing Info.plist
Build	Fastlane Build & Archive	2026-07-20T11:43:14.9825560Z [11:43:14]: ▸ [TidepoolServiceKit] Copying Localizable.strings
Build	Fastlane Build & Archive	2026-07-20T11:43:14.9826810Z [11:43:14]: ▸ [TidepoolServiceKit] Copying Localizable.strings
Build	Fastlane Build & Archive	2026-07-20T11:43:14.9827590Z [11:43:14]: ▸ [TidepoolServiceKit] Copying Localizable.strings
Build	Fastlane Build & Archive	2026-07-20T11:43:14.9828350Z [11:43:14]: ▸ [TidepoolServiceKit] Copying Localizable.strings
Build	Fastlane Build & Archive	2026-07-20T11:43:14.9829180Z [11:43:14]: ▸ [TidepoolServiceKit] Copying Localizable.strings
Build	Fastlane Build & Archive	2026-07-20T11:43:14.9829990Z [11:43:14]: ▸ [TidepoolServiceKit] Copying Localizable.strings
Build	Fastlane Build & Archive	2026-07-20T11:43:14.9830810Z [11:43:14]: ▸ [TidepoolServiceKit] Copying Localizable.strings
Build	Fastlane Build & Archive	2026-07-20T11:43:14.9831570Z [11:43:14]: ▸ [TidepoolServiceKit] Copying Localizable.strings
Build	Fastlane Build & Archive	2026-07-20T11:43:14.9832280Z [11:43:14]: ▸ [TidepoolServiceKit] Copying Localizable.strings
Build	Fastlane Build & Archive	2026-07-20T11:43:14.9833020Z [11:43:14]: ▸ [TidepoolServiceKit] Copying Localizable.strings
Build	Fastlane Build & Archive	2026-07-20T11:43:14.9833700Z [11:43:14]: ▸ [TidepoolServiceKit] Copying Localizable.strings
Build	Fastlane Build & Archive	2026-07-20T11:43:14.9834480Z [11:43:14]: ▸ [TidepoolServiceKit] Copying Localizable.strings
Build	Fastlane Build & Archive	2026-07-20T11:43:14.9838550Z [11:43:14]: ▸ [TidepoolServiceKit] Copying Localizable.strings
Build	Fastlane Build & Archive	2026-07-20T11:43:14.9841780Z [11:43:14]: ▸ [TidepoolServiceKit] Copying Localizable.strings
Build	Fastlane Build & Archive	2026-07-20T11:43:14.9844400Z [11:43:14]: ▸ [TidepoolServiceKit] Copying Localizable.strings
Build	Fastlane Build & Archive	2026-07-20T11:43:14.9846060Z [11:43:14]: ▸ [TidepoolServiceKit] Copying Localizable.strings
Build	Fastlane Build & Archive	2026-07-20T11:43:14.9849820Z [11:43:14]: ▸ [TidepoolServiceKit] Copying Localizable.strings
Build	Fastlane Build & Archive	2026-07-20T11:43:14.9855350Z [11:43:14]: ▸ [TidepoolServiceKit] Copying Localizable.strings
Build	Fastlane Build & Archive	2026-07-20T11:43:14.9946020Z [11:43:14]: ▸ [TidepoolServiceKit] Copying Localizable.strings
Build	Fastlane Build & Archive	2026-07-20T11:43:15.0105610Z [11:43:14]: ▸ [TidepoolServiceKit] Copying Localizable.strings
Build	Fastlane Build & Archive	2026-07-20T11:43:15.0259540Z [11:43:14]: ▸ [TidepoolServiceKit] Copying Localizable.strings
Build	Fastlane Build & Archive	2026-07-20T11:43:15.0392960Z [11:43:14]: ▸ [TidepoolServiceKit] Copying Localizable.strings
Build	Fastlane Build & Archive	2026-07-20T11:43:15.0502640Z [11:43:14]: ▸ [TidepoolServiceKit] Copying Localizable.strings
Build	Fastlane Build & Archive	2026-07-20T11:43:15.0606270Z [11:43:14]: ▸ [TidepoolServiceKit] Copying Localizable.strings
Build	Fastlane Build & Archive	2026-07-20T11:43:15.0710270Z [11:43:14]: ▸ [TidepoolServiceKit] Copying Localizable.strings
Build	Fastlane Build & Archive	2026-07-20T11:43:15.0783380Z [11:43:14]: ▸ [ShareClient] Generating ShareClient.framework.dSYM
Build	Fastlane Build & Archive	2026-07-20T11:43:15.0785870Z [11:43:14]: ▸ [ShareClient] Compile XCStrings Localizable.xcstrings
Build	Fastlane Build & Archive	2026-07-20T11:43:15.0805710Z [11:43:14]: ▸ [RileyLinkBLEKit] Processing Info.plist
Build	Fastlane Build & Archive	2026-07-20T11:43:15.0807450Z [11:43:14]: ▸ [ShareClient] Copying Localizable.strings
Build	Fastlane Build & Archive	2026-07-20T11:43:15.0809030Z [11:43:14]: ▸ [ShareClient] Copying Localizable.strings
Build	Fastlane Build & Archive	2026-07-20T11:43:15.0810660Z [11:43:14]: ▸ [ShareClient] Copying Localizable.strings
Build	Fastlane Build & Archive	2026-07-20T11:43:15.0812720Z [11:43:14]: ▸ [ShareClient] Copying Localizable.strings
Build	Fastlane Build & Archive	2026-07-20T11:43:15.0813920Z [11:43:14]: ▸ [ShareClient] Copying Localizable.strings
Build	Fastlane Build & Archive	2026-07-20T11:43:15.0815830Z [11:43:14]: ▸ [ShareClient] Copying Localizable.strings
Build	Fastlane Build & Archive	2026-07-20T11:43:15.0818840Z [11:43:14]: ▸ [ShareClient] Copying Localizable.strings
Build	Fastlane Build & Archive	2026-07-20T11:43:15.0821000Z [11:43:14]: ▸ [ShareClient] Copying Localizable.strings
Build	Fastlane Build & Archive	2026-07-20T11:43:15.0881580Z [11:43:14]: ▸ [ShareClient] Copying Localizable.strings
Build	Fastlane Build & Archive	2026-07-20T11:43:15.0883650Z [11:43:14]: ▸ [ShareClient] Copying Localizable.strings
Build	Fastlane Build & Archive	2026-07-20T11:43:15.0886060Z [11:43:14]: ▸ [ShareClient] Copying Localizable.strings
Build	Fastlane Build & Archive	2026-07-20T11:43:15.0886920Z [11:43:14]: ▸ [ShareClient] Copying Localizable.strings
Build	Fastlane Build & Archive	2026-07-20T11:43:15.0887510Z [11:43:14]: ▸ [ShareClient] Copying Localizable.strings
Build	Fastlane Build & Archive	2026-07-20T11:43:15.0888850Z [11:43:14]: ▸ [ShareClient] Copying Localizable.strings
Build	Fastlane Build & Archive	2026-07-20T11:43:15.0957190Z [11:43:14]: ▸ [ShareClient] Copying Localizable.strings
Build	Fastlane Build & Archive	2026-07-20T11:43:15.0958030Z [11:43:14]: ▸ [ShareClient] Copying Localizable.strings
Build	Fastlane Build & Archive	2026-07-20T11:43:15.0958750Z [11:43:14]: ▸ [ShareClient] Copying Localizable.strings
Build	Fastlane Build & Archive	2026-07-20T11:43:15.0959340Z [11:43:14]: ▸ [ShareClient] Copying Localizable.strings
Build	Fastlane Build & Archive	2026-07-20T11:43:15.0960470Z [11:43:14]: ▸ [ShareClient] Copying Localizable.strings
Build	Fastlane Build & Archive	2026-07-20T11:43:15.0962550Z [11:43:14]: ▸ [ShareClient] Copying Localizable.strings
Build	Fastlane Build & Archive	2026-07-20T11:43:15.0981240Z [11:43:14]: ▸ [ShareClient] Copying Localizable.strings
Build	Fastlane Build & Archive	2026-07-20T11:43:15.0985740Z [11:43:14]: ▸ [RileyLinkBLEKit] Generating RileyLinkBLEKit.framework.dSYM
Build	Fastlane Build & Archive	2026-07-20T11:43:15.0990240Z [11:43:14]: ▸ [RileyLinkBLEKit] Compile XCStrings Localizable.xcstrings
Build	Fastlane Build & Archive	2026-07-20T11:43:15.0992350Z [11:43:14]: ▸ [LoopTestingKit] Processing Info.plist
Build	Fastlane Build & Archive	2026-07-20T11:43:15.0997530Z [11:43:14]: ▸ [LoopTestingKit] Linking LoopTestingKit
Build	Fastlane Build & Archive	2026-07-20T11:43:15.1000090Z [11:43:14]: ▸ [LoopKitUI] Compiling TextFieldTableViewCell.xib
Build	Fastlane Build & Archive	2026-07-20T11:43:15.1003060Z [11:43:14]: ▸ [RileyLinkBLEKit] Copying Localizable.strings
Build	Fastlane Build & Archive	2026-07-20T11:43:15.1004110Z [11:43:14]: ▸ [RileyLinkBLEKit] Copying Localizable.strings
Build	Fastlane Build & Archive	2026-07-20T11:43:15.1004820Z [11:43:14]: ▸ [RileyLinkBLEKit] Copying Localizable.strings
Build	Fastlane Build & Archive	2026-07-20T11:43:15.1010720Z [11:43:14]: ▸ [RileyLinkBLEKit] Copying Localizable.strings
Build	Fastlane Build & Archive	2026-07-20T11:43:15.1011700Z [11:43:14]: ▸ [RileyLinkBLEKit] Copying Localizable.strings
Build	Fastlane Build & Archive	2026-07-20T11:43:15.1012650Z [11:43:14]: ▸ [RileyLinkBLEKit] Copying Localizable.strings
Build	Fastlane Build & Archive	2026-07-20T11:43:15.1014470Z [11:43:14]: ▸ [RileyLinkBLEKit] Copying Localizable.strings
Build	Fastlane Build & Archive	2026-07-20T11:43:15.1022470Z [11:43:14]: ▸ [RileyLinkBLEKit] Copying Localizable.strings
Build	Fastlane Build & Archive	2026-07-20T11:43:15.1023210Z [11:43:14]: ▸ [RileyLinkBLEKit] Copying Localizable.strings
Build	Fastlane Build & Archive	2026-07-20T11:43:15.1025920Z [11:43:14]: ▸ [RileyLinkBLEKit] Copying Localizable.strings
Build	Fastlane Build & Archive	2026-07-20T11:43:15.1027850Z [11:43:14]: ▸ [RileyLinkBLEKit] Copying Localizable.strings
Build	Fastlane Build & Archive	2026-07-20T11:43:15.1029700Z [11:43:14]: ▸ [RileyLinkBLEKit] Copying Localizable.strings
Build	Fastlane Build & Archive	2026-07-20T11:43:15.1031470Z [11:43:14]: ▸ [RileyLinkBLEKit] Copying Localizable.strings
Build	Fastlane Build & Archive	2026-07-20T11:43:15.1033280Z [11:43:14]: ▸ [RileyLinkBLEKit] Copying Localizable.strings
Build	Fastlane Build & Archive	2026-07-20T11:43:15.1035150Z [11:43:14]: ▸ [RileyLinkBLEKit] Copying Localizable.strings
Build	Fastlane Build & Archive	2026-07-20T11:43:15.1037020Z [11:43:14]: ▸ [RileyLinkBLEKit] Copying Localizable.strings
Build	Fastlane Build & Archive	2026-07-20T11:43:15.1040420Z [11:43:14]: ▸ [RileyLinkBLEKit] Copying Localizable.strings
Build	Fastlane Build & Archive	2026-07-20T11:43:15.1042640Z [11:43:14]: ▸ [RileyLinkBLEKit] Copying Localizable.strings
Build	Fastlane Build & Archive	2026-07-20T11:43:15.1043880Z [11:43:14]: ▸ [RileyLinkBLEKit] Copying Localizable.strings
Build	Fastlane Build & Archive	2026-07-20T11:43:15.1044730Z [11:43:14]: ▸ [RileyLinkBLEKit] Copying Localizable.strings
Build	Fastlane Build & Archive	2026-07-20T11:43:15.1045380Z [11:43:14]: ▸ [RileyLinkBLEKit] Copying Localizable.strings
Build	Fastlane Build & Archive	2026-07-20T11:43:15.1046300Z [11:43:14]: ▸ [RileyLinkBLEKit] Copying Localizable.strings
Build	Fastlane Build & Archive	2026-07-20T11:43:15.1047130Z [11:43:14]: ▸ [LoopTestingKit] Generating LoopTestingKit.framework.dSYM
Build	Fastlane Build & Archive	2026-07-20T11:43:15.1052700Z [11:43:14]: ▸ [LoopKitUI] Compiling SetConstrainedScheduleEntryTableViewCell.xib
Build	Fastlane Build & Archive	2026-07-20T11:43:15.1053510Z [11:43:14]: ▸ [LoopKitUI] Compiling ReservoirVolumeHUDView.xib
Build	Fastlane Build & Archive	2026-07-20T11:43:15.1054390Z [11:43:14]: ▸ [LoopKitUI] Compiling RepeatingScheduleValueTableViewCell.xib
Build	Fastlane Build & Archive	2026-07-20T11:43:15.1056910Z [11:43:14]: ▸ [LoopKitUI] Compiling LabeledTextFieldTableViewCell.xib
Build	Fastlane Build & Archive	2026-07-20T11:43:15.1058340Z [11:43:14]: ▸ [LoopKitUI] Compiling InsulinSensitivityScalingTableViewCell.xib
Build	Fastlane Build & Archive	2026-07-20T11:43:15.1059050Z [11:43:14]: ▸ [LoopKitUI] Compiling GlucoseRangeTableViewCell.xib
Build	Fastlane Build & Archive	2026-07-20T11:43:15.1059910Z [11:43:14]: ▸ [LoopKitUI] Compiling GlucoseRangeOverrideTableViewCell.xib
Build	Fastlane Build & Archive	2026-07-20T11:43:15.1060720Z [11:43:14]: ▸ [LoopKitUI] Compiling DoubleRangeTableViewCell.xib
Build	Fastlane Build & Archive	2026-07-20T11:43:15.1117510Z [11:43:14]: ▸ [LoopKitUI] Compiling DecimalTextFieldTableViewCell.xib
Build	Fastlane Build & Archive	2026-07-20T11:43:15.1120300Z [11:43:14]: ▸ [LoopKitUI] Compiling DateAndDurationTableViewCell.xib
Build	Fastlane Build & Archive	2026-07-20T11:43:15.1123500Z [11:43:14]: ▸ [LoopKitUI] Compiling BatteryLevelHUDView.xib
Build	Fastlane Build & Archive	2026-07-20T11:43:15.1130460Z [11:43:14]: ▸ [LoopKitUI] Compiling AuthenticationTableViewCell.xib
Build	Fastlane Build & Archive	2026-07-20T11:43:15.1137100Z [11:43:14]: ▸ [LoopKitUI] Compile XCStrings LegacyInsulinDeliveryTableViewController.xcstrings
Build	Fastlane Build & Archive	2026-07-20T11:43:15.1142930Z [11:43:14]: ▸ [LoopKitUI] Compile XCStrings InsulinKit.xcstrings
Build	Fastlane Build & Archive	2026-07-20T11:43:15.1542550Z [11:43:14]: ▸ [LoopKitUI] Copying LegacyInsulinDeliveryTableViewController.strings
Build	Fastlane Build & Archive	2026-07-20T11:43:15.1545830Z [11:43:14]: ▸ [LoopKitUI] Copying InsulinKit.strings
Build	Fastlane Build & Archive	2026-07-20T11:43:15.1553610Z [11:43:14]: ▸ [LoopKitUI] Copying LegacyInsulinDeliveryTableViewController.strings
Build	Fastlane Build & Archive	2026-07-20T11:43:15.1608200Z [11:43:14]: ▸ [LoopKitUI] Copying InsulinKit.strings
Build	Fastlane Build & Archive	2026-07-20T11:43:15.1609690Z [11:43:14]: ▸ [LoopKitUI] Copying LegacyInsulinDeliveryTableViewController.strings
Build	Fastlane Build & Archive	2026-07-20T11:43:15.1610410Z [11:43:14]: ▸ [LoopKitUI] Copying InsulinKit.strings
Build	Fastlane Build & Archive	2026-07-20T11:43:15.1611140Z [11:43:14]: ▸ [LoopKitUI] Copying LegacyInsulinDeliveryTableViewController.strings
Build	Fastlane Build & Archive	2026-07-20T11:43:15.1611860Z [11:43:14]: ▸ [LoopKitUI] Copying InsulinKit.strings
Build	Fastlane Build & Archive	2026-07-20T11:43:15.1612560Z [11:43:14]: ▸ [LoopKitUI] Copying LegacyInsulinDeliveryTableViewController.strings
Build	Fastlane Build & Archive	2026-07-20T11:43:15.1613180Z [11:43:14]: ▸ [LoopKitUI] Copying InsulinKit.strings
Build	Fastlane Build & Archive	2026-07-20T11:43:15.1613810Z [11:43:14]: ▸ [LoopKitUI] Copying LegacyInsulinDeliveryTableViewController.strings
Build	Fastlane Build & Archive	2026-07-20T11:43:15.1614930Z [11:43:14]: ▸ [LoopKitUI] Copying InsulinKit.strings
Build	Fastlane Build & Archive	2026-07-20T11:43:15.1635780Z [11:43:14]: ▸ [LoopKitUI] Copying LegacyInsulinDeliveryTableViewController.strings
Build	Fastlane Build & Archive	2026-07-20T11:43:15.1636990Z [11:43:14]: ▸ [LoopKitUI] Copying InsulinKit.strings
Build	Fastlane Build & Archive	2026-07-20T11:43:15.1638180Z [11:43:14]: ▸ [LoopKitUI] Copying LegacyInsulinDeliveryTableViewController.strings
Build	Fastlane Build & Archive	2026-07-20T11:43:15.1638950Z [11:43:14]: ▸ [LoopKitUI] Copying InsulinKit.strings
Build	Fastlane Build & Archive	2026-07-20T11:43:15.1639770Z [11:43:14]: ▸ [LoopKitUI] Copying LegacyInsulinDeliveryTableViewController.strings
Build	Fastlane Build & Archive	2026-07-20T11:43:15.1641700Z [11:43:14]: ▸ [LoopKitUI] Copying InsulinKit.strings
Build	Fastlane Build & Archive	2026-07-20T11:43:15.1642540Z [11:43:14]: ▸ [LoopKitUI] Copying LegacyInsulinDeliveryTableViewController.strings
Build	Fastlane Build & Archive	2026-07-20T11:43:15.1643420Z [11:43:14]: ▸ [LoopKitUI] Copying InsulinKit.strings
Build	Fastlane Build & Archive	2026-07-20T11:43:15.1644220Z [11:43:14]: ▸ [LoopKitUI] Copying LegacyInsulinDeliveryTableViewController.strings
Build	Fastlane Build & Archive	2026-07-20T11:43:15.1644950Z [11:43:14]: ▸ [LoopKitUI] Copying InsulinKit.strings
Build	Fastlane Build & Archive	2026-07-20T11:43:15.1645740Z [11:43:14]: ▸ [LoopKitUI] Copying LegacyInsulinDeliveryTableViewController.strings
Build	Fastlane Build & Archive	2026-07-20T11:43:15.1646490Z [11:43:14]: ▸ [LoopKitUI] Copying InsulinKit.strings
Build	Fastlane Build & Archive	2026-07-20T11:43:15.1647100Z [11:43:14]: ▸ [LoopKitUI] Copying LegacyInsulinDeliveryTableViewController.strings
Build	Fastlane Build & Archive	2026-07-20T11:43:15.1647840Z [11:43:14]: ▸ [LoopKitUI] Copying InsulinKit.strings
Build	Fastlane Build & Archive	2026-07-20T11:43:15.1648440Z [11:43:14]: ▸ [LoopKitUI] Copying LegacyInsulinDeliveryTableViewController.strings
Build	Fastlane Build & Archive	2026-07-20T11:43:15.1649190Z [11:43:14]: ▸ [LoopKitUI] Copying InsulinKit.strings
Build	Fastlane Build & Archive	2026-07-20T11:43:15.1649820Z [11:43:14]: ▸ [LoopKitUI] Copying LegacyInsulinDeliveryTableViewController.strings
Build	Fastlane Build & Archive	2026-07-20T11:43:15.1650420Z [11:43:14]: ▸ [LoopKitUI] Copying InsulinKit.strings
Build	Fastlane Build & Archive	2026-07-20T11:43:15.1651060Z [11:43:14]: ▸ [LoopKitUI] Copying LegacyInsulinDeliveryTableViewController.strings
Build	Fastlane Build & Archive	2026-07-20T11:43:15.1651710Z [11:43:14]: ▸ [LoopKitUI] Copying InsulinKit.strings
Build	Fastlane Build & Archive	2026-07-20T11:43:15.1652340Z [11:43:14]: ▸ [LoopKitUI] Copying LegacyInsulinDeliveryTableViewController.strings
Build	Fastlane Build & Archive	2026-07-20T11:43:15.1652960Z [11:43:14]: ▸ [LoopKitUI] Copying InsulinKit.strings
Build	Fastlane Build & Archive	2026-07-20T11:43:15.1653620Z [11:43:14]: ▸ [LoopKitUI] Copying LegacyInsulinDeliveryTableViewController.strings
Build	Fastlane Build & Archive	2026-07-20T11:43:15.1692270Z [11:43:14]: ▸ [LoopKitUI] Copying LegacyInsulinDeliveryTableViewController.strings
Build	Fastlane Build & Archive	2026-07-20T11:43:15.1788040Z [11:43:14]: ▸ [LoopKitUI] Copying InsulinKit.strings
Build	Fastlane Build & Archive	2026-07-20T11:43:15.1790120Z [11:43:14]: ▸ [LoopKitUI] Copying LegacyInsulinDeliveryTableViewController.strings
Build	Fastlane Build & Archive	2026-07-20T11:43:15.1791910Z [11:43:14]: ▸ [LoopKitUI] Copying InsulinKit.strings
Build	Fastlane Build & Archive	2026-07-20T11:43:15.1793540Z [11:43:14]: ▸ [LoopKitUI] Copying LegacyInsulinDeliveryTableViewController.strings
Build	Fastlane Build & Archive	2026-07-20T11:43:15.1795080Z [11:43:14]: ▸ [LoopKitUI] Copying InsulinKit.strings
Build	Fastlane Build & Archive	2026-07-20T11:43:15.1796380Z [11:43:14]: ▸ [LoopKitUI] Compile XCStrings Localizable.xcstrings
Build	Fastlane Build & Archive	2026-07-20T11:43:15.1798440Z [11:43:14]: ▸ [LoopKitUI] Compiling OverrideSelectionViewController.storyboard
Build	Fastlane Build & Archive	2026-07-20T11:43:15.1800110Z [11:43:14]: ▸ [LoopKitUI] Copying Localizable.strings
Build	Fastlane Build & Archive	2026-07-20T11:43:15.1801370Z [11:43:14]: ▸ [LoopKitUI] Copying Localizable.strings
Build	Fastlane Build & Archive	2026-07-20T11:43:15.1802600Z [11:43:14]: ▸ [LoopKitUI] Copying Localizable.strings
Build	Fastlane Build & Archive	2026-07-20T11:43:15.1804820Z [11:43:14]: ▸ [LoopKitUI] Copying Localizable.strings
Build	Fastlane Build & Archive	2026-07-20T11:43:15.1806090Z [11:43:14]: ▸ [LoopKitUI] Copying Localizable.strings
Build	Fastlane Build & Archive	2026-07-20T11:43:15.1808050Z [11:43:14]: ▸ [LoopKitUI] Copying Localizable.strings
Build	Fastlane Build & Archive	2026-07-20T11:43:15.1809250Z [11:43:14]: ▸ [LoopKitUI] Copying Localizable.strings
Build	Fastlane Build & Archive	2026-07-20T11:43:15.1811050Z [11:43:14]: ▸ [LoopKitUI] Copying Localizable.strings
Build	Fastlane Build & Archive	2026-07-20T11:43:15.1812560Z [11:43:14]: ▸ [LoopKitUI] Copying Localizable.strings
Build	Fastlane Build & Archive	2026-07-20T11:43:15.1814210Z [11:43:14]: ▸ [LoopKitUI] Copying Localizable.strings
Build	Fastlane Build & Archive	2026-07-20T11:43:15.1815580Z [11:43:14]: ▸ [LoopKitUI] Copying Localizable.strings
Build	Fastlane Build & Archive	2026-07-20T11:43:15.1817860Z [11:43:14]: ▸ [LoopKitUI] Copying Localizable.strings
Build	Fastlane Build & Archive	2026-07-20T11:43:15.1819630Z [11:43:14]: ▸ [LoopKitUI] Copying Localizable.strings
Build	Fastlane Build & Archive	2026-07-20T11:43:15.1821210Z [11:43:14]: ▸ [LoopKitUI] Copying Localizable.strings
Build	Fastlane Build & Archive	2026-07-20T11:43:15.1822600Z [11:43:14]: ▸ [LoopKitUI] Copying Localizable.strings
Build	Fastlane Build & Archive	2026-07-20T11:43:15.1824030Z [11:43:14]: ▸ [LoopKitUI] Copying Localizable.strings
Build	Fastlane Build & Archive	2026-07-20T11:43:15.1844690Z [11:43:14]: ▸ [LoopKitUI] Copying Localizable.strings
Build	Fastlane Build & Archive	2026-07-20T11:43:15.1846370Z [11:43:14]: ▸ [LoopKitUI] Copying Localizable.strings
Build	Fastlane Build & Archive	2026-07-20T11:43:15.1847630Z [11:43:14]: ▸ [LoopKitUI] Copying Localizable.strings
Build	Fastlane Build & Archive	2026-07-20T11:43:15.1849000Z [11:43:14]: ▸ [LoopKitUI] Copying Localizable.strings
Build	Fastlane Build & Archive	2026-07-20T11:43:15.1850480Z [11:43:14]: ▸ [LoopKitUI] Copying Localizable.strings
Build	Fastlane Build & Archive	2026-07-20T11:43:15.1852550Z [11:43:14]: ▸ [LoopKitUI] Copying Localizable.strings
Build	Fastlane Build & Archive	2026-07-20T11:43:15.1853290Z [11:43:14]: ▸ [LoopKitUI] Copying Localizable.strings
Build	Fastlane Build & Archive	2026-07-20T11:43:15.1853870Z [11:43:14]: ▸ [LoopKitUI] Copying Localizable.strings
Build	Fastlane Build & Archive	2026-07-20T11:43:15.1854530Z [11:43:14]: ▸ [LoopKitUI] Copying Localizable.strings
Build	Fastlane Build & Archive	2026-07-20T11:43:15.1855080Z [11:43:14]: ▸ [LoopKitUI] Copying Localizable.strings
Build	Fastlane Build & Archive	2026-07-20T11:43:15.1855580Z [11:43:14]: ▸ [LoopKitUI] Copying Localizable.strings
Build	Fastlane Build & Archive	2026-07-20T11:43:15.1856110Z [11:43:14]: ▸ [LoopKitUI] Compiling EmojiInputController.storyboard
Build	Fastlane Build & Archive	2026-07-20T11:43:15.1856740Z [11:43:14]: ▸ [LoopKitUI] Compiling LegacyInsulinDeliveryTableViewController.storyboard
Build	Fastlane Build & Archive	2026-07-20T11:43:15.1857330Z [11:43:14]: ▸ [LoopKitUI] Compiling InsulinKit.storyboard
Build	Fastlane Build & Archive	2026-07-20T11:43:15.1857830Z [11:43:14]: ▸ [TidepoolServiceKit] Extract App Intents Metadata
Build	Fastlane Build & Archive	2026-07-20T11:43:15.1858530Z [11:43:14]: ▸ [FirebaseCrashlyticsSwift] Linking FirebaseCrashlyticsSwift.o
Build	Fastlane Build & Archive	2026-07-20T11:43:15.1860050Z [11:43:14]: ▸ [ShareClient] Extract App Intents Metadata
Build	Fastlane Build & Archive	2026-07-20T11:43:15.1860680Z [11:43:14]: ▸ [RileyLinkBLEKit] Extract App Intents Metadata
Build	Fastlane Build & Archive	2026-07-20T11:43:15.1861150Z [11:43:14]: ▸ [LoopTestingKit] Extract App Intents Metadata
Build	Fastlane Build & Archive	2026-07-20T11:43:15.1861600Z [11:43:14]: ▸ [LoopKitUI] Processing Info.plist
Build	Fastlane Build & Archive	2026-07-20T11:43:15.1862080Z [11:43:14]: ▸ [FirebaseCrashlyticsSwift] Extract App Intents Metadata
Build	Fastlane Build & Archive	2026-07-20T11:43:15.1864220Z [11:43:14]: ▸ [CryptorECC] Extract App Intents Metadata
Build	Fastlane Build & Archive	2026-07-20T11:43:15.1864660Z [11:43:14]: ▸ [Cryptor] Extract App Intents Metadata
Build	Fastlane Build & Archive	2026-07-20T11:43:15.1865270Z [11:43:14]: ▸ [TidepoolServiceKit] RegisterExecutionPolicyException TidepoolServiceKit.framework
Build	Fastlane Build & Archive	2026-07-20T11:43:15.1867740Z [11:43:14]: ▸ [TidepoolServiceKit] Touching TidepoolServiceKit.framework
Build	Fastlane Build & Archive	2026-07-20T11:43:15.1868590Z [11:43:14]: ▸ [ShareClient] RegisterExecutionPolicyException ShareClient.framework
Build	Fastlane Build & Archive	2026-07-20T11:43:15.1869360Z [11:43:14]: ▸ [ShareClient] Touching ShareClient.framework
Build	Fastlane Build & Archive	2026-07-20T11:43:15.1870000Z [11:43:14]: ▸ [RileyLinkBLEKit] RegisterExecutionPolicyException RileyLinkBLEKit.framework
Build	Fastlane Build & Archive	2026-07-20T11:43:15.1872080Z [11:43:14]: ▸ [FirebaseCore] Compiling resource_bundle_accessor.m
Build	Fastlane Build & Archive	2026-07-20T11:43:15.1872620Z [11:43:14]: ▸ [FirebaseCore] Compiling FIRVersion.m
Build	Fastlane Build & Archive	2026-07-20T11:43:15.1873070Z [11:43:14]: ▸ [FirebaseCore] Compiling FIRTimestamp.m
Build	Fastlane Build & Archive	2026-07-20T11:43:15.1873520Z [11:43:14]: ▸ [FirebaseCore] Compiling FIROptions.m
Build	Fastlane Build & Archive	2026-07-20T11:43:15.1874000Z [11:43:14]: ▸ [FirebaseCore] Compiling FIRConfiguration.m
Build	Fastlane Build & Archive	2026-07-20T11:43:15.1874740Z [11:43:14]: ▸ [FirebaseCore] Compiling FIRComponentType.m
Build	Fastlane Build & Archive	2026-07-20T11:43:15.1875750Z [11:43:14]: ▸ [FirebaseCore] Compiling FIRComponentContainer.m
Build	Fastlane Build & Archive	2026-07-20T11:43:15.1876260Z [11:43:14]: ▸ [FirebaseCore] Compiling FIRComponent.m
Build	Fastlane Build & Archive	2026-07-20T11:43:15.1881070Z [11:43:14]: ▸ [FirebaseCore] Compiling FIRAnalyticsConfiguration.m
Build	Fastlane Build & Archive	2026-07-20T11:43:15.1884430Z [11:43:14]: ▸ [FirebaseCore] Compiling FIRFirebaseUserAgent.m
Build	Fastlane Build & Archive	2026-07-20T11:43:15.1885950Z [11:43:14]: ▸ [FirebaseCore] Compiling FIRBundleUtil.m
Build	Fastlane Build & Archive	2026-07-20T11:43:15.1888800Z [11:43:14]: ▸ [FirebaseCore] Compiling FIRLogger.m
Build	Fastlane Build & Archive	2026-07-20T11:43:15.1891020Z [11:43:14]: ▸ [FirebaseCore] Compiling FIRHeartbeatLogger.m
Build	Fastlane Build & Archive	2026-07-20T11:43:15.1895800Z [11:43:14]: ▸ [RileyLinkBLEKit] Touching RileyLinkBLEKit.framework
Build	Fastlane Build & Archive	2026-07-20T11:43:15.1897300Z [11:43:14]: ▸ [FirebaseCore] Compiling FIRApp.m
Build	Fastlane Build & Archive	2026-07-20T11:43:15.1900920Z [11:43:14]: ▸ [Firebase] RegisterExecutionPolicyException Firebase.o
Build	Fastlane Build & Archive	2026-07-20T11:43:15.1902810Z [11:43:14]: ▸ [FirebaseCoreInternal] RegisterExecutionPolicyException FirebaseCoreInternal.o
Build	Fastlane Build & Archive	2026-07-20T11:43:15.1905270Z [11:43:14]: ▸ [FirebaseCoreExtension] RegisterExecutionPolicyException FirebaseCoreExtension.o
Build	Fastlane Build & Archive	2026-07-20T11:43:15.1907490Z [11:43:14]: ▸ [LoopTestingKit] RegisterExecutionPolicyException LoopTestingKit.framework
Build	Fastlane Build & Archive	2026-07-20T11:43:15.1910220Z [11:43:14]: ▸ [FirebaseCrashlyticsSwift] RegisterExecutionPolicyException FirebaseCrashlyticsSwift.o
Build	Fastlane Build & Archive	2026-07-20T11:43:15.1912600Z [11:43:14]: ▸ [LoopTestingKit] Touching LoopTestingKit.framework
Build	Fastlane Build & Archive	2026-07-20T11:43:15.1916100Z [11:43:14]: ▸ [FirebaseCrashlytics] Compiling FIRCLSException.mm
Build	Fastlane Build & Archive	2026-07-20T11:43:15.1918490Z [11:43:14]: ▸ [FirebaseCrashlytics] Compiling FIRCLSDemangleOperation.mm
Build	Fastlane Build & Archive	2026-07-20T11:43:15.1920950Z [11:43:14]: ▸ [FirebaseCrashlytics] Compiling crashlytics.nanopb.c
Build	Fastlane Build & Archive	2026-07-20T11:43:15.1923310Z [11:43:14]: ▸ [Algorithms] Copy arm64-apple-ios.swiftmodule -> Algorithms.swiftmodule
Build	Fastlane Build & Archive	2026-07-20T11:43:15.1925030Z [11:43:14]: ▸ [Algorithms] Copy arm64-apple-ios.swiftdoc -> Algorithms.swiftdoc
Build	Fastlane Build & Archive	2026-07-20T11:43:15.1926680Z [11:43:14]: ▸ [Algorithms] Copy arm64-apple-ios.abi.json -> Algorithms.abi.json
Build	Fastlane Build & Archive	2026-07-20T11:43:15.1928240Z [11:43:14]: ▸ [FirebaseCrashlytics] Compiling resource_bundle_accessor.m
Build	Fastlane Build & Archive	2026-07-20T11:43:15.1929640Z [11:43:14]: ▸ [FirebaseCrashlytics] Compiling FIRStackFrame.m
Build	Fastlane Build & Archive	2026-07-20T11:43:15.1931890Z [11:43:14]: ▸ [FirebaseCrashlytics] Compiling FIRExceptionModel.m
Build	Fastlane Build & Archive	2026-07-20T11:43:15.1933970Z [11:43:14]: ▸ [FirebaseCrashlytics] Compiling FIRCrashlyticsReport.m
Build	Fastlane Build & Archive	2026-07-20T11:43:15.1935340Z [11:43:14]: ▸ [FirebaseCrashlytics] Compiling FIRCLSdSYM.m
Build	Fastlane Build & Archive	2026-07-20T11:43:15.1936630Z [11:43:14]: ▸ [FirebaseCrashlytics] Compiling FIRCLSUtility.m
Build	Fastlane Build & Archive	2026-07-20T11:43:15.1937970Z [11:43:14]: ▸ [FirebaseCrashlytics] Compiling FIRCLSUserLogging.m
Build	Fastlane Build & Archive	2026-07-20T11:43:15.1939350Z [11:43:14]: ▸ [FirebaseCrashlytics] Compiling FIRCLSUserDefaults.m
Build	Fastlane Build & Archive	2026-07-20T11:43:15.1940690Z [11:43:14]: ▸ [FirebaseCrashlytics] Compiling FIRCLSUUID.m
Build	Fastlane Build & Archive	2026-07-20T11:43:15.1943040Z [11:43:14]: ▸ [FirebaseCrashlytics] Compiling FIRCrashlytics.m
Build	Fastlane Build & Archive	2026-07-20T11:43:15.1944560Z [11:43:14]: ▸ [FirebaseCrashlytics] Compiling FIRCLSUnwind_x86.c
Build	Fastlane Build & Archive	2026-07-20T11:43:15.1945930Z [11:43:14]: ▸ [FirebaseCrashlytics] Compiling FIRCLSUnwind_arm.c
Build	Fastlane Build & Archive	2026-07-20T11:43:15.1947300Z [11:43:14]: ▸ [FirebaseCrashlytics] Compiling FIRCLSUnwind.c
Build	Fastlane Build & Archive	2026-07-20T11:43:15.1951680Z [11:43:14]: ▸ [FirebaseCrashlytics] Compiling FIRCLSURLBuilder.m
Build	Fastlane Build & Archive	2026-07-20T11:43:15.1953300Z [11:43:14]: ▸ [FirebaseCrashlytics] Compiling FIRCLSThreadState.c
Build	Fastlane Build & Archive	2026-07-20T11:43:15.1954780Z [11:43:14]: ▸ [FirebaseCrashlytics] Compiling FIRCLSThreadArrayOperation.m
Build	Fastlane Build & Archive	2026-07-20T11:43:15.1956350Z [11:43:14]: ▸ [FirebaseCrashlytics] Compiling FIRCLSSymbolicationOperation.m
Build	Fastlane Build & Archive	2026-07-20T11:43:15.1957860Z [11:43:15]: ▸ [FirebaseCrashlytics] Compiling FIRCLSSymbolResolver.m
Build	Fastlane Build & Archive	2026-07-20T11:43:15.1958460Z [11:43:15]: ▸ [FirebaseCrashlytics] Compiling FIRCLSSignal.c
Build	Fastlane Build & Archive	2026-07-20T11:43:15.1959050Z [11:43:15]: ▸ [FirebaseCrashlytics] Compiling FIRCLSSettingsManager.m
Build	Fastlane Build & Archive	2026-07-20T11:43:15.1959600Z [11:43:15]: ▸ [FirebaseCrashlytics] Compiling FIRCLSSettings.m
Build	Fastlane Build & Archive	2026-07-20T11:43:15.1961220Z [11:43:15]: ▸ [FirebaseCrashlytics] Compiling FIRCLSSerializeSymbolicatedFramesOperation.m
Build	Fastlane Build & Archive	2026-07-20T11:43:15.1970020Z [11:43:15]: ▸ [FirebaseCrashlytics] Compiling FIRCLSRolloutsPersistenceManager.m
Build	Fastlane Build & Archive	2026-07-20T11:43:15.1972100Z [11:43:15]: ▸ [FirebaseCrashlytics] Compiling FIRCLSReportUploader.m
Build	Fastlane Build & Archive	2026-07-20T11:43:15.1973880Z [11:43:15]: ▸ [FirebaseCrashlytics] Compiling FIRCLSReportAdapter.m
Build	Fastlane Build & Archive	2026-07-20T11:43:15.1975700Z [11:43:15]: ▸ [FirebaseCrashlytics] Compiling FIRCLSReportManager.m
Build	Fastlane Build & Archive	2026-07-20T11:43:15.1976390Z [11:43:15]: ▸ [FirebaseCrashlytics] Compiling FIRCLSRecordIdentity.m
Build	Fastlane Build & Archive	2026-07-20T11:43:15.1977170Z [11:43:15]: ▸ [FirebaseCrashlytics] Compiling FIRCLSRecordHost.m
Build	Fastlane Build & Archive	2026-07-20T11:43:15.1978960Z [11:43:15]: ▸ [FirebaseCrashlytics] Compiling FIRCLSRecordBase.m
Build	Fastlane Build & Archive	2026-07-20T11:43:15.1980780Z [11:43:15]: ▸ [FirebaseCrashlytics] Compiling FIRCLSRecordApplication.m
Build	Fastlane Build & Archive	2026-07-20T11:43:15.1982580Z [11:43:15]: ▸ [FirebaseCrashlytics] Compiling FIRCLSProcessReportOperation.m
Build	Fastlane Build & Archive	2026-07-20T11:43:15.1984320Z [11:43:15]: ▸ [FirebaseCrashlytics] Compiling FIRCLSOnDemandModel.m
Build	Fastlane Build & Archive	2026-07-20T11:43:15.1986250Z [11:43:15]: ▸ [FirebaseCrashlytics] Compiling FIRCLSNotificationManager.m
Build	Fastlane Build & Archive	2026-07-20T11:43:15.1989050Z [11:43:15]: ▸ [FirebaseCrashlytics] Compiling FIRCLSProcess.c
Build	Fastlane Build & Archive	2026-07-20T11:43:15.1990820Z [11:43:15]: ▸ [FirebaseCrashlytics] Compiling FIRCLSNetworkResponseHandler.m
Build	Fastlane Build & Archive	2026-07-20T11:43:15.1991960Z [11:43:15]: ▸ [FirebaseCrashlytics] Compiling FIRCLSNetworkOperation.m
Build	Fastlane Build & Archive	2026-07-20T11:43:15.1992550Z [11:43:15]: ▸ [FirebaseCrashlytics] Compiling FIRCLSMetricKitManager.m
Build	Fastlane Build & Archive	2026-07-20T11:43:15.1993380Z [11:43:15]: ▸ [FirebaseCrashlytics] Compiling FIRCLSManagerData.m
Build	Fastlane Build & Archive	2026-07-20T11:43:15.1993950Z [11:43:15]: ▸ [FirebaseCrashlytics] Compiling FIRCLSMachOSlice.m
Build	Fastlane Build & Archive	2026-07-20T11:43:15.1994540Z [11:43:15]: ▸ [FirebaseCrashlytics] Compiling FIRCLSMachOBinary.m
Build	Fastlane Build & Archive	2026-07-20T11:43:15.1995080Z [11:43:15]: ▸ [FirebaseCrashlytics] Compiling FIRCLSMachO.m
Build	Fastlane Build & Archive	2026-07-20T11:43:15.1995840Z [11:43:15]: ▸ [FirebaseCrashlytics] Compiling FIRCLSMachException.c
Build	Fastlane Build & Archive	2026-07-20T11:43:15.1996410Z [11:43:15]: ▸ [FirebaseCrashlytics] Compiling FIRCLSLogger.m
Build	Fastlane Build & Archive	2026-07-20T11:43:15.1999130Z [11:43:15]: ▸ [FirebaseCrashlytics] Compiling FIRCLSLaunchMarkerModel.m
Build	Fastlane Build & Archive	2026-07-20T11:43:15.2005480Z [11:43:15]: ▸ [FirebaseCrashlytics] Compiling FIRCLSInternalReport.m
Build	Fastlane Build & Archive	2026-07-20T11:43:15.2013860Z [11:43:15]: ▸ [FirebaseCrashlytics] Compiling FIRCLSInternalLogging.c
Build	Fastlane Build & Archive	2026-07-20T11:43:15.2014480Z [11:43:15]: ▸ [FirebaseCrashlytics] Compiling FIRCLSInstallIdentifierModel.m
Build	Fastlane Build & Archive	2026-07-20T11:43:15.2015040Z [11:43:15]: ▸ [FirebaseCrashlytics] Compiling FIRCLSHandler.m
Build	Fastlane Build & Archive	2026-07-20T11:43:15.2015570Z [11:43:15]: ▸ [FirebaseCrashlytics] Compiling FIRCLSHost.m
Build	Fastlane Build & Archive	2026-07-20T11:43:15.2017940Z [11:43:15]: ▸ [FirebaseCrashlytics] Compiling FIRCLSFileManager.m
Build	Fastlane Build & Archive	2026-07-20T11:43:15.2019830Z [11:43:15]: ▸ [FirebaseCrashlytics] Compiling FIRCLSFile.m
Build	Fastlane Build & Archive	2026-07-20T11:43:15.2021260Z [11:43:15]: ▸ [FirebaseCrashlytics] Compiling FIRCLSFABNetworkClient.m
Build	Fastlane Build & Archive	2026-07-20T11:43:15.2030010Z [11:43:15]: ▸ [FirebaseCrashlytics] Compiling FIRCLSFABAsyncOperation.m
Build	Fastlane Build & Archive	2026-07-20T11:43:15.2032140Z [11:43:15]: ▸ [FirebaseCrashlytics] Compiling FIRCLSFABHost.m
Build	Fastlane Build & Archive	2026-07-20T11:43:15.2032740Z [11:43:15]: ▸ [FirebaseCrashlytics] Compiling FIRCLSExistingReportManager.m
Build	Fastlane Build & Archive	2026-07-20T11:43:15.2033460Z [11:43:15]: ▸ [FirebaseCrashlytics] Compiling FIRCLSExecutionIdentifierModel.m
Build	Fastlane Build & Archive	2026-07-20T11:43:15.2039150Z [11:43:15]: ▸ [FirebaseCrashlytics] Compiling FIRCLSDwarfUnwind.c
Build	Fastlane Build & Archive	2026-07-20T11:43:15.2039770Z [11:43:15]: ▸ [FirebaseCrashlytics] Compiling FIRCLSDwarfExpressionMachine.c
Build	Fastlane Build & Archive	2026-07-20T11:43:15.2040420Z [11:43:15]: ▸ [FirebaseCrashlytics] Compiling FIRCLSDownloadAndSaveSettingsOperation.m
Build	Fastlane Build & Archive	2026-07-20T11:43:15.2041320Z [11:43:15]: ▸ [FirebaseCrashlytics] Compiling FIRCLSDataParsing.c
Build	Fastlane Build & Archive	2026-07-20T11:43:15.2042330Z [11:43:15]: ▸ [FirebaseCrashlytics] Compiling FIRCLSDataCollectionToken.m
Build	Fastlane Build & Archive	2026-07-20T11:43:15.2043040Z [11:43:15]: ▸ [FirebaseCrashlytics] Compiling FIRCLSDataCollectionArbiter.m
Build	Fastlane Build & Archive	2026-07-20T11:43:15.2043630Z [11:43:15]: ▸ [FirebaseCrashlytics] Compiling FIRCLSCrashedMarkerFile.c
Build	Fastlane Build & Archive	2026-07-20T11:43:15.2046200Z [11:43:15]: ▸ [FirebaseCrashlytics] Compiling FIRCLSContextManager.m
Build	Fastlane Build & Archive	2026-07-20T11:43:15.2046770Z [11:43:15]: ▸ [FirebaseCrashlytics] Compiling FIRCLSContextInitData.m
Build	Fastlane Build & Archive	2026-07-20T11:43:15.2047320Z [11:43:15]: ▸ [FirebaseCrashlytics] Compiling FIRCLSContext.m
Build	Fastlane Build & Archive	2026-07-20T11:43:15.2047840Z [11:43:15]: ▸ [FirebaseCrashlytics] Compiling FIRCLSConstants.m
Build	Fastlane Build & Archive	2026-07-20T11:43:15.2048390Z [11:43:15]: ▸ [FirebaseCrashlytics] Compiling FIRCLSCompoundOperation.m
Build	Fastlane Build & Archive	2026-07-20T11:43:15.2051900Z [11:43:15]: ▸ [FirebaseCrashlytics] Compiling FIRCLSCompactUnwind.c
Build	Fastlane Build & Archive	2026-07-20T11:43:15.2065830Z [11:43:15]: ▸ [FirebaseCrashlytics] Compiling FIRCLSCodeMapping.m
Build	Fastlane Build & Archive	2026-07-20T11:43:15.2072130Z [11:43:15]: ▸ [FirebaseCrashlytics] Compiling FIRCLSCallStackTree.m
Build	Fastlane Build & Archive	2026-07-20T11:43:15.2073900Z [11:43:15]: ▸ [FirebaseCrashlytics] Compiling FIRCLSByteUtility.m
Build	Fastlane Build & Archive	2026-07-20T11:43:15.2082020Z [11:43:15]: ▸ [FirebaseCrashlytics] Compiling FIRCLSBinaryImage.m
Build	Fastlane Build & Archive	2026-07-20T11:43:15.2082680Z [11:43:15]: ▸ [FirebaseCrashlytics] Compiling FIRCLSAsyncOperation.m
Build	Fastlane Build & Archive	2026-07-20T11:43:15.2083280Z [11:43:15]: ▸ [FirebaseCrashlytics] Compiling FIRCLSApplicationIdentifierModel.m
Build	Fastlane Build & Archive	2026-07-20T11:43:15.2083890Z [11:43:15]: ▸ [FirebaseCrashlytics] Compiling FIRCLSApplication.m
Build	Fastlane Build & Archive	2026-07-20T11:43:15.2084480Z [11:43:15]: ▸ [FirebaseCrashlytics] Compiling FIRCLSAnalyticsManager.m
Build	Fastlane Build & Archive	2026-07-20T11:43:15.2085060Z [11:43:15]: ▸ [FBLPromises] RegisterExecutionPolicyException FBLPromises.o
Build	Fastlane Build & Archive	2026-07-20T11:43:15.2085630Z [11:43:15]: ▸ [FirebaseCrashlytics] Compiling FIRCLSAllocate.c
Build	Fastlane Build & Archive	2026-07-20T11:43:15.2086110Z [11:43:15]: ▸ [FirebaseCore] Linking FirebaseCore.o
Build	Fastlane Build & Archive	2026-07-20T11:43:15.2086640Z [11:43:15]: ▸ [CryptorRSA] RegisterExecutionPolicyException CryptorRSA.o
Build	Fastlane Build & Archive	2026-07-20T11:43:15.2087150Z [11:43:15]: ▸ [Promises] Linking Promises.o
Build	Fastlane Build & Archive	2026-07-20T11:43:15.2087650Z [11:43:15]: ▸ [GoogleDataTransport] Linking GoogleDataTransport.o
Build	Fastlane Build & Archive	2026-07-20T11:43:15.2088130Z [11:43:15]: ▸ [Promises] Extract App Intents Metadata
Build	Fastlane Build & Archive	2026-07-20T11:43:15.2088680Z [11:43:15]: ▸ [CryptorECC] RegisterExecutionPolicyException CryptorECC.o
Build	Fastlane Build & Archive	2026-07-20T11:43:15.2089170Z [11:43:15]: ▸ [Algorithms] Linking Algorithms.o
Build	Fastlane Build & Archive	2026-07-20T11:43:15.2089780Z [11:43:15]: ▸ [CryptoSwift_CryptoSwift] RegisterExecutionPolicyException CryptoSwift_CryptoSwift.bundle
Build	Fastlane Build & Archive	2026-07-20T11:43:15.2090370Z [11:43:15]: ▸ [CGMBLEKit] Processing Info.plist
Build	Fastlane Build & Archive	2026-07-20T11:43:15.2090840Z [11:43:15]: ▸ [CGMBLEKit] Compile XCStrings Localizable.xcstrings
Build	Fastlane Build & Archive	2026-07-20T11:43:15.2091360Z [11:43:15]: ▸ [CGMBLEKit] Copying Localizable.strings
Build	Fastlane Build & Archive	2026-07-20T11:43:15.2091810Z [11:43:15]: ▸ [CGMBLEKit] Copying Localizable.strings
Build	Fastlane Build & Archive	2026-07-20T11:43:15.2092250Z [11:43:15]: ▸ [CGMBLEKit] Copying Localizable.strings
Build	Fastlane Build & Archive	2026-07-20T11:43:15.2092690Z [11:43:15]: ▸ [CGMBLEKit] Copying Localizable.strings
Build	Fastlane Build & Archive	2026-07-20T11:43:15.2093230Z [11:43:15]: ▸ [CGMBLEKit] Copying Localizable.strings
Build	Fastlane Build & Archive	2026-07-20T11:43:15.2093700Z [11:43:15]: ▸ [CGMBLEKit] Copying Localizable.strings
Build	Fastlane Build & Archive	2026-07-20T11:43:15.2094140Z [11:43:15]: ▸ [CGMBLEKit] Copying Localizable.strings
Build	Fastlane Build & Archive	2026-07-20T11:43:15.2094590Z [11:43:15]: ▸ [CGMBLEKit] Copying Localizable.strings
Build	Fastlane Build & Archive	2026-07-20T11:43:15.2095020Z [11:43:15]: ▸ [CGMBLEKit] Copying Localizable.strings
Build	Fastlane Build & Archive	2026-07-20T11:43:15.2095450Z [11:43:15]: ▸ [CGMBLEKit] Copying Localizable.strings
Build	Fastlane Build & Archive	2026-07-20T11:43:15.2097600Z [11:43:15]: ▸ [CGMBLEKit] Copying Localizable.strings
Build	Fastlane Build & Archive	2026-07-20T11:43:15.2099010Z [11:43:15]: ▸ [CGMBLEKit] Copying Localizable.strings
Build	Fastlane Build & Archive	2026-07-20T11:43:15.2100460Z [11:43:15]: ▸ [CGMBLEKit] Copying Localizable.strings
Build	Fastlane Build & Archive	2026-07-20T11:43:15.2101770Z [11:43:15]: ▸ [CGMBLEKit] Copying Localizable.strings
Build	Fastlane Build & Archive	2026-07-20T11:43:15.2103750Z [11:43:15]: ▸ [CGMBLEKit] Copying Localizable.strings
Build	Fastlane Build & Archive	2026-07-20T11:43:15.2105260Z [11:43:15]: ▸ [CGMBLEKit] Copying Localizable.strings
Build	Fastlane Build & Archive	2026-07-20T11:43:15.2106720Z [11:43:15]: ▸ [CGMBLEKit] Copying Localizable.strings
Build	Fastlane Build & Archive	2026-07-20T11:43:15.2107200Z [11:43:15]: ▸ [CGMBLEKit] Copying Localizable.strings
Build	Fastlane Build & Archive	2026-07-20T11:43:15.2107660Z [11:43:15]: ▸ [CGMBLEKit] Copying Localizable.strings
Build	Fastlane Build & Archive	2026-07-20T11:43:15.2108140Z [11:43:15]: ▸ [CGMBLEKit] Copying Localizable.strings
Build	Fastlane Build & Archive	2026-07-20T11:43:15.2108600Z [11:43:15]: ▸ [CGMBLEKit] Copying Localizable.strings
Build	Fastlane Build & Archive	2026-07-20T11:43:15.2109050Z [11:43:15]: ▸ [CGMBLEKit] Copying Localizable.strings
Build	Fastlane Build & Archive	2026-07-20T11:43:15.2109500Z [11:43:15]: ▸ [CGMBLEKit] Copying Localizable.strings
Build	Fastlane Build & Archive	2026-07-20T11:43:15.2109950Z [11:43:15]: ▸ [CGMBLEKit] Copying Localizable.strings
Build	Fastlane Build & Archive	2026-07-20T11:43:15.2110390Z [11:43:15]: ▸ [CGMBLEKit] Copying Localizable.strings
Build	Fastlane Build & Archive	2026-07-20T11:43:15.2110840Z [11:43:15]: ▸ [CGMBLEKit] Copying Localizable.strings
Build	Fastlane Build & Archive	2026-07-20T11:43:15.2111290Z [11:43:15]: ▸ [Algorithms] Extract App Intents Metadata
Build	Fastlane Build & Archive	2026-07-20T11:43:15.2111800Z [11:43:15]: ▸ [Promises] RegisterExecutionPolicyException Promises.o
Build	Fastlane Build & Archive	2026-07-20T11:43:15.2112450Z [11:43:15]: ▸ [GoogleDataTransport] RegisterExecutionPolicyException GoogleDataTransport.o
Build	Fastlane Build & Archive	2026-07-20T11:43:15.2113060Z [11:43:15]: ▸ [Cryptor] RegisterExecutionPolicyException Cryptor.o
Build	Fastlane Build & Archive	2026-07-20T11:43:15.2113660Z [11:43:15]: ▸ [FirebaseCore] RegisterExecutionPolicyException FirebaseCore.o
Build	Fastlane Build & Archive	2026-07-20T11:43:15.2114270Z [11:43:15]: ▸ [CryptoSwift_CryptoSwift] Touching CryptoSwift_CryptoSwift.bundle
Build	Fastlane Build & Archive	2026-07-20T11:43:15.2557320Z [11:43:15]: ▸ [CryptoSwift] Linking CryptoSwift.o
Build	Fastlane Build & Archive	2026-07-20T11:43:15.2560490Z [11:43:15]: ▸ [FirebaseSessionsObjC] Linking FirebaseSessionsObjC.o
Build	Fastlane Build & Archive	2026-07-20T11:43:15.2562470Z [11:43:15]: ▸ [FirebaseInstallations] Linking FirebaseInstallations.o
Build	Fastlane Build & Archive	2026-07-20T11:43:15.2563890Z [11:43:15]: ▸ [SwiftJWT] Linking SwiftJWT.o
Build	Fastlane Build & Archive	2026-07-20T11:43:15.2565030Z [11:43:15]: ▸ [SwiftJWT] Extract App Intents Metadata
Build	Fastlane Build & Archive	2026-07-20T11:43:15.2566630Z [11:43:15]: ▸ [SwiftJWT] RegisterExecutionPolicyException SwiftJWT.o
Build	Fastlane Build & Archive	2026-07-20T11:43:15.2568080Z [11:43:15]: ▸ [CryptoSwift] Extract App Intents Metadata
Build	Fastlane Build & Archive	2026-07-20T11:43:15.2569750Z [11:43:15]: ▸ [FirebaseSessionsObjC] RegisterExecutionPolicyException FirebaseSessionsObjC.o
Build	Fastlane Build & Archive	2026-07-20T11:43:15.3459080Z [11:43:15]: ▸ [FirebaseInstallations] RegisterExecutionPolicyException FirebaseInstallations.o
Build	Fastlane Build & Archive	2026-07-20T11:43:15.3461770Z [11:43:15]: ▸ [FirebaseSessions] Linking FirebaseSessions.o
Build	Fastlane Build & Archive	2026-07-20T11:43:15.3463380Z [11:43:15]: ▸ [FirebaseSessions] Extract App Intents Metadata
Build	Fastlane Build & Archive	2026-07-20T11:43:15.3465040Z [11:43:15]: ▸ [CryptoSwift] RegisterExecutionPolicyException CryptoSwift.o
Build	Fastlane Build & Archive	2026-07-20T11:43:15.3468000Z [11:43:15]: ▸ [CryptoSwift] Processing empty-CryptoSwift_-360922625E627667_PackageProduct.plist
Build	Fastlane Build & Archive	2026-07-20T11:43:15.3469820Z [11:43:15]: ▸ [CryptoSwift] Linking CryptoSwift_-360922625E627667_PackageProduct
Build	Fastlane Build & Archive	2026-07-20T11:43:15.3479630Z [11:43:15]: ▸ [CryptoSwift] Copying CryptoSwift_CryptoSwift.bundle
Build	Fastlane Build & Archive	2026-07-20T11:43:15.3480500Z [11:43:15]: ▸ [CryptoSwift] Generating CryptoSwift_-360922625E627667_PackageProduct.framework.dSYM
Build	Fastlane Build & Archive	2026-07-20T11:43:15.3482440Z [11:43:15]: ▸ [FirebaseSessions] RegisterExecutionPolicyException FirebaseSessions.o
Build	Fastlane Build & Archive	2026-07-20T11:43:15.3483110Z [11:43:15]: ▸ [FirebaseCrashlytics] Linking FirebaseCrashlytics.o
Build	Fastlane Build & Archive	2026-07-20T11:43:15.3580790Z [11:43:15]: ▸ [CryptoSwift] RegisterExecutionPolicyException CryptoSwift_-360922625E627667_PackageProduct.framework
Build	Fastlane Build & Archive	2026-07-20T11:43:15.3686600Z [11:43:15]: ▸ [Algorithms] RegisterExecutionPolicyException Algorithms.o
Build	Fastlane Build & Archive	2026-07-20T11:43:15.3806520Z [11:43:15]: ▸ [CryptoSwift] Touching CryptoSwift_-360922625E627667_PackageProduct.framework
Build	Fastlane Build & Archive	2026-07-20T11:43:15.3889620Z [11:43:15]: ▸ [FirebaseCrashlytics] RegisterExecutionPolicyException FirebaseCrashlytics.o
Build	Fastlane Build & Archive	2026-07-20T11:43:15.3893730Z [11:43:15]: ▸ [CGMBLEKit] Copy arm64-apple-ios.swiftdoc -> CGMBLEKit.swiftdoc
Build	Fastlane Build & Archive	2026-07-20T11:43:15.3895310Z [11:43:15]: ▸ [CGMBLEKit] Copy arm64-apple-ios.abi.json -> CGMBLEKit.abi.json
Build	Fastlane Build & Archive	2026-07-20T11:43:15.3897150Z [11:43:15]: ▸ [CGMBLEKit] Copy arm64-apple-ios.swiftmodule -> CGMBLEKit.swiftmodule
Build	Fastlane Build & Archive	2026-07-20T11:43:15.3898670Z [11:43:15]: ▸ [CGMBLEKit] Compiling CGMBLEKit_vers.c
Build	Fastlane Build & Archive	2026-07-20T11:43:15.3899790Z [11:43:15]: ▸ [CGMBLEKit] Compiling AESCrypt.m
Build	Fastlane Build & Archive	2026-07-20T11:43:15.3900830Z [11:43:15]: ▸ [CGMBLEKit] Linking CGMBLEKit
Build	Fastlane Build & Archive	2026-07-20T11:43:15.3901980Z [11:43:15]: ▸ [CGMBLEKit] Generating CGMBLEKit.framework.dSYM
Build	Fastlane Build & Archive	2026-07-20T11:43:15.3903290Z [11:43:15]: ▸ [CGMBLEKit] Extract App Intents Metadata
Build	Fastlane Build & Archive	2026-07-20T11:43:15.3904690Z [11:43:15]: ▸ [CGMBLEKit] RegisterExecutionPolicyException CGMBLEKit.framework
Build	Fastlane Build & Archive	2026-07-20T11:43:15.3906160Z [11:43:15]: ▸ [CGMBLEKit] Touching CGMBLEKit.framework
Build	Fastlane Build & Archive	2026-07-20T11:43:15.4330910Z [11:43:15]: ▸ [LoopKitUI] Copy arm64-apple-ios.swiftmodule -> LoopKitUI.swiftmodule
Build	Fastlane Build & Archive	2026-07-20T11:43:15.4439010Z [11:43:15]: ▸ [LoopKitUI] Copy arm64-apple-ios.swiftdoc -> LoopKitUI.swiftdoc
Build	Fastlane Build & Archive	2026-07-20T11:43:15.4482330Z [11:43:15]: ▸ [LoopKitUI] Copy arm64-apple-ios.abi.json -> LoopKitUI.abi.json
Build	Fastlane Build & Archive	2026-07-20T11:43:15.4602670Z [11:43:15]: ▸ [LoopKitUI] Compiling LoopKitUI_vers.c
Build	Fastlane Build & Archive	2026-07-20T11:43:23.2885030Z [11:43:23]: ▸ [TidepoolServiceKitUI] Generate Asset Symbols Assets.xcassets
Build	Fastlane Build & Archive	2026-07-20T11:43:23.2989450Z [11:43:23]: ▸ [LoopKitUI] Linking LoopKitUI
Build	Fastlane Build & Archive	2026-07-20T11:43:26.1868410Z [11:43:26]: ▸ [LoopKitUI] Generating LoopKitUI.framework.dSYM
Build	Fastlane Build & Archive	2026-07-20T11:43:26.5557820Z [11:43:26]: ▸ note: Emplaced /Users/runner/Library/Developer/Xcode/DerivedData/Trio-bovmnxebschsylahdeysnjjqdcte/Build/Intermediates.noindex/ArchiveIntermediates/Trio/IntermediateBuildFilesPath/UninstalledProducts/iphoneos/TidepoolServiceKitUI.framework/Assets.car (in target 'TidepoolServiceKitUI' from project 'TidepoolService')
Build	Fastlane Build & Archive	2026-07-20T11:43:29.3651450Z [11:43:29]: ▸ ::warning file=/Users/runner/work/Trio/Trio/TidepoolService/TidepoolServiceKitUI/TidepoolService+UI.swift,line=32,col=1::extension declares a conformance of imported type 'TidepoolService' to imported protocol 'ServiceUI'; this will not behave correctly if the owners of 'TidepoolServiceKit' introduce this conformance in the future
Build	Fastlane Build & Archive	2026-07-20T11:43:29.3794200Z [11:43:29]: ▸ extension TidepoolService: ServiceUI {
Build	Fastlane Build & Archive	2026-07-20T11:43:29.3932220Z [11:43:29]: ▸ ^
Build	Fastlane Build & Archive	2026-07-20T11:43:29.4043650Z [11:43:29]: ▸ ::warning file=/Users/runner/work/Trio/Trio/TidepoolService/TidepoolServiceKitUI/TidepoolService+UI.swift,line=47,col=36::no 'async' operations occur within 'await' expression
Build	Fastlane Build & Archive	2026-07-20T11:43:29.4153560Z [11:43:29]: ▸                 guard let window = await navController.view.window else {
Build	Fastlane Build & Archive	2026-07-20T11:43:29.4264670Z [11:43:29]: ▸                                    ^
Build	Fastlane Build & Archive	2026-07-20T11:43:29.4383440Z [11:43:29]: ▸ ::warning file=/Users/runner/work/Trio/Trio/TidepoolService/TidepoolServiceKitUI/TidepoolService+UI.swift,line=56,col=17::no 'async' operations occur within 'await' expression
Build	Fastlane Build & Archive	2026-07-20T11:43:29.4514570Z [11:43:29]: ▸                 await navController.notifyServiceCreatedAndOnboarded(service)
Build	Fastlane Build & Archive	2026-07-20T11:43:29.4619640Z [11:43:29]: ▸                 ^
Build	Fastlane Build & Archive	2026-07-20T11:43:29.4738120Z [11:43:29]: ▸ ::warning file=/Users/runner/work/Trio/Trio/TidepoolService/TidepoolServiceKitUI/TidepoolService+UI.swift,line=78,col=40::no 'async' operations occur within 'await' expression
Build	Fastlane Build & Archive	2026-07-20T11:43:29.4865090Z [11:43:29]: ▸                     guard let window = await navController.view.window else {
Build	Fastlane Build & Archive	2026-07-20T11:43:29.5006310Z [11:43:29]: ▸                                        ^
Build	Fastlane Build & Archive	2026-07-20T11:43:30.9228330Z [11:43:30]: ▸ [TidepoolServiceKitUI] Copy arm64-apple-ios.swiftmodule -> TidepoolServiceKitUI.swiftmodule
Build	Fastlane Build & Archive	2026-07-20T11:43:30.9347460Z [11:43:30]: ▸ [TidepoolServiceKitUI] Copy arm64-apple-ios.swiftdoc -> TidepoolServiceKitUI.swiftdoc
Build	Fastlane Build & Archive	2026-07-20T11:43:30.9472660Z [11:43:30]: ▸ [TidepoolServiceKitUI] Copy arm64-apple-ios.abi.json -> TidepoolServiceKitUI.abi.json
Build	Fastlane Build & Archive	2026-07-20T11:43:30.9579050Z [11:43:30]: ▸ [TidepoolServiceKitUI] Compiling TidepoolServiceKitUI_vers.c
Build	Fastlane Build & Archive	2026-07-20T11:43:30.9681900Z [11:43:30]: ▸ [MockKit] Generate Asset Symbols Assets.xcassets
Build	Fastlane Build & Archive	2026-07-20T11:43:32.9317320Z [11:43:32]: ▸ [RileyLinkKit] Copy arm64-apple-ios.swiftmodule -> RileyLinkKit.swiftmodule
Build	Fastlane Build & Archive	2026-07-20T11:43:32.9424600Z [11:43:32]: ▸ [RileyLinkKit] Copy arm64-apple-ios.swiftdoc -> RileyLinkKit.swiftdoc
Build	Fastlane Build & Archive	2026-07-20T11:43:32.9528660Z [11:43:32]: ▸ [RileyLinkKit] Copy arm64-apple-ios.abi.json -> RileyLinkKit.abi.json
Build	Fastlane Build & Archive	2026-07-20T11:43:42.2561210Z [11:43:42]: ▸ note: Emplaced /Users/runner/Library/Developer/Xcode/DerivedData/Trio-bovmnxebschsylahdeysnjjqdcte/Build/Intermediates.noindex/ArchiveIntermediates/Trio/IntermediateBuildFilesPath/UninstalledProducts/iphoneos/MockKit.framework/Assets.car (in target 'MockKit' from project 'LoopKit')
Build	Fastlane Build & Archive	2026-07-20T11:43:42.2667910Z [11:43:42]: ▸ [RileyLinkKit] Compiling RileyLinkKit_vers.c
Build	Fastlane Build & Archive	2026-07-20T11:43:42.2768790Z [11:43:42]: ▸ [RileyLinkKitUI] Generate Asset Symbols RileyLinkKitUI.xcassets
Build	Fastlane Build & Archive	2026-07-20T11:43:44.6815200Z [11:43:44]: ▸ note: Emplaced /Users/runner/Library/Developer/Xcode/DerivedData/Trio-bovmnxebschsylahdeysnjjqdcte/Build/Intermediates.noindex/ArchiveIntermediates/Trio/IntermediateBuildFilesPath/UninstalledProducts/iphoneos/RileyLinkKitUI.framework/Assets.car (in target 'RileyLinkKitUI' from project 'RileyLinkKit')
Build	Fastlane Build & Archive	2026-07-20T11:43:44.6949070Z [11:43:44]: ▸ ::warning file=/Users/runner/work/Trio/Trio/dexcom-share-client-swift/ShareClientUI/ShareService+UI.swift,line=12,col=1::extension declares a conformance of imported type 'ShareService' to imported protocol 'ServiceAuthenticationUI'; this will not behave correctly if the owners of 'ShareClient' introduce this conformance in the future
Build	Fastlane Build & Archive	2026-07-20T11:43:44.7085580Z [11:43:44]: ▸ extension ShareService: ServiceAuthenticationUI {
Build	Fastlane Build & Archive	2026-07-20T11:43:44.7197830Z [11:43:44]: ▸ ^
Build	Fastlane Build & Archive	2026-07-20T11:43:44.7314540Z [11:43:44]: ▸ ::warning file=/Users/runner/work/Trio/Trio/dexcom-share-client-swift/ShareClientUI/ShareClientManager+UI.swift,line=14,col=1::extension declares a conformance of imported type 'ShareClientManager' to imported protocols 'CGMManagerUI', 'DeviceManagerUI', 'DisplayGlucoseUnitObserver', 'CGMStatusIndicator'; this will not behave correctly if the owners of 'ShareClient' introduce this conformance in the future
Build	Fastlane Build & Archive	2026-07-20T11:43:44.7385120Z [11:43:44]: ▸ extension ShareClientManager: CGMManagerUI {
Build	Fastlane Build & Archive	2026-07-20T11:43:44.7388050Z [11:43:44]: ▸ ^
Build	Fastlane Build & Archive	2026-07-20T11:43:44.7443560Z [11:43:44]: ▸ [ShareClientUI] Copy arm64-apple-ios.swiftmodule -> ShareClientUI.swiftmodule
Build	Fastlane Build & Archive	2026-07-20T11:43:44.7444490Z [11:43:44]: ▸ [ShareClientUI] Copy arm64-apple-ios.swiftdoc -> ShareClientUI.swiftdoc
Build	Fastlane Build & Archive	2026-07-20T11:43:44.7445310Z [11:43:44]: ▸ [ShareClientUI] Copy arm64-apple-ios.abi.json -> ShareClientUI.abi.json
Build	Fastlane Build & Archive	2026-07-20T11:43:44.7446040Z [11:43:44]: ▸ [ShareClientUI] Compiling ShareClientUI_vers.c
Build	Fastlane Build & Archive	2026-07-20T11:43:44.7446640Z [11:43:44]: ▸ [LoopKitUI] Extract App Intents Metadata
Build	Fastlane Build & Archive	2026-07-20T11:43:44.7447250Z [11:43:44]: ▸ [MedtrumKit] Generate Asset Symbols MedtrumUI.xcassets
Build	Fastlane Build & Archive	2026-07-20T11:43:45.6042870Z [11:43:45]: ▸ [MockKit] Copy arm64-apple-ios.swiftmodule -> MockKit.swiftmodule
Build	Fastlane Build & Archive	2026-07-20T11:43:45.6147860Z [11:43:45]: ▸ [MockKit] Copy arm64-apple-ios.swiftdoc -> MockKit.swiftdoc
Build	Fastlane Build & Archive	2026-07-20T11:43:45.6253320Z [11:43:45]: ▸ [RileyLinkKitUI] Copy arm64-apple-ios.swiftmodule -> RileyLinkKitUI.swiftmodule
Build	Fastlane Build & Archive	2026-07-20T11:43:45.6298300Z [11:43:45]: ▸ [RileyLinkKitUI] Copy arm64-apple-ios.swiftdoc -> RileyLinkKitUI.swiftdoc
Build	Fastlane Build & Archive	2026-07-20T11:43:45.6400030Z [11:43:45]: ▸ [RileyLinkKitUI] Copy arm64-apple-ios.abi.json -> RileyLinkKitUI.abi.json
Build	Fastlane Build & Archive	2026-07-20T11:43:45.6460550Z [11:43:45]: ▸ [MockKit] Copy arm64-apple-ios.abi.json -> MockKit.abi.json
Build	Fastlane Build & Archive	2026-07-20T11:43:51.7452300Z [11:43:51]: ▸ /Users/runner/work/Trio/Trio/OmnipodKit/OmnipodKitPlugin/OmnipodKitPlugin.swift:11:8: warning: file 'OmnipodKitPlugin.swift' is part of module 'OmnipodKit'; ignoring import
Build	Fastlane Build & Archive	2026-07-20T11:43:51.7457850Z [11:43:51]: ▸ import OmnipodKit
Build	Fastlane Build & Archive	2026-07-20T11:43:51.7477590Z [11:43:51]: ▸        ^
Build	Fastlane Build & Archive	2026-07-20T11:44:13.1519430Z [11:44:13]: ▸ [RileyLinkKitUI] Compiling RileyLinkKitUI_vers.c
Build	Fastlane Build & Archive	2026-07-20T11:44:19.2871280Z [11:44:19]: ▸ [MockKit] Compiling MockKit_vers.c
Build	Fastlane Build & Archive	2026-07-20T11:44:19.2873820Z [11:44:19]: ▸ note: Emplaced /Users/runner/Library/Developer/Xcode/DerivedData/Trio-bovmnxebschsylahdeysnjjqdcte/Build/Intermediates.noindex/ArchiveIntermediates/Trio/IntermediateBuildFilesPath/UninstalledProducts/iphoneos/MedtrumKit.framework/Assets.car (in target 'MedtrumKit' from project 'MedtrumKit')
Build	Fastlane Build & Archive	2026-07-20T11:44:19.3008510Z [11:44:19]: ▸ [OmnipodKit] Generate Asset Symbols OmniUI.xcassets
Build	Fastlane Build & Archive	2026-07-20T11:44:19.3128910Z [11:44:19]: ▸ note: Emplaced /Users/runner/Library/Developer/Xcode/DerivedData/Trio-bovmnxebschsylahdeysnjjqdcte/Build/Intermediates.noindex/ArchiveIntermediates/Trio/IntermediateBuildFilesPath/UninstalledProducts/iphoneos/OmnipodKit.framework/Assets.car (in target 'OmnipodKit' from project 'OmnipodKit')
Build	Fastlane Build & Archive	2026-07-20T11:44:19.3316520Z [11:44:19]: ▸ ::warning file=/Users/runner/work/Trio/Trio/OmnipodKit/OmnipodKitPlugin/OmnipodKitPlugin.swift,line=11,col=8::File 'OmnipodKitPlugin.swift' is part of module 'OmnipodKit'; ignoring import
Build	Fastlane Build & Archive	2026-07-20T11:44:19.3432570Z [11:44:19]: ▸ import OmnipodKit
Build	Fastlane Build & Archive	2026-07-20T11:44:19.3543780Z [11:44:19]: ▸        ^ (in target 'OmnipodKit' from project 'OmnipodKit')
Build	Fastlane Build & Archive	2026-07-20T11:45:29.9711470Z [11:45:29]: ▸ ::warning file=/Users/runner/work/Trio/Trio/OmnipodKit/OmnipodKitPlugin/OmnipodKitPlugin.swift,line=11,col=8::file 'OmnipodKitPlugin.swift' is part of module 'OmnipodKit'; ignoring import
Build	Fastlane Build & Archive	2026-07-20T11:45:29.9807630Z [11:45:29]: ▸ import OmnipodKit
Build	Fastlane Build & Archive	2026-07-20T11:45:29.9909970Z [11:45:29]: ▸        ^
Build	Fastlane Build & Archive	2026-07-20T11:45:30.1316590Z [11:45:30]: ▸ [MockKitUI] Generate Asset Symbols Assets.xcassets
Build	Fastlane Build & Archive	2026-07-20T11:45:30.1449590Z [11:45:30]: ▸ [MinimedKit] Copy arm64-apple-ios.swiftmodule -> MinimedKit.swiftmodule
Build	Fastlane Build & Archive	2026-07-20T11:45:30.1563560Z [11:45:30]: ▸ [MinimedKit] Copy arm64-apple-ios.swiftdoc -> MinimedKit.swiftdoc
Build	Fastlane Build & Archive	2026-07-20T11:45:30.1672210Z [11:45:30]: ▸ [MinimedKit] Copy arm64-apple-ios.abi.json -> MinimedKit.abi.json
Build	Fastlane Build & Archive	2026-07-20T11:45:30.1781300Z [11:45:30]: ▸ [MedtrumKit] Copy arm64-apple-ios.swiftmodule -> MedtrumKit.swiftmodule
Build	Fastlane Build & Archive	2026-07-20T11:45:30.1897240Z [11:45:30]: ▸ [MedtrumKit] Copy arm64-apple-ios.swiftdoc -> MedtrumKit.swiftdoc
Build	Fastlane Build & Archive	2026-07-20T11:45:30.2002980Z [11:45:30]: ▸ [MedtrumKit] Copy arm64-apple-ios.abi.json -> MedtrumKit.abi.json
Build	Fastlane Build & Archive	2026-07-20T11:45:30.2111610Z [11:45:30]: ▸ note: Emplaced /Users/runner/Library/Developer/Xcode/DerivedData/Trio-bovmnxebschsylahdeysnjjqdcte/Build/Intermediates.noindex/ArchiveIntermediates/Trio/IntermediateBuildFilesPath/UninstalledProducts/iphoneos/MockKitUI.framework/Assets.car (in target 'MockKitUI' from project 'LoopKit')
Build	Fastlane Build & Archive	2026-07-20T11:45:30.2215120Z [11:45:30]: ▸ [MinimedKit] Compiling MinimedKit_vers.c
Build	Fastlane Build & Archive	2026-07-20T11:45:30.2317820Z [11:45:30]: ▸ [MedtrumKit] Compiling MedtrumKit_vers.c
Build	Fastlane Build & Archive	2026-07-20T11:45:30.2424280Z [11:45:30]: ▸ ::warning file=/Users/runner/work/Trio/Trio/LoopKit/MockKitUI/MockCGMManager+UI.swift,line=17,col=1::extension declares a conformance of imported type 'MockCGMManager' to imported protocols 'CGMManagerUI', 'DeviceManagerUI', 'DisplayGlucoseUnitObserver', 'CGMStatusIndicator'; this will not behave correctly if the owners of 'MockKit' introduce this conformance in the future
Build	Fastlane Build & Archive	2026-07-20T11:45:30.2529690Z [11:45:30]: ▸ extension MockCGMManager: CGMManagerUI {
Build	Fastlane Build & Archive	2026-07-20T11:45:30.2632500Z [11:45:30]: ▸ ^
Build	Fastlane Build & Archive	2026-07-20T11:45:30.2737890Z [11:45:30]: ▸ ::warning file=/Users/runner/work/Trio/Trio/LoopKit/MockKitUI/MockPumpManager+UI.swift,line=16,col=1::extension declares a conformance of imported type 'MockPumpManager' to imported protocols 'PumpManagerUI', 'DeviceManagerUI', 'PumpStatusIndicator'; this will not behave correctly if the owners of 'MockKit' introduce this conformance in the future
Build	Fastlane Build & Archive	2026-07-20T11:45:30.2844040Z [11:45:30]: ▸ extension MockPumpManager: PumpManagerUI {
Build	Fastlane Build & Archive	2026-07-20T11:45:30.2958800Z [11:45:30]: ▸ ^
Build	Fastlane Build & Archive	2026-07-20T11:45:30.3070200Z [11:45:30]: ▸ ::warning file=/Users/runner/work/Trio/Trio/LoopKit/MockKitUI/ViewModel/MockCGMManagerSettingsViewModel.swift,line=93,col=13::initialization of immutable value 'glucoseUnitPerMinute' was never used; consider replacing with assignment to '_' or removing it
Build	Fastlane Build & Archive	2026-07-20T11:45:30.3169440Z [11:45:30]: ▸         let glucoseUnitPerMinute = displayGlucosePreference.unit.unitDivided(by: .minute())
Build	Fastlane Build & Archive	2026-07-20T11:45:30.3271310Z [11:45:30]: ▸         ~~~~^~~~~~~~~~~~~~~~~~~~
Build	Fastlane Build & Archive	2026-07-20T11:45:30.3397440Z [11:45:30]: ▸ ::warning file=/Users/runner/work/Trio/Trio/LoopKit/MockKitUI/MockService+UI.swift,line=15,col=1::extension declares a conformance of imported type 'MockService' to imported protocol 'ServiceUI'; this will not behave correctly if the owners of 'MockKit' introduce this conformance in the future
Build	Fastlane Build & Archive	2026-07-20T11:45:30.3503560Z [11:45:30]: ▸ extension MockService: ServiceUI {
Build	Fastlane Build & Archive	2026-07-20T11:45:30.3633360Z [11:45:30]: ▸ ^
Build	Fastlane Build & Archive	2026-07-20T11:45:30.3743530Z [11:45:30]: ▸ ::warning file=/Users/runner/work/Trio/Trio/LibreTransmitter/Bluetooth/Transmitter/Libre2DirectTransmitter.swift,line=63,col=66::string interpolation produces a debug description for an optional value; did you mean to make this explicit?
Build	Fastlane Build & Archive	2026-07-20T11:45:30.3850260Z [11:45:30]: ▸         print("Libre 2 detection using MAC address as matcher: \(UserDefaults.standard.preSelectedSensor?.macAddress?.lowercased()) vs \(name.lowercased())")
Build	Fastlane Build & Archive	2026-07-20T11:45:30.3953950Z [11:45:30]: ▸                                                                  ^~~~~~~~~~~~~~~~~~~~~~~~~~~~~~~~~~~~~~~~~~~~~~~~~~~~~~~~~~~~~~~~~
Build	Fastlane Build & Archive	2026-07-20T11:45:30.4058570Z [11:45:30]: ▸ ::warning file=/Users/runner/work/Trio/Trio/LibreTransmitter/LibreSensor/SensorPairing/SensorPairingService.swift,line=184,col=125::string interpolation produces a debug description for an optional value; did you mean to make this explicit?
Build	Fastlane Build & Archive	2026-07-20T11:45:30.4161690Z [11:45:30]: ▸                                         print("got patchhex: \(patchHex) and sensorType: \(sensorType), with mac address: \(macAddress)")
Build	Fastlane Build & Archive	2026-07-20T11:45:30.4266070Z [11:45:30]: ▸                                                                                                                             ^~~~~~~~~~
Build	Fastlane Build & Archive	2026-07-20T11:45:30.4397420Z [11:45:30]: ▸ [MockKitUI] Copy arm64-apple-ios.swiftmodule -> MockKitUI.swiftmodule
Build	Fastlane Build & Archive	2026-07-20T11:45:30.4504450Z [11:45:30]: ▸ [MockKitUI] Copy arm64-apple-ios.swiftdoc -> MockKitUI.swiftdoc
Build	Fastlane Build & Archive	2026-07-20T11:45:30.4618560Z [11:45:30]: ▸ [MockKitUI] Copy arm64-apple-ios.abi.json -> MockKitUI.abi.json
Build	Fastlane Build & Archive	2026-07-20T11:45:30.4722230Z [11:45:30]: ▸ [MinimedKitUI] Generate Asset Symbols MinimedKitUI.xcassets
Build	Fastlane Build & Archive	2026-07-20T11:45:30.4822910Z [11:45:30]: ▸ [MockKitUI] Compiling MockKitUI_vers.c
Build	Fastlane Build & Archive	2026-07-20T11:45:30.4926190Z [11:45:30]: ▸ ::warning file=/Users/runner/work/Trio/Trio/MinimedKit/MinimedKitUI/MinimedPumpManager+UI.swift,line=16,col=1::extension declares a conformance of imported type 'MinimedPumpManager' to imported protocols 'PumpManagerUI', 'DeviceManagerUI', 'PumpStatusIndicator'; this will not behave correctly if the owners of 'MinimedKit' introduce this conformance in the future
Build	Fastlane Build & Archive	2026-07-20T11:45:30.5029070Z [11:45:30]: ▸ extension MinimedPumpManager: PumpManagerUI {
Build	Fastlane Build & Archive	2026-07-20T11:45:30.5130640Z [11:45:30]: ▸ ^
Build	Fastlane Build & Archive	2026-07-20T11:45:30.5232200Z [11:45:30]: ▸ note: Emplaced /Users/runner/Library/Developer/Xcode/DerivedData/Trio-bovmnxebschsylahdeysnjjqdcte/Build/Intermediates.noindex/ArchiveIntermediates/Trio/IntermediateBuildFilesPath/UninstalledProducts/iphoneos/MinimedKitUI.framework/Assets.car (in target 'MinimedKitUI' from project 'MinimedKit')
Build	Fastlane Build & Archive	2026-07-20T11:45:30.5334180Z [11:45:30]: ▸ [MinimedKitUI] Copy arm64-apple-ios.swiftmodule -> MinimedKitUI.swiftmodule
Build	Fastlane Build & Archive	2026-07-20T11:45:30.5435730Z [11:45:30]: ▸ [MinimedKitUI] Copy arm64-apple-ios.swiftdoc -> MinimedKitUI.swiftdoc
Build	Fastlane Build & Archive	2026-07-20T11:45:30.5542220Z [11:45:30]: ▸ [MinimedKitUI] Copy arm64-apple-ios.abi.json -> MinimedKitUI.abi.json
Build	Fastlane Build & Archive	2026-07-20T11:45:30.5642650Z [11:45:30]: ▸ [LoopKitUI] RegisterExecutionPolicyException LoopKitUI.framework
Build	Fastlane Build & Archive	2026-07-20T11:45:30.5741890Z [11:45:30]: ▸ [MinimedKitUI] Compiling MinimedKitUI_vers.c
Build	Fastlane Build & Archive	2026-07-20T11:45:30.5843760Z [11:45:30]: ▸ [LoopKitUI] Touching LoopKitUI.framework
Build	Fastlane Build & Archive	2026-07-20T11:45:30.5969130Z [11:45:30]: ▸ [LibreTransmitter] Copy arm64-apple-ios.swiftmodule -> LibreTransmitter.swiftmodule
Build	Fastlane Build & Archive	2026-07-20T11:45:30.6076330Z [11:45:30]: ▸ [LibreTransmitter] Copy arm64-apple-ios.swiftdoc -> LibreTransmitter.swiftdoc
Build	Fastlane Build & Archive	2026-07-20T11:45:30.6186140Z [11:45:30]: ▸ [LibreTransmitter] Copy arm64-apple-ios.abi.json -> LibreTransmitter.abi.json
Build	Fastlane Build & Archive	2026-07-20T11:45:30.6298610Z [11:45:30]: ▸ [LibreTransmitter] Compiling LibreTransmitter_vers.c
Build	Fastlane Build & Archive	2026-07-20T11:45:30.6407610Z [11:45:30]: ▸ [TidepoolServiceKitUI] Processing Info.plist
Build	Fastlane Build & Archive	2026-07-20T11:45:30.6508350Z [11:45:30]: ▸ [TidepoolServiceKitUI] Compile XCStrings Localizable.xcstrings
Build	Fastlane Build & Archive	2026-07-20T11:45:30.6620010Z [11:45:30]: ▸ [TidepoolServiceKitUI] Linking TidepoolServiceKitUI
Build	Fastlane Build & Archive	2026-07-20T11:45:30.6726510Z [11:45:30]: ▸ [TidepoolServiceKitUI] Copying Localizable.strings
Build	Fastlane Build & Archive	2026-07-20T11:45:30.6851020Z [11:45:30]: ▸ [TidepoolServiceKitUI] Generating TidepoolServiceKitUI.framework.dSYM
Build	Fastlane Build & Archive	2026-07-20T11:45:30.6965530Z [11:45:30]: ▸ [TidepoolServiceKitUI] Copying Localizable.strings
Build	Fastlane Build & Archive	2026-07-20T11:45:30.7068600Z [11:45:30]: ▸ [TidepoolServiceKitUI] Copying Localizable.strings
Build	Fastlane Build & Archive	2026-07-20T11:45:30.7197540Z [11:45:30]: ▸ [TidepoolServiceKitUI] Copying Localizable.strings
Build	Fastlane Build & Archive	2026-07-20T11:45:30.7326620Z [11:45:30]: ▸ [TidepoolServiceKitUI] Copying Localizable.strings
Build	Fastlane Build & Archive	2026-07-20T11:45:30.7328830Z [11:45:30]: ▸ [TidepoolServiceKitUI] Copying Localizable.strings
Build	Fastlane Build & Archive	2026-07-20T11:45:30.7455300Z [11:45:30]: ▸ [TidepoolServiceKitUI] Copying Localizable.strings
Build	Fastlane Build & Archive	2026-07-20T11:45:30.7560370Z [11:45:30]: ▸ [TidepoolServiceKitUI] Copying Localizable.strings
Build	Fastlane Build & Archive	2026-07-20T11:45:30.7664210Z [11:45:30]: ▸ [TidepoolServiceKitUI] Copying Localizable.strings
Build	Fastlane Build & Archive	2026-07-20T11:45:30.7774840Z [11:45:30]: ▸ [TidepoolServiceKitUI] Copying Localizable.strings
Build	Fastlane Build & Archive	2026-07-20T11:45:30.7881970Z [11:45:30]: ▸ [TidepoolServiceKitUI] Copying Localizable.strings
Build	Fastlane Build & Archive	2026-07-20T11:45:30.8011840Z [11:45:30]: ▸ [TidepoolServiceKitUI] Copying Localizable.strings
Build	Fastlane Build & Archive	2026-07-20T11:45:30.8123050Z [11:45:30]: ▸ [TidepoolServiceKitUI] Copying Localizable.strings
Build	Fastlane Build & Archive	2026-07-20T11:45:30.8256410Z [11:45:30]: ▸ [TidepoolServiceKitUI] Copying Localizable.strings
Build	Fastlane Build & Archive	2026-07-20T11:45:30.8488480Z [11:45:30]: ▸ [TidepoolServiceKitUI] Copying Localizable.strings
Build	Fastlane Build & Archive	2026-07-20T11:45:30.8489310Z [11:45:30]: ▸ [TidepoolServiceKitUI] Copying Localizable.strings
Build	Fastlane Build & Archive	2026-07-20T11:45:30.8591220Z [11:45:30]: ▸ [TidepoolServiceKitUI] Copying Localizable.strings
Build	Fastlane Build & Archive	2026-07-20T11:45:30.8693670Z [11:45:30]: ▸ [TidepoolServiceKitUI] Copying Localizable.strings
Build	Fastlane Build & Archive	2026-07-20T11:45:30.8795510Z [11:45:30]: ▸ [TidepoolServiceKitUI] Copying Localizable.strings
Build	Fastlane Build & Archive	2026-07-20T11:45:30.8900960Z [11:45:30]: ▸ [TidepoolServiceKitUI] Copying Localizable.strings
Build	Fastlane Build & Archive	2026-07-20T11:45:30.9003730Z [11:45:30]: ▸ [TidepoolServiceKitUI] Copying Localizable.strings
Build	Fastlane Build & Archive	2026-07-20T11:45:30.9110380Z [11:45:30]: ▸ [TidepoolServiceKitUI] Copying Localizable.strings
Build	Fastlane Build & Archive	2026-07-20T11:45:30.9212060Z [11:45:30]: ▸ [TidepoolServiceKitUI] Copying Localizable.strings
Build	Fastlane Build & Archive	2026-07-20T11:45:30.9318110Z [11:45:30]: ▸ [TidepoolServiceKitUI] Copying Localizable.strings
Build	Fastlane Build & Archive	2026-07-20T11:45:30.9422700Z [11:45:30]: ▸ [TidepoolServiceKitUI] Copying Localizable.strings
Build	Fastlane Build & Archive	2026-07-20T11:45:30.9536620Z [11:45:30]: ▸ [ShareClientUI] Processing Info.plist
Build	Fastlane Build & Archive	2026-07-20T11:45:30.9640870Z [11:45:30]: ▸ [ShareClientUI] Linking ShareClientUI
Build	Fastlane Build & Archive	2026-07-20T11:45:30.9745280Z [11:45:30]: ▸ [ShareClientUI] Compile XCStrings Localizable.xcstrings
Build	Fastlane Build & Archive	2026-07-20T11:45:30.9848020Z [11:45:30]: ▸ [ShareClientUI] Generating ShareClientUI.framework.dSYM
Build	Fastlane Build & Archive	2026-07-20T11:45:30.9960020Z [11:45:30]: ▸ [ShareClientUI] Copying Localizable.strings
Build	Fastlane Build & Archive	2026-07-20T11:45:31.0078300Z [11:45:30]: ▸ [ShareClientUI] Copying Localizable.strings
Build	Fastlane Build & Archive	2026-07-20T11:45:31.0185030Z [11:45:30]: ▸ [ShareClientUI] Copying Localizable.strings
Build	Fastlane Build & Archive	2026-07-20T11:45:31.0286690Z [11:45:30]: ▸ [ShareClientUI] Copying Localizable.strings
Build	Fastlane Build & Archive	2026-07-20T11:45:31.0390690Z [11:45:30]: ▸ [ShareClientUI] Copying Localizable.strings
Build	Fastlane Build & Archive	2026-07-20T11:45:31.0494670Z [11:45:30]: ▸ [ShareClientUI] Copying Localizable.strings
Build	Fastlane Build & Archive	2026-07-20T11:45:31.0609130Z [11:45:30]: ▸ [ShareClientUI] Copying Localizable.strings
Build	Fastlane Build & Archive	2026-07-20T11:45:31.0714020Z [11:45:30]: ▸ [ShareClientUI] Copying Localizable.strings
Build	Fastlane Build & Archive	2026-07-20T11:45:31.0817150Z [11:45:30]: ▸ [ShareClientUI] Copying Localizable.strings
Build	Fastlane Build & Archive	2026-07-20T11:45:31.0930560Z [11:45:30]: ▸ [ShareClientUI] Copying Localizable.strings
Build	Fastlane Build & Archive	2026-07-20T11:45:31.1035850Z [11:45:30]: ▸ [ShareClientUI] Copying Localizable.strings
Build	Fastlane Build & Archive	2026-07-20T11:45:31.1159950Z [11:45:30]: ▸ [ShareClientUI] Copying Localizable.strings
Build	Fastlane Build & Archive	2026-07-20T11:45:31.1280670Z [11:45:30]: ▸ [ShareClientUI] Copying Localizable.strings
Build	Fastlane Build & Archive	2026-07-20T11:45:31.1419980Z [11:45:30]: ▸ [ShareClientUI] Copying Localizable.strings
Build	Fastlane Build & Archive	2026-07-20T11:45:31.1528190Z [11:45:30]: ▸ [ShareClientUI] Copying Localizable.strings
Build	Fastlane Build & Archive	2026-07-20T11:45:31.1635700Z [11:45:30]: ▸ [ShareClientUI] Copying Localizable.strings
Build	Fastlane Build & Archive	2026-07-20T11:45:31.1742250Z [11:45:30]: ▸ [ShareClientUI] Copying Localizable.strings
Build	Fastlane Build & Archive	2026-07-20T11:45:31.1848280Z [11:45:30]: ▸ [ShareClientUI] Copying Localizable.strings
Build	Fastlane Build & Archive	2026-07-20T11:45:31.1962060Z [11:45:30]: ▸ [ShareClientUI] Copying Localizable.strings
Build	Fastlane Build & Archive	2026-07-20T11:45:31.2066710Z [11:45:30]: ▸ [ShareClientUI] Copying Localizable.strings
Build	Fastlane Build & Archive	2026-07-20T11:45:31.2207370Z [11:45:30]: ▸ [ShareClientUI] Copying Localizable.strings
Build	Fastlane Build & Archive	2026-07-20T11:45:31.2327690Z [11:45:30]: ▸ [ShareClientUI] Copying Localizable.strings
Build	Fastlane Build & Archive	2026-07-20T11:45:31.2328520Z [11:45:30]: ▸ [ShareClientUI] Copying Localizable.strings
Build	Fastlane Build & Archive	2026-07-20T11:45:31.2436150Z [11:45:30]: ▸ [RileyLinkKit] Processing Info.plist
Build	Fastlane Build & Archive	2026-07-20T11:45:31.2545570Z [11:45:30]: ▸ [RileyLinkKit] Linking RileyLinkKit
Build	Fastlane Build & Archive	2026-07-20T11:45:31.2653820Z [11:45:30]: ▸ [MockKit] Linking MockKit
Build	Fastlane Build & Archive	2026-07-20T11:45:31.2773860Z [11:45:30]: ▸ [MedtrumKit] Linking MedtrumKit
Build	Fastlane Build & Archive	2026-07-20T11:45:31.3006060Z [11:45:30]: ▸ [LibreTransmitter] Linking LibreTransmitter
Build	Fastlane Build & Archive	2026-07-20T11:45:31.3111890Z [11:45:30]: ▸ [RileyLinkKit] Generating RileyLinkKit.framework.dSYM
Build	Fastlane Build & Archive	2026-07-20T11:45:31.3226530Z [11:45:30]: ▸ [MockKit] Processing Info.plist
Build	Fastlane Build & Archive	2026-07-20T11:45:31.3359200Z [11:45:30]: ▸ [MockKit] Generating MockKit.framework.dSYM
Build	Fastlane Build & Archive	2026-07-20T11:45:31.3461380Z [11:45:30]: ▸ [MockKit] Copying sub.caf
Build	Fastlane Build & Archive	2026-07-20T11:45:31.3636380Z [11:45:30]: ▸ [MockKit] Copying critical.caf
Build	Fastlane Build & Archive	2026-07-20T11:45:31.3738220Z [11:45:30]: ▸ [MockKit] Compile XCStrings Localizable.xcstrings
Build	Fastlane Build & Archive	2026-07-20T11:45:31.3739860Z [11:45:30]: ▸ [MedtrumKit] Compiling MedtrumReservoirView.xib
Build	Fastlane Build & Archive	2026-07-20T11:45:31.3841450Z [11:45:30]: ▸ [MockKit] Copying Localizable.strings
Build	Fastlane Build & Archive	2026-07-20T11:45:31.3944150Z [11:45:30]: ▸ [MockKit] Copying Localizable.strings
Build	Fastlane Build & Archive	2026-07-20T11:45:31.4045710Z [11:45:30]: ▸ [G7SensorKit] Copy arm64-apple-ios.swiftmodule -> G7SensorKit.swiftmodule
Build	Fastlane Build & Archive	2026-07-20T11:45:31.4148650Z [11:45:30]: ▸ [G7SensorKit] Copy arm64-apple-ios.swiftdoc -> G7SensorKit.swiftdoc
Build	Fastlane Build & Archive	2026-07-20T11:45:31.4256900Z [11:45:30]: ▸ [G7SensorKit] Copy arm64-apple-ios.abi.json -> G7SensorKit.abi.json
Build	Fastlane Build & Archive	2026-07-20T11:45:31.4355990Z [11:45:30]: ▸ [MockKit] Copying Localizable.strings
Build	Fastlane Build & Archive	2026-07-20T11:45:31.4457970Z [11:45:30]: ▸ [MockKit] Copying Localizable.strings
Build	Fastlane Build & Archive	2026-07-20T11:45:31.4570330Z [11:45:30]: ▸ [MockKit] Copying Localizable.strings
Build	Fastlane Build & Archive	2026-07-20T11:45:31.4685440Z [11:45:30]: ▸ [MockKit] Copying Localizable.strings
Build	Fastlane Build & Archive	2026-07-20T11:45:31.4790040Z [11:45:30]: ▸ [MockKit] Copying Localizable.strings
Build	Fastlane Build & Archive	2026-07-20T11:45:31.4916340Z [11:45:30]: ▸ [MockKit] Copying Localizable.strings
Build	Fastlane Build & Archive	2026-07-20T11:45:31.5038790Z [11:45:30]: ▸ [MockKit] Copying Localizable.strings
Build	Fastlane Build & Archive	2026-07-20T11:45:31.5143980Z [11:45:30]: ▸ [MockKit] Copying Localizable.strings
Build	Fastlane Build & Archive	2026-07-20T11:45:31.5252200Z [11:45:30]: ▸ [MockKit] Copying Localizable.strings
Build	Fastlane Build & Archive	2026-07-20T11:45:31.5383020Z [11:45:30]: ▸ [MockKit] Copying Localizable.strings
Build	Fastlane Build & Archive	2026-07-20T11:45:31.5487600Z [11:45:30]: ▸ [MockKit] Copying Localizable.strings
Build	Fastlane Build & Archive	2026-07-20T11:45:31.5592940Z [11:45:30]: ▸ [MockKit] Copying Localizable.strings
Build	Fastlane Build & Archive	2026-07-20T11:45:31.5706100Z [11:45:30]: ▸ [MockKit] Copying Localizable.strings
Build	Fastlane Build & Archive	2026-07-20T11:45:31.5828940Z [11:45:30]: ▸ [MockKit] Copying Localizable.strings
Build	Fastlane Build & Archive	2026-07-20T11:45:31.5931450Z [11:45:30]: ▸ [MockKit] Copying Localizable.strings
Build	Fastlane Build & Archive	2026-07-20T11:45:31.6033170Z [11:45:30]: ▸ [MockKit] Copying Localizable.strings
Build	Fastlane Build & Archive	2026-07-20T11:45:31.6134850Z [11:45:30]: ▸ [MockKit] Copying Localizable.strings
Build	Fastlane Build & Archive	2026-07-20T11:45:31.6236780Z [11:45:30]: ▸ [MockKit] Copying Localizable.strings
Build	Fastlane Build & Archive	2026-07-20T11:45:31.6337410Z [11:45:30]: ▸ [MockKit] Copying Localizable.strings
Build	Fastlane Build & Archive	2026-07-20T11:45:31.6450370Z [11:45:30]: ▸ [MockKit] Copying Localizable.strings
Build	Fastlane Build & Archive	2026-07-20T11:45:31.6554750Z [11:45:30]: ▸ [MockKit] Copying Localizable.strings
Build	Fastlane Build & Archive	2026-07-20T11:45:31.6657500Z [11:45:30]: ▸ [MockKit] Copying Localizable.strings
Build	Fastlane Build & Archive	2026-07-20T11:45:31.6758990Z [11:45:30]: ▸ [MockKit] Copying Localizable.strings
Build	Fastlane Build & Archive	2026-07-20T11:45:31.6795260Z [11:45:30]: ▸ [MedtrumKit] Compile XCStrings Localizable.xcstrings
Build	Fastlane Build & Archive	2026-07-20T11:45:31.6896780Z [11:45:30]: ▸ [LibreTransmitter] Processing Info.plist
Build	Fastlane Build & Archive	2026-07-20T11:45:31.6999290Z [11:45:30]: ▸ [MedtrumKit] Copying Localizable.strings
Build	Fastlane Build & Archive	2026-07-20T11:45:31.7106980Z [11:45:30]: ▸ [MedtrumKit] Copying Localizable.strings
Build	Fastlane Build & Archive	2026-07-20T11:45:31.7210030Z [11:45:30]: ▸ [MedtrumKit] Copying Localizable.strings
Build	Fastlane Build & Archive	2026-07-20T11:45:31.7313600Z [11:45:30]: ▸ [MedtrumKit] Copying Localizable.strings
Build	Fastlane Build & Archive	2026-07-20T11:45:31.7419910Z [11:45:30]: ▸ [MedtrumKit] Copying Localizable.strings
Build	Fastlane Build & Archive	2026-07-20T11:45:31.7522230Z [11:45:30]: ▸ [MedtrumKit] Copying Localizable.strings
Build	Fastlane Build & Archive	2026-07-20T11:45:31.7626230Z [11:45:30]: ▸ [MedtrumKit] Copying Localizable.strings
Build	Fastlane Build & Archive	2026-07-20T11:45:31.7739490Z [11:45:30]: ▸ [MedtrumKit] Copying Localizable.strings
Build	Fastlane Build & Archive	2026-07-20T11:45:31.7845290Z [11:45:30]: ▸ [MedtrumKit] Copying Localizable.strings
Build	Fastlane Build & Archive	2026-07-20T11:45:31.7950300Z [11:45:30]: ▸ [MedtrumKit] Copying Localizable.strings
Build	Fastlane Build & Archive	2026-07-20T11:45:31.8053830Z [11:45:30]: ▸ [MedtrumKit] Copying Localizable.strings
Build	Fastlane Build & Archive	2026-07-20T11:45:31.8155920Z [11:45:30]: ▸ [MedtrumKit] Copying Localizable.strings
Build	Fastlane Build & Archive	2026-07-20T11:45:31.8270710Z [11:45:30]: ▸ [MedtrumKit] Copying Localizable.strings
Build	Fastlane Build & Archive	2026-07-20T11:45:31.8378210Z [11:45:30]: ▸ [MedtrumKit] Copying Localizable.strings
Build	Fastlane Build & Archive	2026-07-20T11:45:31.8480620Z [11:45:30]: ▸ [MedtrumKit] Copying Localizable.strings
Build	Fastlane Build & Archive	2026-07-20T11:45:31.8563570Z [11:45:30]: ▸ [MedtrumKit] Copying Localizable.strings
Build	Fastlane Build & Archive	2026-07-20T11:45:31.8689460Z [11:45:30]: ▸ [MedtrumKit] Copying Localizable.strings
Build	Fastlane Build & Archive	2026-07-20T11:45:31.8827270Z [11:45:30]: ▸ [MedtrumKit] Copying Localizable.strings
Build	Fastlane Build & Archive	2026-07-20T11:45:31.8930310Z [11:45:30]: ▸ [MedtrumKit] Copying Localizable.strings
Build	Fastlane Build & Archive	2026-07-20T11:45:31.9038500Z [11:45:30]: ▸ [MedtrumKit] Copying Localizable.strings
Build	Fastlane Build & Archive	2026-07-20T11:45:31.9142080Z [11:45:30]: ▸ [MedtrumKit] Copying Localizable.strings
Build	Fastlane Build & Archive	2026-07-20T11:45:31.9267820Z [11:45:30]: ▸ [MedtrumKit] Copying Localizable.strings
Build	Fastlane Build & Archive	2026-07-20T11:45:31.9408300Z [11:45:30]: ▸ [MedtrumKit] Copying Localizable.strings
Build	Fastlane Build & Archive	2026-07-20T11:45:31.9512680Z [11:45:30]: ▸ [MedtrumKit] Copying Localizable.strings
Build	Fastlane Build & Archive	2026-07-20T11:45:31.9627280Z [11:45:30]: ▸ [MedtrumKit] Copying Localizable.strings
Build	Fastlane Build & Archive	2026-07-20T11:45:31.9730010Z [11:45:30]: ▸ [MedtrumKit] Copying Localizable.strings
Build	Fastlane Build & Archive	2026-07-20T11:45:31.9832130Z [11:45:30]: ▸ [LibreTransmitter] Generating LibreTransmitter.framework.dSYM
Build	Fastlane Build & Archive	2026-07-20T11:45:31.9933920Z [11:45:30]: ▸ [LibreTransmitter] Compile XCStrings Localizable.xcstrings
Build	Fastlane Build & Archive	2026-07-20T11:45:32.0037050Z [11:45:30]: ▸ [G7SensorKit] Processing empty-G7SensorKit.plist
Build	Fastlane Build & Archive	2026-07-20T11:45:32.0140710Z [11:45:30]: ▸ [LibreTransmitter] Copying Localizable.strings
Build	Fastlane Build & Archive	2026-07-20T11:45:32.0270980Z [11:45:30]: ▸ [LibreTransmitter] Copying Localizable.strings
Build	Fastlane Build & Archive	2026-07-20T11:45:32.0272930Z [11:45:30]: ▸ [LibreTransmitter] Copying Localizable.strings
Build	Fastlane Build & Archive	2026-07-20T11:45:32.0378540Z [11:45:30]: ▸ [LibreTransmitter] Copying Localizable.strings
Build	Fastlane Build & Archive	2026-07-20T11:45:32.0491110Z [11:45:30]: ▸ [LibreTransmitter] Copying Localizable.strings
Build	Fastlane Build & Archive	2026-07-20T11:45:32.0611670Z [11:45:30]: ▸ [LibreTransmitter] Copying Localizable.strings
Build	Fastlane Build & Archive	2026-07-20T11:45:32.0717280Z [11:45:30]: ▸ [LibreTransmitter] Copying Localizable.strings
Build	Fastlane Build & Archive	2026-07-20T11:45:32.0821110Z [11:45:30]: ▸ [LibreTransmitter] Copying Localizable.strings
Build	Fastlane Build & Archive	2026-07-20T11:45:32.0981020Z [11:45:30]: ▸ [LibreTransmitter] Copying Localizable.strings
Build	Fastlane Build & Archive	2026-07-20T11:45:32.1148210Z [11:45:30]: ▸ [LibreTransmitter] Copying Localizable.strings
Build	Fastlane Build & Archive	2026-07-20T11:45:32.1266380Z [11:45:30]: ▸ [LibreTransmitter] Copying Localizable.strings
Build	Fastlane Build & Archive	2026-07-20T11:45:32.1267850Z [11:45:30]: ▸ [LibreTransmitter] Copying Localizable.strings
Build	Fastlane Build & Archive	2026-07-20T11:45:32.1376900Z [11:45:30]: ▸ [LibreTransmitter] Copying Localizable.strings
Build	Fastlane Build & Archive	2026-07-20T11:45:32.1504580Z [11:45:30]: ▸ [LibreTransmitter] Copying Localizable.strings
Build	Fastlane Build & Archive	2026-07-20T11:45:32.1607400Z [11:45:30]: ▸ [LibreTransmitter] Copying Localizable.strings
Build	Fastlane Build & Archive	2026-07-20T11:45:32.1723530Z [11:45:30]: ▸ [LibreTransmitter] Copying Localizable.strings
Build	Fastlane Build & Archive	2026-07-20T11:45:32.1827280Z [11:45:30]: ▸ [LibreTransmitter] Copying Localizable.strings
Build	Fastlane Build & Archive	2026-07-20T11:45:32.1930010Z [11:45:30]: ▸ [LibreTransmitter] Copying Localizable.strings
Build	Fastlane Build & Archive	2026-07-20T11:45:32.2044910Z [11:45:30]: ▸ [LibreTransmitter] Copying Localizable.strings
Build	Fastlane Build & Archive	2026-07-20T11:45:32.2158820Z [11:45:30]: ▸ [LibreTransmitter] Copying Localizable.strings
Build	Fastlane Build & Archive	2026-07-20T11:45:32.2261740Z [11:45:30]: ▸ [LibreTransmitter] Copying Localizable.strings
Build	Fastlane Build & Archive	2026-07-20T11:45:32.2379330Z [11:45:30]: ▸ [LibreTransmitter] Copying Localizable.strings
Build	Fastlane Build & Archive	2026-07-20T11:45:32.2479520Z [11:45:30]: ▸ [LibreTransmitter] Copying Localizable.strings
Build	Fastlane Build & Archive	2026-07-20T11:45:32.2581700Z [11:45:30]: ▸ [LibreTransmitter] Copying Localizable.strings
Build	Fastlane Build & Archive	2026-07-20T11:45:32.2682160Z [11:45:30]: ▸ [LibreTransmitter] Copying Localizable.strings
Build	Fastlane Build & Archive	2026-07-20T11:45:32.2783780Z [11:45:30]: ▸ [LibreTransmitter] Copying Localizable.strings
Build	Fastlane Build & Archive	2026-07-20T11:45:32.2884580Z [11:45:30]: ▸ [G7SensorKit] Compile XCStrings Localizable.xcstrings
Build	Fastlane Build & Archive	2026-07-20T11:45:32.2987090Z [11:45:30]: ▸ [G7SensorKit] Copying Localizable.strings
Build	Fastlane Build & Archive	2026-07-20T11:45:32.3090060Z [11:45:30]: ▸ [G7SensorKit] Copying Localizable.strings
Build	Fastlane Build & Archive	2026-07-20T11:45:32.3192400Z [11:45:30]: ▸ [G7SensorKit] Copying Localizable.strings
Build	Fastlane Build & Archive	2026-07-20T11:45:32.3293670Z [11:45:30]: ▸ [G7SensorKit] Copying Localizable.strings
Build	Fastlane Build & Archive	2026-07-20T11:45:32.3396890Z [11:45:30]: ▸ [G7SensorKit] Copying Localizable.strings
Build	Fastlane Build & Archive	2026-07-20T11:45:32.3526220Z [11:45:30]: ▸ [G7SensorKit] Copying Localizable.strings
Build	Fastlane Build & Archive	2026-07-20T11:45:32.3638520Z [11:45:30]: ▸ [G7SensorKit] Copying Localizable.strings
Build	Fastlane Build & Archive	2026-07-20T11:45:32.3762120Z [11:45:30]: ▸ [G7SensorKit] Copying Localizable.strings
Build	Fastlane Build & Archive	2026-07-20T11:45:32.3877100Z [11:45:30]: ▸ [G7SensorKit] Copying Localizable.strings
Build	Fastlane Build & Archive	2026-07-20T11:45:32.3991650Z [11:45:30]: ▸ [G7SensorKit] Copying Localizable.strings
Build	Fastlane Build & Archive	2026-07-20T11:45:32.4115780Z [11:45:30]: ▸ [G7SensorKit] Copying Localizable.strings
Build	Fastlane Build & Archive	2026-07-20T11:45:32.4238940Z [11:45:30]: ▸ [G7SensorKit] Copying Localizable.strings
Build	Fastlane Build & Archive	2026-07-20T11:45:32.4389510Z [11:45:30]: ▸ [G7SensorKit] Copying Localizable.strings
Build	Fastlane Build & Archive	2026-07-20T11:45:32.4501410Z [11:45:30]: ▸ [G7SensorKit] Copying Localizable.strings
Build	Fastlane Build & Archive	2026-07-20T11:45:32.4629180Z [11:45:30]: ▸ [G7SensorKit] Copying Localizable.strings
Build	Fastlane Build & Archive	2026-07-20T11:45:32.4747120Z [11:45:30]: ▸ [G7SensorKit] Copying Localizable.strings
Build	Fastlane Build & Archive	2026-07-20T11:45:32.4875740Z [11:45:30]: ▸ [G7SensorKit] Copying Localizable.strings
Build	Fastlane Build & Archive	2026-07-20T11:45:32.4977750Z [11:45:30]: ▸ [G7SensorKit] Copying Localizable.strings
Build	Fastlane Build & Archive	2026-07-20T11:45:32.5088280Z [11:45:30]: ▸ [G7SensorKit] Copying Localizable.strings
Build	Fastlane Build & Archive	2026-07-20T11:45:32.5196910Z [11:45:30]: ▸ [G7SensorKit] Copying Localizable.strings
Build	Fastlane Build & Archive	2026-07-20T11:45:32.5299420Z [11:45:30]: ▸ [G7SensorKit] Copying Localizable.strings
Build	Fastlane Build & Archive	2026-07-20T11:45:32.5405370Z [11:45:30]: ▸ [G7SensorKit] Copying Localizable.strings
Build	Fastlane Build & Archive	2026-07-20T11:45:32.5510230Z [11:45:30]: ▸ [G7SensorKit] Copying Localizable.strings
Build	Fastlane Build & Archive	2026-07-20T11:45:32.5613760Z [11:45:30]: ▸ [G7SensorKit] Copying Localizable.strings
Build	Fastlane Build & Archive	2026-07-20T11:45:32.5716950Z [11:45:30]: ▸ [G7SensorKit] Copying Localizable.strings
Build	Fastlane Build & Archive	2026-07-20T11:45:32.5819320Z [11:45:30]: ▸ [DanaKit] Generate Asset Symbols DanaKitUI.xcassets
Build	Fastlane Build & Archive	2026-07-20T11:45:32.5932080Z [11:45:30]: ▸ [MedtrumKit] Processing Info.plist
Build	Fastlane Build & Archive	2026-07-20T11:45:32.6034290Z [11:45:30]: ▸ [DanaKit] Copying blank.wav
Build	Fastlane Build & Archive	2026-07-20T11:45:32.6165800Z [11:45:30]: ▸ [MedtrumKit] Generating MedtrumKit.framework.dSYM
Build	Fastlane Build & Archive	2026-07-20T11:45:32.6279600Z [11:45:30]: ▸ [DanaKit] Copying README.md
Build	Fastlane Build & Archive	2026-07-20T11:45:32.6421920Z [11:45:30]: ▸ [DanaKit] Compiling DanaKitReservoirView.xib
Build	Fastlane Build & Archive	2026-07-20T11:45:32.6545520Z [11:45:30]: ▸ [DanaKit] Compile XCStrings Localizable.xcstrings
Build	Fastlane Build & Archive	2026-07-20T11:45:32.6649940Z [11:45:30]: ▸ [DanaKit] Copying Localizable.strings
Build	Fastlane Build & Archive	2026-07-20T11:45:32.6759620Z [11:45:30]: ▸ note: Emplaced /Users/runner/Library/Developer/Xcode/DerivedData/Trio-bovmnxebschsylahdeysnjjqdcte/Build/Intermediates.noindex/ArchiveIntermediates/Trio/IntermediateBuildFilesPath/UninstalledProducts/iphoneos/DanaKit.framework/Assets.car (in target 'DanaKit' from project 'DanaKit')
Build	Fastlane Build & Archive	2026-07-20T11:45:32.6886410Z [11:45:30]: ▸ [DanaKit] Copying Localizable.strings
Build	Fastlane Build & Archive	2026-07-20T11:45:32.7035400Z [11:45:30]: ▸ [DanaKit] Processing Info.plist
Build	Fastlane Build & Archive	2026-07-20T11:45:32.7160280Z [11:45:30]: ▸ [DanaKit] Copying Localizable.strings
Build	Fastlane Build & Archive	2026-07-20T11:45:32.7262200Z [11:45:30]: ▸ [DanaKit] Copying Localizable.strings
Build	Fastlane Build & Archive	2026-07-20T11:45:32.7363590Z [11:45:30]: ▸ [DanaKit] Copying Localizable.strings
Build	Fastlane Build & Archive	2026-07-20T11:45:32.7466900Z [11:45:30]: ▸ [DanaKit] Copying Localizable.strings
Build	Fastlane Build & Archive	2026-07-20T11:45:32.7566000Z [11:45:30]: ▸ [DanaKit] Copying Localizable.strings
Build	Fastlane Build & Archive	2026-07-20T11:45:32.7668330Z [11:45:30]: ▸ [DanaKit] Copying Localizable.strings
Build	Fastlane Build & Archive	2026-07-20T11:45:32.7769920Z [11:45:30]: ▸ [DanaKit] Copying Localizable.strings
Build	Fastlane Build & Archive	2026-07-20T11:45:32.7870500Z [11:45:30]: ▸ [DanaKit] Copying Localizable.strings
Build	Fastlane Build & Archive	2026-07-20T11:45:32.7973610Z [11:45:30]: ▸ [DanaKit] Copying Localizable.strings
Build	Fastlane Build & Archive	2026-07-20T11:45:32.8073010Z [11:45:30]: ▸ [DanaKit] Copying Localizable.strings
Build	Fastlane Build & Archive	2026-07-20T11:45:32.8173640Z [11:45:30]: ▸ [DanaKit] Copying Localizable.strings
Build	Fastlane Build & Archive	2026-07-20T11:45:32.8276910Z [11:45:30]: ▸ [DanaKit] Copying Localizable.strings
Build	Fastlane Build & Archive	2026-07-20T11:45:32.8376860Z [11:45:30]: ▸ [DanaKit] Copying Localizable.strings
Build	Fastlane Build & Archive	2026-07-20T11:45:32.8490300Z [11:45:30]: ▸ [DanaKit] Copying Localizable.strings
Build	Fastlane Build & Archive	2026-07-20T11:45:32.8593240Z [11:45:30]: ▸ [DanaKit] Copying Localizable.strings
Build	Fastlane Build & Archive	2026-07-20T11:45:32.8697120Z [11:45:30]: ▸ [DanaKit] Copying Localizable.strings
Build	Fastlane Build & Archive	2026-07-20T11:45:32.8853990Z [11:45:30]: ▸ [DanaKit] Copying Localizable.strings
Build	Fastlane Build & Archive	2026-07-20T11:45:32.8962620Z [11:45:30]: ▸ [DanaKit] Copying Localizable.strings
Build	Fastlane Build & Archive	2026-07-20T11:45:32.9095910Z [11:45:30]: ▸ [DanaKit] Copying Localizable.strings
Build	Fastlane Build & Archive	2026-07-20T11:45:32.9221670Z [11:45:30]: ▸ [DanaKit] Copying Localizable.strings
Build	Fastlane Build & Archive	2026-07-20T11:45:32.9326340Z [11:45:30]: ▸ [DanaKit] Copying Localizable.strings
Build	Fastlane Build & Archive	2026-07-20T11:45:32.9460970Z [11:45:30]: ▸ [DanaKit] Copying Localizable.strings
Build	Fastlane Build & Archive	2026-07-20T11:45:32.9575580Z [11:45:30]: ▸ [DanaKit] Copying Localizable.strings
Build	Fastlane Build & Archive	2026-07-20T11:45:32.9722800Z [11:45:30]: ▸ [DanaKit] Copying Localizable.strings
Build	Fastlane Build & Archive	2026-07-20T11:45:32.9824290Z [11:45:30]: ▸ [ShareClientUI] Extract App Intents Metadata
Build	Fastlane Build & Archive	2026-07-20T11:45:32.9935730Z [11:45:30]: ▸ [TidepoolServiceKitUI] Extract App Intents Metadata
Build	Fastlane Build & Archive	2026-07-20T11:45:33.0037600Z [11:45:30]: ▸ [RileyLinkKit] Extract App Intents Metadata
Build	Fastlane Build & Archive	2026-07-20T11:45:33.0140340Z [11:45:30]: ▸ [MockKit] Extract App Intents Metadata
Build	Fastlane Build & Archive	2026-07-20T11:45:33.0244070Z [11:45:30]: ▸ [MedtrumKit] Extract App Intents Metadata
Build	Fastlane Build & Archive	2026-07-20T11:45:33.0346850Z [11:45:30]: ▸ [LibreTransmitter] Extract App Intents Metadata
Build	Fastlane Build & Archive	2026-07-20T11:45:33.0450010Z [11:45:30]: ▸ [G7SensorKit] Compiling G7SensorKit_vers.c
Build	Fastlane Build & Archive	2026-07-20T11:45:33.0550070Z [11:45:30]: ▸ [G7SensorKit] Linking G7SensorKit
Build	Fastlane Build & Archive	2026-07-20T11:45:33.0651810Z [11:45:30]: ▸ [G7SensorKit] Generating G7SensorKit.framework.dSYM
Build	Fastlane Build & Archive	2026-07-20T11:45:33.0753530Z [11:45:30]: ▸ [G7SensorKit] Extract App Intents Metadata
Build	Fastlane Build & Archive	2026-07-20T11:45:33.0856160Z [11:45:30]: ▸ [CGMBLEKitUI] Generate Asset Symbols Assets.xcassets
Build	Fastlane Build & Archive	2026-07-20T11:45:33.0971520Z [11:45:30]: ▸ [TidepoolServiceKitUI] RegisterExecutionPolicyException TidepoolServiceKitUI.framework
Build	Fastlane Build & Archive	2026-07-20T11:45:33.1092780Z [11:45:30]: ▸ [TidepoolServiceKitUI] Touching TidepoolServiceKitUI.framework
Build	Fastlane Build & Archive	2026-07-20T11:45:33.1225910Z [11:45:30]: ▸ [ShareClientUI] RegisterExecutionPolicyException ShareClientUI.framework
Build	Fastlane Build & Archive	2026-07-20T11:45:59.5131250Z [11:45:59]: ▸ ::warning file=/Users/runner/work/Trio/Trio/DanaKit/DanaKit/Packets/DanaLoopSetEventHistory.swift,line=32,col=9::variable 'param1' was never mutated; consider changing to 'let' constant
Build	Fastlane Build & Archive	2026-07-20T11:45:59.5240940Z [11:45:59]: ▸     var param1 = options.param1
Build	Fastlane Build & Archive	2026-07-20T11:45:59.5343220Z [11:45:59]: ▸     ~~~ ^
Build	Fastlane Build & Archive	2026-07-20T11:45:59.5449790Z [11:45:59]: ▸ ::warning file=/Users/runner/work/Trio/Trio/DanaKit/DanaKit/PumpManager/DanaKitPumpManagerState.swift,line=433,col=31::string interpolation produces a debug description for an optional value; did you mean to make this explicit?
Build	Fastlane Build & Archive	2026-07-20T11:45:59.5555000Z [11:45:59]: ▸             "* insulinType: \(insulinType ?? .none)",
Build	Fastlane Build & Archive	2026-07-20T11:45:59.5657200Z [11:45:59]: ▸                               ^~~~~~~~~~~~~~~~~~~~
Build	Fastlane Build & Archive	2026-07-20T11:45:59.6375730Z [11:45:59]: ▸ ::warning file=/Users/runner/work/Trio/Trio/CGMBLEKit/CGMBLEKitUI/TransmitterManager+UI.swift,line=15,col=1::extension declares a conformance of imported type 'G5CGMManager' to imported protocols 'CGMManagerUI', 'DeviceManagerUI', 'DisplayGlucoseUnitObserver', 'CGMStatusIndicator'; this will not behave correctly if the owners of 'CGMBLEKit' introduce this conformance in the future
Build	Fastlane Build & Archive	2026-07-20T11:45:59.6485640Z [11:45:59]: ▸ extension G5CGMManager: CGMManagerUI {
Build	Fastlane Build & Archive	2026-07-20T11:45:59.6586440Z [11:45:59]: ▸ ^
Build	Fastlane Build & Archive	2026-07-20T11:45:59.6693730Z [11:45:59]: ▸ ::warning file=/Users/runner/work/Trio/Trio/CGMBLEKit/CGMBLEKitUI/TransmitterManager+UI.swift,line=52,col=1::extension declares a conformance of imported type 'G6CGMManager' to imported protocols 'CGMManagerUI', 'DeviceManagerUI', 'DisplayGlucoseUnitObserver', 'CGMStatusIndicator'; this will not behave correctly if the owners of 'CGMBLEKit' introduce this conformance in the future
Build	Fastlane Build & Archive	2026-07-20T11:45:59.6816950Z [11:45:59]: ▸ extension G6CGMManager: CGMManagerUI {
Build	Fastlane Build & Archive	2026-07-20T11:45:59.6922030Z [11:45:59]: ▸ ^
Build	Fastlane Build & Archive	2026-07-20T11:45:59.7050740Z [11:45:59]: ▸ [CGMBLEKitUI] Copy arm64-apple-ios.swiftmodule -> CGMBLEKitUI.swiftmodule
Build	Fastlane Build & Archive	2026-07-20T11:45:59.7154350Z [11:45:59]: ▸ [CGMBLEKitUI] Copy arm64-apple-ios.swiftdoc -> CGMBLEKitUI.swiftdoc
Build	Fastlane Build & Archive	2026-07-20T11:45:59.7280160Z [11:45:59]: ▸ [CGMBLEKitUI] Copy arm64-apple-ios.abi.json -> CGMBLEKitUI.abi.json
Build	Fastlane Build & Archive	2026-07-20T11:45:59.7387310Z [11:45:59]: ▸ note: Emplaced /Users/runner/Library/Developer/Xcode/DerivedData/Trio-bovmnxebschsylahdeysnjjqdcte/Build/Intermediates.noindex/ArchiveIntermediates/Trio/IntermediateBuildFilesPath/UninstalledProducts/iphoneos/CGMBLEKitUI.framework/Assets.car (in target 'CGMBLEKitUI' from project 'CGMBLEKit')
Build	Fastlane Build & Archive	2026-07-20T11:45:59.7493130Z [11:45:59]: ▸ [ShareClientUI] Touching ShareClientUI.framework
Build	Fastlane Build & Archive	2026-07-20T11:45:59.7597750Z [11:45:59]: ▸ [RileyLinkKit] RegisterExecutionPolicyException RileyLinkKit.framework
Build	Fastlane Build & Archive	2026-07-20T11:45:59.7698210Z [11:45:59]: ▸ [CGMBLEKitUI] Compiling CGMBLEKitUI_vers.c
Build	Fastlane Build & Archive	2026-07-20T11:45:59.7802900Z [11:45:59]: ▸ [CGMBLEKitUI] Compile XCStrings TransmitterManagerSetup.xcstrings
Build	Fastlane Build & Archive	2026-07-20T11:45:59.7904130Z [11:45:59]: ▸ [CGMBLEKitUI] Linking CGMBLEKitUI
Build	Fastlane Build & Archive	2026-07-20T11:45:59.8006180Z [11:45:59]: ▸ [RileyLinkKit] Touching RileyLinkKit.framework
Build	Fastlane Build & Archive	2026-07-20T11:45:59.8108040Z [11:45:59]: ▸ [CGMBLEKitUI] Copying TransmitterManagerSetup.strings
Build	Fastlane Build & Archive	2026-07-20T11:45:59.8212190Z [11:45:59]: ▸ [CGMBLEKitUI] Copying TransmitterManagerSetup.strings
Build	Fastlane Build & Archive	2026-07-20T11:45:59.8323600Z [11:45:59]: ▸ [CGMBLEKitUI] Copying TransmitterManagerSetup.strings
Build	Fastlane Build & Archive	2026-07-20T11:45:59.8426150Z [11:45:59]: ▸ [CGMBLEKitUI] Copying TransmitterManagerSetup.strings
Build	Fastlane Build & Archive	2026-07-20T11:45:59.8528840Z [11:45:59]: ▸ [CGMBLEKitUI] Copying TransmitterManagerSetup.strings
Build	Fastlane Build & Archive	2026-07-20T11:45:59.8535590Z [11:45:59]: ▸ [CGMBLEKitUI] Copying TransmitterManagerSetup.strings
Build	Fastlane Build & Archive	2026-07-20T11:45:59.8637700Z [11:45:59]: ▸ [CGMBLEKitUI] Copying TransmitterManagerSetup.strings
Build	Fastlane Build & Archive	2026-07-20T11:45:59.8740180Z [11:45:59]: ▸ [CGMBLEKitUI] Copying TransmitterManagerSetup.strings
Build	Fastlane Build & Archive	2026-07-20T11:45:59.8842330Z [11:45:59]: ▸ [CGMBLEKitUI] Copying TransmitterManagerSetup.strings
Build	Fastlane Build & Archive	2026-07-20T11:45:59.8945070Z [11:45:59]: ▸ [CGMBLEKitUI] Copying TransmitterManagerSetup.strings
Build	Fastlane Build & Archive	2026-07-20T11:45:59.9048570Z [11:45:59]: ▸ [CGMBLEKitUI] Copying TransmitterManagerSetup.strings
Build	Fastlane Build & Archive	2026-07-20T11:45:59.9150910Z [11:45:59]: ▸ [CGMBLEKitUI] Copying TransmitterManagerSetup.strings
Build	Fastlane Build & Archive	2026-07-20T11:45:59.9253000Z [11:45:59]: ▸ [CGMBLEKitUI] Copying TransmitterManagerSetup.strings
Build	Fastlane Build & Archive	2026-07-20T11:45:59.9363990Z [11:45:59]: ▸ [CGMBLEKitUI] Copying TransmitterManagerSetup.strings
Build	Fastlane Build & Archive	2026-07-20T11:45:59.9466780Z [11:45:59]: ▸ [CGMBLEKitUI] Copying TransmitterManagerSetup.strings
Build	Fastlane Build & Archive	2026-07-20T11:45:59.9571410Z [11:45:59]: ▸ [CGMBLEKitUI] Copying TransmitterManagerSetup.strings
Build	Fastlane Build & Archive	2026-07-20T11:45:59.9675300Z [11:45:59]: ▸ [CGMBLEKitUI] Copying TransmitterManagerSetup.strings
Build	Fastlane Build & Archive	2026-07-20T11:45:59.9787690Z [11:45:59]: ▸ [CGMBLEKitUI] Copying TransmitterManagerSetup.strings
Build	Fastlane Build & Archive	2026-07-20T11:45:59.9899050Z [11:45:59]: ▸ [CGMBLEKitUI] Copying TransmitterManagerSetup.strings
Build	Fastlane Build & Archive	2026-07-20T11:46:00.0017340Z [11:45:59]: ▸ [CGMBLEKitUI] Copying TransmitterManagerSetup.strings
Build	Fastlane Build & Archive	2026-07-20T11:46:00.0162870Z [11:45:59]: ▸ [CGMBLEKitUI] Compile XCStrings Localizable.xcstrings
Build	Fastlane Build & Archive	2026-07-20T11:46:00.0312470Z [11:45:59]: ▸ [CGMBLEKitUI] Compiling TransmitterManagerSetup.storyboard
Build	Fastlane Build & Archive	2026-07-20T11:46:00.0462190Z [11:45:59]: ▸ [CGMBLEKitUI] Copying Localizable.strings
Build	Fastlane Build & Archive	2026-07-20T11:46:00.0590960Z [11:45:59]: ▸ [CGMBLEKitUI] Processing Info.plist
Build	Fastlane Build & Archive	2026-07-20T11:46:00.0692080Z [11:45:59]: ▸ [CGMBLEKitUI] Generating CGMBLEKitUI.framework.dSYM
Build	Fastlane Build & Archive	2026-07-20T11:46:00.0824580Z [11:45:59]: ▸ [CGMBLEKitUI] Copying Localizable.strings
Build	Fastlane Build & Archive	2026-07-20T11:46:00.0931160Z [11:45:59]: ▸ [CGMBLEKitUI] Copying Localizable.strings
Build	Fastlane Build & Archive	2026-07-20T11:46:00.1031060Z [11:45:59]: ▸ [CGMBLEKitUI] Copying Localizable.strings
Build	Fastlane Build & Archive	2026-07-20T11:46:00.1133440Z [11:45:59]: ▸ [CGMBLEKitUI] Copying Localizable.strings
Build	Fastlane Build & Archive	2026-07-20T11:46:00.1235150Z [11:45:59]: ▸ [CGMBLEKitUI] Copying Localizable.strings
Build	Fastlane Build & Archive	2026-07-20T11:46:00.1337320Z [11:45:59]: ▸ [CGMBLEKitUI] Copying Localizable.strings
Build	Fastlane Build & Archive	2026-07-20T11:46:00.1437130Z [11:45:59]: ▸ [CGMBLEKitUI] Copying Localizable.strings
Build	Fastlane Build & Archive	2026-07-20T11:46:00.1542760Z [11:45:59]: ▸ [CGMBLEKitUI] Copying Localizable.strings
Build	Fastlane Build & Archive	2026-07-20T11:46:00.1645190Z [11:45:59]: ▸ [CGMBLEKitUI] Copying Localizable.strings
Build	Fastlane Build & Archive	2026-07-20T11:46:00.1746890Z [11:45:59]: ▸ [CGMBLEKitUI] Copying Localizable.strings
Build	Fastlane Build & Archive	2026-07-20T11:46:00.1848740Z [11:45:59]: ▸ [CGMBLEKitUI] Copying Localizable.strings
Build	Fastlane Build & Archive	2026-07-20T11:46:00.1954480Z [11:45:59]: ▸ [CGMBLEKitUI] Copying Localizable.strings
Build	Fastlane Build & Archive	2026-07-20T11:46:00.2058630Z [11:45:59]: ▸ [CGMBLEKitUI] Copying Localizable.strings
Build	Fastlane Build & Archive	2026-07-20T11:46:00.2160260Z [11:45:59]: ▸ [CGMBLEKitUI] Copying Localizable.strings
Build	Fastlane Build & Archive	2026-07-20T11:46:00.2261410Z [11:45:59]: ▸ [CGMBLEKitUI] Copying Localizable.strings
Build	Fastlane Build & Archive	2026-07-20T11:46:00.2363460Z [11:45:59]: ▸ [CGMBLEKitUI] Copying Localizable.strings
Build	Fastlane Build & Archive	2026-07-20T11:46:00.2464960Z [11:45:59]: ▸ [CGMBLEKitUI] Copying Localizable.strings
Build	Fastlane Build & Archive	2026-07-20T11:46:00.2579120Z [11:45:59]: ▸ [CGMBLEKitUI] Copying Localizable.strings
Build	Fastlane Build & Archive	2026-07-20T11:46:00.2681310Z [11:45:59]: ▸ [CGMBLEKitUI] Copying Localizable.strings
Build	Fastlane Build & Archive	2026-07-20T11:46:00.2782400Z [11:45:59]: ▸ [CGMBLEKitUI] Copying Localizable.strings
Build	Fastlane Build & Archive	2026-07-20T11:46:00.2883890Z [11:45:59]: ▸ [CGMBLEKitUI] Copying Localizable.strings
Build	Fastlane Build & Archive	2026-07-20T11:46:00.2983740Z [11:45:59]: ▸ [CGMBLEKitUI] Copying Localizable.strings
Build	Fastlane Build & Archive	2026-07-20T11:46:00.3085430Z [11:45:59]: ▸ [CGMBLEKitUI] Copying Localizable.strings
Build	Fastlane Build & Archive	2026-07-20T11:46:00.3187370Z [11:45:59]: ▸ [CGMBLEKitUI] Copying Localizable.strings
Build	Fastlane Build & Archive	2026-07-20T11:46:00.3289500Z [11:45:59]: ▸ [CGMBLEKitUI] Copying Localizable.strings
Build	Fastlane Build & Archive	2026-07-20T11:46:00.3397540Z [11:45:59]: ▸ [CGMBLEKitUI] Copying Localizable.strings
Build	Fastlane Build & Archive	2026-07-20T11:46:00.3499880Z [11:45:59]: ▸ [MockKit] RegisterExecutionPolicyException MockKit.framework
Build	Fastlane Build & Archive	2026-07-20T11:46:00.3622070Z [11:45:59]: ▸ [RileyLinkKitUI] Compiling SetupImageTableViewCell.xib
Build	Fastlane Build & Archive	2026-07-20T11:46:00.3763960Z [11:45:59]: ▸ [RileyLinkKitUI] Linking RileyLinkKitUI
Build	Fastlane Build & Archive	2026-07-20T11:46:00.3877280Z [11:45:59]: ▸ [MinimedKit] Linking MinimedKit
Build	Fastlane Build & Archive	2026-07-20T11:46:00.3980730Z [11:45:59]: ▸ [RileyLinkKitUI] Processing Info.plist
Build	Fastlane Build & Archive	2026-07-20T11:46:00.4084660Z [11:45:59]: ▸ [RileyLinkKitUI] Generating RileyLinkKitUI.framework.dSYM
Build	Fastlane Build & Archive	2026-07-20T11:46:00.4188060Z [11:45:59]: ▸ [RileyLinkKitUI] Compile XCStrings Localizable.xcstrings
Build	Fastlane Build & Archive	2026-07-20T11:46:00.4312680Z [11:45:59]: ▸ [MinimedKit] Processing empty-MinimedKit.plist
Build	Fastlane Build & Archive	2026-07-20T11:46:00.4417740Z [11:45:59]: ▸ [RileyLinkKitUI] Copying Localizable.strings
Build	Fastlane Build & Archive	2026-07-20T11:46:00.4523400Z [11:45:59]: ▸ [RileyLinkKitUI] Copying Localizable.strings
Build	Fastlane Build & Archive	2026-07-20T11:46:00.4625940Z [11:45:59]: ▸ [RileyLinkKitUI] Copying Localizable.strings
Build	Fastlane Build & Archive	2026-07-20T11:46:00.4731340Z [11:45:59]: ▸ [RileyLinkKitUI] Copying Localizable.strings
Build	Fastlane Build & Archive	2026-07-20T11:46:00.4832110Z [11:45:59]: ▸ [RileyLinkKitUI] Copying Localizable.strings
Build	Fastlane Build & Archive	2026-07-20T11:46:00.4935170Z [11:45:59]: ▸ [RileyLinkKitUI] Copying Localizable.strings
Build	Fastlane Build & Archive	2026-07-20T11:46:00.5056340Z [11:45:59]: ▸ [RileyLinkKitUI] Copying Localizable.strings
Build	Fastlane Build & Archive	2026-07-20T11:46:00.5183530Z [11:45:59]: ▸ [RileyLinkKitUI] Copying Localizable.strings
Build	Fastlane Build & Archive	2026-07-20T11:46:00.5275570Z [11:45:59]: ▸ [RileyLinkKitUI] Copying Localizable.strings
Build	Fastlane Build & Archive	2026-07-20T11:46:00.5382410Z [11:45:59]: ▸ [RileyLinkKitUI] Copying Localizable.strings
Build	Fastlane Build & Archive	2026-07-20T11:46:00.5488490Z [11:45:59]: ▸ [RileyLinkKitUI] Copying Localizable.strings
Build	Fastlane Build & Archive	2026-07-20T11:46:00.5595710Z [11:45:59]: ▸ [RileyLinkKitUI] Copying Localizable.strings
Build	Fastlane Build & Archive	2026-07-20T11:46:00.5703870Z [11:45:59]: ▸ [RileyLinkKitUI] Copying Localizable.strings
Build	Fastlane Build & Archive	2026-07-20T11:46:00.5806220Z [11:45:59]: ▸ [RileyLinkKitUI] Copying Localizable.strings
Build	Fastlane Build & Archive	2026-07-20T11:46:00.5916200Z [11:45:59]: ▸ [RileyLinkKitUI] Copying Localizable.strings
Build	Fastlane Build & Archive	2026-07-20T11:46:00.6023580Z [11:45:59]: ▸ [RileyLinkKitUI] Copying Localizable.strings
Build	Fastlane Build & Archive	2026-07-20T11:46:00.6140910Z [11:45:59]: ▸ [RileyLinkKitUI] Copying Localizable.strings
Build	Fastlane Build & Archive	2026-07-20T11:46:00.6250800Z [11:45:59]: ▸ [RileyLinkKitUI] Copying Localizable.strings
Build	Fastlane Build & Archive	2026-07-20T11:46:00.6252270Z [11:45:59]: ▸ [RileyLinkKitUI] Copying Localizable.strings
Build	Fastlane Build & Archive	2026-07-20T11:46:00.6354030Z [11:45:59]: ▸ [RileyLinkKitUI] Copying Localizable.strings
Build	Fastlane Build & Archive	2026-07-20T11:46:00.6458390Z [11:45:59]: ▸ [RileyLinkKitUI] Copying Localizable.strings
Build	Fastlane Build & Archive	2026-07-20T11:46:00.6561900Z [11:45:59]: ▸ [RileyLinkKitUI] Copying Localizable.strings
Build	Fastlane Build & Archive	2026-07-20T11:46:00.6664130Z [11:45:59]: ▸ [RileyLinkKitUI] Copying Localizable.strings
Build	Fastlane Build & Archive	2026-07-20T11:46:00.6765910Z [11:45:59]: ▸ [RileyLinkKitUI] Copying Localizable.strings
Build	Fastlane Build & Archive	2026-07-20T11:46:00.6869980Z [11:45:59]: ▸ [RileyLinkKitUI] Copying Localizable.strings
Build	Fastlane Build & Archive	2026-07-20T11:46:00.6983990Z [11:45:59]: ▸ [RileyLinkKitUI] Copying Localizable.strings
Build	Fastlane Build & Archive	2026-07-20T11:46:00.7088860Z [11:45:59]: ▸ [RileyLinkKitUI] Copying Localizable.strings
Build	Fastlane Build & Archive	2026-07-20T11:46:00.7192130Z [11:45:59]: ▸ [RileyLinkKitUI] Copying Localizable.strings
Build	Fastlane Build & Archive	2026-07-20T11:46:00.7294110Z [11:45:59]: ▸ [MinimedKit] Generating MinimedKit.framework.dSYM
Build	Fastlane Build & Archive	2026-07-20T11:46:00.7398950Z [11:45:59]: ▸ [MinimedKit] Compile XCStrings Localizable.xcstrings
Build	Fastlane Build & Archive	2026-07-20T11:46:00.7500760Z [11:45:59]: ▸ [MinimedKit] Copying Localizable.strings
Build	Fastlane Build & Archive	2026-07-20T11:46:00.7603480Z [11:45:59]: ▸ [RileyLinkKitUI] Extract App Intents Metadata
Build	Fastlane Build & Archive	2026-07-20T11:46:00.7705740Z [11:45:59]: ▸ [MinimedKit] Copying Localizable.strings
Build	Fastlane Build & Archive	2026-07-20T11:46:00.7808590Z [11:45:59]: ▸ [MinimedKit] Copying Localizable.strings
Build	Fastlane Build & Archive	2026-07-20T11:46:00.7910940Z [11:45:59]: ▸ [MinimedKit] Copying Localizable.strings
Build	Fastlane Build & Archive	2026-07-20T11:46:00.8012590Z [11:45:59]: ▸ [MinimedKit] Copying Localizable.strings
Build	Fastlane Build & Archive	2026-07-20T11:46:00.8116360Z [11:45:59]: ▸ [MinimedKit] Copying Localizable.strings
Build	Fastlane Build & Archive	2026-07-20T11:46:00.8218540Z [11:45:59]: ▸ [MinimedKit] Copying Localizable.strings
Build	Fastlane Build & Archive	2026-07-20T11:46:00.8320240Z [11:45:59]: ▸ [MinimedKit] Copying Localizable.strings
Build	Fastlane Build & Archive	2026-07-20T11:46:00.8422090Z [11:45:59]: ▸ [MinimedKit] Copying Localizable.strings
Build	Fastlane Build & Archive	2026-07-20T11:46:00.8524600Z [11:45:59]: ▸ [MinimedKit] Copying Localizable.strings
Build	Fastlane Build & Archive	2026-07-20T11:46:00.8630200Z [11:45:59]: ▸ [MinimedKit] Copying Localizable.strings
Build	Fastlane Build & Archive	2026-07-20T11:46:00.8732950Z [11:45:59]: ▸ [MinimedKit] Copying Localizable.strings
Build	Fastlane Build & Archive	2026-07-20T11:46:00.8834950Z [11:45:59]: ▸ [MinimedKit] Copying Localizable.strings
Build	Fastlane Build & Archive	2026-07-20T11:46:00.8940370Z [11:45:59]: ▸ [MinimedKit] Copying Localizable.strings
Build	Fastlane Build & Archive	2026-07-20T11:46:00.9042200Z [11:45:59]: ▸ [MinimedKit] Copying Localizable.strings
Build	Fastlane Build & Archive	2026-07-20T11:46:00.9149270Z [11:45:59]: ▸ [MinimedKit] Copying Localizable.strings
Build	Fastlane Build & Archive	2026-07-20T11:46:00.9254300Z [11:45:59]: ▸ [MinimedKit] Copying Localizable.strings
Build	Fastlane Build & Archive	2026-07-20T11:46:00.9362530Z [11:45:59]: ▸ [MinimedKit] Copying Localizable.strings
Build	Fastlane Build & Archive	2026-07-20T11:46:00.9482500Z [11:45:59]: ▸ [MinimedKit] Copying Localizable.strings
Build	Fastlane Build & Archive	2026-07-20T11:46:00.9602440Z [11:45:59]: ▸ [MinimedKit] Copying Localizable.strings
Build	Fastlane Build & Archive	2026-07-20T11:46:00.9703980Z [11:45:59]: ▸ [MinimedKit] Copying Localizable.strings
Build	Fastlane Build & Archive	2026-07-20T11:46:00.9805800Z [11:45:59]: ▸ [MinimedKit] Copying Localizable.strings
Build	Fastlane Build & Archive	2026-07-20T11:46:00.9911860Z [11:45:59]: ▸ [MinimedKit] Copying Localizable.strings
Build	Fastlane Build & Archive	2026-07-20T11:46:01.0032890Z [11:45:59]: ▸ [MinimedKit] Copying Localizable.strings
Build	Fastlane Build & Archive	2026-07-20T11:46:01.0135810Z [11:45:59]: ▸ [MinimedKit] Copying Localizable.strings
Build	Fastlane Build & Archive	2026-07-20T11:46:01.0272760Z [11:45:59]: ▸ [MinimedKit] Copying Localizable.strings
Build	Fastlane Build & Archive	2026-07-20T11:46:01.0274500Z [11:45:59]: ▸ [MinimedKit] Copying Localizable.strings
Build	Fastlane Build & Archive	2026-07-20T11:46:01.0382950Z [11:45:59]: ▸ [MockKit] Touching MockKit.framework
Build	Fastlane Build & Archive	2026-07-20T11:46:01.0490330Z [11:45:59]: ▸ [MinimedKit] Extract App Intents Metadata
Build	Fastlane Build & Archive	2026-07-20T11:46:01.0595250Z [11:45:59]: ▸ [MockKitUI] Linking MockKitUI
Build	Fastlane Build & Archive	2026-07-20T11:46:01.0697460Z [11:45:59]: ▸ [MockKitUI] Processing Info.plist
Build	Fastlane Build & Archive	2026-07-20T11:46:01.0808790Z [11:45:59]: ▸ ::warning file=/Users/runner/work/Trio/Trio/LibreTransmitter/LibreTransmitterUI/LibreTransmitterManager+UI.swift,line=21,col=1::extension declares a conformance of imported type 'LibreTransmitterManagerV3' to imported protocols 'CGMManagerUI', 'CGMStatusIndicator'; this will not behave correctly if the owners of 'LibreTransmitter' introduce this conformance in the future
Build	Fastlane Build & Archive	2026-07-20T11:46:01.0953110Z [11:45:59]: ▸ extension LibreTransmitterManagerV3: CGMManagerUI {
Build	Fastlane Build & Archive	2026-07-20T11:46:01.1063050Z [11:45:59]: ▸ ^
Build	Fastlane Build & Archive	2026-07-20T11:46:01.1177270Z [11:45:59]: ▸ ::warning file=/Users/runner/work/Trio/Trio/LibreTransmitter/LibreTransmitterUI/LibreTransmitterManager+UI.swift,line=129,col=1::extension declares a conformance of imported type 'LibreTransmitterManagerV3' to imported protocol 'DeviceManagerUI'; this will not behave correctly if the owners of 'LibreTransmitter' introduce this conformance in the future
Build	Fastlane Build & Archive	2026-07-20T11:46:01.1280750Z [11:45:59]: ▸ extension LibreTransmitterManagerV3: DeviceManagerUI {
Build	Fastlane Build & Archive	2026-07-20T11:46:01.1390770Z [11:45:59]: ▸ ^
Build	Fastlane Build & Archive	2026-07-20T11:46:01.1502060Z [11:45:59]: ▸ [MockKitUI] Generating MockKitUI.framework.dSYM
Build	Fastlane Build & Archive	2026-07-20T11:46:01.1620220Z [11:45:59]: ▸ [MockKitUI] Compile XCStrings Localizable.xcstrings
Build	Fastlane Build & Archive	2026-07-20T11:46:01.1731230Z [11:45:59]: ▸ [OmnipodKit] Copy arm64-apple-ios.swiftmodule -> OmnipodKit.swiftmodule
Build	Fastlane Build & Archive	2026-07-20T11:46:01.1835900Z [11:45:59]: ▸ [OmnipodKit] Copy arm64-apple-ios.swiftdoc -> OmnipodKit.swiftdoc
Build	Fastlane Build & Archive	2026-07-20T11:46:01.1939710Z [11:45:59]: ▸ [OmnipodKit] Copy arm64-apple-ios.abi.json -> OmnipodKit.abi.json
Build	Fastlane Build & Archive	2026-07-20T11:46:01.2043680Z [11:45:59]: ▸ [MockKitUI] Copying Localizable.strings
Build	Fastlane Build & Archive	2026-07-20T11:46:01.2150540Z [11:45:59]: ▸ [MockKitUI] Copying Localizable.strings
Build	Fastlane Build & Archive	2026-07-20T11:46:01.2252500Z [11:45:59]: ▸ [MockKitUI] Copying Localizable.strings
Build	Fastlane Build & Archive	2026-07-20T11:46:01.2378030Z [11:45:59]: ▸ [MockKitUI] Copying Localizable.strings
Build	Fastlane Build & Archive	2026-07-20T11:46:01.2480360Z [11:45:59]: ▸ [MockKitUI] Copying Localizable.strings
Build	Fastlane Build & Archive	2026-07-20T11:46:01.2588400Z [11:45:59]: ▸ [MockKitUI] Copying Localizable.strings
Build	Fastlane Build & Archive	2026-07-20T11:46:01.2705170Z [11:45:59]: ▸ [MockKitUI] Copying Localizable.strings
Build	Fastlane Build & Archive	2026-07-20T11:46:01.2812000Z [11:45:59]: ▸ [MockKitUI] Copying Localizable.strings
Build	Fastlane Build & Archive	2026-07-20T11:46:01.2944260Z [11:45:59]: ▸ [MockKitUI] Copying Localizable.strings
Build	Fastlane Build & Archive	2026-07-20T11:46:01.3062430Z [11:45:59]: ▸ [MockKitUI] Copying Localizable.strings
Build	Fastlane Build & Archive	2026-07-20T11:46:01.3171230Z [11:45:59]: ▸ [MockKitUI] Copying Localizable.strings
Build	Fastlane Build & Archive	2026-07-20T11:46:01.3172770Z [11:45:59]: ▸ [MockKitUI] Copying Localizable.strings
Build	Fastlane Build & Archive	2026-07-20T11:46:01.3294250Z [11:45:59]: ▸ [MockKitUI] Copying Localizable.strings
Build	Fastlane Build & Archive	2026-07-20T11:46:01.3396880Z [11:45:59]: ▸ [MockKitUI] Copying Localizable.strings
Build	Fastlane Build & Archive	2026-07-20T11:46:01.3526100Z [11:45:59]: ▸ [MockKitUI] Copying Localizable.strings
Build	Fastlane Build & Archive	2026-07-20T11:46:01.3663860Z [11:45:59]: ▸ [MockKitUI] Copying Localizable.strings
Build	Fastlane Build & Archive	2026-07-20T11:46:01.3767660Z [11:45:59]: ▸ [MockKitUI] Copying Localizable.strings
Build	Fastlane Build & Archive	2026-07-20T11:46:01.3878430Z [11:45:59]: ▸ [MockKitUI] Copying Localizable.strings
Build	Fastlane Build & Archive	2026-07-20T11:46:01.3982720Z [11:45:59]: ▸ [MockKitUI] Copying Localizable.strings
Build	Fastlane Build & Archive	2026-07-20T11:46:01.4086210Z [11:45:59]: ▸ [MockKitUI] Copying Localizable.strings
Build	Fastlane Build & Archive	2026-07-20T11:46:01.4189390Z [11:45:59]: ▸ [MockKitUI] Copying Localizable.strings
Build	Fastlane Build & Archive	2026-07-20T11:46:01.4292180Z [11:45:59]: ▸ [MockKitUI] Copying Localizable.strings
Build	Fastlane Build & Archive	2026-07-20T11:46:01.4397410Z [11:45:59]: ▸ [MockKitUI] Copying Localizable.strings
Build	Fastlane Build & Archive	2026-07-20T11:46:01.4494960Z [11:45:59]: ▸ [G7SensorKitUI] Generate Asset Symbols Assets.xcassets
Build	Fastlane Build & Archive	2026-07-20T11:46:01.4599050Z [11:45:59]: ▸ note: Emplaced /Users/runner/Library/Developer/Xcode/DerivedData/Trio-bovmnxebschsylahdeysnjjqdcte/Build/Intermediates.noindex/ArchiveIntermediates/Trio/IntermediateBuildFilesPath/UninstalledProducts/iphoneos/G7SensorKitUI.framework/Assets.car (in target 'G7SensorKitUI' from project 'G7SensorKit')
Build	Fastlane Build & Archive	2026-07-20T11:46:01.4697750Z [11:45:59]: ▸ [CGMBLEKitUI] Extract App Intents Metadata
Build	Fastlane Build & Archive	2026-07-20T11:46:01.4800700Z [11:45:59]: ▸ [MedtrumKit] RegisterExecutionPolicyException MedtrumKit.framework
Build	Fastlane Build & Archive	2026-07-20T11:46:01.4904120Z [11:45:59]: ▸ ::warning file=/Users/runner/work/Trio/Trio/G7SensorKit/G7SensorKitUI/G7CGMManager/G7CGMManager+UI.swift,line=25,col=1::extension declares a conformance of imported type 'G7CGMManager' to imported protocols 'CGMManagerUI', 'DeviceManagerUI', 'DisplayGlucoseUnitObserver', 'CGMStatusIndicator'; this will not behave correctly if the owners of 'G7SensorKit' introduce this conformance in the future
Build	Fastlane Build & Archive	2026-07-20T11:46:01.5007610Z [11:45:59]: ▸ extension G7CGMManager: CGMManagerUI {
Build	Fastlane Build & Archive	2026-07-20T11:46:01.5109200Z [11:45:59]: ▸ ^
Build	Fastlane Build & Archive	2026-07-20T11:46:01.5109750Z [11:45:59]: ▸ [OmnipodKit] Compiling OmnipodKit_vers.c
Build	Fastlane Build & Archive	2026-07-20T11:46:01.5211780Z [11:45:59]: ▸ [MockKitUI] Extract App Intents Metadata
Build	Fastlane Build & Archive	2026-07-20T11:46:01.5313330Z [11:45:59]: ▸ [LibreTransmitterUI] Copy arm64-apple-ios.swiftmodule -> LibreTransmitterUI.swiftmodule
Build	Fastlane Build & Archive	2026-07-20T11:46:01.5414490Z [11:45:59]: ▸ [LibreTransmitterUI] Copy arm64-apple-ios.swiftdoc -> LibreTransmitterUI.swiftdoc
Build	Fastlane Build & Archive	2026-07-20T11:46:01.5517700Z [11:45:59]: ▸ [LibreTransmitterUI] Copy arm64-apple-ios.abi.json -> LibreTransmitterUI.abi.json
Build	Fastlane Build & Archive	2026-07-20T11:46:01.5618400Z [11:45:59]: ▸ [LibreTransmitter] RegisterExecutionPolicyException LibreTransmitter.framework
Build	Fastlane Build & Archive	2026-07-20T11:46:01.5721020Z [11:45:59]: ▸ [RileyLinkKitUI] RegisterExecutionPolicyException RileyLinkKitUI.framework
Build	Fastlane Build & Archive	2026-07-20T11:46:01.5822630Z [11:45:59]: ▸ [RileyLinkKitUI] Touching RileyLinkKitUI.framework
Build	Fastlane Build & Archive	2026-07-20T11:46:01.5925520Z [11:45:59]: ▸ [OmnipodKit] Linking OmnipodKit
Build	Fastlane Build & Archive	2026-07-20T11:46:01.6027770Z [11:45:59]: ▸ [OmnipodKit] Copying heartbeat.wav
Build	Fastlane Build & Archive	2026-07-20T11:46:01.6129940Z [11:45:59]: ▸ [OmnipodKit] Copying blank.wav
Build	Fastlane Build & Archive	2026-07-20T11:46:01.6231450Z [11:45:59]: ▸ [OmnipodKit] Compiling OmniReservoirView.xib
Build	Fastlane Build & Archive	2026-07-20T11:46:01.6345480Z [11:45:59]: ▸ [OmnipodKit] Compile XCStrings Localizable.xcstrings
Build	Fastlane Build & Archive	2026-07-20T11:46:01.6422270Z [11:45:59]: ▸ [OmnipodKit] Processing Info.plist
Build	Fastlane Build & Archive	2026-07-20T11:46:01.6526130Z [11:45:59]: ▸ [OmnipodKit] Generating OmnipodKit.framework.dSYM
Build	Fastlane Build & Archive	2026-07-20T11:46:01.6643860Z [11:45:59]: ▸ [G7SensorKitUI] Copy arm64-apple-ios.swiftmodule -> G7SensorKitUI.swiftmodule
Build	Fastlane Build & Archive	2026-07-20T11:46:01.6746670Z [11:45:59]: ▸ [G7SensorKitUI] Copy arm64-apple-ios.swiftdoc -> G7SensorKitUI.swiftdoc
Build	Fastlane Build & Archive	2026-07-20T11:46:01.6847260Z [11:45:59]: ▸ [G7SensorKitUI] Copy arm64-apple-ios.abi.json -> G7SensorKitUI.abi.json
Build	Fastlane Build & Archive	2026-07-20T11:46:01.6949280Z [11:45:59]: ▸ [MockKitUI] RegisterExecutionPolicyException MockKitUI.framework
Build	Fastlane Build & Archive	2026-07-20T11:46:01.7065200Z [11:45:59]: ▸ [MockKitUI] Touching MockKitUI.framework
Build	Fastlane Build & Archive	2026-07-20T11:46:01.7170590Z [11:45:59]: ▸ [OmnipodKit] Copying Localizable.strings
Build	Fastlane Build & Archive	2026-07-20T11:46:01.7270900Z [11:45:59]: ▸ [OmnipodKit] Copying Localizable.strings
Build	Fastlane Build & Archive	2026-07-20T11:46:01.7371400Z [11:45:59]: ▸ [OmnipodKit] Copying Localizable.strings
Build	Fastlane Build & Archive	2026-07-20T11:46:01.7471710Z [11:45:59]: ▸ [OmnipodKit] Copying Localizable.strings
Build	Fastlane Build & Archive	2026-07-20T11:46:01.7574450Z [11:45:59]: ▸ [OmnipodKit] Copying Localizable.strings
Build	Fastlane Build & Archive	2026-07-20T11:46:01.7682320Z [11:45:59]: ▸ [OmnipodKit] Copying Localizable.strings
Build	Fastlane Build & Archive	2026-07-20T11:46:01.7784050Z [11:45:59]: ▸ [OmnipodKit] Copying Localizable.strings
Build	Fastlane Build & Archive	2026-07-20T11:46:01.7886320Z [11:45:59]: ▸ [OmnipodKit] Copying Localizable.strings
Build	Fastlane Build & Archive	2026-07-20T11:46:01.7986920Z [11:45:59]: ▸ [OmnipodKit] Copying Localizable.strings
Build	Fastlane Build & Archive	2026-07-20T11:46:01.8089770Z [11:45:59]: ▸ [OmnipodKit] Copying Localizable.strings
Build	Fastlane Build & Archive	2026-07-20T11:46:01.8193390Z [11:45:59]: ▸ [OmnipodKit] Copying Localizable.strings
Build	Fastlane Build & Archive	2026-07-20T11:46:01.8305550Z [11:45:59]: ▸ [OmnipodKit] Copying Localizable.strings
Build	Fastlane Build & Archive	2026-07-20T11:46:01.8406950Z [11:45:59]: ▸ [OmnipodKit] Copying Localizable.strings
Build	Fastlane Build & Archive	2026-07-20T11:46:01.8510140Z [11:45:59]: ▸ [OmnipodKit] Copying Localizable.strings
Build	Fastlane Build & Archive	2026-07-20T11:46:01.8613830Z [11:45:59]: ▸ [OmnipodKit] Copying Localizable.strings
Build	Fastlane Build & Archive	2026-07-20T11:46:01.8722910Z [11:45:59]: ▸ [OmnipodKit] Copying Localizable.strings
Build	Fastlane Build & Archive	2026-07-20T11:46:01.8817350Z [11:45:59]: ▸ [OmnipodKit] Copying Localizable.strings
Build	Fastlane Build & Archive	2026-07-20T11:46:01.8917950Z [11:45:59]: ▸ [OmnipodKit] Copying Localizable.strings
Build	Fastlane Build & Archive	2026-07-20T11:46:01.9021870Z [11:45:59]: ▸ [OmnipodKit] Copying Localizable.strings
Build	Fastlane Build & Archive	2026-07-20T11:46:01.9123230Z [11:45:59]: ▸ [OmnipodKit] Copying Localizable.strings
Build	Fastlane Build & Archive	2026-07-20T11:46:01.9224660Z [11:45:59]: ▸ [OmnipodKit] Copying Localizable.strings
Build	Fastlane Build & Archive	2026-07-20T11:46:01.9329110Z [11:45:59]: ▸ [OmnipodKit] Copying Localizable.strings
Build	Fastlane Build & Archive	2026-07-20T11:46:01.9429040Z [11:45:59]: ▸ [OmnipodKit] Copying Localizable.strings
Build	Fastlane Build & Archive	2026-07-20T11:46:01.9530210Z [11:45:59]: ▸ [OmnipodKit] Copying Localizable.strings
Build	Fastlane Build & Archive	2026-07-20T11:46:01.9632740Z [11:45:59]: ▸ [OmnipodKit] Copying Localizable.strings
Build	Fastlane Build & Archive	2026-07-20T11:46:01.9733450Z [11:45:59]: ▸ [OmnipodKit] Copying Localizable.strings
Build	Fastlane Build & Archive	2026-07-20T11:46:01.9834560Z [11:45:59]: ▸ [MinimedKit] RegisterExecutionPolicyException MinimedKit.framework
Build	Fastlane Build & Archive	2026-07-20T11:46:01.9936990Z [11:45:59]: ▸ [MedtrumKit] Touching MedtrumKit.framework
Build	Fastlane Build & Archive	2026-07-20T11:46:02.0038170Z [11:45:59]: ▸ [OmnipodKit] Extract App Intents Metadata
Build	Fastlane Build & Archive	2026-07-20T11:46:02.0140300Z [11:45:59]: ▸ [LibreTransmitterUI] Compiling LibreTransmitterUI_vers.c
Build	Fastlane Build & Archive	2026-07-20T11:46:02.0242790Z [11:45:59]: ▸ [MinimedKit] Touching MinimedKit.framework
Build	Fastlane Build & Archive	2026-07-20T11:46:02.0345270Z [11:45:59]: ▸ [MinimedKitUI] Compiling ReservoirHUDView.xib
Build	Fastlane Build & Archive	2026-07-20T11:46:02.0446700Z [11:45:59]: ▸ [MinimedKitUI] Linking MinimedKitUI
Build	Fastlane Build & Archive	2026-07-20T11:46:02.0548950Z [11:45:59]: ▸ [MinimedKitUI] Compile XCStrings MinimedPumpManager.xcstrings
Build	Fastlane Build & Archive	2026-07-20T11:46:02.0655870Z [11:45:59]: ▸ [MinimedKitUI] Compile XCStrings Localizable.xcstrings
Build	Fastlane Build & Archive	2026-07-20T11:46:02.0758340Z [11:45:59]: ▸ [MinimedKitUI] Copying MinimedPumpManager.strings
Build	Fastlane Build & Archive	2026-07-20T11:46:02.0858230Z [11:45:59]: ▸ [MinimedKitUI] Copying Localizable.strings
Build	Fastlane Build & Archive	2026-07-20T11:46:02.0958810Z [11:45:59]: ▸ [MinimedKitUI] Copying MinimedPumpManager.strings
Build	Fastlane Build & Archive	2026-07-20T11:46:02.1060230Z [11:45:59]: ▸ [MinimedKitUI] Copying Localizable.strings
Build	Fastlane Build & Archive	2026-07-20T11:46:02.1160530Z [11:45:59]: ▸ [MinimedKitUI] Copying Localizable.strings
Build	Fastlane Build & Archive	2026-07-20T11:46:02.1262240Z [11:45:59]: ▸ [MinimedKitUI] Copying MinimedPumpManager.strings
Build	Fastlane Build & Archive	2026-07-20T11:46:02.1362920Z [11:45:59]: ▸ [MinimedKitUI] Copying Localizable.strings
Build	Fastlane Build & Archive	2026-07-20T11:46:02.1466120Z [11:45:59]: ▸ [MinimedKitUI] Copying MinimedPumpManager.strings
Build	Fastlane Build & Archive	2026-07-20T11:46:02.1569340Z [11:45:59]: ▸ [MinimedKitUI] Copying Localizable.strings
Build	Fastlane Build & Archive	2026-07-20T11:46:02.1671630Z [11:45:59]: ▸ [MinimedKitUI] Copying MinimedPumpManager.strings
Build	Fastlane Build & Archive	2026-07-20T11:46:02.1774040Z [11:45:59]: ▸ [MinimedKitUI] Copying Localizable.strings
Build	Fastlane Build & Archive	2026-07-20T11:46:02.1874780Z [11:45:59]: ▸ [MinimedKitUI] Copying MinimedPumpManager.strings
Build	Fastlane Build & Archive	2026-07-20T11:46:02.1982210Z [11:45:59]: ▸ [MinimedKitUI] Copying Localizable.strings
Build	Fastlane Build & Archive	2026-07-20T11:46:02.2095320Z [11:45:59]: ▸ [MinimedKitUI] Copying MinimedPumpManager.strings
Build	Fastlane Build & Archive	2026-07-20T11:46:02.2197790Z [11:45:59]: ▸ [MinimedKitUI] Copying Localizable.strings
Build	Fastlane Build & Archive	2026-07-20T11:46:02.2299340Z [11:45:59]: ▸ [MinimedKitUI] Copying Localizable.strings
Build	Fastlane Build & Archive	2026-07-20T11:46:02.2419190Z [11:45:59]: ▸ [MinimedKitUI] Copying MinimedPumpManager.strings
Build	Fastlane Build & Archive	2026-07-20T11:46:02.2422070Z [11:45:59]: ▸ [MinimedKitUI] Copying Localizable.strings
Build	Fastlane Build & Archive	2026-07-20T11:46:02.2524140Z [11:45:59]: ▸ [MinimedKitUI] Copying MinimedPumpManager.strings
Build	Fastlane Build & Archive	2026-07-20T11:46:02.2614110Z [11:45:59]: ▸ [MinimedKitUI] Copying Localizable.strings
Build	Fastlane Build & Archive	2026-07-20T11:46:02.2716760Z [11:45:59]: ▸ [MinimedKitUI] Copying MinimedPumpManager.strings
Build	Fastlane Build & Archive	2026-07-20T11:46:02.2819180Z [11:45:59]: ▸ [MinimedKitUI] Copying Localizable.strings
Build	Fastlane Build & Archive	2026-07-20T11:46:02.2920920Z [11:45:59]: ▸ [MinimedKitUI] Copying MinimedPumpManager.strings
Build	Fastlane Build & Archive	2026-07-20T11:46:02.3023520Z [11:45:59]: ▸ [MinimedKitUI] Copying Localizable.strings
Build	Fastlane Build & Archive	2026-07-20T11:46:02.3125500Z [11:45:59]: ▸ [MinimedKitUI] Copying Localizable.strings
Build	Fastlane Build & Archive	2026-07-20T11:46:02.3226950Z [11:45:59]: ▸ [MinimedKitUI] Copying MinimedPumpManager.strings
Build	Fastlane Build & Archive	2026-07-20T11:46:02.3328430Z [11:45:59]: ▸ [MinimedKitUI] Copying Localizable.strings
Build	Fastlane Build & Archive	2026-07-20T11:46:02.3431260Z [11:45:59]: ▸ [MinimedKitUI] Copying MinimedPumpManager.strings
Build	Fastlane Build & Archive	2026-07-20T11:46:02.3534570Z [11:45:59]: ▸ [MinimedKitUI] Copying Localizable.strings
Build	Fastlane Build & Archive	2026-07-20T11:46:02.3637120Z [11:45:59]: ▸ [MinimedKitUI] Copying Localizable.strings
Build	Fastlane Build & Archive	2026-07-20T11:46:02.3738620Z [11:45:59]: ▸ [MinimedKitUI] Copying Localizable.strings
Build	Fastlane Build & Archive	2026-07-20T11:46:02.3841550Z [11:45:59]: ▸ [MinimedKitUI] Copying MinimedPumpManager.strings
Build	Fastlane Build & Archive	2026-07-20T11:46:02.3956820Z [11:45:59]: ▸ [MinimedKitUI] Copying Localizable.strings
Build	Fastlane Build & Archive	2026-07-20T11:46:02.4059550Z [11:45:59]: ▸ [MinimedKitUI] Copying MinimedPumpManager.strings
Build	Fastlane Build & Archive	2026-07-20T11:46:02.4160010Z [11:45:59]: ▸ [MinimedKitUI] Copying Localizable.strings
Build	Fastlane Build & Archive	2026-07-20T11:46:02.4261890Z [11:45:59]: ▸ [MinimedKitUI] Copying MinimedPumpManager.strings
Build	Fastlane Build & Archive	2026-07-20T11:46:02.4363710Z [11:45:59]: ▸ [MinimedKitUI] Copying Localizable.strings
Build	Fastlane Build & Archive	2026-07-20T11:46:02.4468250Z [11:45:59]: ▸ [MinimedKitUI] Copying MinimedPumpManager.strings
Build	Fastlane Build & Archive	2026-07-20T11:46:02.4568850Z [11:45:59]: ▸ [MinimedKitUI] Copying Localizable.strings
Build	Fastlane Build & Archive	2026-07-20T11:46:02.4671000Z [11:45:59]: ▸ [MinimedKitUI] Copying MinimedPumpManager.strings
Build	Fastlane Build & Archive	2026-07-20T11:46:02.4774510Z [11:45:59]: ▸ [MinimedKitUI] Copying MinimedPumpManager.strings
Build	Fastlane Build & Archive	2026-07-20T11:46:02.4876780Z [11:45:59]: ▸ [MinimedKitUI] Copying Localizable.strings
Build	Fastlane Build & Archive	2026-07-20T11:46:02.4978830Z [11:45:59]: ▸ [MinimedKitUI] Copying MinimedPumpManager.strings
Build	Fastlane Build & Archive	2026-07-20T11:46:02.5079770Z [11:45:59]: ▸ [MinimedKitUI] Copying Localizable.strings
Build	Fastlane Build & Archive	2026-07-20T11:46:02.5182930Z [11:45:59]: ▸ [MinimedKitUI] Copying MinimedPumpManager.strings
Build	Fastlane Build & Archive	2026-07-20T11:46:02.5282930Z [11:45:59]: ▸ [MinimedKitUI] Copying Localizable.strings
Build	Fastlane Build & Archive	2026-07-20T11:46:02.5386760Z [11:45:59]: ▸ [MinimedKitUI] Copying Localizable.strings
Build	Fastlane Build & Archive	2026-07-20T11:46:02.5488780Z [11:45:59]: ▸ [MinimedKitUI] Copying MinimedPumpManager.strings
Build	Fastlane Build & Archive	2026-07-20T11:46:02.5590780Z [11:45:59]: ▸ [MinimedKitUI] Copying Localizable.strings
Build	Fastlane Build & Archive	2026-07-20T11:46:02.5691730Z [11:45:59]: ▸ [MinimedKitUI] Compiling MinimedPumpManager.storyboard
Build	Fastlane Build & Archive	2026-07-20T11:46:02.5793990Z [11:45:59]: ▸ [LibreTransmitter] Touching LibreTransmitter.framework
Build	Fastlane Build & Archive	2026-07-20T11:46:02.5894690Z [11:45:59]: ▸ [LibreTransmitterUI] Processing Info.plist
Build	Fastlane Build & Archive	2026-07-20T11:46:02.5997820Z [11:45:59]: ▸ [LibreTransmitterUI] Linking LibreTransmitterUI
Build	Fastlane Build & Archive	2026-07-20T11:46:02.6100970Z [11:45:59]: ▸ [LibreTransmitterUI] Generating LibreTransmitterUI.framework.dSYM
Build	Fastlane Build & Archive	2026-07-20T11:46:02.6201490Z [11:45:59]: ▸ [MinimedKitUI] Processing empty-MinimedKitUI.plist
Build	Fastlane Build & Archive	2026-07-20T11:46:02.6307560Z [11:45:59]: ▸ [MinimedKitUI] Generating MinimedKitUI.framework.dSYM
Build	Fastlane Build & Archive	2026-07-20T11:46:02.6411970Z [11:45:59]: ▸ [LibreTransmitterUI] Compile XCStrings Localizable.xcstrings
Build	Fastlane Build & Archive	2026-07-20T11:46:02.6513110Z [11:45:59]: ▸ [G7SensorKitUI] Compiling G7SensorKitUI_vers.c
Build	Fastlane Build & Archive	2026-07-20T11:46:02.6615400Z [11:45:59]: ▸ [MinimedKitUI] Extract App Intents Metadata
Build	Fastlane Build & Archive	2026-07-20T11:46:02.6717170Z [11:45:59]: ▸ [OmnipodKit] RegisterExecutionPolicyException OmnipodKit.framework
Build	Fastlane Build & Archive	2026-07-20T11:46:02.6817900Z [11:45:59]: ▸ [OmnipodKit] Touching OmnipodKit.framework
Build	Fastlane Build & Archive	2026-07-20T11:46:02.6920210Z [11:45:59]: ▸ [LibreTransmitterUI] Copying Localizable.strings
Build	Fastlane Build & Archive	2026-07-20T11:46:02.7023470Z [11:45:59]: ▸ [LibreTransmitterUI] Copying Localizable.strings
Build	Fastlane Build & Archive	2026-07-20T11:46:02.7125800Z [11:45:59]: ▸ [LibreTransmitterUI] Copying Localizable.strings
Build	Fastlane Build & Archive	2026-07-20T11:46:02.7227490Z [11:45:59]: ▸ [LibreTransmitterUI] Copying Localizable.strings
Build	Fastlane Build & Archive	2026-07-20T11:46:02.7328640Z [11:45:59]: ▸ [LibreTransmitterUI] Copying Localizable.strings
Build	Fastlane Build & Archive	2026-07-20T11:46:02.7432500Z [11:45:59]: ▸ [LibreTransmitterUI] Copying Localizable.strings
Build	Fastlane Build & Archive	2026-07-20T11:46:02.7533950Z [11:45:59]: ▸ [LibreTransmitterUI] Copying Localizable.strings
Build	Fastlane Build & Archive	2026-07-20T11:46:02.7635680Z [11:45:59]: ▸ [LibreTransmitterUI] Copying Localizable.strings
Build	Fastlane Build & Archive	2026-07-20T11:46:02.7736090Z [11:45:59]: ▸ [LibreTransmitterUI] Copying Localizable.strings
Build	Fastlane Build & Archive	2026-07-20T11:46:02.7837920Z [11:45:59]: ▸ [LibreTransmitterUI] Copying Localizable.strings
Build	Fastlane Build & Archive	2026-07-20T11:46:02.7940400Z [11:45:59]: ▸ [LibreTransmitterUI] Copying Localizable.strings
Build	Fastlane Build & Archive	2026-07-20T11:46:02.8041240Z [11:45:59]: ▸ [LibreTransmitterUI] Copying Localizable.strings
Build	Fastlane Build & Archive	2026-07-20T11:46:02.8142650Z [11:45:59]: ▸ [LibreTransmitterUI] Copying Localizable.strings
Build	Fastlane Build & Archive	2026-07-20T11:46:02.8244760Z [11:45:59]: ▸ [LibreTransmitterUI] Copying Localizable.strings
Build	Fastlane Build & Archive	2026-07-20T11:46:02.8345990Z [11:45:59]: ▸ [LibreTransmitterUI] Copying Localizable.strings
Build	Fastlane Build & Archive	2026-07-20T11:46:02.8448370Z [11:45:59]: ▸ [LibreTransmitterUI] Copying Localizable.strings
Build	Fastlane Build & Archive	2026-07-20T11:46:02.8551860Z [11:45:59]: ▸ [LibreTransmitterUI] Copying Localizable.strings
Build	Fastlane Build & Archive	2026-07-20T11:46:02.8652430Z [11:45:59]: ▸ [LibreTransmitterUI] Copying Localizable.strings
Build	Fastlane Build & Archive	2026-07-20T11:46:02.8755160Z [11:45:59]: ▸ [LibreTransmitterUI] Copying Localizable.strings
Build	Fastlane Build & Archive	2026-07-20T11:46:02.8856130Z [11:45:59]: ▸ [LibreTransmitterUI] Copying Localizable.strings
Build	Fastlane Build & Archive	2026-07-20T11:46:02.8957530Z [11:45:59]: ▸ [LibreTransmitterUI] Copying Localizable.strings
Build	Fastlane Build & Archive	2026-07-20T11:46:02.9058570Z [11:45:59]: ▸ [LibreTransmitterUI] Copying Localizable.strings
Build	Fastlane Build & Archive	2026-07-20T11:46:02.9160480Z [11:45:59]: ▸ [LibreTransmitterUI] Copying Localizable.strings
Build	Fastlane Build & Archive	2026-07-20T11:46:02.9180830Z [11:45:59]: ▸ [LibreTransmitterUI] Copying Localizable.strings
Build	Fastlane Build & Archive	2026-07-20T11:46:02.9283820Z [11:45:59]: ▸ [LibreTransmitterUI] Copying Localizable.strings
Build	Fastlane Build & Archive	2026-07-20T11:46:02.9386040Z [11:45:59]: ▸ [LibreTransmitterUI] Copying Localizable.strings
Build	Fastlane Build & Archive	2026-07-20T11:46:02.9487880Z [11:45:59]: ▸ [LibreTransmitterUI] Copying Localizable.strings
Build	Fastlane Build & Archive	2026-07-20T11:46:02.9589490Z [11:45:59]: ▸ [G7SensorKit] RegisterExecutionPolicyException G7SensorKit.framework
Build	Fastlane Build & Archive	2026-07-20T11:46:02.9691330Z [11:45:59]: ▸ [LibreTransmitterUI] Extract App Intents Metadata
Build	Fastlane Build & Archive	2026-07-20T11:46:02.9795890Z [11:45:59]: ▸ [MinimedKitUI] RegisterExecutionPolicyException MinimedKitUI.framework
Build	Fastlane Build & Archive	2026-07-20T11:46:02.9897640Z [11:45:59]: ▸ [MinimedKitUI] Touching MinimedKitUI.framework
Build	Fastlane Build & Archive	2026-07-20T11:46:03.0001120Z [11:45:59]: ▸ [G7SensorKit] Touching G7SensorKit.framework
Build	Fastlane Build & Archive	2026-07-20T11:46:03.0103380Z [11:45:59]: ▸ [G7SensorKitUI] Processing empty-G7SensorKitUI.plist
Build	Fastlane Build & Archive	2026-07-20T11:46:03.0316460Z [11:45:59]: ▸ [G7SensorKitUI] Linking G7SensorKitUI
Build	Fastlane Build & Archive	2026-07-20T11:46:03.0318070Z [11:45:59]: ▸ [G7SensorKitUI] Compile XCStrings Localizable.xcstrings
Build	Fastlane Build & Archive	2026-07-20T11:46:03.0421310Z [11:45:59]: ▸ [G7SensorKitUI] Copying Localizable.strings
Build	Fastlane Build & Archive	2026-07-20T11:46:03.0523790Z [11:45:59]: ▸ [G7SensorKitUI] Copying Localizable.strings
Build	Fastlane Build & Archive	2026-07-20T11:46:03.0622350Z [11:45:59]: ▸ [G7SensorKitUI] Copying Localizable.strings
Build	Fastlane Build & Archive	2026-07-20T11:46:03.0722650Z [11:45:59]: ▸ [G7SensorKitUI] Copying Localizable.strings
Build	Fastlane Build & Archive	2026-07-20T11:46:03.0825480Z [11:45:59]: ▸ [G7SensorKitUI] Copying Localizable.strings
Build	Fastlane Build & Archive	2026-07-20T11:46:03.0925730Z [11:45:59]: ▸ [G7SensorKitUI] Copying Localizable.strings
Build	Fastlane Build & Archive	2026-07-20T11:46:03.1026420Z [11:45:59]: ▸ [G7SensorKitUI] Copying Localizable.strings
Build	Fastlane Build & Archive	2026-07-20T11:46:03.1128230Z [11:45:59]: ▸ [G7SensorKitUI] Copying Localizable.strings
Build	Fastlane Build & Archive	2026-07-20T11:46:03.1228710Z [11:45:59]: ▸ [G7SensorKitUI] Copying Localizable.strings
Build	Fastlane Build & Archive	2026-07-20T11:46:03.1331270Z [11:45:59]: ▸ [G7SensorKitUI] Copying Localizable.strings
Build	Fastlane Build & Archive	2026-07-20T11:46:03.1431880Z [11:45:59]: ▸ [G7SensorKitUI] Copying Localizable.strings
Build	Fastlane Build & Archive	2026-07-20T11:46:03.1534620Z [11:45:59]: ▸ [G7SensorKitUI] Copying Localizable.strings
Build	Fastlane Build & Archive	2026-07-20T11:46:03.1648380Z [11:45:59]: ▸ [G7SensorKitUI] Copying Localizable.strings
Build	Fastlane Build & Archive	2026-07-20T11:46:03.1751930Z [11:45:59]: ▸ [G7SensorKitUI] Copying Localizable.strings
Build	Fastlane Build & Archive	2026-07-20T11:46:03.1852400Z [11:45:59]: ▸ [G7SensorKitUI] Copying Localizable.strings
Build	Fastlane Build & Archive	2026-07-20T11:46:03.1954000Z [11:45:59]: ▸ [G7SensorKitUI] Copying Localizable.strings
Build	Fastlane Build & Archive	2026-07-20T11:46:03.2055610Z [11:45:59]: ▸ [G7SensorKitUI] Copying Localizable.strings
Build	Fastlane Build & Archive	2026-07-20T11:46:03.2155700Z [11:45:59]: ▸ [G7SensorKitUI] Copying Localizable.strings
Build	Fastlane Build & Archive	2026-07-20T11:46:03.2258030Z [11:45:59]: ▸ [G7SensorKitUI] Copying Localizable.strings
Build	Fastlane Build & Archive	2026-07-20T11:46:03.2359350Z [11:45:59]: ▸ [G7SensorKitUI] Copying Localizable.strings
Build	Fastlane Build & Archive	2026-07-20T11:46:03.2461540Z [11:45:59]: ▸ [G7SensorKitUI] Copying Localizable.strings
Build	Fastlane Build & Archive	2026-07-20T11:46:03.2563240Z [11:45:59]: ▸ [G7SensorKitUI] Copying Localizable.strings
Build	Fastlane Build & Archive	2026-07-20T11:46:03.2665630Z [11:45:59]: ▸ [G7SensorKitUI] Copying Localizable.strings
Build	Fastlane Build & Archive	2026-07-20T11:46:03.2770390Z [11:45:59]: ▸ [G7SensorKitUI] Copying Localizable.strings
Build	Fastlane Build & Archive	2026-07-20T11:46:03.2872730Z [11:45:59]: ▸ [G7SensorKitUI] Copying Localizable.strings
Build	Fastlane Build & Archive	2026-07-20T11:46:03.2974320Z [11:45:59]: ▸ [G7SensorKitUI] Copying Localizable.strings
Build	Fastlane Build & Archive	2026-07-20T11:46:03.3076610Z [11:45:59]: ▸ [LibreTransmitterUI] RegisterExecutionPolicyException LibreTransmitterUI.framework
Build	Fastlane Build & Archive	2026-07-20T11:46:03.3178470Z [11:45:59]: ▸ [CGMBLEKitUI] RegisterExecutionPolicyException CGMBLEKitUI.framework
Build	Fastlane Build & Archive	2026-07-20T11:46:03.3279660Z [11:45:59]: ▸ [LibreTransmitterUI] Touching LibreTransmitterUI.framework
Build	Fastlane Build & Archive	2026-07-20T11:46:03.3382540Z [11:45:59]: ▸ [CGMBLEKitUI] Touching CGMBLEKitUI.framework
Build	Fastlane Build & Archive	2026-07-20T11:46:03.3485810Z [11:45:59]: ▸ [G7SensorKitUI] Generating G7SensorKitUI.framework.dSYM
Build	Fastlane Build & Archive	2026-07-20T11:46:03.3592640Z [11:45:59]: ▸ [G7SensorKitUI] Extract App Intents Metadata
Build	Fastlane Build & Archive	2026-07-20T11:46:03.3695360Z [11:45:59]: ▸ [G7SensorKitUI] RegisterExecutionPolicyException G7SensorKitUI.framework
Build	Fastlane Build & Archive	2026-07-20T11:46:03.3796650Z [11:45:59]: ▸ [G7SensorKitUI] Touching G7SensorKitUI.framework
Build	Fastlane Build & Archive	2026-07-20T11:46:03.3900710Z [11:45:59]: ▸ [DanaKit] Copy arm64-apple-ios.swiftdoc -> DanaKit.swiftdoc
Build	Fastlane Build & Archive	2026-07-20T11:46:03.4006950Z [11:45:59]: ▸ [DanaKit] Copy arm64-apple-ios.swiftmodule -> DanaKit.swiftmodule
Build	Fastlane Build & Archive	2026-07-20T11:46:03.4120500Z [11:45:59]: ▸ [DanaKit] Copy arm64-apple-ios.abi.json -> DanaKit.abi.json
Build	Fastlane Build & Archive	2026-07-20T11:46:03.4210460Z [11:45:59]: ▸ [DanaKit] Compiling DanaKit_vers.c
Build	Fastlane Build & Archive	2026-07-20T11:46:03.4312440Z [11:45:59]: ▸ [DanaKit] Linking DanaKit
Build	Fastlane Build & Archive	2026-07-20T11:46:03.4414300Z [11:46:00]: ▸ [DanaKit] Generating DanaKit.framework.dSYM
Build	Fastlane Build & Archive	2026-07-20T11:46:03.4518050Z [11:46:00]: ▸ [DanaKit] Extract App Intents Metadata
Build	Fastlane Build & Archive	2026-07-20T11:46:03.4620630Z [11:46:00]: ▸ [DanaKit] RegisterExecutionPolicyException DanaKit.framework
Build	Fastlane Build & Archive	2026-07-20T11:46:03.4722320Z [11:46:00]: ▸ [DanaKit] Touching DanaKit.framework
Build	Fastlane Build & Archive	2026-07-20T11:46:03.4824820Z [11:46:00]: ▸ [Trio] Running script Swiftformat
Build	Fastlane Build & Archive	2026-07-20T11:47:54.4851940Z [11:47:54]: ▸ [Trio] Copy nanopb_nanopb.bundle -> nanopb_nanopb.bundle
Build	Fastlane Build & Archive	2026-07-20T11:47:54.4972030Z [11:47:54]: ▸ [Trio] Copy TidepoolKit_TidepoolKit.bundle -> TidepoolKit_TidepoolKit.bundle
Build	Fastlane Build & Archive	2026-07-20T11:47:54.5079920Z [11:47:54]: ▸ [Trio] Copy SwiftMessages_SwiftMessages.bundle -> SwiftMessages_SwiftMessages.bundle
Build	Fastlane Build & Archive	2026-07-20T11:47:54.5183760Z [11:47:54]: ▸ [Trio] Copy SwiftDate_SwiftDate.bundle -> SwiftDate_SwiftDate.bundle
Build	Fastlane Build & Archive	2026-07-20T11:47:54.5284510Z [11:47:54]: ▸ [Trio] Copy Promises_Promises.bundle -> Promises_Promises.bundle
Build	Fastlane Build & Archive	2026-07-20T11:47:54.5387440Z [11:47:54]: ▸ [Trio] Copy Promises_FBLPromises.bundle -> Promises_FBLPromises.bundle
Build	Fastlane Build & Archive	2026-07-20T11:47:54.5489700Z [11:47:54]: ▸ [Trio] Copy GoogleUtilities_GoogleUtilities-UserDefaults.bundle -> GoogleUtilities_GoogleUtilities-UserDefaults.bundle
Build	Fastlane Build & Archive	2026-07-20T11:47:54.5696700Z [11:47:54]: ▸ [Trio] Copy GoogleUtilities_GoogleUtilities-NSData.bundle -> GoogleUtilities_GoogleUtilities-NSData.bundle
Build	Fastlane Build & Archive	2026-07-20T11:47:54.5795760Z [11:47:54]: ▸ [Trio] Copy GoogleUtilities_GoogleUtilities-Logger.bundle -> GoogleUtilities_GoogleUtilities-Logger.bundle
Build	Fastlane Build & Archive	2026-07-20T11:47:54.5880670Z [11:47:54]: ▸ [Trio] Copy GoogleUtilities_GoogleUtilities-Environment.bundle -> GoogleUtilities_GoogleUtilities-Environment.bundle
Build	Fastlane Build & Archive	2026-07-20T11:47:54.5890520Z [11:47:54]: ▸ [Trio] Copy GoogleDataTransport_GoogleDataTransport.bundle -> GoogleDataTransport_GoogleDataTransport.bundle
Build	Fastlane Build & Archive	2026-07-20T11:47:54.5909360Z [11:47:54]: ▸ [Trio] Copy SlideButton_1E408AF8C9CA7A78_PackageProduct.framework -> SlideButton_1E408AF8C9CA7A78_PackageProduct.framework
Build	Fastlane Build & Archive	2026-07-20T11:47:54.5914410Z [11:47:54]: ▸ [Trio] Copy CryptoSwift_-360922625E627667_PackageProduct.framework -> CryptoSwift_-360922625E627667_PackageProduct.framework
Build	Fastlane Build & Archive	2026-07-20T11:47:54.5917830Z [11:47:54]: ▸ [Trio] Copy ConnectIQ.framework -> ConnectIQ.framework
Build	Fastlane Build & Archive	2026-07-20T11:47:54.5920900Z [11:47:54]: ▸ [Trio] Copy Firebase_FirebaseInstallations.bundle -> Firebase_FirebaseInstallations.bundle
Build	Fastlane Build & Archive	2026-07-20T11:47:54.5935370Z [11:47:54]: ▸ [Trio] Copy Firebase_FirebaseCrashlytics.bundle -> Firebase_FirebaseCrashlytics.bundle
Build	Fastlane Build & Archive	2026-07-20T11:47:54.5936810Z [11:47:54]: ▸ [Trio] Copy Firebase_FirebaseCoreInternal.bundle -> Firebase_FirebaseCoreInternal.bundle
Build	Fastlane Build & Archive	2026-07-20T11:47:54.5941950Z [11:47:54]: ▸ [Trio] Copy Firebase_FirebaseCoreExtension.bundle -> Firebase_FirebaseCoreExtension.bundle
Build	Fastlane Build & Archive	2026-07-20T11:47:54.5952900Z [11:47:54]: ▸ [Trio] Copy Firebase_FirebaseCore.bundle -> Firebase_FirebaseCore.bundle
Build	Fastlane Build & Archive	2026-07-20T11:47:54.5956370Z [11:47:54]: ▸ [Trio] Copy CryptoSwift_CryptoSwift.bundle -> CryptoSwift_CryptoSwift.bundle
Build	Fastlane Build & Archive	2026-07-20T11:47:54.5959730Z [11:47:54]: ▸ Signing SlideButton_1E408AF8C9CA7A78_PackageProduct.framework (in target 'Trio' from project 'Trio')
Build	Fastlane Build & Archive	2026-07-20T11:47:54.5974040Z [11:47:54]: ▸ Signing CryptoSwift_-360922625E627667_PackageProduct.framework (in target 'Trio' from project 'Trio')
Build	Fastlane Build & Archive	2026-07-20T11:47:54.6079930Z [11:47:54]: ▸ Signing ConnectIQ.framework (in target 'Trio' from project 'Trio')
Build	Fastlane Build & Archive	2026-07-20T11:47:54.6107560Z [11:47:54]: ▸ [Trio] Generate Asset Symbols Assets.xcassets
Build	Fastlane Build & Archive	2026-07-20T11:47:58.2956220Z [11:47:58]: ▸ [Trio] DataModelCodegen /Users/runner/work/Trio/Trio/Model/TrioCoreDataPersistentContainer.xcdatamodeld
Build	Fastlane Build & Archive	2026-07-20T11:47:58.3058190Z [11:47:58]: ▸ [Trio] Copying snow.sks
Build	Fastlane Build & Archive	2026-07-20T11:47:58.3160720Z [11:47:58]: ▸ [Trio] Copying json
Build	Fastlane Build & Archive	2026-07-20T11:47:58.3266560Z [11:47:58]: ▸ [Trio] Copying GoogleService-Info.plist
Build	Fastlane Build & Archive	2026-07-20T11:47:58.3374080Z [11:47:58]: ▸ [Trio] Copying BuildDetails.plist
Build	Fastlane Build & Archive	2026-07-20T11:47:58.3481440Z [11:47:58]: ▸ [Trio] Compile XCStrings Localizable.xcstrings
Build	Fastlane Build & Archive	2026-07-20T11:47:58.3810430Z [11:47:58]: ▸ [Trio] Compile XCStrings InfoPlist.xcstrings
Build	Fastlane Build & Archive	2026-07-20T11:47:58.3911390Z [11:47:58]: ▸ [Trio] Copying InfoPlist.strings
Build	Fastlane Build & Archive	2026-07-20T11:47:58.4015620Z [11:47:58]: ▸ [Trio] Copying InfoPlist.strings
Build	Fastlane Build & Archive	2026-07-20T11:47:58.4150210Z [11:47:58]: ▸ [Trio] Copying InfoPlist.strings
Build	Fastlane Build & Archive	2026-07-20T11:47:58.4257960Z [11:47:58]: ▸ [Trio] Copying InfoPlist.strings
Build	Fastlane Build & Archive	2026-07-20T11:47:58.4360110Z [11:47:58]: ▸ [Trio] Copying InfoPlist.strings
Build	Fastlane Build & Archive	2026-07-20T11:47:58.4461240Z [11:47:58]: ▸ [Trio] Copying InfoPlist.strings
Build	Fastlane Build & Archive	2026-07-20T11:47:58.4563350Z [11:47:58]: ▸ [Trio] Copying InfoPlist.strings
Build	Fastlane Build & Archive	2026-07-20T11:47:58.4663640Z [11:47:58]: ▸ [Trio] Copying InfoPlist.strings
Build	Fastlane Build & Archive	2026-07-20T11:47:58.4765690Z [11:47:58]: ▸ [Trio] Copying InfoPlist.strings
Build	Fastlane Build & Archive	2026-07-20T11:47:58.4867210Z [11:47:58]: ▸ [Trio] Copying InfoPlist.strings
Build	Fastlane Build & Archive	2026-07-20T11:47:58.4969640Z [11:47:58]: ▸ [Trio] Copying InfoPlist.strings
Build	Fastlane Build & Archive	2026-07-20T11:47:58.5071230Z [11:47:58]: ▸ [Trio] Copying InfoPlist.strings
Build	Fastlane Build & Archive	2026-07-20T11:47:58.5207720Z [11:47:58]: ▸ [Trio] Copying InfoPlist.strings
Build	Fastlane Build & Archive	2026-07-20T11:47:58.5385200Z [11:47:58]: ▸ [Trio] Copying InfoPlist.strings
Build	Fastlane Build & Archive	2026-07-20T11:47:58.5537430Z [11:47:58]: ▸ [Trio] Copying InfoPlist.strings
Build	Fastlane Build & Archive	2026-07-20T11:47:58.5728990Z [11:47:58]: ▸ [Trio] Copying InfoPlist.strings
Build	Fastlane Build & Archive	2026-07-20T11:47:58.5876380Z [11:47:58]: ▸ [Trio] Copying InfoPlist.strings
Build	Fastlane Build & Archive	2026-07-20T11:47:58.6017890Z [11:47:58]: ▸ [Trio] Copying InfoPlist.strings
Build	Fastlane Build & Archive	2026-07-20T11:47:58.6093090Z [11:47:58]: ▸ [Trio] Copying InfoPlist.strings
Build	Fastlane Build & Archive	2026-07-20T11:47:58.6093800Z [11:47:58]: ▸ [Trio] Copying InfoPlist.strings
Build	Fastlane Build & Archive	2026-07-20T11:47:58.6094460Z [11:47:58]: ▸ [Trio] Copying InfoPlist.strings
Build	Fastlane Build & Archive	2026-07-20T11:47:58.6095140Z [11:47:58]: ▸ [Trio] Copying InfoPlist.strings
Build	Fastlane Build & Archive	2026-07-20T11:47:58.6095740Z [11:47:58]: ▸ [Trio] Copying InfoPlist.strings
Build	Fastlane Build & Archive	2026-07-20T11:47:58.6096310Z [11:47:58]: ▸ [Trio] Copying InfoPlist.strings
Build	Fastlane Build & Archive	2026-07-20T11:47:58.6096840Z [11:47:58]: ▸ [Trio] Copying InfoPlist.strings
Build	Fastlane Build & Archive	2026-07-20T11:47:58.6097370Z [11:47:58]: ▸ [Trio] Copying InfoPlist.strings
Build	Fastlane Build & Archive	2026-07-20T11:47:58.6097970Z [11:47:58]: ▸ [Trio] Copying InfoPlist.strings
Build	Fastlane Build & Archive	2026-07-20T11:47:58.6098520Z [11:47:58]: ▸ [Trio] Copying InfoPlist.strings
Build	Fastlane Build & Archive	2026-07-20T11:47:58.6099040Z [11:47:58]: ▸ [Trio] Copying InfoPlist.strings
Build	Fastlane Build & Archive	2026-07-20T11:47:58.6107300Z [11:47:58]: ▸ ::error ::error: Build input files cannot be found: '/Users/runner/work/Trio/Trio/Trio/Sources/Models/AlgorithmGlucose.swift', '/Users/runner/work/Trio/Trio/Trio/Sources/APS/OpenAPS/Script.swift', '/Users/runner/work/Trio/Trio/Trio/Sources/APS/OpenAPS/JavaScriptWorker.swift', '/Users/runner/work/Trio/Trio/Trio/Sources/APS/OpenAPSSwift/OrefFunctionResult.swift', '/Users/runner/work/Trio/Trio/Trio/Sources/APS/OpenAPSSwift/OpenAPSSwift.swift', '/Users/runner/work/Trio/Trio/Trio/Sources/Models/GlucoseNotificationsOption.swift', '/Users/runner/work/Trio/Trio/Trio/Sources/Modules/GlucoseNotificationSettings/GlucoseNotificationSettingsDataFlow.swift', '/Users/runner/work/Trio/Trio/Trio/Sources/Modules/GlucoseNotificationSettings/GlucoseNotificationSettingsProvider.swift', '/Users/runner/work/Trio/Trio/Trio/Sources/Modules/GlucoseNotificationSettings/GlucoseNotificationSettingsStateModel.swift', '/Users/runner/work/Trio/Trio/Trio/Sources/Modules/GlucoseNotificationSettings/View/GlucoseNotificationSettingsRootView.swift', '/Users/runner/work/Trio/Trio/Trio/Sources/Modules/Snooze/SnoozeDataFlow.swift', '/Users/runner/work/Trio/Trio/Trio/Sources/Modules/Snooze/SnoozeProvider.swift', '/Users/runner/work/Trio/Trio/Trio/Sources/Modules/Snooze/SnoozeStateModel.swift', '/Users/runner/work/Trio/Trio/Trio/Sources/Modules/Snooze/View/SnoozeRootView.swift'. Did you forget to declare these files as outputs of any script phases or custom build rules which produce them? (in target 'Trio' from project 'Trio')
Build	Fastlane Build & Archive	2026-07-20T11:47:58.6227900Z [11:47:58]: ▸ ::error ::error: Build input files cannot be found: '/Users/runner/work/Trio/Trio/Trio/Sources/Models/AlgorithmGlucose.swift', '/Users/runner/work/Trio/Trio/Trio/Sources/APS/OpenAPS/Script.swift', '/Users/runner/work/Trio/Trio/Trio/Sources/APS/OpenAPS/JavaScriptWorker.swift', '/Users/runner/work/Trio/Trio/Trio/Sources/APS/OpenAPSSwift/OrefFunctionResult.swift', '/Users/runner/work/Trio/Trio/Trio/Sources/APS/OpenAPSSwift/OpenAPSSwift.swift', '/Users/runner/work/Trio/Trio/Trio/Sources/Models/GlucoseNotificationsOption.swift', '/Users/runner/work/Trio/Trio/Trio/Sources/Modules/GlucoseNotificationSettings/GlucoseNotificationSettingsDataFlow.swift', '/Users/runner/work/Trio/Trio/Trio/Sources/Modules/GlucoseNotificationSettings/GlucoseNotificationSettingsProvider.swift', '/Users/runner/work/Trio/Trio/Trio/Sources/Modules/GlucoseNotificationSettings/GlucoseNotificationSettingsStateModel.swift', '/Users/runner/work/Trio/Trio/Trio/Sources/Modules/GlucoseNotificationSettings/View/GlucoseNotificationSettingsRootView.swift', '/Users/runner/work/Trio/Trio/Trio/Sources/Modules/Snooze/SnoozeDataFlow.swift', '/Users/runner/work/Trio/Trio/Trio/Sources/Modules/Snooze/SnoozeProvider.swift', '/Users/runner/work/Trio/Trio/Trio/Sources/Modules/Snooze/SnoozeStateModel.swift', '/Users/runner/work/Trio/Trio/Trio/Sources/Modules/Snooze/View/SnoozeRootView.swift'. Did you forget to declare these files as outputs of any script phases or custom build rules which produce them? (in target 'Trio' from project 'Trio')
Build	Fastlane Build & Archive	2026-07-20T11:47:58.9916230Z [11:47:58]: ▸ note: Run script build phase 'Swiftformat' will be run during every build because the option to run the script phase "Based on dependency analysis" is unchecked. (in target 'Trio' from project 'Trio')
Build	Fastlane Build & Archive	2026-07-20T11:47:59.0050730Z [11:47:58]: ▸ note: Run script build phase 'Run Script: Capture Build Details' will be run during every build because the option to run the script phase "Based on dependency analysis" is unchecked. (in target 'Trio' from project 'Trio')
Build	Fastlane Build & Archive	2026-07-20T11:47:59.0158130Z [11:47:58]: ▸ ::warning ::Run script build phase 'Run Script: Copy dSYM to Crashlytics' will be run during every build because it does not specify any outputs. To address this issue, either add output dependencies to the script phase, or configure it to run in every build by unchecking "Based on dependency analysis" in the script phase. (in target 'Trio' from project 'Trio')
Build	Fastlane Build & Archive	2026-07-20T11:47:59.0277640Z [11:47:58]: ▸ ::warning ::Skipping duplicate build file in Compile Sources build phase: /Users/runner/work/Trio/Trio/Trio/Sources/Modules/WatchConfig/View/WatchConfigRootView.swift (in target 'Trio' from project 'Trio')
Build	Fastlane Build & Archive	2026-07-20T11:47:59.0281290Z [11:47:58]: ▸ ** ARCHIVE FAILED **
Build	Fastlane Build & Archive	2026-07-20T11:47:59.0406780Z [11:47:58]: ▸ The following build commands failed:
Build	Fastlane Build & Archive	2026-07-20T11:47:59.0513840Z [11:47:58]: ▸ 	SwiftDriver\ Compilation\ Requirements Trio normal arm64 com.apple.xcode.tools.swift.compiler (in target 'Trio' from project 'Trio')
Build	Fastlane Build & Archive	2026-07-20T11:47:59.0616400Z [11:47:58]: ▸ 	SwiftDriver\ Compilation Trio normal arm64 com.apple.xcode.tools.swift.compiler (in target 'Trio' from project 'Trio')
Build	Fastlane Build & Archive	2026-07-20T11:47:59.2798140Z [11:47:59]: ▸ 	Archiving workspace Trio with scheme Trio
Build	Fastlane Build & Archive	2026-07-20T11:47:59.2934300Z [11:47:59]: ▸ (3 failures)
Build	Fastlane Build & Archive	2026-07-20T11:47:59.3611520Z [11:47:59]: Exit status: 65
Build	Fastlane Build & Archive	2026-07-20T11:47:59.3836590Z [11:47:59]: 
Build	Fastlane Build & Archive	2026-07-20T11:47:59.3939170Z [11:47:59]: Maybe the error shown is caused by using the wrong version of Xcode
Build	Fastlane Build & Archive	2026-07-20T11:47:59.4064340Z [11:47:59]: Found multiple versions of Xcode in '/Applications/'
Build	Fastlane Build & Archive	2026-07-20T11:47:59.4166490Z [11:47:59]: Make sure you selected the right version for your project
Build	Fastlane Build & Archive	2026-07-20T11:47:59.4291620Z [11:47:59]: This build process was executed using '/Applications/Xcode_26.2.app'
Build	Fastlane Build & Archive	2026-07-20T11:47:59.4394340Z [11:47:59]: If you want to update your Xcode path, either
Build	Fastlane Build & Archive	2026-07-20T11:47:59.4402910Z [11:47:59]: 
Build	Fastlane Build & Archive	2026-07-20T11:47:59.4406310Z [11:47:59]: - Specify the Xcode version in your Fastfile
Build	Fastlane Build & Archive	2026-07-20T11:47:59.4408770Z [11:47:59]: ▸ xcversion(version: "8.1") # Selects Xcode 8.1.0
Build	Fastlane Build & Archive	2026-07-20T11:47:59.4409370Z [11:47:59]: 
Build	Fastlane Build & Archive	2026-07-20T11:47:59.4409970Z [11:47:59]: - Specify an absolute path to your Xcode installation in your Fastfile
Build	Fastlane Build & Archive	2026-07-20T11:47:59.4410770Z [11:47:59]: ▸ xcode_select "/Applications/Xcode8.app"
Build	Fastlane Build & Archive	2026-07-20T11:47:59.4412390Z [11:47:59]: 
Build	Fastlane Build & Archive	2026-07-20T11:47:59.4414950Z [11:47:59]: - Manually update the path using
Build	Fastlane Build & Archive	2026-07-20T11:47:59.4419320Z [11:47:59]: ▸ sudo xcode-select -s /Applications/Xcode.app
Build	Fastlane Build & Archive	2026-07-20T11:47:59.4539870Z [11:47:59]: 
Build	Fastlane Build & Archive	2026-07-20T11:47:59.4641600Z 
Build	Fastlane Build & Archive	2026-07-20T11:47:59.4742650Z +----------------------------------------------+
Build	Fastlane Build & Archive	2026-07-20T11:47:59.4844370Z |              Build environment               |
Build	Fastlane Build & Archive	2026-07-20T11:47:59.4946600Z +---------------+------------------------------+
Build	Fastlane Build & Archive	2026-07-20T11:47:59.5048040Z | xcode_path    | /Applications/Xcode_26.2.app |
Build	Fastlane Build & Archive	2026-07-20T11:47:59.5149140Z | gym_version   | 2.235.0                      |
Build	Fastlane Build & Archive	2026-07-20T11:47:59.5251530Z | export_method | app-store                    |
Build	Fastlane Build & Archive	2026-07-20T11:47:59.5354950Z | sdk           | iPhoneOS26.2.sdk             |
Build	Fastlane Build & Archive	2026-07-20T11:47:59.5441810Z +---------------+------------------------------+
Build	Fastlane Build & Archive	2026-07-20T11:47:59.5452610Z 
Build	Fastlane Build & Archive	2026-07-20T11:47:59.5453900Z [11:47:59]: ▸ note: Run script build phase 'Swiftformat' will be run during every build because the option to run the script phase "Based on dependency analysis" is unchecked. (in target 'Trio' from project 'Trio')
Build	Fastlane Build & Archive	2026-07-20T11:47:59.5456570Z [11:47:59]: ▸ note: Run script build phase 'Run Script: Capture Build Details' will be run during every build because the option to run the script phase "Based on dependency analysis" is unchecked. (in target 'Trio' from project 'Trio')
Build	Fastlane Build & Archive	2026-07-20T11:47:59.5458710Z [11:47:59]: ▸ warning: Run script build phase 'Run Script: Copy dSYM to Crashlytics' will be run during every build because it does not specify any outputs. To address this issue, either add output dependencies to the script phase, or configure it to run in every build by unchecking "Based on dependency analysis" in the script phase. (in target 'Trio' from project 'Trio')
Build	Fastlane Build & Archive	2026-07-20T11:47:59.5461340Z [11:47:59]: ▸ warning: Skipping duplicate build file in Compile Sources build phase: /Users/runner/work/Trio/Trio/Trio/Sources/Modules/WatchConfig/View/WatchConfigRootView.swift (in target 'Trio' from project 'Trio')
Build	Fastlane Build & Archive	2026-07-20T11:47:59.5464640Z [11:47:59]: 
Build	Fastlane Build & Archive	2026-07-20T11:47:59.5490140Z [11:47:59]: ⬆️  Check out the few lines of raw `xcodebuild` output above for potential hints on how to solve this error
Build	Fastlane Build & Archive	2026-07-20T11:47:59.5491620Z [11:47:59]: 📋  For the complete and more detailed error log, check the full log at:
Build	Fastlane Build & Archive	2026-07-20T11:47:59.5492320Z [11:47:59]: 📋  /Users/runner/work/Trio/Trio/buildlog/LoopKit-Trio.log
Build	Fastlane Build & Archive	2026-07-20T11:47:59.5492830Z [11:47:59]: 
Build	Fastlane Build & Archive	2026-07-20T11:47:59.5493400Z [11:47:59]: Looks like fastlane ran into a build/archive error with your project
Build	Fastlane Build & Archive	2026-07-20T11:47:59.5494190Z [11:47:59]: It's hard to tell what's causing the error, so we wrote some guides on how
Build	Fastlane Build & Archive	2026-07-20T11:47:59.5494970Z [11:47:59]: to troubleshoot build and signing issues: https://docs.fastlane.tools/codesigning/getting-started/
Build	Fastlane Build & Archive	2026-07-20T11:47:59.5496350Z [11:47:59]: Before submitting an issue on GitHub, please follow the guide above and make
Build	Fastlane Build & Archive	2026-07-20T11:47:59.5497060Z [11:47:59]: sure your project is set up correctly.
Build	Fastlane Build & Archive	2026-07-20T11:47:59.5497970Z [11:47:59]: fastlane uses `xcodebuild` commands to generate your binary, you can see the
Build	Fastlane Build & Archive	2026-07-20T11:47:59.5498620Z [11:47:59]: the full commands printed out in yellow in the above log.
Build	Fastlane Build & Archive	2026-07-20T11:47:59.5499330Z [11:47:59]: Make sure to inspect the output above, as usually you'll find more error information there
Build	Fastlane Build & Archive	2026-07-20T11:47:59.5499890Z [11:47:59]: 
Build	Fastlane Build & Archive	2026-07-20T11:47:59.5503200Z +-----------------------------------------------------------------------------------------------------------------------------------------------------------------------------------------------------------------------------------------------------------------------------------------------------------------------------------------------------------------------------------------------------------------------------------------------------------------------------------------------------------------+
Build	Fastlane Build & Archive	2026-07-20T11:47:59.5512380Z |                                                                                                                                                                                                                                                  Lane Context                                                                                                                                                                                                                                                   |
Build	Fastlane Build & Archive	2026-07-20T11:47:59.5517590Z +------------------------------------+----------------------------------------------------------------------------------------------------------------------------------------------------------------------------------------------------------------------------------------------------------------------------------------------------------------------------------------------------------------------------------------------------------------------------------------------------------------------------+
Build	Fastlane Build & Archive	2026-07-20T11:47:59.5524390Z | DEFAULT_PLATFORM                   | ios                                                                                                                                                                                                                                                                                                                                                                                                                                                                        |
Build	Fastlane Build & Archive	2026-07-20T11:47:59.5525890Z | PLATFORM_NAME                      | ios                                                                                                                                                                                                                                                                                                                                                                                                                                                                        |
Build	Fastlane Build & Archive	2026-07-20T11:47:59.5527290Z | LANE_NAME                          | ios build_trio                                                                                                                                                                                                                                                                                                                                                                                                                                                             |
Build	Fastlane Build & Archive	2026-07-20T11:47:59.5528770Z | KEYCHAIN_PATH                      | ~/Library/Keychains/fastlane_tmp_keychain                                                                                                                                                                                                                                                                                                                                                                                                                                  |
Build	Fastlane Build & Archive	2026-07-20T11:47:59.5533900Z | ORIGINAL_DEFAULT_KEYCHAIN          | "/Users/runner/Library/Keychains/login.keychain-db"                                                                                                                                                                                                                                                                                                                                                                                                                        |
Build	Fastlane Build & Archive	2026-07-20T11:47:59.5537170Z | LATEST_TESTFLIGHT_BUILD_NUMBER     | 59                                                                                                                                                                                                                                                                                                                                                                                                                                                                         |
Build	Fastlane Build & Archive	2026-07-20T11:47:59.5538630Z | LATEST_TESTFLIGHT_VERSION          | 0.8.3                                                                                                                                                                                                                                                                                                                                                                                                                                                                      |
Build	Fastlane Build & Archive	2026-07-20T11:47:59.5541270Z | BUILD_NUMBER                       | 60                                                                                                                                                                                                                                                                                                                                                                                                                                                                         |
Build	Fastlane Build & Archive	2026-07-20T11:47:59.5542700Z | SIGH_PROFILE_TYPE                  | app-store                                                                                                                                                                                                                                                                                                                                                                                                                                                                  |
Build	Fastlane Build & Archive	2026-07-20T11:47:59.5555870Z | MATCH_PROVISIONING_PROFILE_MAPPING | {"org.nightscout.***.trio" => "match AppStore org.nightscout.***.trio", "org.nightscout.***.trio.watchkitapp" => "match AppStore org.nightscout.***.trio.watchkitapp", "org.nightscout.***.trio.watchkitapp.TrioWatchComplication" => "match AppStore org.nightscout.***.trio.watchkitapp.TrioWatchComplication", "org.nightscout.***.trio.LiveActivity" => "match AppStore org.nightscout.***.trio.LiveActivity"} |
Build	Fastlane Build & Archive	2026-07-20T11:47:59.5564980Z +------------------------------------+----------------------------------------------------------------------------------------------------------------------------------------------------------------------------------------------------------------------------------------------------------------------------------------------------------------------------------------------------------------------------------------------------------------------------------------------------------------------------+
Build	Fastlane Build & Archive	2026-07-20T11:47:59.5571890Z [11:47:59]: Called from Fastfile at line 126
Build	Fastlane Build & Archive	2026-07-20T11:47:59.5572370Z [11:47:59]: ```
Build	Fastlane Build & Archive	2026-07-20T11:47:59.5572800Z [11:47:59]:     124:	    )
Build	Fastlane Build & Archive	2026-07-20T11:47:59.5573670Z [11:47:59]:     125:	
Build	Fastlane Build & Archive	2026-07-20T11:47:59.5574110Z [11:47:59]:  => 126:	    gym(
Build	Fastlane Build & Archive	2026-07-20T11:47:59.5574640Z [11:47:59]:     127:	      export_method: "app-store",
Build	Fastlane Build & Archive	2026-07-20T11:47:59.5575350Z [11:47:59]:     128:	      scheme: "Trio",
Build	Fastlane Build & Archive	2026-07-20T11:47:59.5575740Z [11:47:59]: ```
Build	Fastlane Build & Archive	2026-07-20T11:47:59.5577410Z [11:47:59]: Error building the application - see the log above
Build	Fastlane Build & Archive	2026-07-20T11:47:59.6801550Z 
Build	Fastlane Build & Archive	2026-07-20T11:47:59.7634900Z 
Build	Fastlane Build & Archive	2026-07-20T11:47:59.7635490Z +-----------------------------------------------------+
Build	Fastlane Build & Archive	2026-07-20T11:47:59.7735900Z [!] Error building the application - see the log above
Build	Fastlane Build & Archive	2026-07-20T11:47:59.7736570Z |                  fastlane summary                   |
Build	Fastlane Build & Archive	2026-07-20T11:47:59.7837230Z +------+--------------------------------+-------------+
Build	Fastlane Build & Archive	2026-07-20T11:47:59.7940890Z | Step | Action                         | Time (in s) |
Build	Fastlane Build & Archive	2026-07-20T11:47:59.8052970Z +------+--------------------------------+-------------+
Build	Fastlane Build & Archive	2026-07-20T11:47:59.8157120Z | 1    | default_platform               | 0           |
Build	Fastlane Build & Archive	2026-07-20T11:47:59.8261070Z | 2    | setup_ci                       | 0           |
Build	Fastlane Build & Archive	2026-07-20T11:47:59.8366260Z | 3    | update_project_team            | 1           |
Build	Fastlane Build & Archive	2026-07-20T11:47:59.8467800Z | 4    | app_store_connect_api_key      | 0           |
Build	Fastlane Build & Archive	2026-07-20T11:47:59.8577510Z | 5    | latest_testflight_build_number | 0           |
Build	Fastlane Build & Archive	2026-07-20T11:47:59.8679580Z | 6    | increment_build_number         | 1           |
Build	Fastlane Build & Archive	2026-07-20T11:47:59.8780840Z | 7    | match                          | 2           |
Build	Fastlane Build & Archive	2026-07-20T11:47:59.8883450Z | 8    | update_code_signing_settings   | 0           |
Build	Fastlane Build & Archive	2026-07-20T11:47:59.8983220Z | 9    | update_code_signing_settings   | 0           |
Build	Fastlane Build & Archive	2026-07-20T11:47:59.9084530Z | 10   | update_code_signing_settings   | 0           |
Build	Fastlane Build & Archive	2026-07-20T11:47:59.9186820Z | 11   | update_code_signing_settings   | 0           |
Build	Fastlane Build & Archive	2026-07-20T11:47:59.9292500Z | 💥   | gym                            | 823         |
Build	Fastlane Build & Archive	2026-07-20T11:47:59.9393920Z +------+--------------------------------+-------------+
Build	Fastlane Build & Archive	2026-07-20T11:47:59.9493800Z 
Build	Fastlane Build & Archive	2026-07-20T11:47:59.9593860Z [11:47:59]: fastlane finished with errors
Build	Fastlane Build & Archive	2026-07-20T11:47:59.9594730Z 
Build	Fastlane Build & Archive	2026-07-20T11:47:59.9595030Z #######################################################################
Build	Fastlane Build & Archive	2026-07-20T11:47:59.9597360Z # fastlane 2.237.0 is available. You are on 2.235.0.
Build	Fastlane Build & Archive	2026-07-20T11:47:59.9600820Z # You should use the latest version.
Build	Fastlane Build & Archive	2026-07-20T11:47:59.9601360Z # Please update using `bundle update fastlane`.
Build	Fastlane Build & Archive	2026-07-20T11:47:59.9601990Z #######################################################################
Build	Fastlane Build & Archive	2026-07-20T11:48:00.2155410Z 
Build	Fastlane Build & Archive	2026-07-20T11:48:00.2259500Z 2.237.0 Improvements
Build	Fastlane Build & Archive	2026-07-20T11:48:00.2385270Z * [ci] drop CircleCI for GHA (#30108) via Connor Tumbleson (@iBotPeaches)
Build	Fastlane Build & Archive	2026-07-20T11:48:00.2487990Z * [fastlane_core] Restore altool -f flag, keep -assetFile only for iTMSTransporter (#30106) via Roman Gardukevich (@OdNairy)
Build	Fastlane Build & Archive	2026-07-20T11:48:00.2592960Z * [gym] handle xcpretty errors cleaner & promote xcbeautify (#30099) via Connor Tumbleson (@iBotPeaches)
Build	Fastlane Build & Archive	2026-07-20T11:48:00.2733060Z * [docs] Reflect specification changes regarding iPad Pro 12.9-inch screenshots in `deliver` (#30103) via 417-72KI (@417-72KI)
Build	Fastlane Build & Archive	2026-07-20T11:48:00.2856310Z * [core] Reduce duplication on output and noise during failure. (#30097) via Connor Tumbleson (@iBotPeaches)
Build	Fastlane Build & Archive	2026-07-20T11:48:00.2857090Z * Bump actions/checkout from 6 to 7 (#30100) via dependabot[bot] (@dependabot[bot])
Build	Fastlane Build & Archive	2026-07-20T11:48:00.3036410Z * [match] Restore renew expired certs (opt in) (#30096) via Roman Gardukevich (@OdNairy)
Build	Fastlane Build & Archive	2026-07-20T11:48:00.3154180Z * [match] fail fast for SSH authentication prompts in non-interactive shell (#30078) via Pratik Patil (@PratikPatil131)
Build	Fastlane Build & Archive	2026-07-20T11:48:00.3283280Z * [gem] move to faraday 1.10.6 (#30095) via Connor Tumbleson (@iBotPeaches)
Build	Fastlane Build & Archive	2026-07-20T11:48:00.3407660Z * [core] Skip repeating the output again when an sh command fails (#19545) via Peter Tutervai (@tutipeti)
Build	Fastlane Build & Archive	2026-07-20T11:48:00.3532890Z * [scan] Forward force_legacy_xcresulttool to trainer (#30092) via Eyüp Can Akman (@eyupcanakman)
Build	Fastlane Build & Archive	2026-07-20T11:48:00.3702230Z * [trainer] Fix output_remove_retry_attempts not stripping failures for skipped-on-retry tests (modern xcresult parser) (#30081) via Oliver Fox (@foxware00)
Build	Fastlane Build & Archive	2026-07-20T11:48:00.3811310Z * [scan] Handle array destination in xcodebuild_destination_parameter (#30069) via Ricardo Sawir (@sawirricardo)
Build	Fastlane Build & Archive	2026-07-20T11:48:00.3913680Z * [action][swiftlint] Fix path option for SwiftLint 0.48.0 and above (#30080) via Augusto Xavier (@augustocbx)
Build	Fastlane Build & Archive	2026-07-20T11:48:00.4015160Z * [ci] move more workflows from CircleCI -> GHA (#30090) via Connor Tumbleson (@iBotPeaches)
Build	Fastlane Build & Archive	2026-07-20T11:48:00.4119100Z * [core] remove upper bound on excon (#30085) via Connor Tumbleson (@iBotPeaches)
Build	Fastlane Build & Archive	2026-07-20T11:48:00.4224380Z * Bump actions/checkout from 6 to 7 (#30091) via dependabot[bot] (@dependabot[bot])
Build	Fastlane Build & Archive	2026-07-20T11:48:00.4332670Z * [spaceship] Fix appInfoLocalizations create/delete on the Tunes API (#30084) via Marcel Hoppe (@hoppsen)
Build	Fastlane Build & Archive	2026-07-20T11:48:00.4437780Z * [match] Fix keychain import path escaping (#30072) via Ricardo Sawir (@sawirricardo)
Build	Fastlane Build & Archive	2026-07-20T11:48:00.4539080Z * [precheck] Fix copyright year check to allow past years (#30076) via Augusto Xavier (@augustocbx)
Build	Fastlane Build & Archive	2026-07-20T11:48:00.4640770Z * [supply] Fix version_codes_to_retain causing promote-only flow to use… (#30073) via Pratik Patil (@PratikPatil131)
Build	Fastlane Build & Archive	2026-07-20T11:48:00.4742910Z * Bump rubygems/configure-rubygems-credentials from 2.0.0 to 2.1.0 (#30074) via dependabot[bot] (@dependabot[bot])
Build	Fastlane Build & Archive	2026-07-20T11:48:00.4846720Z * [fastlane_core] Fix deprecated Transporter -f flag, use -assetFile fo… (#30061) via Pratik Patil (@PratikPatil131)
Build	Fastlane Build & Archive	2026-07-20T11:48:00.4956060Z * [core] fix: update addressable to 2.9.0 min for CVE-2026-35611 (#30060) via OrbisAI Security (@orbisai0security)
Build	Fastlane Build & Archive	2026-07-20T11:48:00.5057320Z 
Build	Fastlane Build & Archive	2026-07-20T11:48:00.5158590Z 2.236.1 Improvements
Build	Fastlane Build & Archive	2026-07-20T11:48:00.5221400Z * Revert "[transporter] Decode Base64 key content for .p8 file generation in Al…" (#30066) via Connor Tumbleson (@iBotPeaches)
Build	Fastlane Build & Archive	2026-07-20T11:48:00.5322290Z 
Build	Fastlane Build & Archive	2026-07-20T11:48:00.5423250Z 2.236.0 Improvements
Build	Fastlane Build & Archive	2026-07-20T11:48:00.5528640Z * [ci] fix: add 'multi_json' as direct dep due to upstream googleapis bug. (#30062) via Connor Tumbleson (@iBotPeaches)
Build	Fastlane Build & Archive	2026-07-20T11:48:00.5636080Z * Fix --copy_to_clipboard flag for spaceauth command (#29888) via owurman (@owurman)
Build	Fastlane Build & Archive	2026-07-20T11:48:00.5738810Z * [transporter] Decode Base64 key content for .p8 file generation in Al… (#30057) via Kaan Çembertaş (@kaancembertas)
Build	Fastlane Build & Archive	2026-07-20T11:48:00.5841880Z * [ci] remove xcode 16.3 as CircleCI dropped it (#30058) via Connor Tumbleson (@iBotPeaches)
Build	Fastlane Build & Archive	2026-07-20T11:48:00.5944100Z * [action] Add update_app_age_rating action for standalone age rating updates (#30025) via Pratik Patil (@PratikPatil131)
Build	Fastlane Build & Archive	2026-07-20T11:48:00.6046760Z * [core] Set ruby-jwt gem to v2.10.3 minimum.  (#30056) via Nakshatra Singh (@nakshatrasinghh)
Build	Fastlane Build & Archive	2026-07-20T11:48:00.6149250Z * [snapshot] run simulator using Rosetta2 for Apple Silicon (#21559) via Iceman (@sidepelican)
Build	Fastlane Build & Archive	2026-07-20T11:48:00.6252220Z * [snapshot] use simulator UDIDs for destinations (#30054) via Philip Niedertscheider (@philprime)
Build	Fastlane Build & Archive	2026-07-20T11:48:00.6355120Z * [spaceship] remove dots from names (#30052) via Tim Shedor (@tshedor)
Build	Fastlane Build & Archive	2026-07-20T11:48:00.6494230Z * [docs] keep docs assets moving along during update_docs (#30051) via Connor Tumbleson (@iBotPeaches)
Build	Fastlane Build & Archive	2026-07-20T11:48:00.6595040Z 
Build	Fastlane Build & Archive	2026-07-20T11:48:00.6720570Z To see all new releases, open https://github.com/fastlane/fastlane/releases
Build	Fastlane Build & Archive	2026-07-20T11:48:00.6847150Z 
Build	Fastlane Build & Archive	2026-07-20T11:48:00.6967770Z Please update using `bundle update fastlane`
Build	Fastlane Build & Archive	2026-07-20T11:48:00.9189600Z ##[error]Process completed with exit code 1.
