Build	Fastlane Build & Archive	﻿2026-07-20T11:14:40.1528120Z ##[group]Run bundle exec fastlane build_trio
Build	Fastlane Build & Archive	2026-07-20T11:14:40.1528980Z [36;1mbundle exec fastlane build_trio[0m
Build	Fastlane Build & Archive	2026-07-20T11:14:40.1622630Z shell: /bin/bash -e {0}
Build	Fastlane Build & Archive	2026-07-20T11:14:40.1623550Z env:
Build	Fastlane Build & Archive	2026-07-20T11:14:40.1736670Z   GH_PAT: ***
Build	Fastlane Build & Archive	2026-07-20T11:14:40.1737540Z   UPSTREAM_REPO: nightscout/Trio
Build	Fastlane Build & Archive	2026-07-20T11:14:40.1738520Z   UPSTREAM_BRANCH: merge/sync-upstream-dev-20260720
Build	Fastlane Build & Archive	2026-07-20T11:14:40.1739730Z   TARGET_BRANCH: merge/sync-upstream-dev-20260720
Build	Fastlane Build & Archive	2026-07-20T11:14:40.1740840Z   TEAMID: ***
Build	Fastlane Build & Archive	2026-07-20T11:14:40.1741620Z   FASTLANE_KEY_ID: ***
Build	Fastlane Build & Archive	2026-07-20T11:14:40.1742590Z   FASTLANE_ISSUER_ID: ***
Build	Fastlane Build & Archive	2026-07-20T11:14:40.1746160Z   FASTLANE_KEY: ***
Build	Fastlane Build & Archive	2026-07-20T11:14:40.1747040Z   MATCH_PASSWORD: ***
Build	Fastlane Build & Archive	2026-07-20T11:14:40.1748120Z ##[endgroup]
Build	Fastlane Build & Archive	2026-07-20T11:14:42.5845910Z [11:14:42]: Sending anonymous analytics information
Build	Fastlane Build & Archive	2026-07-20T11:14:42.5851510Z [11:14:42]: Learn more at https://docs.fastlane.tools/#metrics
Build	Fastlane Build & Archive	2026-07-20T11:14:42.5872810Z [11:14:42]: No personal or sensitive data is sent.
Build	Fastlane Build & Archive	2026-07-20T11:14:42.5876580Z [11:14:42]: You can disable this by adding `opt_out_usage` at the top of your Fastfile
Build	Fastlane Build & Archive	2026-07-20T11:14:42.6049540Z [11:14:42]: [32m------------------------------[0m
Build	Fastlane Build & Archive	2026-07-20T11:14:42.6076200Z [11:14:42]: [32m--- Step: default_platform ---[0m
Build	Fastlane Build & Archive	2026-07-20T11:14:42.6089080Z [11:14:42]: [32m------------------------------[0m
Build	Fastlane Build & Archive	2026-07-20T11:14:42.6090770Z [11:14:42]: [32mDriving the lane 'ios build_trio' 🚀[0m
Build	Fastlane Build & Archive	2026-07-20T11:14:42.6093300Z [11:14:42]: [32m----------------------[0m
Build	Fastlane Build & Archive	2026-07-20T11:14:42.6120600Z [11:14:42]: [32m--- Step: setup_ci ---[0m
Build	Fastlane Build & Archive	2026-07-20T11:14:42.6138000Z [11:14:42]: [32m----------------------[0m
Build	Fastlane Build & Archive	2026-07-20T11:14:42.6153320Z [11:14:42]: Creating temporary keychain: "fastlane_tmp_keychain".
Build	Fastlane Build & Archive	2026-07-20T11:14:42.8522800Z [11:14:42]: [36m$ security list-keychains -d user[0m
Build	Fastlane Build & Archive	2026-07-20T11:14:42.8695920Z [11:14:42]: ▸ [35m"/Users/runner/Library/Keychains/fastlane_tmp_keychain-db"[0m
Build	Fastlane Build & Archive	2026-07-20T11:14:42.8704560Z [11:14:42]: [33mFound keychain '/Users/runner/Library/Keychains/fastlane_tmp_keychain-db' in list-keychains, adding to search list skipped[0m
Build	Fastlane Build & Archive	2026-07-20T11:14:42.8707250Z [11:14:42]: Enabling match readonly mode.
Build	Fastlane Build & Archive	2026-07-20T11:14:42.8709120Z [11:14:42]: [32m---------------------------------[0m
Build	Fastlane Build & Archive	2026-07-20T11:14:42.8711650Z [11:14:42]: [32m--- Step: update_project_team ---[0m
Build	Fastlane Build & Archive	2026-07-20T11:14:42.8712760Z [11:14:42]: [32m---------------------------------[0m
Build	Fastlane Build & Archive	2026-07-20T11:14:43.1511570Z [11:14:43]: Updating development team (***) for target `Trio` in the project '/Users/runner/work/Trio/Trio/Trio.xcodeproj'
Build	Fastlane Build & Archive	2026-07-20T11:14:43.2791750Z [11:14:43]: [32mSuccessfully updated project settings to use Developer Team ID '***' for target `Trio`[0m
Build	Fastlane Build & Archive	2026-07-20T11:14:43.2896130Z [11:14:43]: Updating development team (***) for target `TrioTests` in the project '/Users/runner/work/Trio/Trio/Trio.xcodeproj'
Build	Fastlane Build & Archive	2026-07-20T11:14:43.4188510Z [11:14:43]: [32mSuccessfully updated project settings to use Developer Team ID '***' for target `TrioTests`[0m
Build	Fastlane Build & Archive	2026-07-20T11:14:43.4190630Z [11:14:43]: Updating development team (***) for target `LiveActivityExtension` in the project '/Users/runner/work/Trio/Trio/Trio.xcodeproj'
Build	Fastlane Build & Archive	2026-07-20T11:14:43.5106340Z [11:14:43]: [32mSuccessfully updated project settings to use Developer Team ID '***' for target `LiveActivityExtension`[0m
Build	Fastlane Build & Archive	2026-07-20T11:14:43.5109490Z [11:14:43]: Updating development team (***) for target `Trio Watch App` in the project '/Users/runner/work/Trio/Trio/Trio.xcodeproj'
Build	Fastlane Build & Archive	2026-07-20T11:14:43.6147100Z [11:14:43]: [32mSuccessfully updated project settings to use Developer Team ID '***' for target `Trio Watch App`[0m
Build	Fastlane Build & Archive	2026-07-20T11:14:43.6148260Z [11:14:43]: Updating development team (***) for target `Trio Watch AppTests` in the project '/Users/runner/work/Trio/Trio/Trio.xcodeproj'
Build	Fastlane Build & Archive	2026-07-20T11:14:43.7178730Z [11:14:43]: [32mSuccessfully updated project settings to use Developer Team ID '***' for target `Trio Watch AppTests`[0m
Build	Fastlane Build & Archive	2026-07-20T11:14:43.7181620Z [11:14:43]: Updating development team (***) for target `Trio Watch Complication Extension` in the project '/Users/runner/work/Trio/Trio/Trio.xcodeproj'
Build	Fastlane Build & Archive	2026-07-20T11:14:43.8279260Z [11:14:43]: [32mSuccessfully updated project settings to use Developer Team ID '***' for target `Trio Watch Complication Extension`[0m
Build	Fastlane Build & Archive	2026-07-20T11:14:43.8378790Z [11:14:43]: [32m---------------------------------------[0m
Build	Fastlane Build & Archive	2026-07-20T11:14:43.8481920Z [11:14:43]: [32m--- Step: app_store_connect_api_key ---[0m
Build	Fastlane Build & Archive	2026-07-20T11:14:43.8588450Z [11:14:43]: [32m---------------------------------------[0m
Build	Fastlane Build & Archive	2026-07-20T11:14:43.8690910Z [11:14:43]: [32m--------------------------------------------[0m
Build	Fastlane Build & Archive	2026-07-20T11:14:43.8794750Z [11:14:43]: [32m--- Step: latest_testflight_build_number ---[0m
Build	Fastlane Build & Archive	2026-07-20T11:14:43.8895210Z [11:14:43]: [32m--------------------------------------------[0m
Build	Fastlane Build & Archive	2026-07-20T11:14:43.8945780Z [11:14:43]: Creating authorization token for App Store Connect API
Build	Fastlane Build & Archive	2026-07-20T11:14:44.0288430Z [11:14:44]: Fetching the latest build number for any version
Build	Fastlane Build & Archive	2026-07-20T11:14:44.2684190Z [11:14:44]: Latest upload for version 0.8.3 on ios platform is build: 59
Build	Fastlane Build & Archive	2026-07-20T11:14:44.2787930Z [11:14:44]: [32m------------------------------------[0m
Build	Fastlane Build & Archive	2026-07-20T11:14:44.2886690Z [11:14:44]: [32m--- Step: increment_build_number ---[0m
Build	Fastlane Build & Archive	2026-07-20T11:14:44.2926960Z [11:14:44]: [32m------------------------------------[0m
Build	Fastlane Build & Archive	2026-07-20T11:14:45.3914190Z Current version of project Trio is: 
Build	Fastlane Build & Archive	2026-07-20T11:14:45.3914900Z     "$(APP_BUILD_NUMBER)"
Build	Fastlane Build & Archive	2026-07-20T11:14:45.3915420Z $APP_BUILD_NUMBER
Build	Fastlane Build & Archive	2026-07-20T11:14:45.3915810Z 1
Build	Fastlane Build & Archive	2026-07-20T11:14:45.3915970Z 
Build	Fastlane Build & Archive	2026-07-20T11:14:45.3916960Z /Users/runner/work/Trio/Trio
Build	Fastlane Build & Archive	2026-07-20T11:14:45.3930330Z [11:14:45]: [36m$ cd /Users/runner/work/Trio/Trio && agvtool new-version -all 60 && cd -[0m
Build	Fastlane Build & Archive	2026-07-20T11:14:45.5183460Z [11:14:45]: ▸ [35mSetting version of project Trio to:[0m
Build	Fastlane Build & Archive	2026-07-20T11:14:45.5384920Z [11:14:45]: ▸ [35m60.[0m
Build	Fastlane Build & Archive	2026-07-20T11:14:45.5940680Z [11:14:45]: ▸ [35mAlso setting CFBundleVersion key (assuming it exists)[0m
Build	Fastlane Build & Archive	2026-07-20T11:14:45.6307190Z [11:14:45]: ▸ [35mUpdating CFBundleVersion in Info.plist(s)...[0m
Build	Fastlane Build & Archive	2026-07-20T11:14:45.6678090Z [11:14:45]: ▸ [35mUpdated CFBundleVersion in "Trio.xcodeproj/../LiveActivity/Info.plist" to 60[0m
Build	Fastlane Build & Archive	2026-07-20T11:14:45.6935550Z [11:14:45]: ▸ [35mUpdated CFBundleVersion in "Trio.xcodeproj/../Trio Watch Complication/Info.plist" to 60[0m
Build	Fastlane Build & Archive	2026-07-20T11:14:45.7164540Z [11:14:45]: ▸ [35mUpdated CFBundleVersion in "Trio.xcodeproj/../Trio/Resources/Info.plist" to 60[0m
Build	Fastlane Build & Archive	2026-07-20T11:14:45.7467820Z [11:14:45]: ▸ [35mUpdated CFBundleVersion in "Trio.xcodeproj/../TrioTests/Info.plist" to 60[0m
Build	Fastlane Build & Archive	2026-07-20T11:14:45.7563650Z [11:14:45]: ▸ [35mCannot find "Trio.xcodeproj/../YES"[0m
Build	Fastlane Build & Archive	2026-07-20T11:14:45.7578580Z [11:14:45]: ▸ [35m/Users/runner/work/Trio/Trio[0m
Build	Fastlane Build & Archive	2026-07-20T11:14:45.9757870Z [11:14:45]: [32m-------------------[0m
Build	Fastlane Build & Archive	2026-07-20T11:14:45.9759210Z [11:14:45]: [32m--- Step: match ---[0m
Build	Fastlane Build & Archive	2026-07-20T11:14:45.9760200Z [11:14:45]: [32m-------------------[0m
Build	Fastlane Build & Archive	2026-07-20T11:14:45.9762430Z [11:14:45]: [32mSuccessfully loaded '/Users/runner/work/Trio/Trio/fastlane/Matchfile' 📄[0m
Build	Fastlane Build & Archive	2026-07-20T11:14:45.9763460Z 
Build	Fastlane Build & Archive	2026-07-20T11:14:45.9769520Z +------------------------------------------------------------+
Build	Fastlane Build & Archive	2026-07-20T11:14:45.9770700Z |        Detected Values from './fastlane/Matchfile'         |
Build	Fastlane Build & Archive	2026-07-20T11:14:45.9771910Z +--------------+---------------------------------------------+
Build	Fastlane Build & Archive	2026-07-20T11:14:45.9773210Z | git_url      | https://github.com/pov-it/Match-Secrets.git |
Build	Fastlane Build & Archive	2026-07-20T11:14:45.9774420Z | storage_mode | git                                         |
Build	Fastlane Build & Archive	2026-07-20T11:14:45.9776430Z | type         | appstore                                    |
Build	Fastlane Build & Archive	2026-07-20T11:14:45.9778190Z +--------------+---------------------------------------------+
Build	Fastlane Build & Archive	2026-07-20T11:14:45.9779060Z 
Build	Fastlane Build & Archive	2026-07-20T11:14:45.9779080Z 
Build	Fastlane Build & Archive	2026-07-20T11:14:45.9785660Z +----------------------------------------------------------------------------------------------------------------------------------------------------------------------------------------------------------------------------------------------+
Build	Fastlane Build & Archive	2026-07-20T11:14:45.9792290Z |                                                                                                          [32mSummary for match 2.235.0[0m                                                                                                           |
Build	Fastlane Build & Archive	2026-07-20T11:14:45.9796700Z +----------------------------------------+-----------------------------------------------------------------------------------------------------------------------------------------------------------------------------------------------------+
Build	Fastlane Build & Archive	2026-07-20T11:14:45.9797850Z | type                                   | appstore                                                                                                                                                                                            |
Build	Fastlane Build & Archive	2026-07-20T11:14:45.9798780Z | git_basic_authorization                | ********                                                                                                                                                                                            |
Build	Fastlane Build & Archive	2026-07-20T11:14:45.9801180Z | app_identifier                         | ["org.nightscout.***.trio", "org.nightscout.***.trio.watchkitapp", "org.nightscout.***.trio.watchkitapp.TrioWatchComplication", "org.nightscout.***.trio.LiveActivity"] |
Build	Fastlane Build & Archive	2026-07-20T11:14:45.9802290Z | api_key                                | ********                                                                                                                                                                                            |
Build	Fastlane Build & Archive	2026-07-20T11:14:45.9803770Z | readonly                               | true                                                                                                                                                                                                |
Build	Fastlane Build & Archive	2026-07-20T11:14:45.9804660Z | generate_apple_certs                   | true                                                                                                                                                                                                |
Build	Fastlane Build & Archive	2026-07-20T11:14:45.9805580Z | skip_provisioning_profiles             | false                                                                                                                                                                                               |
Build	Fastlane Build & Archive	2026-07-20T11:14:45.9806540Z | storage_mode                           | git                                                                                                                                                                                                 |
Build	Fastlane Build & Archive	2026-07-20T11:14:45.9807450Z | git_url                                | https://github.com/pov-it/Match-Secrets.git                                                                                                                                                         |
Build	Fastlane Build & Archive	2026-07-20T11:14:45.9808400Z | git_branch                             | master                                                                                                                                                                                              |
Build	Fastlane Build & Archive	2026-07-20T11:14:45.9810270Z | shallow_clone                          | false                                                                                                                                                                                               |
Build	Fastlane Build & Archive	2026-07-20T11:14:45.9811310Z | clone_branch_directly                  | false                                                                                                                                                                                               |
Build	Fastlane Build & Archive	2026-07-20T11:14:45.9812290Z | skip_google_cloud_account_confirmation | false                                                                                                                                                                                               |
Build	Fastlane Build & Archive	2026-07-20T11:14:45.9814400Z | s3_skip_encryption                     | false                                                                                                                                                                                               |
Build	Fastlane Build & Archive	2026-07-20T11:14:45.9815820Z | gitlab_host                            | https://gitlab.com                                                                                                                                                                                  |
Build	Fastlane Build & Archive	2026-07-20T11:14:45.9816820Z | keychain_name                          | fastlane_tmp_keychain                                                                                                                                                                               |
Build	Fastlane Build & Archive	2026-07-20T11:14:45.9818020Z | force                                  | false                                                                                                                                                                                               |
Build	Fastlane Build & Archive	2026-07-20T11:14:45.9819030Z | force_for_new_devices                  | false                                                                                                                                                                                               |
Build	Fastlane Build & Archive	2026-07-20T11:14:45.9821920Z | include_mac_in_profiles                | false                                                                                                                                                                                               |
Build	Fastlane Build & Archive	2026-07-20T11:14:45.9823220Z | include_all_certificates               | false                                                                                                                                                                                               |
Build	Fastlane Build & Archive	2026-07-20T11:14:45.9824590Z | force_for_new_certificates             | false                                                                                                                                                                                               |
Build	Fastlane Build & Archive	2026-07-20T11:14:45.9827920Z | skip_confirmation                      | false                                                                                                                                                                                               |
Build	Fastlane Build & Archive	2026-07-20T11:14:45.9832680Z | safe_remove_certs                      | false                                                                                                                                                                                               |
Build	Fastlane Build & Archive	2026-07-20T11:14:45.9835300Z | skip_docs                              | false                                                                                                                                                                                               |
Build	Fastlane Build & Archive	2026-07-20T11:14:45.9837750Z | platform                               | ios                                                                                                                                                                                                 |
Build	Fastlane Build & Archive	2026-07-20T11:14:45.9841470Z | derive_catalyst_app_identifier         | false                                                                                                                                                                                               |
Build	Fastlane Build & Archive	2026-07-20T11:14:45.9844220Z | fail_on_name_taken                     | false                                                                                                                                                                                               |
Build	Fastlane Build & Archive	2026-07-20T11:14:45.9848200Z | skip_certificate_matching              | false                                                                                                                                                                                               |
Build	Fastlane Build & Archive	2026-07-20T11:14:45.9855460Z | skip_set_partition_list                | false                                                                                                                                                                                               |
Build	Fastlane Build & Archive	2026-07-20T11:14:45.9862000Z | force_legacy_encryption                | false                                                                                                                                                                                               |
Build	Fastlane Build & Archive	2026-07-20T11:14:45.9864220Z | verbose                                | false                                                                                                                                                                                               |
Build	Fastlane Build & Archive	2026-07-20T11:14:45.9867910Z +----------------------------------------+-----------------------------------------------------------------------------------------------------------------------------------------------------------------------------------------------------+
Build	Fastlane Build & Archive	2026-07-20T11:14:45.9872550Z 
Build	Fastlane Build & Archive	2026-07-20T11:14:45.9873950Z [11:14:45]: Cloning remote git repo...
Build	Fastlane Build & Archive	2026-07-20T11:14:45.9874890Z [11:14:45]: If cloning the repo takes too long, you can use the `clone_branch_directly` option in match.
Build	Fastlane Build & Archive	2026-07-20T11:14:46.8419090Z [11:14:46]: Checking out branch master...
Build	Fastlane Build & Archive	2026-07-20T11:14:46.9391200Z [11:14:46]: [32m🔓  Successfully decrypted certificates repo[0m
Build	Fastlane Build & Archive	2026-07-20T11:14:46.9397670Z [11:14:46]: Installing certificate...
Build	Fastlane Build & Archive	2026-07-20T11:14:47.6153460Z [11:14:47]: [31mThere are no local code signing identities found.
Build	Fastlane Build & Archive	2026-07-20T11:14:47.6154470Z You can run `security find-identity -v -p codesigning /Users/runner/Library/Keychains/fastlane_tmp_keychain-db` to get this output.
Build	Fastlane Build & Archive	2026-07-20T11:14:47.6155350Z This Stack Overflow thread has more information: https://stackoverflow.com/q/35390072/774.
Build	Fastlane Build & Archive	2026-07-20T11:14:47.6156190Z (Check in Keychain Access for an expired WWDR certificate: https://stackoverflow.com/a/35409835/774 has more info.)[0m
Build	Fastlane Build & Archive	2026-07-20T11:14:47.8734260Z [11:14:47]: Setting key partition list... (this can take a minute if there are a lot of keys installed)
Build	Fastlane Build & Archive	2026-07-20T11:14:47.9858430Z [11:14:47]: [31msecurity: SecItemCopyMatching: The specified item could not be found in the keychain.[0m
Build	Fastlane Build & Archive	2026-07-20T11:14:48.0994850Z [11:14:48]: Setting key partition list... (this can take a minute if there are a lot of keys installed)
Build	Fastlane Build & Archive	2026-07-20T11:14:48.1516290Z 
Build	Fastlane Build & Archive	2026-07-20T11:14:48.1584740Z +--------------------------------------------------------------------------+
Build	Fastlane Build & Archive	2026-07-20T11:14:48.1588000Z |                          [32mInstalled Certificate[0m                           |
Build	Fastlane Build & Archive	2026-07-20T11:14:48.1590970Z +-------------------+------------------------------------------------------+
Build	Fastlane Build & Archive	2026-07-20T11:14:48.1593540Z | User ID           | ***                                           |
Build	Fastlane Build & Archive	2026-07-20T11:14:48.1595180Z | Common Name       | Apple Distribution: Marijn Pov\xC3\xA9e (***) |
Build	Fastlane Build & Archive	2026-07-20T11:14:48.1596690Z | Organisation Unit | ***                                           |
Build	Fastlane Build & Archive	2026-07-20T11:14:48.1599020Z | Organisation      | Marijn Pov\xC3\xA9e                                  |
Build	Fastlane Build & Archive	2026-07-20T11:14:48.1600130Z | Country           | US                                                   |
Build	Fastlane Build & Archive	2026-07-20T11:14:48.1600780Z | Start Datetime    | 2026-04-17 13:31:41 UTC                              |
Build	Fastlane Build & Archive	2026-07-20T11:14:48.1601430Z | End Datetime      | 2027-04-17 13:31:40 UTC                              |
Build	Fastlane Build & Archive	2026-07-20T11:14:48.1602020Z +-------------------+------------------------------------------------------+
Build	Fastlane Build & Archive	2026-07-20T11:14:48.1602390Z 
Build	Fastlane Build & Archive	2026-07-20T11:14:48.2509540Z [11:14:48]: Installing provisioning profile...
Build	Fastlane Build & Archive	2026-07-20T11:14:48.4183800Z [11:14:48]: Installing provisioning profile...
Build	Fastlane Build & Archive	2026-07-20T11:14:48.5696840Z [11:14:48]: Installing provisioning profile...
Build	Fastlane Build & Archive	2026-07-20T11:14:48.7616150Z [11:14:48]: Installing provisioning profile...
Build	Fastlane Build & Archive	2026-07-20T11:14:48.9311920Z 
Build	Fastlane Build & Archive	2026-07-20T11:14:48.9543640Z +-----------------------------------------------------------------------------------------------------------------------------------------------------------------------------------------------------------------+
Build	Fastlane Build & Archive	2026-07-20T11:14:48.9628690Z |                                                                                         [32mInstalled Provisioning Profile[0m                                                                                          |
Build	Fastlane Build & Archive	2026-07-20T11:14:48.9703390Z +---------------------+---------------------------------------------------------------+---------------------------------------------------------------------------------------------------------------------------+
Build	Fastlane Build & Archive	2026-07-20T11:14:48.9730370Z | Parameter           | Environment Variable                                          | Value                                                                                                                     |
Build	Fastlane Build & Archive	2026-07-20T11:14:48.9789110Z +---------------------+---------------------------------------------------------------+---------------------------------------------------------------------------------------------------------------------------+
Build	Fastlane Build & Archive	2026-07-20T11:14:48.9807460Z | App Identifier      |                                                               | org.nightscout.***.trio                                                                                            |
Build	Fastlane Build & Archive	2026-07-20T11:14:48.9811420Z | Type                |                                                               | appstore                                                                                                                  |
Build	Fastlane Build & Archive	2026-07-20T11:14:48.9812460Z | Platform            |                                                               | ios                                                                                                                       |
Build	Fastlane Build & Archive	2026-07-20T11:14:48.9813680Z | Profile UUID        | sigh_org.nightscout.***.trio_appstore                  | d373e8b0-2651-44b2-9fbd-a16e38e3e24a                                                                                      |
Build	Fastlane Build & Archive	2026-07-20T11:14:48.9815230Z | Profile Name        | sigh_org.nightscout.***.trio_appstore_profile-name     | match AppStore org.nightscout.***.trio                                                                             |
Build	Fastlane Build & Archive	2026-07-20T11:14:48.9816630Z | Profile Path        | sigh_org.nightscout.***.trio_appstore_profile-path     | /Users/runner/Library/Developer/Xcode/UserData/Provisioning Profiles/d373e8b0-2651-44b2-9fbd-a16e38e3e24a.mobileprovision |
Build	Fastlane Build & Archive	2026-07-20T11:14:48.9817960Z | Development Team ID | sigh_org.nightscout.***.trio_appstore_team-id          | ***                                                                                                                |
Build	Fastlane Build & Archive	2026-07-20T11:14:48.9819190Z | Certificate Name    | sigh_org.nightscout.***.trio_appstore_certificate-name | Apple Distribution: Marijn Pov\xC3\xA9e (***)                                                                      |
Build	Fastlane Build & Archive	2026-07-20T11:14:48.9822290Z +---------------------+---------------------------------------------------------------+---------------------------------------------------------------------------------------------------------------------------+
Build	Fastlane Build & Archive	2026-07-20T11:14:48.9822960Z 
Build	Fastlane Build & Archive	2026-07-20T11:14:48.9823060Z 
Build	Fastlane Build & Archive	2026-07-20T11:14:48.9823660Z +-----------------------------------------------------------------------------------------------------------------------------------------------------------------------------------------------------------------------------+
Build	Fastlane Build & Archive	2026-07-20T11:14:48.9827500Z |                                                                                               [32mInstalled Provisioning Profile[0m                                                                                                |
Build	Fastlane Build & Archive	2026-07-20T11:14:48.9832800Z +---------------------+---------------------------------------------------------------------------+---------------------------------------------------------------------------------------------------------------------------+
Build	Fastlane Build & Archive	2026-07-20T11:14:48.9834090Z | Parameter           | Environment Variable                                                      | Value                                                                                                                     |
Build	Fastlane Build & Archive	2026-07-20T11:14:48.9836220Z +---------------------+---------------------------------------------------------------------------+---------------------------------------------------------------------------------------------------------------------------+
Build	Fastlane Build & Archive	2026-07-20T11:14:48.9837980Z | App Identifier      |                                                                           | org.nightscout.***.trio.watchkitapp                                                                                |
Build	Fastlane Build & Archive	2026-07-20T11:14:48.9839060Z | Type                |                                                                           | appstore                                                                                                                  |
Build	Fastlane Build & Archive	2026-07-20T11:14:48.9841200Z | Platform            |                                                                           | ios                                                                                                                       |
Build	Fastlane Build & Archive	2026-07-20T11:14:48.9842710Z | Profile UUID        | sigh_org.nightscout.***.trio.watchkitapp_appstore                  | 22885f50-84d0-47d4-8d2e-808fe69b383e                                                                                      |
Build	Fastlane Build & Archive	2026-07-20T11:14:48.9844500Z | Profile Name        | sigh_org.nightscout.***.trio.watchkitapp_appstore_profile-name     | match AppStore org.nightscout.***.trio.watchkitapp                                                                 |
Build	Fastlane Build & Archive	2026-07-20T11:14:48.9859000Z | Profile Path        | sigh_org.nightscout.***.trio.watchkitapp_appstore_profile-path     | /Users/runner/Library/Developer/Xcode/UserData/Provisioning Profiles/22885f50-84d0-47d4-8d2e-808fe69b383e.mobileprovision |
Build	Fastlane Build & Archive	2026-07-20T11:14:48.9860790Z | Development Team ID | sigh_org.nightscout.***.trio.watchkitapp_appstore_team-id          | ***                                                                                                                |
Build	Fastlane Build & Archive	2026-07-20T11:14:48.9862090Z | Certificate Name    | sigh_org.nightscout.***.trio.watchkitapp_appstore_certificate-name | Apple Distribution: Marijn Pov\xC3\xA9e (***)                                                                      |
Build	Fastlane Build & Archive	2026-07-20T11:14:48.9879040Z +---------------------+---------------------------------------------------------------------------+---------------------------------------------------------------------------------------------------------------------------+
Build	Fastlane Build & Archive	2026-07-20T11:14:48.9880810Z 
Build	Fastlane Build & Archive	2026-07-20T11:14:48.9881010Z 
Build	Fastlane Build & Archive	2026-07-20T11:14:48.9882550Z +---------------------------------------------------------------------------------------------------------------------------------------------------------------------------------------------------------------------------------------------------+
Build	Fastlane Build & Archive	2026-07-20T11:14:48.9885950Z |                                                                                                          [32mInstalled Provisioning Profile[0m                                                                                                           |
Build	Fastlane Build & Archive	2026-07-20T11:14:48.9889010Z +---------------------+-------------------------------------------------------------------------------------------------+---------------------------------------------------------------------------------------------------------------------------+
Build	Fastlane Build & Archive	2026-07-20T11:14:48.9924080Z | Parameter           | Environment Variable                                                                            | Value                                                                                                                     |
Build	Fastlane Build & Archive	2026-07-20T11:14:48.9927860Z +---------------------+-------------------------------------------------------------------------------------------------+---------------------------------------------------------------------------------------------------------------------------+
Build	Fastlane Build & Archive	2026-07-20T11:14:48.9932700Z | App Identifier      |                                                                                                 | org.nightscout.***.trio.watchkitapp.TrioWatchComplication                                                          |
Build	Fastlane Build & Archive	2026-07-20T11:14:48.9945530Z | Type                |                                                                                                 | appstore                                                                                                                  |
Build	Fastlane Build & Archive	2026-07-20T11:14:48.9954290Z | Platform            |                                                                                                 | ios                                                                                                                       |
Build	Fastlane Build & Archive	2026-07-20T11:14:48.9998030Z | Profile UUID        | sigh_org.nightscout.***.trio.watchkitapp.TrioWatchComplication_appstore                  | b9e0a07c-0e62-4755-aed3-4e005b6d8984                                                                                      |
Build	Fastlane Build & Archive	2026-07-20T11:14:49.0104590Z | Profile Name        | sigh_org.nightscout.***.trio.watchkitapp.TrioWatchComplication_appstore_profile-name     | match AppStore org.nightscout.***.trio.watchkitapp.TrioWatchComplication                                           |
Build	Fastlane Build & Archive	2026-07-20T11:14:49.0143920Z | Profile Path        | sigh_org.nightscout.***.trio.watchkitapp.TrioWatchComplication_appstore_profile-path     | /Users/runner/Library/Developer/Xcode/UserData/Provisioning Profiles/b9e0a07c-0e62-4755-aed3-4e005b6d8984.mobileprovision |
Build	Fastlane Build & Archive	2026-07-20T11:14:49.0145880Z | Development Team ID | sigh_org.nightscout.***.trio.watchkitapp.TrioWatchComplication_appstore_team-id          | ***                                                                                                                |
Build	Fastlane Build & Archive	2026-07-20T11:14:49.0315360Z | Certificate Name    | sigh_org.nightscout.***.trio.watchkitapp.TrioWatchComplication_appstore_certificate-name | Apple Distribution: Marijn Pov\xC3\xA9e (***)                                                                      |
Build	Fastlane Build & Archive	2026-07-20T11:14:49.0318220Z +---------------------+-------------------------------------------------------------------------------------------------+---------------------------------------------------------------------------------------------------------------------------+
Build	Fastlane Build & Archive	2026-07-20T11:14:49.0321540Z 
Build	Fastlane Build & Archive	2026-07-20T11:14:49.0321680Z 
Build	Fastlane Build & Archive	2026-07-20T11:14:49.0322320Z +------------------------------------------------------------------------------------------------------------------------------------------------------------------------------------------------------------------------------+
Build	Fastlane Build & Archive	2026-07-20T11:14:49.0323590Z |                                                                                                [32mInstalled Provisioning Profile[0m                                                                                                |
Build	Fastlane Build & Archive	2026-07-20T11:14:49.0324520Z +---------------------+----------------------------------------------------------------------------+---------------------------------------------------------------------------------------------------------------------------+
Build	Fastlane Build & Archive	2026-07-20T11:14:49.0325900Z | Parameter           | Environment Variable                                                       | Value                                                                                                                     |
Build	Fastlane Build & Archive	2026-07-20T11:14:49.0327040Z +---------------------+----------------------------------------------------------------------------+---------------------------------------------------------------------------------------------------------------------------+
Build	Fastlane Build & Archive	2026-07-20T11:14:49.0328480Z | App Identifier      |                                                                            | org.nightscout.***.trio.LiveActivity                                                                               |
Build	Fastlane Build & Archive	2026-07-20T11:14:49.0329430Z | Type                |                                                                            | appstore                                                                                                                  |
Build	Fastlane Build & Archive	2026-07-20T11:14:49.0330810Z | Platform            |                                                                            | ios                                                                                                                       |
Build	Fastlane Build & Archive	2026-07-20T11:14:49.0332100Z | Profile UUID        | sigh_org.nightscout.***.trio.LiveActivity_appstore                  | 03bce03d-32b6-41d7-a6dd-9a19f2052202                                                                                      |
Build	Fastlane Build & Archive	2026-07-20T11:14:49.0333370Z | Profile Name        | sigh_org.nightscout.***.trio.LiveActivity_appstore_profile-name     | match AppStore org.nightscout.***.trio.LiveActivity                                                                |
Build	Fastlane Build & Archive	2026-07-20T11:14:49.0335990Z | Profile Path        | sigh_org.nightscout.***.trio.LiveActivity_appstore_profile-path     | /Users/runner/Library/Developer/Xcode/UserData/Provisioning Profiles/03bce03d-32b6-41d7-a6dd-9a19f2052202.mobileprovision |
Build	Fastlane Build & Archive	2026-07-20T11:14:49.0340830Z | Development Team ID | sigh_org.nightscout.***.trio.LiveActivity_appstore_team-id          | ***                                                                                                                |
Build	Fastlane Build & Archive	2026-07-20T11:14:49.0344750Z | Certificate Name    | sigh_org.nightscout.***.trio.LiveActivity_appstore_certificate-name | Apple Distribution: Marijn Pov\xC3\xA9e (***)                                                                      |
Build	Fastlane Build & Archive	2026-07-20T11:14:49.0347620Z +---------------------+----------------------------------------------------------------------------+---------------------------------------------------------------------------------------------------------------------------+
Build	Fastlane Build & Archive	2026-07-20T11:14:49.0348270Z 
Build	Fastlane Build & Archive	2026-07-20T11:14:49.0348770Z [11:14:48]: [32m[32mAll required keys, certificates and provisioning profiles are installed 🙌[0m
Build	Fastlane Build & Archive	2026-07-20T11:14:49.0349380Z [11:14:48]: Setting Provisioning Profile type to 'app-store'
Build	Fastlane Build & Archive	2026-07-20T11:14:49.0349900Z [11:14:48]: [32m------------------------------------------[0m
Build	Fastlane Build & Archive	2026-07-20T11:14:49.0350420Z [11:14:48]: [32m--- Step: update_code_signing_settings ---[0m
Build	Fastlane Build & Archive	2026-07-20T11:14:49.0350900Z [11:14:48]: [32m------------------------------------------[0m
Build	Fastlane Build & Archive	2026-07-20T11:14:49.0351110Z 
Build	Fastlane Build & Archive	2026-07-20T11:14:49.0351310Z +-----------------------------------------------------------------------+
Build	Fastlane Build & Archive	2026-07-20T11:14:49.0351870Z |                   [32mSummary for code signing settings[0m                   |
Build	Fastlane Build & Archive	2026-07-20T11:14:49.0352700Z +-----------------------+-----------------------------------------------+
Build	Fastlane Build & Archive	2026-07-20T11:14:49.0357520Z | path                  | /Users/runner/work/Trio/Trio/Trio.xcodeproj   |
Build	Fastlane Build & Archive	2026-07-20T11:14:49.0359070Z | profile_name          | match AppStore org.nightscout.***.trio |
Build	Fastlane Build & Archive	2026-07-20T11:14:49.0360350Z | code_sign_identity    | iPhone Distribution                           |
Build	Fastlane Build & Archive	2026-07-20T11:14:49.0361490Z | targets               | ["Trio"]                                      |
Build	Fastlane Build & Archive	2026-07-20T11:14:49.0362780Z | use_automatic_signing | false                                         |
Build	Fastlane Build & Archive	2026-07-20T11:14:49.0364270Z +-----------------------+-----------------------------------------------+
Build	Fastlane Build & Archive	2026-07-20T11:14:49.0369400Z 
Build	Fastlane Build & Archive	2026-07-20T11:14:49.1331040Z [11:14:49]: Updating the Automatic Codesigning flag to disabled for the given project '/Users/runner/work/Trio/Trio/Trio.xcodeproj/project.pbxproj'
Build	Fastlane Build & Archive	2026-07-20T11:14:49.1407480Z [11:14:49]: [33mSet Code Sign identity to: iPhone Distribution for target: Trio for build configuration: Debug[0m
Build	Fastlane Build & Archive	2026-07-20T11:14:49.1408900Z [11:14:49]: [33mSet Provisioning Profile name to: match AppStore org.nightscout.***.trio for target: Trio for build configuration: Debug[0m
Build	Fastlane Build & Archive	2026-07-20T11:14:49.1409910Z [11:14:49]: [33mSet Code Sign identity to: iPhone Distribution for target: Trio for build configuration: Release[0m
Build	Fastlane Build & Archive	2026-07-20T11:14:49.1410900Z [11:14:49]: [33mSet Provisioning Profile name to: match AppStore org.nightscout.***.trio for target: Trio for build configuration: Release[0m
Build	Fastlane Build & Archive	2026-07-20T11:14:49.1412430Z [11:14:49]: [33mSkipping TrioTests not selected (Trio)[0m
Build	Fastlane Build & Archive	2026-07-20T11:14:49.1413350Z [11:14:49]: [33mSkipping LiveActivityExtension not selected (Trio)[0m
Build	Fastlane Build & Archive	2026-07-20T11:14:49.1413950Z [11:14:49]: [33mSkipping Trio Watch App not selected (Trio)[0m
Build	Fastlane Build & Archive	2026-07-20T11:14:49.1414590Z [11:14:49]: [33mSkipping Trio Watch AppTests not selected (Trio)[0m
Build	Fastlane Build & Archive	2026-07-20T11:14:49.1415210Z [11:14:49]: [33mSkipping Trio Watch Complication Extension not selected (Trio)[0m
Build	Fastlane Build & Archive	2026-07-20T11:14:49.2346020Z [11:14:49]: [32mSuccessfully updated project settings to use Code Sign Style = 'Manual'[0m
Build	Fastlane Build & Archive	2026-07-20T11:14:49.2347180Z [11:14:49]: [32mModified Targets:[0m
Build	Fastlane Build & Archive	2026-07-20T11:14:49.2347700Z [11:14:49]: [32m	 * Trio[0m
Build	Fastlane Build & Archive	2026-07-20T11:14:49.2348860Z [11:14:49]: [32mModified Build Configurations:[0m
Build	Fastlane Build & Archive	2026-07-20T11:14:49.2349460Z [11:14:49]: [32m	 * Debug[0m
Build	Fastlane Build & Archive	2026-07-20T11:14:49.2349840Z [11:14:49]: [32m	 * Release[0m
Build	Fastlane Build & Archive	2026-07-20T11:14:49.2357250Z [11:14:49]: [32m------------------------------------------[0m
Build	Fastlane Build & Archive	2026-07-20T11:14:49.2357970Z [11:14:49]: [32m--- Step: update_code_signing_settings ---[0m
Build	Fastlane Build & Archive	2026-07-20T11:14:49.2358540Z [11:14:49]: [32m------------------------------------------[0m
Build	Fastlane Build & Archive	2026-07-20T11:14:49.2359850Z 
Build	Fastlane Build & Archive	2026-07-20T11:14:49.2365470Z +-----------------------------------------------------------------------------------+
Build	Fastlane Build & Archive	2026-07-20T11:14:49.2366230Z |                         [32mSummary for code signing settings[0m                         |
Build	Fastlane Build & Archive	2026-07-20T11:14:49.2366830Z +-----------------------+-----------------------------------------------------------+
Build	Fastlane Build & Archive	2026-07-20T11:14:49.2367420Z | path                  | /Users/runner/work/Trio/Trio/Trio.xcodeproj               |
Build	Fastlane Build & Archive	2026-07-20T11:14:49.2368130Z | profile_name          | match AppStore org.nightscout.***.trio.watchkitapp |
Build	Fastlane Build & Archive	2026-07-20T11:14:49.2368750Z | code_sign_identity    | iPhone Distribution                                       |
Build	Fastlane Build & Archive	2026-07-20T11:14:49.2370750Z | targets               | ["Trio Watch App"]                                        |
Build	Fastlane Build & Archive	2026-07-20T11:14:49.2372510Z | use_automatic_signing | false                                                     |
Build	Fastlane Build & Archive	2026-07-20T11:14:49.2373200Z +-----------------------+-----------------------------------------------------------+
Build	Fastlane Build & Archive	2026-07-20T11:14:49.2373570Z 
Build	Fastlane Build & Archive	2026-07-20T11:14:49.3868440Z [11:14:49]: Updating the Automatic Codesigning flag to disabled for the given project '/Users/runner/work/Trio/Trio/Trio.xcodeproj/project.pbxproj'
Build	Fastlane Build & Archive	2026-07-20T11:14:49.3971330Z [11:14:49]: [33mSkipping Trio not selected (Trio Watch App)[0m
Build	Fastlane Build & Archive	2026-07-20T11:14:49.4080890Z [11:14:49]: [33mSkipping TrioTests not selected (Trio Watch App)[0m
Build	Fastlane Build & Archive	2026-07-20T11:14:49.4183310Z [11:14:49]: [33mSkipping LiveActivityExtension not selected (Trio Watch App)[0m
Build	Fastlane Build & Archive	2026-07-20T11:14:49.4285200Z [11:14:49]: [33mSet Code Sign identity to: iPhone Distribution for target: Trio Watch App for build configuration: Debug[0m
Build	Fastlane Build & Archive	2026-07-20T11:14:49.4388520Z [11:14:49]: [33mSet Provisioning Profile name to: match AppStore org.nightscout.***.trio.watchkitapp for target: Trio Watch App for build configuration: Debug[0m
Build	Fastlane Build & Archive	2026-07-20T11:14:49.4460840Z [11:14:49]: [33mSet Code Sign identity to: iPhone Distribution for target: Trio Watch App for build configuration: Release[0m
Build	Fastlane Build & Archive	2026-07-20T11:14:49.4520890Z [11:14:49]: [33mSet Provisioning Profile name to: match AppStore org.nightscout.***.trio.watchkitapp for target: Trio Watch App for build configuration: Release[0m
Build	Fastlane Build & Archive	2026-07-20T11:14:49.4521820Z [11:14:49]: [33mSkipping Trio Watch AppTests not selected (Trio Watch App)[0m
Build	Fastlane Build & Archive	2026-07-20T11:14:49.4522450Z [11:14:49]: [33mSkipping Trio Watch Complication Extension not selected (Trio Watch App)[0m
Build	Fastlane Build & Archive	2026-07-20T11:14:49.5388690Z [11:14:49]: [32mSuccessfully updated project settings to use Code Sign Style = 'Manual'[0m
Build	Fastlane Build & Archive	2026-07-20T11:14:49.5495970Z [11:14:49]: [32mModified Targets:[0m
Build	Fastlane Build & Archive	2026-07-20T11:14:49.5597600Z [11:14:49]: [32m	 * Trio Watch App[0m
Build	Fastlane Build & Archive	2026-07-20T11:14:49.5697820Z [11:14:49]: [32mModified Build Configurations:[0m
Build	Fastlane Build & Archive	2026-07-20T11:14:49.5742500Z [11:14:49]: [32m	 * Debug[0m
Build	Fastlane Build & Archive	2026-07-20T11:14:49.5743040Z [11:14:49]: [32m	 * Release[0m
Build	Fastlane Build & Archive	2026-07-20T11:14:49.5745640Z [11:14:49]: [32m------------------------------------------[0m
Build	Fastlane Build & Archive	2026-07-20T11:14:49.5746870Z [11:14:49]: [32m--- Step: update_code_signing_settings ---[0m
Build	Fastlane Build & Archive	2026-07-20T11:14:49.5748470Z [11:14:49]: [32m------------------------------------------[0m
Build	Fastlane Build & Archive	2026-07-20T11:14:49.5750290Z 
Build	Fastlane Build & Archive	2026-07-20T11:14:49.5751030Z +---------------------------------------------------------------------------------------------------------+
Build	Fastlane Build & Archive	2026-07-20T11:14:49.5753400Z |                                    [32mSummary for code signing settings[0m                                    |
Build	Fastlane Build & Archive	2026-07-20T11:14:49.5758960Z +-----------------------+---------------------------------------------------------------------------------+
Build	Fastlane Build & Archive	2026-07-20T11:14:49.5759970Z | path                  | /Users/runner/work/Trio/Trio/Trio.xcodeproj                                     |
Build	Fastlane Build & Archive	2026-07-20T11:14:49.5761000Z | profile_name          | match AppStore org.nightscout.***.trio.watchkitapp.TrioWatchComplication |
Build	Fastlane Build & Archive	2026-07-20T11:14:49.5761570Z | code_sign_identity    | iPhone Distribution                                                             |
Build	Fastlane Build & Archive	2026-07-20T11:14:49.5762150Z | targets               | ["Trio Watch Complication Extension"]                                           |
Build	Fastlane Build & Archive	2026-07-20T11:14:49.5762650Z | use_automatic_signing | false                                                                           |
Build	Fastlane Build & Archive	2026-07-20T11:14:49.5763140Z +-----------------------+---------------------------------------------------------------------------------+
Build	Fastlane Build & Archive	2026-07-20T11:14:49.5763430Z 
Build	Fastlane Build & Archive	2026-07-20T11:14:49.6565210Z [11:14:49]: Updating the Automatic Codesigning flag to disabled for the given project '/Users/runner/work/Trio/Trio/Trio.xcodeproj/project.pbxproj'
Build	Fastlane Build & Archive	2026-07-20T11:14:49.6666930Z [11:14:49]: [33mSkipping Trio not selected (Trio Watch Complication Extension)[0m
Build	Fastlane Build & Archive	2026-07-20T11:14:49.6766570Z [11:14:49]: [33mSkipping TrioTests not selected (Trio Watch Complication Extension)[0m
Build	Fastlane Build & Archive	2026-07-20T11:14:49.6867500Z [11:14:49]: [33mSkipping LiveActivityExtension not selected (Trio Watch Complication Extension)[0m
Build	Fastlane Build & Archive	2026-07-20T11:14:49.6969150Z [11:14:49]: [33mSkipping Trio Watch App not selected (Trio Watch Complication Extension)[0m
Build	Fastlane Build & Archive	2026-07-20T11:14:49.7005010Z [11:14:49]: [33mSkipping Trio Watch AppTests not selected (Trio Watch Complication Extension)[0m
Build	Fastlane Build & Archive	2026-07-20T11:14:49.7007710Z [11:14:49]: [33mSet Code Sign identity to: iPhone Distribution for target: Trio Watch Complication Extension for build configuration: Debug[0m
Build	Fastlane Build & Archive	2026-07-20T11:14:49.7010770Z [11:14:49]: [33mSet Provisioning Profile name to: match AppStore org.nightscout.***.trio.watchkitapp.TrioWatchComplication for target: Trio Watch Complication Extension for build configuration: Debug[0m
Build	Fastlane Build & Archive	2026-07-20T11:14:49.7012560Z [11:14:49]: [33mSet Code Sign identity to: iPhone Distribution for target: Trio Watch Complication Extension for build configuration: Release[0m
Build	Fastlane Build & Archive	2026-07-20T11:14:49.7013870Z [11:14:49]: [33mSet Provisioning Profile name to: match AppStore org.nightscout.***.trio.watchkitapp.TrioWatchComplication for target: Trio Watch Complication Extension for build configuration: Release[0m
Build	Fastlane Build & Archive	2026-07-20T11:14:49.7745480Z [11:14:49]: [32mSuccessfully updated project settings to use Code Sign Style = 'Manual'[0m
Build	Fastlane Build & Archive	2026-07-20T11:14:49.7847430Z [11:14:49]: [32mModified Targets:[0m
Build	Fastlane Build & Archive	2026-07-20T11:14:49.7925250Z [11:14:49]: [32m	 * Trio Watch Complication Extension[0m
Build	Fastlane Build & Archive	2026-07-20T11:14:49.7927140Z [11:14:49]: [32mModified Build Configurations:[0m
Build	Fastlane Build & Archive	2026-07-20T11:14:49.7928020Z [11:14:49]: [32m	 * Debug[0m
Build	Fastlane Build & Archive	2026-07-20T11:14:49.7928410Z [11:14:49]: [32m	 * Release[0m
Build	Fastlane Build & Archive	2026-07-20T11:14:49.7928810Z [11:14:49]: [32m------------------------------------------[0m
Build	Fastlane Build & Archive	2026-07-20T11:14:49.7929310Z [11:14:49]: [32m--- Step: update_code_signing_settings ---[0m
Build	Fastlane Build & Archive	2026-07-20T11:14:49.7930060Z [11:14:49]: [32m------------------------------------------[0m
Build	Fastlane Build & Archive	2026-07-20T11:14:49.7931590Z 
Build	Fastlane Build & Archive	2026-07-20T11:14:49.7932230Z +------------------------------------------------------------------------------------+
Build	Fastlane Build & Archive	2026-07-20T11:14:49.7934490Z |                         [32mSummary for code signing settings[0m                          |
Build	Fastlane Build & Archive	2026-07-20T11:14:49.7935760Z +-----------------------+------------------------------------------------------------+
Build	Fastlane Build & Archive	2026-07-20T11:14:49.7937540Z | path                  | /Users/runner/work/Trio/Trio/Trio.xcodeproj                |
Build	Fastlane Build & Archive	2026-07-20T11:14:49.7938890Z | profile_name          | match AppStore org.nightscout.***.trio.LiveActivity |
Build	Fastlane Build & Archive	2026-07-20T11:14:49.7939530Z | code_sign_identity    | iPhone Distribution                                        |
Build	Fastlane Build & Archive	2026-07-20T11:14:49.7940100Z | targets               | ["LiveActivityExtension"]                                  |
Build	Fastlane Build & Archive	2026-07-20T11:14:49.7940630Z | use_automatic_signing | false                                                      |
Build	Fastlane Build & Archive	2026-07-20T11:14:49.7942080Z +-----------------------+------------------------------------------------------------+
Build	Fastlane Build & Archive	2026-07-20T11:14:49.7943450Z 
Build	Fastlane Build & Archive	2026-07-20T11:14:49.8938090Z [11:14:49]: Updating the Automatic Codesigning flag to disabled for the given project '/Users/runner/work/Trio/Trio/Trio.xcodeproj/project.pbxproj'
Build	Fastlane Build & Archive	2026-07-20T11:14:49.9039610Z [11:14:49]: [33mSkipping Trio not selected (LiveActivityExtension)[0m
Build	Fastlane Build & Archive	2026-07-20T11:14:49.9141760Z [11:14:49]: [33mSkipping TrioTests not selected (LiveActivityExtension)[0m
Build	Fastlane Build & Archive	2026-07-20T11:14:49.9244610Z [11:14:49]: [33mSet Code Sign identity to: iPhone Distribution for target: LiveActivityExtension for build configuration: Debug[0m
Build	Fastlane Build & Archive	2026-07-20T11:14:49.9346950Z [11:14:49]: [33mSet Provisioning Profile name to: match AppStore org.nightscout.***.trio.LiveActivity for target: LiveActivityExtension for build configuration: Debug[0m
Build	Fastlane Build & Archive	2026-07-20T11:14:49.9447140Z [11:14:49]: [33mSet Code Sign identity to: iPhone Distribution for target: LiveActivityExtension for build configuration: Release[0m
Build	Fastlane Build & Archive	2026-07-20T11:14:49.9549580Z [11:14:49]: [33mSet Provisioning Profile name to: match AppStore org.nightscout.***.trio.LiveActivity for target: LiveActivityExtension for build configuration: Release[0m
Build	Fastlane Build & Archive	2026-07-20T11:14:49.9650590Z [11:14:49]: [33mSkipping Trio Watch App not selected (LiveActivityExtension)[0m
Build	Fastlane Build & Archive	2026-07-20T11:14:49.9786130Z [11:14:49]: [33mSkipping Trio Watch AppTests not selected (LiveActivityExtension)[0m
Build	Fastlane Build & Archive	2026-07-20T11:14:49.9860840Z [11:14:49]: [33mSkipping Trio Watch Complication Extension not selected (LiveActivityExtension)[0m
Build	Fastlane Build & Archive	2026-07-20T11:14:50.0408720Z [11:14:50]: [32mSuccessfully updated project settings to use Code Sign Style = 'Manual'[0m
Build	Fastlane Build & Archive	2026-07-20T11:14:50.0507970Z [11:14:50]: [32mModified Targets:[0m
Build	Fastlane Build & Archive	2026-07-20T11:14:50.0610040Z [11:14:50]: [32m	 * LiveActivityExtension[0m
Build	Fastlane Build & Archive	2026-07-20T11:14:50.0619050Z [11:14:50]: [32mModified Build Configurations:[0m
Build	Fastlane Build & Archive	2026-07-20T11:14:50.0621500Z [11:14:50]: [32m	 * Debug[0m
Build	Fastlane Build & Archive	2026-07-20T11:14:50.0622850Z [11:14:50]: [32m	 * Release[0m
Build	Fastlane Build & Archive	2026-07-20T11:14:50.0624860Z [11:14:50]: [32m-----------------[0m
Build	Fastlane Build & Archive	2026-07-20T11:14:50.0625890Z [11:14:50]: [32m--- Step: gym ---[0m
Build	Fastlane Build & Archive	2026-07-20T11:14:50.0626620Z [11:14:50]: [32m-----------------[0m
Build	Fastlane Build & Archive	2026-07-20T11:14:50.1804580Z [11:14:50]: [33mResolving Swift Package Manager dependencies...[0m
Build	Fastlane Build & Archive	2026-07-20T11:14:50.1906410Z [11:14:50]: [36m$ xcodebuild -resolvePackageDependencies -workspace ./Trio.xcworkspace -scheme Trio -configuration Release -destination generic/platform\=iOS[0m
Build	Fastlane Build & Archive	2026-07-20T11:14:52.1192750Z [11:14:52]: ▸ [35mCommand line invocation:[0m
Build	Fastlane Build & Archive	2026-07-20T11:14:52.1196920Z [11:14:52]: ▸ [35m    /Applications/Xcode_26.2.app/Contents/Developer/usr/bin/xcodebuild -resolvePackageDependencies -workspace ./Trio.xcworkspace -scheme Trio -configuration Release -destination generic/platform=iOS[0m
Build	Fastlane Build & Archive	2026-07-20T11:14:59.4230680Z [11:14:59]: ▸ [35mResolve Package Graph[0m
Build	Fastlane Build & Archive	2026-07-20T11:14:59.5521840Z [11:14:59]: ▸ [35mFetching from https://github.com/apple/swift-numerics[0m
Build	Fastlane Build & Archive	2026-07-20T11:15:00.5694620Z [11:15:00]: ▸ [35mFetching from https://github.com/ivanschuetz/SwiftCharts.git[0m
Build	Fastlane Build & Archive	2026-07-20T11:15:00.5804430Z [11:15:00]: ▸ [35mFetching from https://github.com/google/app-check.git[0m
Build	Fastlane Build & Archive	2026-07-20T11:15:01.2935980Z [11:15:01]: ▸ [35mFetching from https://github.com/google/interop-ios-for-google-sdks.git[0m
Build	Fastlane Build & Archive	2026-07-20T11:15:01.2958100Z [11:15:01]: ▸ [35mFetching from https://github.com/google/grpc-binary.git[0m
Build	Fastlane Build & Archive	2026-07-20T11:15:01.8785710Z [11:15:01]: ▸ [35mFetching from https://github.com/apple/swift-log.git[0m
Build	Fastlane Build & Archive	2026-07-20T11:15:02.3517120Z [11:15:02]: ▸ [35mFetching from https://github.com/google/gtm-session-fetcher.git[0m
Build	Fastlane Build & Archive	2026-07-20T11:15:02.8853830Z [11:15:02]: ▸ [35mFetching from https://github.com/Kitura/BlueCryptor.git[0m
Build	Fastlane Build & Archive	2026-07-20T11:15:03.2079190Z [11:15:03]: ▸ [35mFetching from http://github.com/Kitura/Swift-JWT.git[0m
Build	Fastlane Build & Archive	2026-07-20T11:15:04.3445990Z [11:15:04]: ▸ [35mFetching from https://github.com/Kitura/KituraContracts.git[0m
Build	Fastlane Build & Archive	2026-07-20T11:15:04.3532350Z [11:15:04]: ▸ [35mFetching from https://github.com/Kitura/LoggerAPI.git[0m
Build	Fastlane Build & Archive	2026-07-20T11:15:04.9223560Z [11:15:04]: ▸ [35mFetching from https://github.com/apple/swift-protobuf.git[0m
Build	Fastlane Build & Archive	2026-07-20T11:15:13.1184250Z [11:15:13]: ▸ [35mFetching from https://github.com/Swinject/Swinject[0m
Build	Fastlane Build & Archive	2026-07-20T11:15:13.1307400Z [11:15:13]: ▸ [35mFetching from https://github.com/no-comment/SlideButton[0m
Build	Fastlane Build & Archive	2026-07-20T11:15:13.1416520Z [11:15:13]: ▸ [35mFetching from https://github.com/google/promises.git[0m
Build	Fastlane Build & Archive	2026-07-20T11:15:13.1520630Z [11:15:13]: ▸ [35mFetching from https://github.com/google/abseil-cpp-binary.git[0m
Build	Fastlane Build & Archive	2026-07-20T11:15:13.1646950Z [11:15:13]: ▸ [35mFetching from https://github.com/firebase/firebase-ios-sdk.git[0m
Build	Fastlane Build & Archive	2026-07-20T11:15:28.1913980Z [11:15:28]: ▸ [35mFetching from https://github.com/Kitura/BlueECC.git[0m
Build	Fastlane Build & Archive	2026-07-20T11:15:28.2018200Z [11:15:28]: ▸ [35mFetching from https://github.com/google/GoogleDataTransport.git[0m
Build	Fastlane Build & Archive	2026-07-20T11:15:28.2120100Z [11:15:28]: ▸ [35mFetching from https://github.com/google/GoogleUtilities.git[0m
Build	Fastlane Build & Archive	2026-07-20T11:15:28.2223570Z [11:15:28]: ▸ [35mFetching from https://github.com/firebase/leveldb.git[0m
Build	Fastlane Build & Archive	2026-07-20T11:15:28.2327960Z [11:15:28]: ▸ [35mFetching from https://github.com/malcommac/SwiftDate[0m
Build	Fastlane Build & Archive	2026-07-20T11:15:28.2463820Z [11:15:28]: ▸ [35mFetching from https://github.com/maxkonovalov/MKRingProgressView.git[0m
Build	Fastlane Build & Archive	2026-07-20T11:15:28.2581080Z [11:15:28]: ▸ [35mFetching from https://github.com/apple/swift-algorithms[0m
Build	Fastlane Build & Archive	2026-07-20T11:15:28.2683680Z [11:15:28]: ▸ [35mFetching from https://github.com/Kitura/BlueRSA.git[0m
Build	Fastlane Build & Archive	2026-07-20T11:15:28.2791700Z [11:15:28]: ▸ [35mFetching from https://github.com/tidepool-org/TidepoolKit[0m
Build	Fastlane Build & Archive	2026-07-20T11:15:28.2900670Z [11:15:28]: ▸ [35mFetching from https://github.com/garmin/connectiq-companion-app-sdk-ios[0m
Build	Fastlane Build & Archive	2026-07-20T11:15:28.3003170Z [11:15:28]: ▸ [35mFetching from https://github.com/google/GoogleAppMeasurement.git[0m
Build	Fastlane Build & Archive	2026-07-20T11:15:28.3104790Z [11:15:28]: ▸ [35mFetching from https://github.com/firebase/nanopb.git[0m
Build	Fastlane Build & Archive	2026-07-20T11:15:28.3210380Z [11:15:28]: ▸ [35mFetching from https://github.com/krzyzanowskim/CryptoSwift[0m
Build	Fastlane Build & Archive	2026-07-20T11:15:28.3313620Z [11:15:28]: ▸ [35mCreating working copy of package ‘SwiftCharts’[0m
Build	Fastlane Build & Archive	2026-07-20T11:15:28.5592430Z [11:15:28]: ▸ [35mCreating working copy of package ‘swift-numerics’[0m
Build	Fastlane Build & Archive	2026-07-20T11:15:28.6521180Z [11:15:28]: ▸ [35mCreating working copy of package ‘app-check’[0m
Build	Fastlane Build & Archive	2026-07-20T11:15:28.8362610Z [11:15:28]: ▸ [35mChecking out master (c354c19) of package ‘SwiftCharts’[0m
Build	Fastlane Build & Archive	2026-07-20T11:15:29.3557650Z [11:15:29]: ▸ [35mChecking out 0.1.0 of package ‘swift-numerics’[0m
Build	Fastlane Build & Archive	2026-07-20T11:15:29.3663370Z [11:15:29]: ▸ [35mChecking out 11.2.0 of package ‘app-check’[0m
Build	Fastlane Build & Archive	2026-07-20T11:15:29.3776920Z [11:15:29]: ▸ [35mCreating working copy of package ‘interop-ios-for-google-sdks’[0m
Build	Fastlane Build & Archive	2026-07-20T11:15:29.3897330Z [11:15:29]: ▸ [35mChecking out 101.0.0 of package ‘interop-ios-for-google-sdks’[0m
Build	Fastlane Build & Archive	2026-07-20T11:15:29.6967370Z [11:15:29]: ▸ [35mCreating working copy of package ‘grpc-binary’[0m
Build	Fastlane Build & Archive	2026-07-20T11:15:29.7502110Z [11:15:29]: ▸ [35mCreating working copy of package ‘swift-log’[0m
Build	Fastlane Build & Archive	2026-07-20T11:15:30.3461800Z [11:15:30]: ▸ [35mChecking out 1.69.0 of package ‘grpc-binary’[0m
Build	Fastlane Build & Archive	2026-07-20T11:15:30.3576270Z [11:15:30]: ▸ [35mCreating working copy of package ‘gtm-session-fetcher’[0m
Build	Fastlane Build & Archive	2026-07-20T11:15:30.5783290Z [11:15:30]: ▸ [35mChecking out 1.6.4 of package ‘swift-log’[0m
Build	Fastlane Build & Archive	2026-07-20T11:15:30.7961950Z [11:15:30]: ▸ [35mCreating working copy of package ‘BlueCryptor’[0m
Build	Fastlane Build & Archive	2026-07-20T11:15:30.9307560Z [11:15:30]: ▸ [35mChecking out 4.4.0 of package ‘gtm-session-fetcher’[0m
Build	Fastlane Build & Archive	2026-07-20T11:15:31.1878040Z [11:15:31]: ▸ [35mChecking out 2.0.2 of package ‘BlueCryptor’[0m
Build	Fastlane Build & Archive	2026-07-20T11:15:31.1979970Z [11:15:31]: ▸ [35mCreating working copy of package ‘Swift-JWT’[0m
Build	Fastlane Build & Archive	2026-07-20T11:15:31.2081990Z [11:15:31]: ▸ [35mChecking out 4.0.1 of package ‘Swift-JWT’[0m
Build	Fastlane Build & Archive	2026-07-20T11:15:31.2125920Z [11:15:31]: ▸ [35mCreating working copy of package ‘KituraContracts’[0m
Build	Fastlane Build & Archive	2026-07-20T11:15:31.2227500Z [11:15:31]: ▸ [35mChecking out 2.0.1 of package ‘KituraContracts’[0m
Build	Fastlane Build & Archive	2026-07-20T11:15:31.2330300Z [11:15:31]: ▸ [35mCreating working copy of package ‘LoggerAPI’[0m
Build	Fastlane Build & Archive	2026-07-20T11:15:31.2432190Z [11:15:31]: ▸ [35mChecking out 2.0.0 of package ‘LoggerAPI’[0m
Build	Fastlane Build & Archive	2026-07-20T11:15:31.2536830Z [11:15:31]: ▸ [35mCreating working copy of package ‘swift-protobuf’[0m
Build	Fastlane Build & Archive	2026-07-20T11:15:31.2640050Z [11:15:31]: ▸ [35mCreating working copy of package ‘Swinject’[0m
Build	Fastlane Build & Archive	2026-07-20T11:15:31.2743090Z [11:15:31]: ▸ [35mCreating working copy of package ‘promises’[0m
Build	Fastlane Build & Archive	2026-07-20T11:15:31.2844600Z [11:15:31]: ▸ [35mChecking out 1.29.0 of package ‘swift-protobuf’[0m
Build	Fastlane Build & Archive	2026-07-20T11:15:31.2946240Z [11:15:31]: ▸ [35mChecking out 2.4.0 of package ‘promises’[0m
Build	Fastlane Build & Archive	2026-07-20T11:15:31.3048760Z [11:15:31]: ▸ [35mChecking out 2.9.1 of package ‘Swinject’[0m
Build	Fastlane Build & Archive	2026-07-20T11:15:31.3152580Z [11:15:31]: ▸ [35mCreating working copy of package ‘abseil-cpp-binary’[0m
Build	Fastlane Build & Archive	2026-07-20T11:15:31.3254890Z [11:15:31]: ▸ [35mCreating working copy of package ‘firebase-ios-sdk’[0m
Build	Fastlane Build & Archive	2026-07-20T11:15:31.3356760Z [11:15:31]: ▸ [35mChecking out 1.2024072200.0 of package ‘abseil-cpp-binary’[0m
Build	Fastlane Build & Archive	2026-07-20T11:15:31.3462080Z [11:15:31]: ▸ [35mCreating working copy of package ‘BlueECC’[0m
Build	Fastlane Build & Archive	2026-07-20T11:15:31.3565760Z [11:15:31]: ▸ [35mChecking out 1.2.201 of package ‘BlueECC’[0m
Build	Fastlane Build & Archive	2026-07-20T11:15:31.3601490Z [11:15:31]: ▸ [35mChecking out 11.11.0 of package ‘firebase-ios-sdk’[0m
Build	Fastlane Build & Archive	2026-07-20T11:15:31.8038050Z [11:15:31]: ▸ [35mCreating working copy of package ‘GoogleDataTransport’[0m
Build	Fastlane Build & Archive	2026-07-20T11:15:31.8140810Z [11:15:31]: ▸ [35mCreating working copy of package ‘GoogleUtilities’[0m
Build	Fastlane Build & Archive	2026-07-20T11:15:31.8252920Z [11:15:31]: ▸ [35mChecking out 10.1.0 of package ‘GoogleDataTransport’[0m
Build	Fastlane Build & Archive	2026-07-20T11:15:31.8487240Z [11:15:31]: ▸ [35mChecking out 8.0.2 of package ‘GoogleUtilities’[0m
Build	Fastlane Build & Archive	2026-07-20T11:15:31.8599610Z [11:15:31]: ▸ [35mCreating working copy of package ‘leveldb’[0m
Build	Fastlane Build & Archive	2026-07-20T11:15:31.8711100Z [11:15:31]: ▸ [35mCreating working copy of package ‘SwiftDate’[0m
Build	Fastlane Build & Archive	2026-07-20T11:15:31.8916900Z [11:15:31]: ▸ [35mChecking out 1.22.5 of package ‘leveldb’[0m
Build	Fastlane Build & Archive	2026-07-20T11:15:31.9141750Z [11:15:31]: ▸ [35mChecking out 6.3.1 of package ‘SwiftDate’[0m
Build	Fastlane Build & Archive	2026-07-20T11:15:31.9383690Z [11:15:31]: ▸ [35mCreating working copy of package ‘MKRingProgressView’[0m
Build	Fastlane Build & Archive	2026-07-20T11:15:31.9602580Z [11:15:31]: ▸ [35mChecking out master (660888a) of package ‘MKRingProgressView’[0m
Build	Fastlane Build & Archive	2026-07-20T11:15:31.9889780Z [11:15:31]: ▸ [35mCreating working copy of package ‘SlideButton’[0m
Build	Fastlane Build & Archive	2026-07-20T11:15:32.0011550Z [11:15:31]: ▸ [35mCreating working copy of package ‘BlueRSA’[0m
Build	Fastlane Build & Archive	2026-07-20T11:15:32.0116440Z [11:15:31]: ▸ [35mChecking out main (5eacebb) of package ‘SlideButton’[0m
Build	Fastlane Build & Archive	2026-07-20T11:15:32.0221780Z [11:15:31]: ▸ [35mChecking out 1.0.203 of package ‘BlueRSA’[0m
Build	Fastlane Build & Archive	2026-07-20T11:15:32.0327100Z [11:15:31]: ▸ [35mCreating working copy of package ‘swift-algorithms’[0m
Build	Fastlane Build & Archive	2026-07-20T11:15:32.0432890Z [11:15:31]: ▸ [35mCreating working copy of package ‘connectiq-companion-app-sdk-ios’[0m
Build	Fastlane Build & Archive	2026-07-20T11:15:32.0545230Z [11:15:31]: ▸ [35mChecking out 0.2.1 of package ‘swift-algorithms’[0m
Build	Fastlane Build & Archive	2026-07-20T11:15:32.0648380Z [11:15:31]: ▸ [35mChecking out 1.8.0 of package ‘connectiq-companion-app-sdk-ios’[0m
Build	Fastlane Build & Archive	2026-07-20T11:15:32.0753260Z [11:15:31]: ▸ [35mCreating working copy of package ‘TidepoolKit’[0m
Build	Fastlane Build & Archive	2026-07-20T11:15:32.0857150Z [11:15:31]: ▸ [35mChecking out dev (5c92b4f) of package ‘TidepoolKit’[0m
Build	Fastlane Build & Archive	2026-07-20T11:15:32.0958190Z [11:15:31]: ▸ [35mCreating working copy of package ‘nanopb’[0m
Build	Fastlane Build & Archive	2026-07-20T11:15:32.1060590Z [11:15:31]: ▸ [35mChecking out 2.30910.0 of package ‘nanopb’[0m
Build	Fastlane Build & Archive	2026-07-20T11:15:32.1161800Z [11:15:31]: ▸ [35mCreating working copy of package ‘CryptoSwift’[0m
Build	Fastlane Build & Archive	2026-07-20T11:15:32.1265920Z [11:15:31]: ▸ [35mChecking out 1.8.2 of package ‘CryptoSwift’[0m
Build	Fastlane Build & Archive	2026-07-20T11:15:32.1367470Z [11:15:31]: ▸ [35mCreating working copy of package ‘GoogleAppMeasurement’[0m
Build	Fastlane Build & Archive	2026-07-20T11:15:32.1469480Z [11:15:31]: ▸ [35mChecking out 11.11.0 of package ‘GoogleAppMeasurement’[0m
Build	Fastlane Build & Archive	2026-07-20T11:16:30.6728390Z [11:16:30]: ▸ [35mUpdating from https://github.com/maxkonovalov/MKRingProgressView.git[0m
Build	Fastlane Build & Archive	2026-07-20T11:16:32.7626240Z [11:16:32]: ▸ [35mUpdating from https://github.com/no-comment/SlideButton[0m
Build	Fastlane Build & Archive	2026-07-20T11:16:33.9968900Z [11:16:33]: ▸ [35mUpdating from https://github.com/ivanschuetz/SwiftCharts.git[0m
Build	Fastlane Build & Archive	2026-07-20T11:16:35.0744170Z [11:16:35]: ▸ [35mUpdating from https://github.com/tidepool-org/TidepoolKit[0m
Build	Fastlane Build & Archive	2026-07-20T11:16:36.3589820Z [11:16:36]: ▸ [35mUpdating from https://github.com/apple/swift-algorithms[0m
Build	Fastlane Build & Archive	2026-07-20T11:16:37.0636880Z [11:16:37]: ▸ [35mUpdating from https://github.com/apple/swift-numerics[0m
Build	Fastlane Build & Archive	2026-07-20T11:16:37.0870990Z [11:16:37]: ▸ [35mUpdating from https://github.com/google/GoogleDataTransport.git[0m
Build	Fastlane Build & Archive	2026-07-20T11:16:37.6310400Z [11:16:37]: ▸ [35mUpdating from https://github.com/Kitura/BlueECC.git[0m
Build	Fastlane Build & Archive	2026-07-20T11:16:37.6311160Z [11:16:37]: ▸ [35mUpdating from https://github.com/google/gtm-session-fetcher.git[0m
Build	Fastlane Build & Archive	2026-07-20T11:16:37.8437060Z [11:16:37]: ▸ [35mUpdating from https://github.com/google/GoogleAppMeasurement.git[0m
Build	Fastlane Build & Archive	2026-07-20T11:16:38.0279130Z [11:16:38]: ▸ [35mUpdating from https://github.com/krzyzanowskim/CryptoSwift[0m
Build	Fastlane Build & Archive	2026-07-20T11:16:38.2611050Z [11:16:38]: ▸ [35mUpdating from https://github.com/Swinject/Swinject[0m
Build	Fastlane Build & Archive	2026-07-20T11:16:38.5621660Z [11:16:38]: ▸ [35mUpdating from https://github.com/google/app-check.git[0m
Build	Fastlane Build & Archive	2026-07-20T11:16:38.6314410Z [11:16:38]: ▸ [35mUpdating from https://github.com/Kitura/BlueCryptor.git[0m
Build	Fastlane Build & Archive	2026-07-20T11:16:38.9879930Z [11:16:38]: ▸ [35mUpdating from https://github.com/apple/swift-protobuf.git[0m
Build	Fastlane Build & Archive	2026-07-20T11:16:39.1932110Z [11:16:39]: ▸ [35mUpdating from https://github.com/Kitura/BlueRSA.git[0m
Build	Fastlane Build & Archive	2026-07-20T11:16:39.3704180Z [11:16:39]: ▸ [35mUpdating from https://github.com/firebase/leveldb.git[0m
Build	Fastlane Build & Archive	2026-07-20T11:16:39.5384340Z [11:16:39]: ▸ [35mUpdating from https://github.com/garmin/connectiq-companion-app-sdk-ios[0m
Build	Fastlane Build & Archive	2026-07-20T11:16:39.6969500Z [11:16:39]: ▸ [35mUpdating from https://github.com/apple/swift-log.git[0m
Build	Fastlane Build & Archive	2026-07-20T11:16:39.9666240Z [11:16:39]: ▸ [35mUpdating from https://github.com/Kitura/KituraContracts.git[0m
Build	Fastlane Build & Archive	2026-07-20T11:16:40.0413740Z [11:16:40]: ▸ [35mUpdating from https://github.com/firebase/firebase-ios-sdk.git[0m
Build	Fastlane Build & Archive	2026-07-20T11:16:41.0150990Z [11:16:41]: ▸ [35mUpdating from https://github.com/google/GoogleUtilities.git[0m
Build	Fastlane Build & Archive	2026-07-20T11:16:41.0154960Z [11:16:41]: ▸ [35mUpdating from https://github.com/malcommac/SwiftDate[0m
Build	Fastlane Build & Archive	2026-07-20T11:16:41.0155800Z [11:16:41]: ▸ [35mUpdating from https://github.com/google/interop-ios-for-google-sdks.git[0m
Build	Fastlane Build & Archive	2026-07-20T11:16:41.1520980Z [11:16:41]: ▸ [35mUpdating from https://github.com/google/abseil-cpp-binary.git[0m
Build	Fastlane Build & Archive	2026-07-20T11:16:41.3768040Z [11:16:41]: ▸ [35mUpdating from http://github.com/Kitura/Swift-JWT.git[0m
Build	Fastlane Build & Archive	2026-07-20T11:16:41.6676380Z [11:16:41]: ▸ [35mUpdating from https://github.com/firebase/nanopb.git[0m
Build	Fastlane Build & Archive	2026-07-20T11:16:41.7281090Z [11:16:41]: ▸ [35mUpdating from https://github.com/google/grpc-binary.git[0m
Build	Fastlane Build & Archive	2026-07-20T11:16:41.9911270Z [11:16:41]: ▸ [35mUpdating from https://github.com/Kitura/LoggerAPI.git[0m
Build	Fastlane Build & Archive	2026-07-20T11:16:42.0658870Z [11:16:42]: ▸ [35mUpdating from https://github.com/google/promises.git[0m
Build	Fastlane Build & Archive	2026-07-20T11:16:42.3977370Z [11:16:42]: ▸ [35mFetching from https://github.com/SwiftKickMobile/SwiftMessages[0m
Build	Fastlane Build & Archive	2026-07-20T11:17:16.4714860Z [11:17:16]: ▸ [35mCreating working copy of package ‘SwiftMessages’[0m
Build	Fastlane Build & Archive	2026-07-20T11:17:16.5796250Z [11:17:16]: ▸ [35mChecking out 9.0.9 of package ‘SwiftMessages’[0m
Build	Fastlane Build & Archive	2026-07-20T11:17:21.3023180Z [11:17:21]: ▸ [35mResolved source packages:[0m
Build	Fastlane Build & Archive	2026-07-20T11:17:21.3024580Z [11:17:21]: ▸ [35m  SwiftDate: https://github.com/malcommac/SwiftDate @ 6.3.1[0m
Build	Fastlane Build & Archive	2026-07-20T11:17:21.3025500Z [11:17:21]: ▸ [35m  Swinject: https://github.com/Swinject/Swinject @ 2.9.1[0m
Build	Fastlane Build & Archive	2026-07-20T11:17:21.3026320Z [11:17:21]: ▸ [35m  leveldb: https://github.com/firebase/leveldb.git @ 1.22.5[0m
Build	Fastlane Build & Archive	2026-07-20T11:17:21.3029410Z [11:17:21]: ▸ [35m  ConnectIQ: https://github.com/garmin/connectiq-companion-app-sdk-ios @ 1.8.0[0m
Build	Fastlane Build & Archive	2026-07-20T11:17:21.3031960Z [11:17:21]: ▸ [35m  swift-log: https://github.com/apple/swift-log.git @ 1.6.4[0m
Build	Fastlane Build & Archive	2026-07-20T11:17:21.3037390Z [11:17:21]: ▸ [35m  CryptoSwift: https://github.com/krzyzanowskim/CryptoSwift @ 1.8.2[0m
Build	Fastlane Build & Archive	2026-07-20T11:17:21.3052720Z [11:17:21]: ▸ [35m  GTMSessionFetcher: https://github.com/google/gtm-session-fetcher.git @ 4.4.0[0m
Build	Fastlane Build & Archive	2026-07-20T11:17:21.3054330Z [11:17:21]: ▸ [35m  InteropForGoogle: https://github.com/google/interop-ios-for-google-sdks.git @ 101.0.0[0m
Build	Fastlane Build & Archive	2026-07-20T11:17:21.3057270Z [11:17:21]: ▸ [35m  swift-algorithms: https://github.com/apple/swift-algorithms @ 0.2.1[0m
Build	Fastlane Build & Archive	2026-07-20T11:17:21.3059330Z [11:17:21]: ▸ [35m  abseil: https://github.com/google/abseil-cpp-binary.git @ 1.2024072200.0[0m
Build	Fastlane Build & Archive	2026-07-20T11:17:21.3061070Z [11:17:21]: ▸ [35m  Firebase: https://github.com/firebase/firebase-ios-sdk.git @ 11.11.0[0m
Build	Fastlane Build & Archive	2026-07-20T11:17:21.3062020Z [11:17:21]: ▸ [35m  TidepoolKit: https://github.com/tidepool-org/TidepoolKit @ dev (5c92b4f)[0m
Build	Fastlane Build & Archive	2026-07-20T11:17:21.3062860Z [11:17:21]: ▸ [35m  SlideButton: https://github.com/no-comment/SlideButton @ main (5eacebb)[0m
Build	Fastlane Build & Archive	2026-07-20T11:17:21.3063780Z [11:17:21]: ▸ [35m  AppCheck: https://github.com/google/app-check.git @ 11.2.0[0m
Build	Fastlane Build & Archive	2026-07-20T11:17:21.3064620Z [11:17:21]: ▸ [35m  KituraContracts: https://github.com/Kitura/KituraContracts.git @ 2.0.1[0m
Build	Fastlane Build & Archive	2026-07-20T11:17:21.3065360Z [11:17:21]: ▸ [35m  SwiftJWT: http://github.com/Kitura/Swift-JWT.git @ 4.0.1[0m
Build	Fastlane Build & Archive	2026-07-20T11:17:21.3066030Z [11:17:21]: ▸ [35m  swift-numerics: https://github.com/apple/swift-numerics @ 0.1.0[0m
Build	Fastlane Build & Archive	2026-07-20T11:17:21.3066690Z [11:17:21]: ▸ [35m  CryptorECC: https://github.com/Kitura/BlueECC.git @ 1.2.201[0m
Build	Fastlane Build & Archive	2026-07-20T11:17:21.3067380Z [11:17:21]: ▸ [35m  LoggerAPI: https://github.com/Kitura/LoggerAPI.git @ 2.0.0[0m
Build	Fastlane Build & Archive	2026-07-20T11:17:21.3068130Z [11:17:21]: ▸ [35m  SwiftMessages: https://github.com/SwiftKickMobile/SwiftMessages @ 9.0.9[0m
Build	Fastlane Build & Archive	2026-07-20T11:17:21.3068830Z [11:17:21]: ▸ [35m  gRPC: https://github.com/google/grpc-binary.git @ 1.69.0[0m
Build	Fastlane Build & Archive	2026-07-20T11:17:21.3069450Z [11:17:21]: ▸ [35m  CryptorRSA: https://github.com/Kitura/BlueRSA.git @ 1.0.203[0m
Build	Fastlane Build & Archive	2026-07-20T11:17:21.3070200Z [11:17:21]: ▸ [35m  GoogleAppMeasurement: https://github.com/google/GoogleAppMeasurement.git @ 11.11.0[0m
Build	Fastlane Build & Archive	2026-07-20T11:17:21.3070950Z [11:17:21]: ▸ [35m  nanopb: https://github.com/firebase/nanopb.git @ 2.30910.0[0m
Build	Fastlane Build & Archive	2026-07-20T11:17:21.3071660Z [11:17:21]: ▸ [35m  SwiftCharts: https://github.com/ivanschuetz/SwiftCharts.git @ master (c354c19)[0m
Build	Fastlane Build & Archive	2026-07-20T11:17:21.3072340Z [11:17:21]: ▸ [35m  Promises: https://github.com/google/promises.git @ 2.4.0[0m
Build	Fastlane Build & Archive	2026-07-20T11:17:21.3073130Z [11:17:21]: ▸ [35m  MKRingProgressView: https://github.com/maxkonovalov/MKRingProgressView.git @ master (660888a)[0m
Build	Fastlane Build & Archive	2026-07-20T11:17:21.3074050Z [11:17:21]: ▸ [35m  Cryptor: https://github.com/Kitura/BlueCryptor.git @ 2.0.2[0m
Build	Fastlane Build & Archive	2026-07-20T11:17:21.3074700Z [11:17:21]: ▸ [35m  GoogleUtilities: https://github.com/google/GoogleUtilities.git @ 8.0.2[0m
Build	Fastlane Build & Archive	2026-07-20T11:17:21.3087370Z [11:17:21]: ▸ [35m  SwiftProtobuf: https://github.com/apple/swift-protobuf.git @ 1.29.0[0m
Build	Fastlane Build & Archive	2026-07-20T11:17:21.3088840Z [11:17:21]: ▸ [35m  GoogleDataTransport: https://github.com/google/GoogleDataTransport.git @ 10.1.0[0m
Build	Fastlane Build & Archive	2026-07-20T11:17:21.3092150Z [11:17:21]: ▸ [35mresolved source packages: SwiftDate, Swinject, leveldb, ConnectIQ, swift-log, CryptoSwift, GTMSessionFetcher, InteropForGoogle, swift-algorithms, abseil, Firebase, TidepoolKit, SlideButton, AppCheck, KituraContracts, SwiftJWT, swift-numerics, CryptorECC, LoggerAPI, SwiftMessages, gRPC, CryptorRSA, GoogleAppMeasurement, nanopb, SwiftCharts, Promises, MKRingProgressView, Cryptor, GoogleUtilities, SwiftProtobuf, GoogleDataTransport[0m
Build	Fastlane Build & Archive	2026-07-20T11:17:21.3405230Z [11:17:21]: [36m$ xcodebuild -showBuildSettings -workspace ./Trio.xcworkspace -scheme Trio -configuration Release -destination generic/platform\=iOS 2>&1[0m
Build	Fastlane Build & Archive	2026-07-20T11:17:42.3117200Z [11:17:42]: Detected provisioning profile mapping: {"org.nightscout.***.trio": "match AppStore org.nightscout.***.trio", "org.nightscout.***.trio.watchkitapp": "match AppStore org.nightscout.***.trio.watchkitapp", "org.nightscout.***.trio.watchkitapp.TrioWatchComplication": "match AppStore org.nightscout.***.trio.watchkitapp.TrioWatchComplication", "org.nightscout.***.trio.LiveActivity": "match AppStore org.nightscout.***.trio.LiveActivity"}
Build	Fastlane Build & Archive	2026-07-20T11:17:42.8285180Z 
Build	Fastlane Build & Archive	2026-07-20T11:17:42.8300540Z +----------------------------------------------------------------------------------------------------------------------------------------------------------------------------------------+
Build	Fastlane Build & Archive	2026-07-20T11:17:42.8304830Z |                                                                                [32mSummary for gym 2.235.0[0m                                                                                 |
Build	Fastlane Build & Archive	2026-07-20T11:17:42.8305780Z +------------------------------------------------------------------------------------------------------+---------------------------------------------------------------------------------+
Build	Fastlane Build & Archive	2026-07-20T11:17:42.8308350Z | export_method                                                                                        | app-store                                                                       |
Build	Fastlane Build & Archive	2026-07-20T11:17:42.8311090Z | scheme                                                                                               | Trio                                                                            |
Build	Fastlane Build & Archive	2026-07-20T11:17:42.8312980Z | output_name                                                                                          | Trio                                                                            |
Build	Fastlane Build & Archive	2026-07-20T11:17:42.8314810Z | configuration                                                                                        | Release                                                                         |
Build	Fastlane Build & Archive	2026-07-20T11:17:42.8317030Z | destination                                                                                          | generic/platform=iOS                                                            |
Build	Fastlane Build & Archive	2026-07-20T11:17:42.8319060Z | buildlog_path                                                                                        | buildlog                                                                        |
Build	Fastlane Build & Archive	2026-07-20T11:17:42.8321430Z | export_options.provisioningProfiles.org.nightscout.***.trio                                   | match AppStore org.nightscout.***.trio                                   |
Build	Fastlane Build & Archive	2026-07-20T11:17:42.8322700Z | export_options.provisioningProfiles.org.nightscout.***.trio.watchkitapp                       | match AppStore org.nightscout.***.trio.watchkitapp                       |
Build	Fastlane Build & Archive	2026-07-20T11:17:42.8323950Z | export_options.provisioningProfiles.org.nightscout.***.trio.watchkitapp.TrioWatchComplication | match AppStore org.nightscout.***.trio.watchkitapp.TrioWatchComplication |
Build	Fastlane Build & Archive	2026-07-20T11:17:42.8331260Z | export_options.provisioningProfiles.org.nightscout.***.trio.LiveActivity                      | match AppStore org.nightscout.***.trio.LiveActivity                      |
Build	Fastlane Build & Archive	2026-07-20T11:17:42.8332360Z | workspace                                                                                            | ./Trio.xcworkspace                                                              |
Build	Fastlane Build & Archive	2026-07-20T11:17:42.8334800Z | clean                                                                                                | false                                                                           |
Build	Fastlane Build & Archive	2026-07-20T11:17:42.8341280Z | output_directory                                                                                     | .                                                                               |
Build	Fastlane Build & Archive	2026-07-20T11:17:42.8342240Z | silent                                                                                               | false                                                                           |
Build	Fastlane Build & Archive	2026-07-20T11:17:42.8345270Z | skip_package_ipa                                                                                     | false                                                                           |
Build	Fastlane Build & Archive	2026-07-20T11:17:42.8347930Z | skip_package_pkg                                                                                     | false                                                                           |
Build	Fastlane Build & Archive	2026-07-20T11:17:42.8348830Z | build_path                                                                                           | /Users/runner/Library/Developer/Xcode/Archives/2026-07-20                       |
Build	Fastlane Build & Archive	2026-07-20T11:17:42.8349710Z | result_bundle                                                                                        | false                                                                           |
Build	Fastlane Build & Archive	2026-07-20T11:17:42.8350800Z | xcodebuild_formatter                                                                                 | xcbeautify                                                                      |
Build	Fastlane Build & Archive	2026-07-20T11:17:42.8351730Z | build_timing_summary                                                                                 | false                                                                           |
Build	Fastlane Build & Archive	2026-07-20T11:17:42.8354170Z | skip_profile_detection                                                                               | false                                                                           |
Build	Fastlane Build & Archive	2026-07-20T11:17:42.8355150Z | xcodebuild_command                                                                                   | xcodebuild                                                                      |
Build	Fastlane Build & Archive	2026-07-20T11:17:42.8356750Z | skip_package_dependencies_resolution                                                                 | false                                                                           |
Build	Fastlane Build & Archive	2026-07-20T11:17:42.8357910Z | disable_package_automatic_updates                                                                    | false                                                                           |
Build	Fastlane Build & Archive	2026-07-20T11:17:42.8359340Z | skip_package_repository_fetches                                                                      | false                                                                           |
Build	Fastlane Build & Archive	2026-07-20T11:17:42.8361690Z | use_system_scm                                                                                       | false                                                                           |
Build	Fastlane Build & Archive	2026-07-20T11:17:42.8363190Z | generate_appstore_info                                                                               | false                                                                           |
Build	Fastlane Build & Archive	2026-07-20T11:17:42.8364960Z | xcode_path                                                                                           | /Applications/Xcode_26.2.app                                                    |
Build	Fastlane Build & Archive	2026-07-20T11:17:42.8367330Z +------------------------------------------------------------------------------------------------------+---------------------------------------------------------------------------------+
Build	Fastlane Build & Archive	2026-07-20T11:17:42.8368590Z 
Build	Fastlane Build & Archive	2026-07-20T11:17:42.8382750Z [11:17:42]: [36m$ set -o pipefail && xcodebuild -workspace ./Trio.xcworkspace -scheme Trio -configuration Release -destination 'generic/platform=iOS' -archivePath /Users/runner/Library/Developer/Xcode/Archives/2026-07-20/Trio\ 2026-07-20\ 11.17.42.xcarchive archive | tee /Users/runner/work/Trio/Trio/buildlog/LoopKit-Trio.log | xcbeautify[0m
Build	Fastlane Build & Archive	2026-07-20T11:17:42.9413520Z [11:17:42]: ▸ [35m----- xcbeautify -----[0m
Build	Fastlane Build & Archive	2026-07-20T11:17:42.9414880Z [11:17:42]: ▸ [35mVersion: 3.2.1[0m
Build	Fastlane Build & Archive	2026-07-20T11:17:42.9415830Z [11:17:42]: ▸ [35m----------------------[0m
Build	Fastlane Build & Archive	2026-07-20T11:17:45.9841080Z [11:17:45]: ▸ [35m[36;1mResolving Package Graph[0m
Build	Fastlane Build & Archive	2026-07-20T11:17:49.4025090Z [11:17:49]: ▸ [35m[32;1mResolved source packages[0m
Build	Fastlane Build & Archive	2026-07-20T11:17:49.4026560Z [11:17:49]: ▸ [35m[36;1mswift-algorithms[0m - [1mhttps://github.com/apple/swift-algorithms[0m @ [32m0.2.1[0m
Build	Fastlane Build & Archive	2026-07-20T11:17:49.4029830Z [11:17:49]: ▸ [35m[36;1mSwiftJWT[0m - [1mhttp://github.com/Kitura/Swift-JWT.git[0m @ [32m4.0.1[0m
Build	Fastlane Build & Archive	2026-07-20T11:17:49.4113680Z [11:17:49]: ▸ [35m[36;1mSwiftDate[0m - [1mhttps://github.com/malcommac/SwiftDate[0m @ [32m6.3.1[0m
Build	Fastlane Build & Archive	2026-07-20T11:17:49.4165750Z [11:17:49]: ▸ [35m[36;1mleveldb[0m - [1mhttps://github.com/firebase/leveldb.git[0m @ [32m1.22.5[0m
Build	Fastlane Build & Archive	2026-07-20T11:17:49.4166870Z [11:17:49]: ▸ [35m[36;1mgRPC[0m - [1mhttps://github.com/google/grpc-binary.git[0m @ [32m1.69.0[0m
Build	Fastlane Build & Archive	2026-07-20T11:17:49.4167890Z [11:17:49]: ▸ [35m[36;1mGoogleDataTransport[0m - [1mhttps://github.com/google/GoogleDataTransport.git[0m @ [32m10.1.0[0m
Build	Fastlane Build & Archive	2026-07-20T11:17:49.4169060Z [11:17:49]: ▸ [35m[36;1mPromises[0m - [1mhttps://github.com/google/promises.git[0m @ [32m2.4.0[0m
Build	Fastlane Build & Archive	2026-07-20T11:17:49.4169930Z [11:17:49]: ▸ [35m[36;1mGTMSessionFetcher[0m - [1mhttps://github.com/google/gtm-session-fetcher.git[0m @ [32m4.4.0[0m
Build	Fastlane Build & Archive	2026-07-20T11:17:49.4170910Z [11:17:49]: ▸ [35m[36;1mLoggerAPI[0m - [1mhttps://github.com/Kitura/LoggerAPI.git[0m @ [32m2.0.0[0m
Build	Fastlane Build & Archive	2026-07-20T11:17:49.4171810Z [11:17:49]: ▸ [35m[36;1mCryptorECC[0m - [1mhttps://github.com/Kitura/BlueECC.git[0m @ [32m1.2.201[0m
Build	Fastlane Build & Archive	2026-07-20T11:17:49.4172650Z [11:17:49]: ▸ [35m[36;1mabseil[0m - [1mhttps://github.com/google/abseil-cpp-binary.git[0m @ [32m1.2024072200.0[0m
Build	Fastlane Build & Archive	2026-07-20T11:17:49.4173540Z [11:17:49]: ▸ [35m[36;1mConnectIQ[0m - [1mhttps://github.com/garmin/connectiq-companion-app-sdk-ios[0m @ [32m1.8.0[0m
Build	Fastlane Build & Archive	2026-07-20T11:17:49.4174370Z [11:17:49]: ▸ [35m[36;1mswift-log[0m - [1mhttps://github.com/apple/swift-log.git[0m @ [32m1.6.4[0m
Build	Fastlane Build & Archive	2026-07-20T11:17:49.4175170Z [11:17:49]: ▸ [35m[36;1mSwiftMessages[0m - [1mhttps://github.com/SwiftKickMobile/SwiftMessages[0m @ [32m9.0.9[0m
Build	Fastlane Build & Archive	2026-07-20T11:17:49.4176110Z [11:17:49]: ▸ [35m[36;1mKituraContracts[0m - [1mhttps://github.com/Kitura/KituraContracts.git[0m @ [32m2.0.1[0m
Build	Fastlane Build & Archive	2026-07-20T11:17:49.4177380Z [11:17:49]: ▸ [35m[36;1mnanopb[0m - [1mhttps://github.com/firebase/nanopb.git[0m @ [32m2.30910.0[0m
Build	Fastlane Build & Archive	2026-07-20T11:17:49.4178190Z [11:17:49]: ▸ [35m[36;1mCryptorRSA[0m - [1mhttps://github.com/Kitura/BlueRSA.git[0m @ [32m1.0.203[0m
Build	Fastlane Build & Archive	2026-07-20T11:17:49.4178980Z [11:17:49]: ▸ [35m[36;1mCryptor[0m - [1mhttps://github.com/Kitura/BlueCryptor.git[0m @ [32m2.0.2[0m
Build	Fastlane Build & Archive	2026-07-20T11:17:49.4180900Z [11:17:49]: ▸ [35m[36;1mInteropForGoogle[0m - [1mhttps://github.com/google/interop-ios-for-google-sdks.git[0m @ [32m101.0.0[0m
Build	Fastlane Build & Archive	2026-07-20T11:17:49.4181920Z [11:17:49]: ▸ [35m[36;1mGoogleAppMeasurement[0m - [1mhttps://github.com/google/GoogleAppMeasurement.git[0m @ [32m11.11.0[0m
Build	Fastlane Build & Archive	2026-07-20T11:17:49.4182740Z [11:17:49]: ▸ [35m[36;1mSwinject[0m - [1mhttps://github.com/Swinject/Swinject[0m @ [32m2.9.1[0m
Build	Fastlane Build & Archive	2026-07-20T11:17:49.4183500Z [11:17:49]: ▸ [35m[36;1mAppCheck[0m - [1mhttps://github.com/google/app-check.git[0m @ [32m11.2.0[0m
Build	Fastlane Build & Archive	2026-07-20T11:17:49.4186050Z [11:17:49]: ▸ [35m[36;1mCryptoSwift[0m - [1mhttps://github.com/krzyzanowskim/CryptoSwift[0m @ [32m1.8.2[0m
Build	Fastlane Build & Archive	2026-07-20T11:17:49.4186900Z [11:17:49]: ▸ [35m[36;1mFirebase[0m - [1mhttps://github.com/firebase/firebase-ios-sdk.git[0m @ [32m11.11.0[0m
Build	Fastlane Build & Archive	2026-07-20T11:17:49.4188270Z [11:17:49]: ▸ [35m[36;1mswift-numerics[0m - [1mhttps://github.com/apple/swift-numerics[0m @ [32m0.1.0[0m
Build	Fastlane Build & Archive	2026-07-20T11:17:49.4189140Z [11:17:49]: ▸ [35m[36;1mSwiftProtobuf[0m - [1mhttps://github.com/apple/swift-protobuf.git[0m @ [32m1.29.0[0m
Build	Fastlane Build & Archive	2026-07-20T11:17:49.4189980Z [11:17:49]: ▸ [35m[36;1mGoogleUtilities[0m - [1mhttps://github.com/google/GoogleUtilities.git[0m @ [32m8.0.2[0m
Build	Fastlane Build & Archive	2026-07-20T11:17:55.9777270Z [11:17:55]: ▸ [35m[36;1mnote: [0mBuilding targets in dependency order[0m
Build	Fastlane Build & Archive	2026-07-20T11:17:55.9969090Z [11:17:55]: ▸ [35m[36;1mnote: [0mTarget dependency graph (109 targets)[0m
Build	Fastlane Build & Archive	2026-07-20T11:18:18.0924560Z [11:18:18]: ▸ [35m[[36mTrio Watch Complication Extension[0m] [1mWrite Auxiliary File[0m Trio\ Watch\ Complication\ Extension.hmap[0m
Build	Fastlane Build & Archive	2026-07-20T11:18:18.1016280Z [11:18:18]: ▸ [35m[[36mthird-party-IsAppEncrypted[0m] [1mWrite Auxiliary File[0m third-party-IsAppEncrypted.modulemap[0m
Build	Fastlane Build & Archive	2026-07-20T11:18:18.1123470Z [11:18:18]: ▸ [35m[[36mthird-party-IsAppEncrypted[0m] [1mWrite Auxiliary File[0m third-party-IsAppEncrypted.DependencyStaticMetadataFileList[0m
Build	Fastlane Build & Archive	2026-07-20T11:18:18.1223320Z [11:18:18]: ▸ [35m[[36mthird-party-IsAppEncrypted[0m] [1mWrite Auxiliary File[0m third-party-IsAppEncrypted.DependencyMetadataFileList[0m
Build	Fastlane Build & Archive	2026-07-20T11:18:18.1325850Z [11:18:18]: ▸ [35m[[36mthird-party-IsAppEncrypted[0m] [1mWrite Auxiliary File[0m third-party-IsAppEncrypted.LinkFileList[0m
Build	Fastlane Build & Archive	2026-07-20T11:18:18.1428090Z [11:18:18]: ▸ [35m[[36mthird-party-IsAppEncrypted[0m] [1mWrite Auxiliary File[0m e6072d4f65d7061329687fe24e3d63a7-common-args.resp[0m
Build	Fastlane Build & Archive	2026-07-20T11:18:18.1530000Z [11:18:18]: ▸ [35m[[36mthird-party-IsAppEncrypted[0m] [1mCopy[0m third-party-IsAppEncrypted.modulemap -> third-party-IsAppEncrypted.modulemap[0m
Build	Fastlane Build & Archive	2026-07-20T11:18:18.1622690Z [11:18:18]: ▸ [35m[[36mnanopb_nanopb[0m] [1mWrite Auxiliary File[0m nanopb_nanopb.DependencyStaticMetadataFileList[0m
Build	Fastlane Build & Archive	2026-07-20T11:18:18.1725400Z [11:18:18]: ▸ [35m[[36mnanopb_nanopb[0m] [1mWrite Auxiliary File[0m nanopb_nanopb.DependencyMetadataFileList[0m
Build	Fastlane Build & Archive	2026-07-20T11:18:18.1827330Z [11:18:18]: ▸ [35m[[36mnanopb_nanopb[0m] [1mWrite Auxiliary File[0m empty-nanopb_nanopb.plist[0m
Build	Fastlane Build & Archive	2026-07-20T11:18:18.1929420Z [11:18:18]: ▸ [35m[[36mnanopb[0m] [1mWrite Auxiliary File[0m nanopb.modulemap[0m
Build	Fastlane Build & Archive	2026-07-20T11:18:18.2035230Z [11:18:18]: ▸ [35m[[36mnanopb[0m] [1mWrite Auxiliary File[0m nanopb.DependencyStaticMetadataFileList[0m
Build	Fastlane Build & Archive	2026-07-20T11:18:18.2138200Z [11:18:18]: ▸ [35m[[36mnanopb[0m] [1mWrite Auxiliary File[0m nanopb.DependencyMetadataFileList[0m
Build	Fastlane Build & Archive	2026-07-20T11:18:18.2242780Z [11:18:18]: ▸ [35m[[36mnanopb[0m] [1mWrite Auxiliary File[0m nanopb.LinkFileList[0m
Build	Fastlane Build & Archive	2026-07-20T11:18:18.2346160Z [11:18:18]: ▸ [35m[[36mnanopb[0m] [1mWrite Auxiliary File[0m e6072d4f65d7061329687fe24e3d63a7-common-args.resp[0m
Build	Fastlane Build & Archive	2026-07-20T11:18:18.2449390Z [11:18:18]: ▸ [35m[[36mnanopb[0m] [1mWrite Auxiliary File[0m 7187679823f38a2a940e0043cdf9d637-common-args.resp[0m
Build	Fastlane Build & Archive	2026-07-20T11:18:18.2553830Z [11:18:18]: ▸ [35m[[36mnanopb[0m] [1mWrite Auxiliary File[0m resource_bundle_accessor.m[0m
Build	Fastlane Build & Archive	2026-07-20T11:18:18.2656660Z [11:18:18]: ▸ [35m[[36mnanopb[0m] [1mWrite Auxiliary File[0m resource_bundle_accessor.h[0m
Build	Fastlane Build & Archive	2026-07-20T11:18:18.2758710Z [11:18:18]: ▸ [35m[[36mnanopb[0m] [1mCopy[0m nanopb.modulemap -> nanopb.modulemap[0m
Build	Fastlane Build & Archive	2026-07-20T11:18:18.2860510Z [11:18:18]: ▸ [35m[[36m_NumericsShims[0m] [1mWrite Auxiliary File[0m _NumericsShims.DependencyStaticMetadataFileList[0m
Build	Fastlane Build & Archive	2026-07-20T11:18:18.2966380Z [11:18:18]: ▸ [35m[[36m_NumericsShims[0m] [1mWrite Auxiliary File[0m _NumericsShims.DependencyMetadataFileList[0m
Build	Fastlane Build & Archive	2026-07-20T11:18:18.3069940Z [11:18:18]: ▸ [35m[[36m_NumericsShims[0m] [1mWrite Auxiliary File[0m _NumericsShims.LinkFileList[0m
Build	Fastlane Build & Archive	2026-07-20T11:18:18.3088150Z [11:18:18]: ▸ [35m[[36m_NumericsShims[0m] [1mWrite Auxiliary File[0m 7187679823f38a2a940e0043cdf9d637-common-args.resp[0m
Build	Fastlane Build & Archive	2026-07-20T11:18:18.3201090Z [11:18:18]: ▸ [35m[[36mTrio Watch Complication Extension[0m] [1mWrite Auxiliary File[0m Trio\ Watch\ Complication\ Extension.DependencyStaticMetadataFileList[0m
Build	Fastlane Build & Archive	2026-07-20T11:18:18.3304530Z [11:18:18]: ▸ [35m[[36mTrio Watch Complication Extension[0m] [1mWrite Auxiliary File[0m Trio\ Watch\ Complication\ Extension.DependencyMetadataFileList[0m
Build	Fastlane Build & Archive	2026-07-20T11:18:18.3409710Z [11:18:18]: ▸ [35m[[36mTrio Watch Complication Extension[0m] [1mWrite Auxiliary File[0m Trio\ Watch\ Complication\ Extension-project-headers.hmap[0m
Build	Fastlane Build & Archive	2026-07-20T11:18:18.3514200Z [11:18:18]: ▸ [35m[[36mTrio Watch Complication Extension[0m] [1mWrite Auxiliary File[0m Trio\ Watch\ Complication\ Extension-own-target-headers.hmap[0m
Build	Fastlane Build & Archive	2026-07-20T11:18:18.3618720Z [11:18:18]: ▸ [35m[[36mTrio Watch Complication Extension[0m] [1mWrite Auxiliary File[0m Trio\ Watch\ Complication\ Extension-generated-files.hmap[0m
Build	Fastlane Build & Archive	2026-07-20T11:18:18.3724150Z [11:18:18]: ▸ [35m[[36mTrio Watch Complication Extension[0m] [1mWrite Auxiliary File[0m Trio\ Watch\ Complication\ Extension-all-target-headers.hmap[0m
Build	Fastlane Build & Archive	2026-07-20T11:18:18.3828090Z [11:18:18]: ▸ [35m[[36mTrio Watch Complication Extension[0m] [1mWrite Auxiliary File[0m Trio\ Watch\ Complication\ Extension-all-non-framework-target-headers.hmap[0m
Build	Fastlane Build & Archive	2026-07-20T11:18:18.3945090Z [11:18:18]: ▸ [35m[[36mTrio Watch Complication Extension[0m] [1mWrite Auxiliary File[0m Trio\ Watch\ Complication\ Extension_const_extract_protocols.json[0m
Build	Fastlane Build & Archive	2026-07-20T11:18:18.4049560Z [11:18:18]: ▸ [35m[[36mTrio Watch Complication Extension[0m] [1mWrite Auxiliary File[0m Trio\ Watch\ Complication\ Extension.SwiftFileList[0m
Build	Fastlane Build & Archive	2026-07-20T11:18:18.4151670Z [11:18:18]: ▸ [35m[[36mTrio Watch Complication Extension[0m] [1mWrite Auxiliary File[0m Trio\ Watch\ Complication\ Extension.SwiftConstValuesFileList[0m
Build	Fastlane Build & Archive	2026-07-20T11:18:18.4264270Z [11:18:18]: ▸ [35m[[36mTrio Watch Complication Extension[0m] [1mWrite Auxiliary File[0m Trio\ Watch\ Complication\ Extension.LinkFileList[0m
Build	Fastlane Build & Archive	2026-07-20T11:18:18.4369530Z [11:18:18]: ▸ [35m[[36mTrio Watch Complication Extension[0m] [1mWrite Auxiliary File[0m Trio\ Watch\ Complication\ Extension-OutputFileMap.json[0m
Build	Fastlane Build & Archive	2026-07-20T11:18:18.4475160Z [11:18:18]: ▸ [35m[[36mTrio Watch Complication Extension[0m] [1mWrite Auxiliary File[0m Trio\ Watch\ Complication\ Extension_const_extract_protocols.json[0m
Build	Fastlane Build & Archive	2026-07-20T11:18:18.4578970Z [11:18:18]: ▸ [35m[[36mTrio Watch Complication Extension[0m] [1mWrite Auxiliary File[0m Trio\ Watch\ Complication\ Extension.SwiftFileList[0m
Build	Fastlane Build & Archive	2026-07-20T11:18:18.4690620Z [11:18:18]: ▸ [35m[[36mTrio Watch Complication Extension[0m] [1mWrite Auxiliary File[0m Trio\ Watch\ Complication\ Extension.SwiftConstValuesFileList[0m
Build	Fastlane Build & Archive	2026-07-20T11:18:18.4811790Z [11:18:18]: ▸ [35m[[36mTrio Watch Complication Extension[0m] [1mWrite Auxiliary File[0m Trio\ Watch\ Complication\ Extension.LinkFileList[0m
Build	Fastlane Build & Archive	2026-07-20T11:18:18.4917040Z [11:18:18]: ▸ [35m[[36mTrio Watch Complication Extension[0m] [1mWrite Auxiliary File[0m Trio\ Watch\ Complication\ Extension-OutputFileMap.json[0m
Build	Fastlane Build & Archive	2026-07-20T11:18:18.5022380Z [11:18:18]: ▸ [35m[[36mTrio Watch Complication Extension[0m] [1mWrite Auxiliary File[0m Entitlements.plist[0m
Build	Fastlane Build & Archive	2026-07-20T11:18:18.5133050Z [11:18:18]: ▸ [35m[[36mTrio Watch App[0m] [1mWrite Auxiliary File[0m empty-Trio\ Watch\ App.plist[0m
Build	Fastlane Build & Archive	2026-07-20T11:18:18.5239790Z [11:18:18]: ▸ [35m[[36mTrio Watch App[0m] [1mWrite Auxiliary File[0m Trio\ Watch\ App.hmap[0m
Build	Fastlane Build & Archive	2026-07-20T11:18:18.5341640Z [11:18:18]: ▸ [35m[[36mTrio Watch App[0m] [1mWrite Auxiliary File[0m Trio\ Watch\ App.DependencyStaticMetadataFileList[0m
Build	Fastlane Build & Archive	2026-07-20T11:18:18.5446740Z [11:18:18]: ▸ [35m[[36mTrio Watch App[0m] [1mWrite Auxiliary File[0m Trio\ Watch\ App.DependencyMetadataFileList[0m
Build	Fastlane Build & Archive	2026-07-20T11:18:18.5448190Z [11:18:18]: ▸ [35m[[36mTrio Watch App[0m] [1mWrite Auxiliary File[0m Trio\ Watch\ App-project-headers.hmap[0m
Build	Fastlane Build & Archive	2026-07-20T11:18:18.5550580Z [11:18:18]: ▸ [35m[[36mTrio Watch App[0m] [1mWrite Auxiliary File[0m Trio\ Watch\ App-own-target-headers.hmap[0m
Build	Fastlane Build & Archive	2026-07-20T11:18:18.5656440Z [11:18:18]: ▸ [35m[[36mTrio Watch App[0m] [1mWrite Auxiliary File[0m Trio\ Watch\ App-generated-files.hmap[0m
Build	Fastlane Build & Archive	2026-07-20T11:18:18.5761180Z [11:18:18]: ▸ [35m[[36mTrio Watch App[0m] [1mWrite Auxiliary File[0m Trio\ Watch\ App-all-target-headers.hmap[0m
Build	Fastlane Build & Archive	2026-07-20T11:18:18.5872880Z [11:18:18]: ▸ [35m[[36mTrio Watch App[0m] [1mWrite Auxiliary File[0m Trio\ Watch\ App-all-non-framework-target-headers.hmap[0m
Build	Fastlane Build & Archive	2026-07-20T11:18:18.5978300Z [11:18:18]: ▸ [35m[[36mTrio Watch App[0m] [1mWrite Auxiliary File[0m Trio\ Watch\ App_const_extract_protocols.json[0m
Build	Fastlane Build & Archive	2026-07-20T11:18:18.6088220Z [11:18:18]: ▸ [35m[[36mTrio Watch App[0m] [1mWrite Auxiliary File[0m Trio\ Watch\ App.SwiftFileList[0m
Build	Fastlane Build & Archive	2026-07-20T11:18:18.6193050Z [11:18:18]: ▸ [35m[[36mTrio Watch App[0m] [1mWrite Auxiliary File[0m Trio\ Watch\ App.SwiftConstValuesFileList[0m
Build	Fastlane Build & Archive	2026-07-20T11:18:18.6306220Z [11:18:18]: ▸ [35m[[36mTrio Watch App[0m] [1mWrite Auxiliary File[0m Trio\ Watch\ App.LinkFileList[0m
Build	Fastlane Build & Archive	2026-07-20T11:18:18.6454370Z [11:18:18]: ▸ [35m[[36mTrio Watch App[0m] [1mWrite Auxiliary File[0m Trio\ Watch\ App-OutputFileMap.json[0m
Build	Fastlane Build & Archive	2026-07-20T11:18:18.6588820Z [11:18:18]: ▸ [35m[[36mTrio Watch App[0m] [1mWrite Auxiliary File[0m Trio\ Watch\ App_const_extract_protocols.json[0m
Build	Fastlane Build & Archive	2026-07-20T11:18:18.6720380Z [11:18:18]: ▸ [35m[[36mTrio Watch App[0m] [1mWrite Auxiliary File[0m Trio\ Watch\ App.SwiftFileList[0m
Build	Fastlane Build & Archive	2026-07-20T11:18:18.6822150Z [11:18:18]: ▸ [35m[[36mTrio Watch App[0m] [1mWrite Auxiliary File[0m Trio\ Watch\ App.SwiftConstValuesFileList[0m
Build	Fastlane Build & Archive	2026-07-20T11:18:18.6957470Z [11:18:18]: ▸ [35m[[36mTrio Watch App[0m] [1mWrite Auxiliary File[0m Trio\ Watch\ App.LinkFileList[0m
Build	Fastlane Build & Archive	2026-07-20T11:18:18.7068730Z [11:18:18]: ▸ [35m[[36mTrio Watch App[0m] [1mWrite Auxiliary File[0m Trio\ Watch\ App-OutputFileMap.json[0m
Build	Fastlane Build & Archive	2026-07-20T11:18:18.7178210Z [11:18:18]: ▸ [35m[[36mTrio Watch App[0m] [1mWrite Auxiliary File[0m Entitlements.plist[0m
Build	Fastlane Build & Archive	2026-07-20T11:18:18.7283770Z [11:18:18]: ▸ [35m[[36mTidepoolServiceKitUI[0m] [1mWrite Auxiliary File[0m unextended-module.modulemap[0m
Build	Fastlane Build & Archive	2026-07-20T11:18:18.7448900Z [11:18:18]: ▸ [35m[[36mTidepoolServiceKitUI[0m] [1mWrite Auxiliary File[0m unextended-module-overlay.yaml[0m
Build	Fastlane Build & Archive	2026-07-20T11:18:18.7555670Z [11:18:18]: ▸ [35m[[36mTidepoolServiceKitUI[0m] [1mWrite Auxiliary File[0m module.modulemap[0m
Build	Fastlane Build & Archive	2026-07-20T11:18:18.7662720Z [11:18:18]: ▸ [35m[[36mTidepoolServiceKitUI[0m] [1mWrite Auxiliary File[0m TidepoolServiceKitUI.hmap[0m
Build	Fastlane Build & Archive	2026-07-20T11:18:18.7766190Z [11:18:18]: ▸ [35m[[36mTidepoolServiceKitUI[0m] [1mWrite Auxiliary File[0m TidepoolServiceKitUI.DependencyStaticMetadataFileList[0m
Build	Fastlane Build & Archive	2026-07-20T11:18:18.7870160Z [11:18:18]: ▸ [35m[[36mTidepoolServiceKitUI[0m] [1mWrite Auxiliary File[0m TidepoolServiceKitUI.DependencyMetadataFileList[0m
Build	Fastlane Build & Archive	2026-07-20T11:18:18.7974640Z [11:18:18]: ▸ [35m[[36mTidepoolServiceKitUI[0m] [1mWrite Auxiliary File[0m TidepoolServiceKitUI-project-headers.hmap[0m
Build	Fastlane Build & Archive	2026-07-20T11:18:18.8097490Z [11:18:18]: ▸ [35m[[36mTidepoolServiceKitUI[0m] [1mWrite Auxiliary File[0m TidepoolServiceKitUI-own-target-headers.hmap[0m
Build	Fastlane Build & Archive	2026-07-20T11:18:18.8201840Z [11:18:18]: ▸ [35m[[36mTidepoolServiceKitUI[0m] [1mWrite Auxiliary File[0m TidepoolServiceKitUI-generated-files.hmap[0m
Build	Fastlane Build & Archive	2026-07-20T11:18:18.8305800Z [11:18:18]: ▸ [35m[[36mTidepoolServiceKitUI[0m] [1mWrite Auxiliary File[0m TidepoolServiceKitUI-all-target-headers.hmap[0m
Build	Fastlane Build & Archive	2026-07-20T11:18:18.8408670Z [11:18:18]: ▸ [35m[[36mTidepoolServiceKitUI[0m] [1mWrite Auxiliary File[0m TidepoolServiceKitUI-all-non-framework-target-headers.hmap[0m
Build	Fastlane Build & Archive	2026-07-20T11:18:18.8512510Z [11:18:18]: ▸ [35m[[36mTidepoolServiceKitUI[0m] [1mWrite Auxiliary File[0m TidepoolServiceKitUI_const_extract_protocols.json[0m
Build	Fastlane Build & Archive	2026-07-20T11:18:18.8630290Z [11:18:18]: ▸ [35m[[36mTidepoolServiceKitUI[0m] [1mWrite Auxiliary File[0m TidepoolServiceKitUI.SwiftFileList[0m
Build	Fastlane Build & Archive	2026-07-20T11:18:18.8743610Z [11:18:18]: ▸ [35m[[36mTidepoolServiceKitUI[0m] [1mWrite Auxiliary File[0m TidepoolServiceKitUI.SwiftConstValuesFileList[0m
Build	Fastlane Build & Archive	2026-07-20T11:18:18.8854200Z [11:18:18]: ▸ [35m[[36mTidepoolServiceKitUI[0m] [1mWrite Auxiliary File[0m TidepoolServiceKitUI.LinkFileList[0m
Build	Fastlane Build & Archive	2026-07-20T11:18:18.8970030Z [11:18:18]: ▸ [35m[[36mTidepoolServiceKitUI[0m] [1mWrite Auxiliary File[0m TidepoolServiceKitUI-OutputFileMap.json[0m
Build	Fastlane Build & Archive	2026-07-20T11:18:18.9085090Z [11:18:18]: ▸ [35m[[36mTidepoolServiceKitUI[0m] [1mWrite Auxiliary File[0m 7187679823f38a2a940e0043cdf9d637-common-args.resp[0m
Build	Fastlane Build & Archive	2026-07-20T11:18:18.9202700Z [11:18:18]: ▸ [35m[[36mTidepoolServiceKitUI[0m] [1mWrite Auxiliary File[0m TidepoolServiceKitUI_vers.c[0m
Build	Fastlane Build & Archive	2026-07-20T11:18:18.9337240Z [11:18:18]: ▸ [35m[[36mTidepoolServiceKitUI[0m] [1mCopying[0m TidepoolServiceKitUI.h[0m
Build	Fastlane Build & Archive	2026-07-20T11:18:18.9482830Z [11:18:18]: ▸ [35m[[36mTidepoolServiceKitUI[0m] [1mCopy[0m module.modulemap -> module.modulemap[0m
Build	Fastlane Build & Archive	2026-07-20T11:18:18.9593880Z [11:18:18]: ▸ [35m[[36mTidepoolServiceKit[0m] [1mWrite Auxiliary File[0m unextended-module.modulemap[0m
Build	Fastlane Build & Archive	2026-07-20T11:18:18.9696220Z [11:18:18]: ▸ [35m[[36mTidepoolServiceKit[0m] [1mWrite Auxiliary File[0m unextended-module-overlay.yaml[0m
Build	Fastlane Build & Archive	2026-07-20T11:18:18.9799580Z [11:18:18]: ▸ [35m[[36mTidepoolServiceKit[0m] [1mWrite Auxiliary File[0m module.modulemap[0m
Build	Fastlane Build & Archive	2026-07-20T11:18:18.9905430Z [11:18:18]: ▸ [35m[[36mTidepoolServiceKit[0m] [1mWrite Auxiliary File[0m TidepoolServiceKit.hmap[0m
Build	Fastlane Build & Archive	2026-07-20T11:18:19.0010560Z [11:18:18]: ▸ [35m[[36mTidepoolServiceKit[0m] [1mWrite Auxiliary File[0m TidepoolServiceKit.DependencyStaticMetadataFileList[0m
Build	Fastlane Build & Archive	2026-07-20T11:18:19.0120140Z [11:18:18]: ▸ [35m[[36mTidepoolServiceKit[0m] [1mWrite Auxiliary File[0m TidepoolServiceKit.DependencyMetadataFileList[0m
Build	Fastlane Build & Archive	2026-07-20T11:18:19.0231830Z [11:18:18]: ▸ [35m[[36mTidepoolServiceKit[0m] [1mWrite Auxiliary File[0m TidepoolServiceKit-project-headers.hmap[0m
Build	Fastlane Build & Archive	2026-07-20T11:18:19.0344460Z [11:18:18]: ▸ [35m[[36mTidepoolServiceKit[0m] [1mWrite Auxiliary File[0m TidepoolServiceKit-own-target-headers.hmap[0m
Build	Fastlane Build & Archive	2026-07-20T11:18:19.0446590Z [11:18:18]: ▸ [35m[[36mTidepoolServiceKit[0m] [1mWrite Auxiliary File[0m TidepoolServiceKit-generated-files.hmap[0m
Build	Fastlane Build & Archive	2026-07-20T11:18:19.0550220Z [11:18:18]: ▸ [35m[[36mTidepoolServiceKit[0m] [1mWrite Auxiliary File[0m TidepoolServiceKit-all-target-headers.hmap[0m
Build	Fastlane Build & Archive	2026-07-20T11:18:19.0657490Z [11:18:18]: ▸ [35m[[36mTidepoolServiceKit[0m] [1mWrite Auxiliary File[0m TidepoolServiceKit-all-non-framework-target-headers.hmap[0m
Build	Fastlane Build & Archive	2026-07-20T11:18:19.0767970Z [11:18:18]: ▸ [35m[[36mTidepoolServiceKit[0m] [1mWrite Auxiliary File[0m TidepoolServiceKit_const_extract_protocols.json[0m
Build	Fastlane Build & Archive	2026-07-20T11:18:19.0872750Z [11:18:18]: ▸ [35m[[36mTidepoolServiceKit[0m] [1mWrite Auxiliary File[0m TidepoolServiceKit.SwiftFileList[0m
Build	Fastlane Build & Archive	2026-07-20T11:18:19.0979050Z [11:18:18]: ▸ [35m[[36mTidepoolServiceKit[0m] [1mWrite Auxiliary File[0m TidepoolServiceKit.SwiftConstValuesFileList[0m
Build	Fastlane Build & Archive	2026-07-20T11:18:19.1083880Z [11:18:18]: ▸ [35m[[36mTidepoolServiceKit[0m] [1mWrite Auxiliary File[0m TidepoolServiceKit.LinkFileList[0m
Build	Fastlane Build & Archive	2026-07-20T11:18:19.1214720Z [11:18:18]: ▸ [35m[[36mTidepoolServiceKit[0m] [1mWrite Auxiliary File[0m TidepoolServiceKit-OutputFileMap.json[0m
Build	Fastlane Build & Archive	2026-07-20T11:18:19.1353060Z [11:18:18]: ▸ [35m[[36mTidepoolServiceKit[0m] [1mWrite Auxiliary File[0m 7187679823f38a2a940e0043cdf9d637-common-args.resp[0m
Build	Fastlane Build & Archive	2026-07-20T11:18:19.1457290Z [11:18:18]: ▸ [35m[[36mTidepoolServiceKit[0m] [1mWrite Auxiliary File[0m TidepoolServiceKit_vers.c[0m
Build	Fastlane Build & Archive	2026-07-20T11:18:19.1571590Z [11:18:18]: ▸ [35m[[36mTidepoolServiceKit[0m] [1mCopying[0m TidepoolServiceKit.h[0m
Build	Fastlane Build & Archive	2026-07-20T11:18:19.1673490Z [11:18:18]: ▸ [35m[[36mTidepoolServiceKit[0m] [1mCopy[0m module.modulemap -> module.modulemap[0m
Build	Fastlane Build & Archive	2026-07-20T11:18:19.1777680Z [11:18:18]: ▸ [35m[[36mTidepoolKit_TidepoolKit[0m] [1mWrite Auxiliary File[0m empty-TidepoolKit_TidepoolKit.plist[0m
Build	Fastlane Build & Archive	2026-07-20T11:18:19.1888420Z [11:18:18]: ▸ [35m[[36mTidepoolKit_TidepoolKit[0m] [1mWrite Auxiliary File[0m TidepoolKit_TidepoolKit.DependencyStaticMetadataFileList[0m
Build	Fastlane Build & Archive	2026-07-20T11:18:19.1993620Z [11:18:18]: ▸ [35m[[36mTidepoolKit_TidepoolKit[0m] [1mWrite Auxiliary File[0m TidepoolKit_TidepoolKit.DependencyMetadataFileList[0m
Build	Fastlane Build & Archive	2026-07-20T11:18:19.2097200Z [11:18:18]: ▸ [35m[[36mTidepoolKit[0m] [1mWrite Auxiliary File[0m TidepoolKit.modulemap[0m
Build	Fastlane Build & Archive	2026-07-20T11:18:19.2202310Z [11:18:18]: ▸ [35m[[36mTidepoolKit[0m] [1mWrite Auxiliary File[0m TidepoolKit.DependencyStaticMetadataFileList[0m
Build	Fastlane Build & Archive	2026-07-20T11:18:19.2209230Z [11:18:18]: ▸ [35m[[36mTidepoolKit[0m] [1mWrite Auxiliary File[0m TidepoolKit.DependencyMetadataFileList[0m
Build	Fastlane Build & Archive	2026-07-20T11:18:19.2316430Z [11:18:18]: ▸ [35m[[36mTidepoolKit[0m] [1mWrite Auxiliary File[0m TidepoolKit_const_extract_protocols.json[0m
Build	Fastlane Build & Archive	2026-07-20T11:18:19.2419550Z [11:18:18]: ▸ [35m[[36mTidepoolKit[0m] [1mWrite Auxiliary File[0m TidepoolKit.SwiftFileList[0m
Build	Fastlane Build & Archive	2026-07-20T11:18:19.2524150Z [11:18:18]: ▸ [35m[[36mTidepoolKit[0m] [1mWrite Auxiliary File[0m TidepoolKit.SwiftConstValuesFileList[0m
Build	Fastlane Build & Archive	2026-07-20T11:18:19.2627410Z [11:18:18]: ▸ [35m[[36mTidepoolKit[0m] [1mWrite Auxiliary File[0m TidepoolKit.LinkFileList[0m
Build	Fastlane Build & Archive	2026-07-20T11:18:19.2738450Z [11:18:18]: ▸ [35m[[36mTidepoolKit[0m] [1mWrite Auxiliary File[0m TidepoolKit-OutputFileMap.json[0m
Build	Fastlane Build & Archive	2026-07-20T11:18:19.2845190Z [11:18:18]: ▸ [35m[[36mTidepoolKit[0m] [1mWrite Auxiliary File[0m resource_bundle_accessor.swift[0m
Build	Fastlane Build & Archive	2026-07-20T11:18:19.2949890Z [11:18:18]: ▸ [35m[[36mTidepoolKit[0m] [1mCopy[0m TidepoolKit.modulemap -> TidepoolKit.modulemap[0m
Build	Fastlane Build & Archive	2026-07-20T11:18:19.3051890Z [11:18:18]: ▸ [35m[[36mSwinject[0m] [1mWrite Auxiliary File[0m Swinject.modulemap[0m
Build	Fastlane Build & Archive	2026-07-20T11:18:19.3156280Z [11:18:18]: ▸ [35m[[36mSwinject[0m] [1mWrite Auxiliary File[0m Swinject.DependencyStaticMetadataFileList[0m
Build	Fastlane Build & Archive	2026-07-20T11:18:19.3268290Z [11:18:18]: ▸ [35m[[36mSwinject[0m] [1mWrite Auxiliary File[0m Swinject.DependencyMetadataFileList[0m
Build	Fastlane Build & Archive	2026-07-20T11:18:19.3379910Z [11:18:18]: ▸ [35m[[36mSwinject[0m] [1mWrite Auxiliary File[0m Swinject_const_extract_protocols.json[0m
Build	Fastlane Build & Archive	2026-07-20T11:18:19.3483190Z [11:18:18]: ▸ [35m[[36mSwinject[0m] [1mWrite Auxiliary File[0m Swinject.SwiftFileList[0m
Build	Fastlane Build & Archive	2026-07-20T11:18:19.3585980Z [11:18:18]: ▸ [35m[[36mSwinject[0m] [1mWrite Auxiliary File[0m Swinject.SwiftConstValuesFileList[0m
Build	Fastlane Build & Archive	2026-07-20T11:18:19.3697950Z [11:18:18]: ▸ [35m[[36mSwinject[0m] [1mWrite Auxiliary File[0m Swinject.LinkFileList[0m
Build	Fastlane Build & Archive	2026-07-20T11:18:19.3820190Z [11:18:18]: ▸ [35m[[36mSwinject[0m] [1mWrite Auxiliary File[0m Swinject-OutputFileMap.json[0m
Build	Fastlane Build & Archive	2026-07-20T11:18:19.3923720Z [11:18:18]: ▸ [35m[[36mSwinject[0m] [1mCopy[0m Swinject.modulemap -> Swinject.modulemap[0m
Build	Fastlane Build & Archive	2026-07-20T11:18:19.4027940Z [11:18:18]: ▸ [35m[[36mSwiftMessages_SwiftMessages[0m] [1mWrite Auxiliary File[0m empty-SwiftMessages_SwiftMessages.plist[0m
Build	Fastlane Build & Archive	2026-07-20T11:18:19.4137870Z [11:18:18]: ▸ [35m[[36mSwiftMessages_SwiftMessages[0m] [1mWrite Auxiliary File[0m SwiftMessages_SwiftMessages.DependencyStaticMetadataFileList[0m
Build	Fastlane Build & Archive	2026-07-20T11:18:19.4268070Z [11:18:18]: ▸ [35m[[36mSwiftMessages_SwiftMessages[0m] [1mWrite Auxiliary File[0m SwiftMessages_SwiftMessages.DependencyMetadataFileList[0m
Build	Fastlane Build & Archive	2026-07-20T11:18:19.4383710Z [11:18:18]: ▸ [35m[[36mSwiftMessages[0m] [1mWrite Auxiliary File[0m SwiftMessages.modulemap[0m
Build	Fastlane Build & Archive	2026-07-20T11:18:19.4488480Z [11:18:18]: ▸ [35m[[36mSwiftMessages[0m] [1mWrite Auxiliary File[0m SwiftMessages.DependencyStaticMetadataFileList[0m
Build	Fastlane Build & Archive	2026-07-20T11:18:19.4595160Z [11:18:18]: ▸ [35m[[36mSwiftMessages[0m] [1mWrite Auxiliary File[0m SwiftMessages.DependencyMetadataFileList[0m
Build	Fastlane Build & Archive	2026-07-20T11:18:19.4701260Z [11:18:18]: ▸ [35m[[36mSwiftMessages[0m] [1mWrite Auxiliary File[0m SwiftMessages_const_extract_protocols.json[0m
Build	Fastlane Build & Archive	2026-07-20T11:18:19.4810250Z [11:18:18]: ▸ [35m[[36mSwiftMessages[0m] [1mWrite Auxiliary File[0m SwiftMessages.SwiftFileList[0m
Build	Fastlane Build & Archive	2026-07-20T11:18:19.4921300Z [11:18:18]: ▸ [35m[[36mSwiftMessages[0m] [1mWrite Auxiliary File[0m SwiftMessages.SwiftConstValuesFileList[0m
Build	Fastlane Build & Archive	2026-07-20T11:18:19.5027070Z [11:18:18]: ▸ [35m[[36mSwiftMessages[0m] [1mWrite Auxiliary File[0m SwiftMessages.LinkFileList[0m
Build	Fastlane Build & Archive	2026-07-20T11:18:19.5191370Z [11:18:18]: ▸ [35m[[36mSwiftMessages[0m] [1mWrite Auxiliary File[0m SwiftMessages-OutputFileMap.json[0m
Build	Fastlane Build & Archive	2026-07-20T11:18:19.5310790Z [11:18:18]: ▸ [35m[[36mSwiftMessages[0m] [1mWrite Auxiliary File[0m resource_bundle_accessor.swift[0m
Build	Fastlane Build & Archive	2026-07-20T11:18:19.5415400Z [11:18:18]: ▸ [35m[[36mSwiftMessages[0m] [1mCopy[0m SwiftMessages.modulemap -> SwiftMessages.modulemap[0m
Build	Fastlane Build & Archive	2026-07-20T11:18:19.5549420Z [11:18:18]: ▸ [35m[[36mSwiftJWT[0m] [1mWrite Auxiliary File[0m SwiftJWT.modulemap[0m
Build	Fastlane Build & Archive	2026-07-20T11:18:19.5654620Z [11:18:18]: ▸ [35m[[36mSwiftJWT[0m] [1mWrite Auxiliary File[0m SwiftJWT.DependencyStaticMetadataFileList[0m
Build	Fastlane Build & Archive	2026-07-20T11:18:19.5759090Z [11:18:18]: ▸ [35m[[36mSwiftJWT[0m] [1mWrite Auxiliary File[0m SwiftJWT.DependencyMetadataFileList[0m
Build	Fastlane Build & Archive	2026-07-20T11:18:19.5862820Z [11:18:18]: ▸ [35m[[36mSwiftJWT[0m] [1mWrite Auxiliary File[0m SwiftJWT_const_extract_protocols.json[0m
Build	Fastlane Build & Archive	2026-07-20T11:18:19.5970530Z [11:18:18]: ▸ [35m[[36mSwiftJWT[0m] [1mWrite Auxiliary File[0m SwiftJWT.SwiftFileList[0m
Build	Fastlane Build & Archive	2026-07-20T11:18:19.6094730Z [11:18:18]: ▸ [35m[[36mSwiftJWT[0m] [1mWrite Auxiliary File[0m SwiftJWT.SwiftConstValuesFileList[0m
Build	Fastlane Build & Archive	2026-07-20T11:18:19.6199520Z [11:18:18]: ▸ [35m[[36mSwiftJWT[0m] [1mWrite Auxiliary File[0m SwiftJWT.LinkFileList[0m
Build	Fastlane Build & Archive	2026-07-20T11:18:19.6282500Z [11:18:18]: ▸ [35m[[36mSwiftJWT[0m] [1mWrite Auxiliary File[0m SwiftJWT-OutputFileMap.json[0m
Build	Fastlane Build & Archive	2026-07-20T11:18:19.6388390Z [11:18:18]: ▸ [35m[[36mSwiftJWT[0m] [1mCopy[0m SwiftJWT.modulemap -> SwiftJWT.modulemap[0m
Build	Fastlane Build & Archive	2026-07-20T11:18:19.6478780Z [11:18:18]: ▸ [35m[[36mSwiftDate_SwiftDate[0m] [1mWrite Auxiliary File[0m empty-SwiftDate_SwiftDate.plist[0m
Build	Fastlane Build & Archive	2026-07-20T11:18:19.6577600Z [11:18:18]: ▸ [35m[[36mSwiftDate_SwiftDate[0m] [1mWrite Auxiliary File[0m SwiftDate_SwiftDate.DependencyStaticMetadataFileList[0m
Build	Fastlane Build & Archive	2026-07-20T11:18:19.6686260Z [11:18:18]: ▸ [35m[[36mSwiftDate_SwiftDate[0m] [1mWrite Auxiliary File[0m SwiftDate_SwiftDate.DependencyMetadataFileList[0m
Build	Fastlane Build & Archive	2026-07-20T11:18:19.6804510Z [11:18:18]: ▸ [35m[[36mSwiftDate[0m] [1mWrite Auxiliary File[0m SwiftDate.modulemap[0m
Build	Fastlane Build & Archive	2026-07-20T11:18:19.6922730Z [11:18:18]: ▸ [35m[[36mSwiftDate[0m] [1mWrite Auxiliary File[0m SwiftDate.DependencyStaticMetadataFileList[0m
Build	Fastlane Build & Archive	2026-07-20T11:18:19.7030300Z [11:18:18]: ▸ [35m[[36mSwiftDate[0m] [1mWrite Auxiliary File[0m SwiftDate.DependencyMetadataFileList[0m
Build	Fastlane Build & Archive	2026-07-20T11:18:19.7142190Z [11:18:18]: ▸ [35m[[36mSwiftDate[0m] [1mWrite Auxiliary File[0m SwiftDate_const_extract_protocols.json[0m
Build	Fastlane Build & Archive	2026-07-20T11:18:19.7262740Z [11:18:18]: ▸ [35m[[36mSwiftDate[0m] [1mWrite Auxiliary File[0m SwiftDate.SwiftFileList[0m
Build	Fastlane Build & Archive	2026-07-20T11:18:19.7395130Z [11:18:18]: ▸ [35m[[36mSwiftDate[0m] [1mWrite Auxiliary File[0m SwiftDate.SwiftConstValuesFileList[0m
Build	Fastlane Build & Archive	2026-07-20T11:18:19.7506810Z [11:18:18]: ▸ [35m[[36mSwiftDate[0m] [1mWrite Auxiliary File[0m SwiftDate.LinkFileList[0m
Build	Fastlane Build & Archive	2026-07-20T11:18:19.7508430Z [11:18:18]: ▸ [35m[[36mSwiftDate[0m] [1mWrite Auxiliary File[0m SwiftDate-OutputFileMap.json[0m
Build	Fastlane Build & Archive	2026-07-20T11:18:19.7614680Z [11:18:18]: ▸ [35m[[36mSwiftDate[0m] [1mWrite Auxiliary File[0m resource_bundle_accessor.swift[0m
Build	Fastlane Build & Archive	2026-07-20T11:18:19.7687550Z [11:18:18]: ▸ [35m[[36mSwiftDate[0m] [1mCopy[0m SwiftDate.modulemap -> SwiftDate.modulemap[0m
Build	Fastlane Build & Archive	2026-07-20T11:18:19.7786890Z [11:18:18]: ▸ [35m[[36mSwiftCharts[0m] [1mWrite Auxiliary File[0m SwiftCharts.modulemap[0m
Build	Fastlane Build & Archive	2026-07-20T11:18:19.7890920Z [11:18:18]: ▸ [35m[[36mSwiftCharts[0m] [1mWrite Auxiliary File[0m SwiftCharts.DependencyStaticMetadataFileList[0m
Build	Fastlane Build & Archive	2026-07-20T11:18:19.7993670Z [11:18:18]: ▸ [35m[[36mSwiftCharts[0m] [1mWrite Auxiliary File[0m SwiftCharts.DependencyMetadataFileList[0m
Build	Fastlane Build & Archive	2026-07-20T11:18:19.8098360Z [11:18:18]: ▸ [35m[[36mSwiftCharts[0m] [1mWrite Auxiliary File[0m SwiftCharts_const_extract_protocols.json[0m
Build	Fastlane Build & Archive	2026-07-20T11:18:19.8191520Z [11:18:18]: ▸ [35m[[36mSwiftCharts[0m] [1mWrite Auxiliary File[0m SwiftCharts.SwiftFileList[0m
Build	Fastlane Build & Archive	2026-07-20T11:18:19.8280800Z [11:18:18]: ▸ [35m[[36mSwiftCharts[0m] [1mWrite Auxiliary File[0m SwiftCharts.SwiftConstValuesFileList[0m
Build	Fastlane Build & Archive	2026-07-20T11:18:19.8382880Z [11:18:18]: ▸ [35m[[36mSwiftCharts[0m] [1mWrite Auxiliary File[0m SwiftCharts.LinkFileList[0m
Build	Fastlane Build & Archive	2026-07-20T11:18:19.8485960Z [11:18:18]: ▸ [35m[[36mSwiftCharts[0m] [1mWrite Auxiliary File[0m SwiftCharts-OutputFileMap.json[0m
Build	Fastlane Build & Archive	2026-07-20T11:18:19.8649670Z [11:18:18]: ▸ [35m[[36mSwiftCharts[0m] [1mCopy[0m SwiftCharts.modulemap -> SwiftCharts.modulemap[0m
Build	Fastlane Build & Archive	2026-07-20T11:18:19.8689600Z [11:18:18]: ▸ [35m[[36mSwiftCharts[0m] [1mWrite Auxiliary File[0m empty-SwiftCharts.plist[0m
Build	Fastlane Build & Archive	2026-07-20T11:18:19.8793300Z [11:18:18]: ▸ [35m[[36mSwiftCharts[0m] [1mWrite Auxiliary File[0m SwiftCharts.DependencyStaticMetadataFileList[0m
Build	Fastlane Build & Archive	2026-07-20T11:18:19.8887780Z [11:18:18]: ▸ [35m[[36mSwiftCharts[0m] [1mWrite Auxiliary File[0m SwiftCharts.DependencyMetadataFileList[0m
Build	Fastlane Build & Archive	2026-07-20T11:18:19.9003800Z [11:18:18]: ▸ [35m[[36mSwiftCharts[0m] [1mWrite Auxiliary File[0m SwiftCharts.LinkFileList[0m
Build	Fastlane Build & Archive	2026-07-20T11:18:19.9108150Z [11:18:18]: ▸ [35m[[36mSlideButton[0m] [1mWrite Auxiliary File[0m SlideButton.modulemap[0m
Build	Fastlane Build & Archive	2026-07-20T11:18:19.9194870Z [11:18:18]: ▸ [35m[[36mSlideButton[0m] [1mWrite Auxiliary File[0m SlideButton.DependencyStaticMetadataFileList[0m
Build	Fastlane Build & Archive	2026-07-20T11:18:19.9300050Z [11:18:18]: ▸ [35m[[36mSlideButton[0m] [1mWrite Auxiliary File[0m SlideButton.DependencyMetadataFileList[0m
Build	Fastlane Build & Archive	2026-07-20T11:18:19.9374890Z [11:18:18]: ▸ [35m[[36mSlideButton[0m] [1mWrite Auxiliary File[0m SlideButton_const_extract_protocols.json[0m
Build	Fastlane Build & Archive	2026-07-20T11:18:19.9476710Z [11:18:18]: ▸ [35m[[36mSlideButton[0m] [1mWrite Auxiliary File[0m SlideButton.SwiftFileList[0m
Build	Fastlane Build & Archive	2026-07-20T11:18:19.9578700Z [11:18:18]: ▸ [35m[[36mSlideButton[0m] [1mWrite Auxiliary File[0m SlideButton.SwiftConstValuesFileList[0m
Build	Fastlane Build & Archive	2026-07-20T11:18:19.9686390Z [11:18:18]: ▸ [35m[[36mSlideButton[0m] [1mWrite Auxiliary File[0m SlideButton.LinkFileList[0m
Build	Fastlane Build & Archive	2026-07-20T11:18:19.9783320Z [11:18:18]: ▸ [35m[[36mSlideButton[0m] [1mWrite Auxiliary File[0m SlideButton-OutputFileMap.json[0m
Build	Fastlane Build & Archive	2026-07-20T11:18:19.9886740Z [11:18:18]: ▸ [35m[[36mSlideButton[0m] [1mCopy[0m SlideButton.modulemap -> SlideButton.modulemap[0m
Build	Fastlane Build & Archive	2026-07-20T11:18:20.0009260Z [11:18:18]: ▸ [35m[[36mSlideButton[0m] [1mWrite Auxiliary File[0m empty-SlideButton_1E408AF8C9CA7A78_PackageProduct.plist[0m
Build	Fastlane Build & Archive	2026-07-20T11:18:20.0114950Z [11:18:18]: ▸ [35m[[36mSlideButton[0m] [1mWrite Auxiliary File[0m SlideButton_1E408AF8C9CA7A78_PackageProduct.DependencyStaticMetadataFileList[0m
Build	Fastlane Build & Archive	2026-07-20T11:18:20.0240660Z [11:18:18]: ▸ [35m[[36mSlideButton[0m] [1mWrite Auxiliary File[0m SlideButton_1E408AF8C9CA7A78_PackageProduct.DependencyMetadataFileList[0m
Build	Fastlane Build & Archive	2026-07-20T11:18:20.0361780Z [11:18:18]: ▸ [35m[[36mSlideButton[0m] [1mWrite Auxiliary File[0m SlideButton_1E408AF8C9CA7A78_PackageProduct.LinkFileList[0m
Build	Fastlane Build & Archive	2026-07-20T11:18:20.0464900Z [11:18:18]: ▸ [35m[[36mShareClientUI[0m] [1mWrite Auxiliary File[0m unextended-module.modulemap[0m
Build	Fastlane Build & Archive	2026-07-20T11:18:20.0568090Z [11:18:18]: ▸ [35m[[36mShareClientUI[0m] [1mWrite Auxiliary File[0m unextended-module-overlay.yaml[0m
Build	Fastlane Build & Archive	2026-07-20T11:18:20.0670930Z [11:18:18]: ▸ [35m[[36mShareClientUI[0m] [1mWrite Auxiliary File[0m module.modulemap[0m
Build	Fastlane Build & Archive	2026-07-20T11:18:20.0774390Z [11:18:18]: ▸ [35m[[36mShareClientUI[0m] [1mWrite Auxiliary File[0m ShareClientUI.hmap[0m
Build	Fastlane Build & Archive	2026-07-20T11:18:20.0881040Z [11:18:18]: ▸ [35m[[36mShareClientUI[0m] [1mWrite Auxiliary File[0m ShareClientUI.DependencyStaticMetadataFileList[0m
Build	Fastlane Build & Archive	2026-07-20T11:18:20.0987240Z [11:18:18]: ▸ [35m[[36mShareClientUI[0m] [1mWrite Auxiliary File[0m ShareClientUI.DependencyMetadataFileList[0m
Build	Fastlane Build & Archive	2026-07-20T11:18:20.1090140Z [11:18:18]: ▸ [35m[[36mShareClientUI[0m] [1mWrite Auxiliary File[0m ShareClientUI-project-headers.hmap[0m
Build	Fastlane Build & Archive	2026-07-20T11:18:20.1192190Z [11:18:18]: ▸ [35m[[36mShareClientUI[0m] [1mWrite Auxiliary File[0m ShareClientUI-own-target-headers.hmap[0m
Build	Fastlane Build & Archive	2026-07-20T11:18:20.1296530Z [11:18:18]: ▸ [35m[[36mShareClientUI[0m] [1mWrite Auxiliary File[0m ShareClientUI-generated-files.hmap[0m
Build	Fastlane Build & Archive	2026-07-20T11:18:20.1400240Z [11:18:18]: ▸ [35m[[36mShareClientUI[0m] [1mWrite Auxiliary File[0m ShareClientUI-all-target-headers.hmap[0m
Build	Fastlane Build & Archive	2026-07-20T11:18:20.1525010Z [11:18:18]: ▸ [35m[[36mShareClientUI[0m] [1mWrite Auxiliary File[0m ShareClientUI-all-non-framework-target-headers.hmap[0m
Build	Fastlane Build & Archive	2026-07-20T11:18:20.1633840Z [11:18:18]: ▸ [35m[[36mShareClientUI[0m] [1mWrite Auxiliary File[0m ShareClientUI_const_extract_protocols.json[0m
Build	Fastlane Build & Archive	2026-07-20T11:18:20.1749080Z [11:18:18]: ▸ [35m[[36mShareClientUI[0m] [1mWrite Auxiliary File[0m ShareClientUI.SwiftFileList[0m
Build	Fastlane Build & Archive	2026-07-20T11:18:20.1854380Z [11:18:18]: ▸ [35m[[36mShareClientUI[0m] [1mWrite Auxiliary File[0m ShareClientUI.SwiftConstValuesFileList[0m
Build	Fastlane Build & Archive	2026-07-20T11:18:20.1962260Z [11:18:18]: ▸ [35m[[36mShareClientUI[0m] [1mWrite Auxiliary File[0m ShareClientUI.LinkFileList[0m
Build	Fastlane Build & Archive	2026-07-20T11:18:20.2072290Z [11:18:18]: ▸ [35m[[36mShareClientUI[0m] [1mWrite Auxiliary File[0m ShareClientUI-OutputFileMap.json[0m
Build	Fastlane Build & Archive	2026-07-20T11:18:20.2176500Z [11:18:18]: ▸ [35m[[36mShareClientUI[0m] [1mWrite Auxiliary File[0m 7187679823f38a2a940e0043cdf9d637-common-args.resp[0m
Build	Fastlane Build & Archive	2026-07-20T11:18:20.2231200Z [11:18:18]: ▸ [35m[[36mShareClientUI[0m] [1mWrite Auxiliary File[0m ShareClientUI_vers.c[0m
Build	Fastlane Build & Archive	2026-07-20T11:18:20.2334880Z [11:18:18]: ▸ [35m[[36mShareClientUI[0m] [1mCopying[0m ShareClientUI.h[0m
Build	Fastlane Build & Archive	2026-07-20T11:18:20.2449240Z [11:18:18]: ▸ [35m[[36mShareClientUI[0m] [1mCopy[0m module.modulemap -> module.modulemap[0m
Build	Fastlane Build & Archive	2026-07-20T11:18:20.2551490Z [11:18:18]: ▸ [35m[[36mShareClient[0m] [1mWrite Auxiliary File[0m unextended-module.modulemap[0m
Build	Fastlane Build & Archive	2026-07-20T11:18:20.2654390Z [11:18:18]: ▸ [35m[[36mShareClient[0m] [1mWrite Auxiliary File[0m unextended-module-overlay.yaml[0m
Build	Fastlane Build & Archive	2026-07-20T11:18:20.2782460Z [11:18:18]: ▸ [35m[[36mShareClient[0m] [1mWrite Auxiliary File[0m module.modulemap[0m
Build	Fastlane Build & Archive	2026-07-20T11:18:20.2986400Z [11:18:18]: ▸ [35m[[36mShareClient[0m] [1mWrite Auxiliary File[0m ShareClient.hmap[0m
Build	Fastlane Build & Archive	2026-07-20T11:18:20.3136820Z [11:18:18]: ▸ [35m[[36mShareClient[0m] [1mWrite Auxiliary File[0m ShareClient.DependencyStaticMetadataFileList[0m
Build	Fastlane Build & Archive	2026-07-20T11:18:20.3257280Z [11:18:18]: ▸ [35m[[36mShareClient[0m] [1mWrite Auxiliary File[0m ShareClient.DependencyMetadataFileList[0m
Build	Fastlane Build & Archive	2026-07-20T11:18:20.3397110Z [11:18:18]: ▸ [35m[[36mShareClient[0m] [1mWrite Auxiliary File[0m ShareClient-project-headers.hmap[0m
Build	Fastlane Build & Archive	2026-07-20T11:18:20.3547200Z [11:18:18]: ▸ [35m[[36mShareClient[0m] [1mWrite Auxiliary File[0m ShareClient-own-target-headers.hmap[0m
Build	Fastlane Build & Archive	2026-07-20T11:18:20.3651710Z [11:18:18]: ▸ [35m[[36mShareClient[0m] [1mWrite Auxiliary File[0m ShareClient-generated-files.hmap[0m
Build	Fastlane Build & Archive	2026-07-20T11:18:20.3807730Z [11:18:18]: ▸ [35m[[36mShareClient[0m] [1mWrite Auxiliary File[0m ShareClient-all-target-headers.hmap[0m
Build	Fastlane Build & Archive	2026-07-20T11:18:20.3912670Z [11:18:18]: ▸ [35m[[36mShareClient[0m] [1mWrite Auxiliary File[0m ShareClient-all-non-framework-target-headers.hmap[0m
Build	Fastlane Build & Archive	2026-07-20T11:18:20.4050450Z [11:18:18]: ▸ [35m[[36mShareClient[0m] [1mWrite Auxiliary File[0m ShareClient_const_extract_protocols.json[0m
Build	Fastlane Build & Archive	2026-07-20T11:18:20.4181780Z [11:18:18]: ▸ [35m[[36mShareClient[0m] [1mWrite Auxiliary File[0m ShareClient.SwiftFileList[0m
Build	Fastlane Build & Archive	2026-07-20T11:18:20.4289330Z [11:18:18]: ▸ [35m[[36mShareClient[0m] [1mWrite Auxiliary File[0m ShareClient.SwiftConstValuesFileList[0m
Build	Fastlane Build & Archive	2026-07-20T11:18:20.4433710Z [11:18:18]: ▸ [35m[[36mShareClient[0m] [1mWrite Auxiliary File[0m ShareClient.LinkFileList[0m
Build	Fastlane Build & Archive	2026-07-20T11:18:20.4559190Z [11:18:18]: ▸ [35m[[36mShareClient[0m] [1mWrite Auxiliary File[0m ShareClient-OutputFileMap.json[0m
Build	Fastlane Build & Archive	2026-07-20T11:18:20.4730370Z [11:18:18]: ▸ [35m[[36mShareClient[0m] [1mWrite Auxiliary File[0m 7187679823f38a2a940e0043cdf9d637-common-args.resp[0m
Build	Fastlane Build & Archive	2026-07-20T11:18:20.4833230Z [11:18:18]: ▸ [35m[[36mShareClient[0m] [1mWrite Auxiliary File[0m ShareClient_vers.c[0m
Build	Fastlane Build & Archive	2026-07-20T11:18:20.4835580Z [11:18:18]: ▸ [35m[[36mShareClient[0m] [1mCopying[0m ShareClient.h[0m
Build	Fastlane Build & Archive	2026-07-20T11:18:20.4967990Z [11:18:18]: ▸ [35m[[36mShareClient[0m] [1mCopy[0m module.modulemap -> module.modulemap[0m
Build	Fastlane Build & Archive	2026-07-20T11:18:20.5072100Z [11:18:18]: ▸ [35m[[36mRileyLinkKitUI[0m] [1mWrite Auxiliary File[0m module.modulemap[0m
Build	Fastlane Build & Archive	2026-07-20T11:18:20.5170010Z [11:18:18]: ▸ [35m[[36mRileyLinkKitUI[0m] [1mWrite Auxiliary File[0m RileyLinkKitUI.hmap[0m
Build	Fastlane Build & Archive	2026-07-20T11:18:20.5279240Z [11:18:18]: ▸ [35m[[36mRileyLinkKitUI[0m] [1mWrite Auxiliary File[0m RileyLinkKitUI.DependencyStaticMetadataFileList[0m
Build	Fastlane Build & Archive	2026-07-20T11:18:20.5413370Z [11:18:18]: ▸ [35m[[36mRileyLinkKitUI[0m] [1mWrite Auxiliary File[0m RileyLinkKitUI.DependencyMetadataFileList[0m
Build	Fastlane Build & Archive	2026-07-20T11:18:20.5544780Z [11:18:18]: ▸ [35m[[36mRileyLinkKitUI[0m] [1mWrite Auxiliary File[0m RileyLinkKitUI-project-headers.hmap[0m
Build	Fastlane Build & Archive	2026-07-20T11:18:20.5705400Z [11:18:18]: ▸ [35m[[36mRileyLinkKitUI[0m] [1mWrite Auxiliary File[0m RileyLinkKitUI-own-target-headers.hmap[0m
Build	Fastlane Build & Archive	2026-07-20T11:18:20.5896740Z [11:18:18]: ▸ [35m[[36mRileyLinkKitUI[0m] [1mWrite Auxiliary File[0m RileyLinkKitUI-generated-files.hmap[0m
Build	Fastlane Build & Archive	2026-07-20T11:18:20.5920090Z [11:18:18]: ▸ [35m[[36mRileyLinkKitUI[0m] [1mWrite Auxiliary File[0m RileyLinkKitUI-all-target-headers.hmap[0m
Build	Fastlane Build & Archive	2026-07-20T11:18:20.5922930Z [11:18:18]: ▸ [35m[[36mRileyLinkKitUI[0m] [1mWrite Auxiliary File[0m RileyLinkKitUI-all-non-framework-target-headers.hmap[0m
Build	Fastlane Build & Archive	2026-07-20T11:18:20.5927650Z [11:18:18]: ▸ [35m[[36mRileyLinkKitUI[0m] [1mWrite Auxiliary File[0m RileyLinkKitUI_const_extract_protocols.json[0m
Build	Fastlane Build & Archive	2026-07-20T11:18:20.5930240Z [11:18:18]: ▸ [35m[[36mRileyLinkKitUI[0m] [1mWrite Auxiliary File[0m RileyLinkKitUI.SwiftFileList[0m
Build	Fastlane Build & Archive	2026-07-20T11:18:20.5931180Z [11:18:18]: ▸ [35m[[36mRileyLinkKitUI[0m] [1mWrite Auxiliary File[0m RileyLinkKitUI.SwiftConstValuesFileList[0m
Build	Fastlane Build & Archive	2026-07-20T11:18:20.5932020Z [11:18:18]: ▸ [35m[[36mRileyLinkKitUI[0m] [1mWrite Auxiliary File[0m RileyLinkKitUI.LinkFileList[0m
Build	Fastlane Build & Archive	2026-07-20T11:18:20.5932900Z [11:18:18]: ▸ [35m[[36mRileyLinkKitUI[0m] [1mWrite Auxiliary File[0m RileyLinkKitUI-OutputFileMap.json[0m
Build	Fastlane Build & Archive	2026-07-20T11:18:20.5933880Z [11:18:18]: ▸ [35m[[36mRileyLinkKitUI[0m] [1mWrite Auxiliary File[0m 7187679823f38a2a940e0043cdf9d637-common-args.resp[0m
Build	Fastlane Build & Archive	2026-07-20T11:18:20.5934760Z [11:18:18]: ▸ [35m[[36mRileyLinkKitUI[0m] [1mWrite Auxiliary File[0m RileyLinkKitUI_vers.c[0m
Build	Fastlane Build & Archive	2026-07-20T11:18:20.5936230Z [11:18:18]: ▸ [35m[[36mRileyLinkKitUI[0m] [1mCopying[0m RileyLinkKitUI.h[0m
Build	Fastlane Build & Archive	2026-07-20T11:18:20.5936940Z [11:18:18]: ▸ [35m[[36mRileyLinkKitUI[0m] [1mCopy[0m module.modulemap -> module.modulemap[0m
Build	Fastlane Build & Archive	2026-07-20T11:18:20.5941720Z [11:18:18]: ▸ [35m[[36mRileyLinkKit[0m] [1mWrite Auxiliary File[0m unextended-module.modulemap[0m
Build	Fastlane Build & Archive	2026-07-20T11:18:20.5942860Z [11:18:18]: ▸ [35m[[36mRileyLinkKit[0m] [1mWrite Auxiliary File[0m unextended-module-overlay.yaml[0m
Build	Fastlane Build & Archive	2026-07-20T11:18:20.5943730Z [11:18:18]: ▸ [35m[[36mRileyLinkKit[0m] [1mWrite Auxiliary File[0m module.modulemap[0m
Build	Fastlane Build & Archive	2026-07-20T11:18:20.5944470Z [11:18:18]: ▸ [35m[[36mRileyLinkKit[0m] [1mWrite Auxiliary File[0m RileyLinkKit.hmap[0m
Build	Fastlane Build & Archive	2026-07-20T11:18:20.5946030Z [11:18:18]: ▸ [35m[[36mRileyLinkKit[0m] [1mWrite Auxiliary File[0m RileyLinkKit.DependencyStaticMetadataFileList[0m
Build	Fastlane Build & Archive	2026-07-20T11:18:20.6065550Z [11:18:18]: ▸ [35m[[36mRileyLinkKit[0m] [1mWrite Auxiliary File[0m RileyLinkKit.DependencyMetadataFileList[0m
Build	Fastlane Build & Archive	2026-07-20T11:18:20.6178840Z [11:18:18]: ▸ [35m[[36mRileyLinkKit[0m] [1mWrite Auxiliary File[0m RileyLinkKit-project-headers.hmap[0m
Build	Fastlane Build & Archive	2026-07-20T11:18:20.6200960Z [11:18:18]: ▸ [35m[[36mRileyLinkKit[0m] [1mWrite Auxiliary File[0m RileyLinkKit-own-target-headers.hmap[0m
Build	Fastlane Build & Archive	2026-07-20T11:18:20.6207460Z [11:18:18]: ▸ [35m[[36mRileyLinkKit[0m] [1mWrite Auxiliary File[0m RileyLinkKit-generated-files.hmap[0m
Build	Fastlane Build & Archive	2026-07-20T11:18:20.6208490Z [11:18:18]: ▸ [35m[[36mRileyLinkKit[0m] [1mWrite Auxiliary File[0m RileyLinkKit-all-target-headers.hmap[0m
Build	Fastlane Build & Archive	2026-07-20T11:18:20.6209420Z [11:18:18]: ▸ [35m[[36mRileyLinkKit[0m] [1mWrite Auxiliary File[0m RileyLinkKit-all-non-framework-target-headers.hmap[0m
Build	Fastlane Build & Archive	2026-07-20T11:18:20.6210330Z [11:18:18]: ▸ [35m[[36mRileyLinkKit[0m] [1mWrite Auxiliary File[0m RileyLinkKit_const_extract_protocols.json[0m
Build	Fastlane Build & Archive	2026-07-20T11:18:20.6211270Z [11:18:18]: ▸ [35m[[36mRileyLinkKit[0m] [1mWrite Auxiliary File[0m RileyLinkKit.SwiftFileList[0m
Build	Fastlane Build & Archive	2026-07-20T11:18:20.6212160Z [11:18:18]: ▸ [35m[[36mRileyLinkKit[0m] [1mWrite Auxiliary File[0m RileyLinkKit.SwiftConstValuesFileList[0m
Build	Fastlane Build & Archive	2026-07-20T11:18:20.6212950Z [11:18:18]: ▸ [35m[[36mRileyLinkKit[0m] [1mWrite Auxiliary File[0m RileyLinkKit.LinkFileList[0m
Build	Fastlane Build & Archive	2026-07-20T11:18:20.6213760Z [11:18:18]: ▸ [35m[[36mRileyLinkKit[0m] [1mWrite Auxiliary File[0m RileyLinkKit-OutputFileMap.json[0m
Build	Fastlane Build & Archive	2026-07-20T11:18:20.6214740Z [11:18:18]: ▸ [35m[[36mRileyLinkKit[0m] [1mWrite Auxiliary File[0m 7187679823f38a2a940e0043cdf9d637-common-args.resp[0m
Build	Fastlane Build & Archive	2026-07-20T11:18:20.6215630Z [11:18:18]: ▸ [35m[[36mRileyLinkKit[0m] [1mWrite Auxiliary File[0m RileyLinkKit_vers.c[0m
Build	Fastlane Build & Archive	2026-07-20T11:18:20.6216340Z [11:18:18]: ▸ [35m[[36mRileyLinkKit[0m] [1mCopying[0m RileyLinkKit.h[0m
Build	Fastlane Build & Archive	2026-07-20T11:18:20.6219050Z [11:18:18]: ▸ [35m[[36mRileyLinkKit[0m] [1mCopy[0m module.modulemap -> module.modulemap[0m
Build	Fastlane Build & Archive	2026-07-20T11:18:20.6220440Z [11:18:18]: ▸ [35m[[36mRileyLinkBLEKit[0m] [1mWrite Auxiliary File[0m unextended-module.modulemap[0m
Build	Fastlane Build & Archive	2026-07-20T11:18:20.6308500Z [11:18:18]: ▸ [35m[[36mRileyLinkBLEKit[0m] [1mWrite Auxiliary File[0m unextended-module-overlay.yaml[0m
Build	Fastlane Build & Archive	2026-07-20T11:18:20.6311830Z [11:18:18]: ▸ [35m[[36mRileyLinkBLEKit[0m] [1mWrite Auxiliary File[0m module.modulemap[0m
Build	Fastlane Build & Archive	2026-07-20T11:18:20.6314230Z [11:18:18]: ▸ [35m[[36mRileyLinkBLEKit[0m] [1mWrite Auxiliary File[0m RileyLinkBLEKit.hmap[0m
Build	Fastlane Build & Archive	2026-07-20T11:18:20.6344560Z [11:18:18]: ▸ [35m[[36mRileyLinkBLEKit[0m] [1mWrite Auxiliary File[0m RileyLinkBLEKit.DependencyStaticMetadataFileList[0m
Build	Fastlane Build & Archive	2026-07-20T11:18:20.6374170Z [11:18:18]: ▸ [35m[[36mRileyLinkBLEKit[0m] [1mWrite Auxiliary File[0m RileyLinkBLEKit.DependencyMetadataFileList[0m
Build	Fastlane Build & Archive	2026-07-20T11:18:20.6445140Z [11:18:18]: ▸ [35m[[36mRileyLinkBLEKit[0m] [1mWrite Auxiliary File[0m RileyLinkBLEKit-project-headers.hmap[0m
Build	Fastlane Build & Archive	2026-07-20T11:18:20.6446290Z [11:18:18]: ▸ [35m[[36mRileyLinkBLEKit[0m] [1mWrite Auxiliary File[0m RileyLinkBLEKit-own-target-headers.hmap[0m
Build	Fastlane Build & Archive	2026-07-20T11:18:20.6481580Z [11:18:18]: ▸ [35m[[36mRileyLinkBLEKit[0m] [1mWrite Auxiliary File[0m RileyLinkBLEKit-generated-files.hmap[0m
Build	Fastlane Build & Archive	2026-07-20T11:18:20.6516530Z [11:18:18]: ▸ [35m[[36mRileyLinkBLEKit[0m] [1mWrite Auxiliary File[0m RileyLinkBLEKit-all-target-headers.hmap[0m
Build	Fastlane Build & Archive	2026-07-20T11:18:20.6521700Z [11:18:18]: ▸ [35m[[36mRileyLinkBLEKit[0m] [1mWrite Auxiliary File[0m RileyLinkBLEKit-all-non-framework-target-headers.hmap[0m
Build	Fastlane Build & Archive	2026-07-20T11:18:20.6549510Z [11:18:18]: ▸ [35m[[36mRileyLinkBLEKit[0m] [1mWrite Auxiliary File[0m RileyLinkBLEKit_const_extract_protocols.json[0m
Build	Fastlane Build & Archive	2026-07-20T11:18:20.6553310Z [11:18:18]: ▸ [35m[[36mRileyLinkBLEKit[0m] [1mWrite Auxiliary File[0m RileyLinkBLEKit.SwiftFileList[0m
Build	Fastlane Build & Archive	2026-07-20T11:18:20.6554270Z [11:18:18]: ▸ [35m[[36mRileyLinkBLEKit[0m] [1mWrite Auxiliary File[0m RileyLinkBLEKit.SwiftConstValuesFileList[0m
Build	Fastlane Build & Archive	2026-07-20T11:18:20.6555180Z [11:18:18]: ▸ [35m[[36mRileyLinkBLEKit[0m] [1mWrite Auxiliary File[0m RileyLinkBLEKit.LinkFileList[0m
Build	Fastlane Build & Archive	2026-07-20T11:18:20.6556110Z [11:18:18]: ▸ [35m[[36mRileyLinkBLEKit[0m] [1mWrite Auxiliary File[0m RileyLinkBLEKit-OutputFileMap.json[0m
Build	Fastlane Build & Archive	2026-07-20T11:18:20.6583900Z [11:18:18]: ▸ [35m[[36mRileyLinkBLEKit[0m] [1mWrite Auxiliary File[0m 7187679823f38a2a940e0043cdf9d637-common-args.resp[0m
Build	Fastlane Build & Archive	2026-07-20T11:18:20.6585320Z [11:18:18]: ▸ [35m[[36mRileyLinkBLEKit[0m] [1mWrite Auxiliary File[0m RileyLinkBLEKit_vers.c[0m
Build	Fastlane Build & Archive	2026-07-20T11:18:20.6614330Z [11:18:18]: ▸ [35m[[36mRileyLinkBLEKit[0m] [1mCopying[0m RileyLinkBLEKit.h[0m
Build	Fastlane Build & Archive	2026-07-20T11:18:20.6616740Z [11:18:18]: ▸ [35m[[36mRileyLinkBLEKit[0m] [1mCopy[0m module.modulemap -> module.modulemap[0m
Build	Fastlane Build & Archive	2026-07-20T11:18:20.6672860Z [11:18:18]: ▸ [35m[[36mRealModule[0m] [1mWrite Auxiliary File[0m RealModule.modulemap[0m
Build	Fastlane Build & Archive	2026-07-20T11:18:20.6702150Z [11:18:18]: ▸ [35m[[36mRealModule[0m] [1mWrite Auxiliary File[0m RealModule.DependencyStaticMetadataFileList[0m
Build	Fastlane Build & Archive	2026-07-20T11:18:20.6737280Z [11:18:18]: ▸ [35m[[36mRealModule[0m] [1mWrite Auxiliary File[0m RealModule.DependencyMetadataFileList[0m
Build	Fastlane Build & Archive	2026-07-20T11:18:20.6740650Z [11:18:18]: ▸ [35m[[36mRealModule[0m] [1mWrite Auxiliary File[0m RealModule_const_extract_protocols.json[0m
Build	Fastlane Build & Archive	2026-07-20T11:18:20.6744690Z [11:18:18]: ▸ [35m[[36mRealModule[0m] [1mWrite Auxiliary File[0m RealModule.SwiftFileList[0m
Build	Fastlane Build & Archive	2026-07-20T11:18:20.6775390Z [11:18:18]: ▸ [35m[[36mRealModule[0m] [1mWrite Auxiliary File[0m RealModule.SwiftConstValuesFileList[0m
Build	Fastlane Build & Archive	2026-07-20T11:18:20.6776360Z [11:18:18]: ▸ [35m[[36mRealModule[0m] [1mWrite Auxiliary File[0m RealModule.LinkFileList[0m
Build	Fastlane Build & Archive	2026-07-20T11:18:20.6777020Z [11:18:18]: ▸ [35m[[36mRealModule[0m] [1mWrite Auxiliary File[0m RealModule-OutputFileMap.json[0m
Build	Fastlane Build & Archive	2026-07-20T11:18:20.6777670Z [11:18:18]: ▸ [35m[[36mRealModule[0m] [1mCopy[0m RealModule.modulemap -> RealModule.modulemap[0m
Build	Fastlane Build & Archive	2026-07-20T11:18:20.6778340Z [11:18:18]: ▸ [35m[[36mPromises_Promises[0m] [1mWrite Auxiliary File[0m empty-Promises_Promises.plist[0m
Build	Fastlane Build & Archive	2026-07-20T11:18:20.6779110Z [11:18:18]: ▸ [35m[[36mPromises_Promises[0m] [1mWrite Auxiliary File[0m Promises_Promises.DependencyStaticMetadataFileList[0m
Build	Fastlane Build & Archive	2026-07-20T11:18:20.6779910Z [11:18:18]: ▸ [35m[[36mPromises_Promises[0m] [1mWrite Auxiliary File[0m Promises_Promises.DependencyMetadataFileList[0m
Build	Fastlane Build & Archive	2026-07-20T11:18:20.6780680Z [11:18:18]: ▸ [35m[[36mPromises_FBLPromises[0m] [1mWrite Auxiliary File[0m empty-Promises_FBLPromises.plist[0m
Build	Fastlane Build & Archive	2026-07-20T11:18:20.6781460Z [11:18:18]: ▸ [35m[[36mPromises_FBLPromises[0m] [1mWrite Auxiliary File[0m Promises_FBLPromises.DependencyStaticMetadataFileList[0m
Build	Fastlane Build & Archive	2026-07-20T11:18:20.6782270Z [11:18:18]: ▸ [35m[[36mPromises_FBLPromises[0m] [1mWrite Auxiliary File[0m Promises_FBLPromises.DependencyMetadataFileList[0m
Build	Fastlane Build & Archive	2026-07-20T11:18:20.6782940Z [11:18:18]: ▸ [35m[[36mPromises[0m] [1mWrite Auxiliary File[0m Promises.modulemap[0m
Build	Fastlane Build & Archive	2026-07-20T11:18:20.6783530Z [11:18:18]: ▸ [35m[[36mPromises[0m] [1mWrite Auxiliary File[0m Promises.DependencyStaticMetadataFileList[0m
Build	Fastlane Build & Archive	2026-07-20T11:18:20.6784610Z [11:18:18]: ▸ [35m[[36mPromises[0m] [1mWrite Auxiliary File[0m Promises.DependencyMetadataFileList[0m
Build	Fastlane Build & Archive	2026-07-20T11:18:20.6785240Z [11:18:18]: ▸ [35m[[36mPromises[0m] [1mWrite Auxiliary File[0m Promises_const_extract_protocols.json[0m
Build	Fastlane Build & Archive	2026-07-20T11:18:20.6789130Z [11:18:18]: ▸ [35m[[36mPromises[0m] [1mWrite Auxiliary File[0m Promises.SwiftFileList[0m
Build	Fastlane Build & Archive	2026-07-20T11:18:20.6790370Z [11:18:18]: ▸ [35m[[36mPromises[0m] [1mWrite Auxiliary File[0m Promises.SwiftConstValuesFileList[0m
Build	Fastlane Build & Archive	2026-07-20T11:18:20.6791000Z [11:18:18]: ▸ [35m[[36mPromises[0m] [1mWrite Auxiliary File[0m Promises.LinkFileList[0m
Build	Fastlane Build & Archive	2026-07-20T11:18:20.6791600Z [11:18:18]: ▸ [35m[[36mPromises[0m] [1mWrite Auxiliary File[0m Promises-OutputFileMap.json[0m
Build	Fastlane Build & Archive	2026-07-20T11:18:20.6792210Z [11:18:18]: ▸ [35m[[36mPromises[0m] [1mWrite Auxiliary File[0m resource_bundle_accessor.swift[0m
Build	Fastlane Build & Archive	2026-07-20T11:18:20.6792790Z [11:18:18]: ▸ [35m[[36mPromises[0m] [1mCopy[0m Promises.modulemap -> Promises.modulemap[0m
Build	Fastlane Build & Archive	2026-07-20T11:18:20.6793350Z [11:18:18]: ▸ [35m[[36mOmnipodKit[0m] [1mWrite Auxiliary File[0m module.modulemap[0m
Build	Fastlane Build & Archive	2026-07-20T11:18:20.6793870Z [11:18:18]: ▸ [35m[[36mOmnipodKit[0m] [1mWrite Auxiliary File[0m OmnipodKit.hmap[0m
Build	Fastlane Build & Archive	2026-07-20T11:18:20.6796140Z [11:18:18]: ▸ [35m[[36mOmnipodKit[0m] [1mWrite Auxiliary File[0m OmnipodKit.DependencyStaticMetadataFileList[0m
Build	Fastlane Build & Archive	2026-07-20T11:18:20.6798560Z [11:18:18]: ▸ [35m[[36mOmnipodKit[0m] [1mWrite Auxiliary File[0m OmnipodKit.DependencyMetadataFileList[0m
Build	Fastlane Build & Archive	2026-07-20T11:18:20.6799220Z [11:18:18]: ▸ [35m[[36mOmnipodKit[0m] [1mWrite Auxiliary File[0m OmnipodKit-project-headers.hmap[0m
Build	Fastlane Build & Archive	2026-07-20T11:18:20.6799850Z [11:18:18]: ▸ [35m[[36mOmnipodKit[0m] [1mWrite Auxiliary File[0m OmnipodKit-own-target-headers.hmap[0m
Build	Fastlane Build & Archive	2026-07-20T11:18:20.6800480Z [11:18:18]: ▸ [35m[[36mOmnipodKit[0m] [1mWrite Auxiliary File[0m OmnipodKit-generated-files.hmap[0m
Build	Fastlane Build & Archive	2026-07-20T11:18:20.6801150Z [11:18:18]: ▸ [35m[[36mOmnipodKit[0m] [1mWrite Auxiliary File[0m OmnipodKit-diagnostic-filename-map.json[0m
Build	Fastlane Build & Archive	2026-07-20T11:18:20.6801800Z [11:18:18]: ▸ [35m[[36mOmnipodKit[0m] [1mWrite Auxiliary File[0m OmnipodKit-all-target-headers.hmap[0m
Build	Fastlane Build & Archive	2026-07-20T11:18:20.6802520Z [11:18:18]: ▸ [35m[[36mOmnipodKit[0m] [1mWrite Auxiliary File[0m OmnipodKit-all-non-framework-target-headers.hmap[0m
Build	Fastlane Build & Archive	2026-07-20T11:18:20.6803230Z [11:18:18]: ▸ [35m[[36mOmnipodKit[0m] [1mWrite Auxiliary File[0m OmnipodKit_const_extract_protocols.json[0m
Build	Fastlane Build & Archive	2026-07-20T11:18:20.6803850Z [11:18:18]: ▸ [35m[[36mOmnipodKit[0m] [1mWrite Auxiliary File[0m OmnipodKit.SwiftFileList[0m
Build	Fastlane Build & Archive	2026-07-20T11:18:20.6804500Z [11:18:18]: ▸ [35m[[36mOmnipodKit[0m] [1mWrite Auxiliary File[0m OmnipodKit.SwiftConstValuesFileList[0m
Build	Fastlane Build & Archive	2026-07-20T11:18:20.6805110Z [11:18:18]: ▸ [35m[[36mOmnipodKit[0m] [1mWrite Auxiliary File[0m OmnipodKit.LinkFileList[0m
Build	Fastlane Build & Archive	2026-07-20T11:18:20.6805700Z [11:18:18]: ▸ [35m[[36mOmnipodKit[0m] [1mWrite Auxiliary File[0m OmnipodKit-OutputFileMap.json[0m
Build	Fastlane Build & Archive	2026-07-20T11:18:20.6806410Z [11:18:18]: ▸ [35m[[36mOmnipodKit[0m] [1mWrite Auxiliary File[0m 7187679823f38a2a940e0043cdf9d637-common-args.resp[0m
Build	Fastlane Build & Archive	2026-07-20T11:18:20.6807050Z [11:18:18]: ▸ [35m[[36mOmnipodKit[0m] [1mWrite Auxiliary File[0m OmnipodKit_vers.c[0m
Build	Fastlane Build & Archive	2026-07-20T11:18:20.6807540Z [11:18:18]: ▸ [35m[[36mOmnipodKit[0m] [1mCopying[0m OmnipodKit.h[0m
Build	Fastlane Build & Archive	2026-07-20T11:18:20.6808040Z [11:18:18]: ▸ [35m[[36mOmnipodKit[0m] [1mCopy[0m module.modulemap -> module.modulemap[0m
Build	Fastlane Build & Archive	2026-07-20T11:18:20.6808640Z [11:18:18]: ▸ [35m[[36mMockKitUI[0m] [1mWrite Auxiliary File[0m MockKitUI_const_extract_protocols.json[0m
Build	Fastlane Build & Archive	2026-07-20T11:18:20.6809250Z [11:18:18]: ▸ [35m[[36mMockKitUI[0m] [1mWrite Auxiliary File[0m MockKitUI.SwiftFileList[0m
Build	Fastlane Build & Archive	2026-07-20T11:18:20.6809850Z [11:18:18]: ▸ [35m[[36mMockKitUI[0m] [1mWrite Auxiliary File[0m MockKitUI.SwiftConstValuesFileList[0m
Build	Fastlane Build & Archive	2026-07-20T11:18:20.6810440Z [11:18:18]: ▸ [35m[[36mMockKitUI[0m] [1mWrite Auxiliary File[0m MockKitUI.LinkFileList[0m
Build	Fastlane Build & Archive	2026-07-20T11:18:20.6811540Z [11:18:18]: ▸ [35m[[36mMockKitUI[0m] [1mWrite Auxiliary File[0m MockKitUI-OutputFileMap.json[0m
Build	Fastlane Build & Archive	2026-07-20T11:18:20.6812330Z [11:18:18]: ▸ [35m[[36mMockKitUI[0m] [1mWrite Auxiliary File[0m 7187679823f38a2a940e0043cdf9d637-common-args.resp[0m
Build	Fastlane Build & Archive	2026-07-20T11:18:20.6812930Z [11:18:18]: ▸ [35m[[36mMockKitUI[0m] [1mWrite Auxiliary File[0m MockKitUI.hmap[0m
Build	Fastlane Build & Archive	2026-07-20T11:18:20.6815450Z [11:18:18]: ▸ [35m[[36mMockKitUI[0m] [1mWrite Auxiliary File[0m MockKitUI.DependencyStaticMetadataFileList[0m
Build	Fastlane Build & Archive	2026-07-20T11:18:20.6817330Z [11:18:18]: ▸ [35m[[36mMockKitUI[0m] [1mWrite Auxiliary File[0m MockKitUI.DependencyMetadataFileList[0m
Build	Fastlane Build & Archive	2026-07-20T11:18:20.6817970Z [11:18:18]: ▸ [35m[[36mMockKitUI[0m] [1mWrite Auxiliary File[0m MockKitUI-project-headers.hmap[0m
Build	Fastlane Build & Archive	2026-07-20T11:18:20.6818590Z [11:18:18]: ▸ [35m[[36mMockKitUI[0m] [1mWrite Auxiliary File[0m MockKitUI-own-target-headers.hmap[0m
Build	Fastlane Build & Archive	2026-07-20T11:18:20.6819210Z [11:18:18]: ▸ [35m[[36mMockKitUI[0m] [1mWrite Auxiliary File[0m MockKitUI-generated-files.hmap[0m
Build	Fastlane Build & Archive	2026-07-20T11:18:20.6820010Z [11:18:18]: ▸ [35m[[36mMockKitUI[0m] [1mWrite Auxiliary File[0m MockKitUI-all-target-headers.hmap[0m
Build	Fastlane Build & Archive	2026-07-20T11:18:20.6820700Z [11:18:18]: ▸ [35m[[36mMockKitUI[0m] [1mWrite Auxiliary File[0m MockKitUI-all-non-framework-target-headers.hmap[0m
Build	Fastlane Build & Archive	2026-07-20T11:18:20.6821310Z [11:18:18]: ▸ [35m[[36mMockKitUI[0m] [1mWrite Auxiliary File[0m MockKitUI_vers.c[0m
Build	Fastlane Build & Archive	2026-07-20T11:18:20.6821770Z [11:18:18]: ▸ [35m[[36mMockKitUI[0m] [1mCopying[0m MockKitUI.h[0m
Build	Fastlane Build & Archive	2026-07-20T11:18:20.6822220Z [11:18:18]: ▸ [35m[[36mMockKit[0m] [1mWrite Auxiliary File[0m module.modulemap[0m
Build	Fastlane Build & Archive	2026-07-20T11:18:20.6822790Z [11:18:18]: ▸ [35m[[36mMockKit[0m] [1mWrite Auxiliary File[0m MockKit_const_extract_protocols.json[0m
Build	Fastlane Build & Archive	2026-07-20T11:18:20.6823350Z [11:18:18]: ▸ [35m[[36mMockKit[0m] [1mWrite Auxiliary File[0m MockKit.SwiftFileList[0m
Build	Fastlane Build & Archive	2026-07-20T11:18:20.6823930Z [11:18:18]: ▸ [35m[[36mMockKit[0m] [1mWrite Auxiliary File[0m MockKit.SwiftConstValuesFileList[0m
Build	Fastlane Build & Archive	2026-07-20T11:18:20.6825670Z [11:18:18]: ▸ [35m[[36mMockKit[0m] [1mWrite Auxiliary File[0m MockKit.LinkFileList[0m
Build	Fastlane Build & Archive	2026-07-20T11:18:20.6827190Z [11:18:18]: ▸ [35m[[36mMockKit[0m] [1mWrite Auxiliary File[0m MockKit-OutputFileMap.json[0m
Build	Fastlane Build & Archive	2026-07-20T11:18:20.6828900Z [11:18:18]: ▸ [35m[[36mMockKit[0m] [1mWrite Auxiliary File[0m 7187679823f38a2a940e0043cdf9d637-common-args.resp[0m
Build	Fastlane Build & Archive	2026-07-20T11:18:20.6829650Z [11:18:18]: ▸ [35m[[36mMockKit[0m] [1mWrite Auxiliary File[0m MockKit.hmap[0m
Build	Fastlane Build & Archive	2026-07-20T11:18:20.6831510Z [11:18:18]: ▸ [35m[[36mMockKit[0m] [1mWrite Auxiliary File[0m MockKit.DependencyStaticMetadataFileList[0m
Build	Fastlane Build & Archive	2026-07-20T11:18:20.6832860Z [11:18:18]: ▸ [35m[[36mMockKit[0m] [1mWrite Auxiliary File[0m MockKit.DependencyMetadataFileList[0m
Build	Fastlane Build & Archive	2026-07-20T11:18:20.6833470Z [11:18:18]: ▸ [35m[[36mMockKit[0m] [1mWrite Auxiliary File[0m MockKit-project-headers.hmap[0m
Build	Fastlane Build & Archive	2026-07-20T11:18:20.6834070Z [11:18:18]: ▸ [35m[[36mMockKit[0m] [1mWrite Auxiliary File[0m MockKit-own-target-headers.hmap[0m
Build	Fastlane Build & Archive	2026-07-20T11:18:20.6834650Z [11:18:18]: ▸ [35m[[36mMockKit[0m] [1mWrite Auxiliary File[0m MockKit-generated-files.hmap[0m
Build	Fastlane Build & Archive	2026-07-20T11:18:20.6835250Z [11:18:18]: ▸ [35m[[36mMockKit[0m] [1mWrite Auxiliary File[0m MockKit-all-target-headers.hmap[0m
Build	Fastlane Build & Archive	2026-07-20T11:18:20.6835900Z [11:18:18]: ▸ [35m[[36mMockKit[0m] [1mWrite Auxiliary File[0m MockKit-all-non-framework-target-headers.hmap[0m
Build	Fastlane Build & Archive	2026-07-20T11:18:20.6836490Z [11:18:18]: ▸ [35m[[36mMockKit[0m] [1mWrite Auxiliary File[0m MockKit_vers.c[0m
Build	Fastlane Build & Archive	2026-07-20T11:18:20.6836930Z [11:18:18]: ▸ [35m[[36mMockKit[0m] [1mCopying[0m MockKit.h[0m
Build	Fastlane Build & Archive	2026-07-20T11:18:20.6837390Z [11:18:18]: ▸ [35m[[36mMockKit[0m] [1mCopy[0m module.modulemap -> module.modulemap[0m
Build	Fastlane Build & Archive	2026-07-20T11:18:20.6838210Z [11:18:18]: ▸ [35m[[36mMinimedKitUI[0m] [1mWrite Auxiliary File[0m module.modulemap[0m
Build	Fastlane Build & Archive	2026-07-20T11:18:20.6839190Z [11:18:18]: ▸ [35m[[36mMinimedKitUI[0m] [1mWrite Auxiliary File[0m empty-MinimedKitUI.plist[0m
Build	Fastlane Build & Archive	2026-07-20T11:18:20.6839830Z [11:18:18]: ▸ [35m[[36mMinimedKitUI[0m] [1mWrite Auxiliary File[0m MinimedKitUI_const_extract_protocols.json[0m
Build	Fastlane Build & Archive	2026-07-20T11:18:20.6840580Z [11:18:18]: ▸ [35m[[36mMinimedKitUI[0m] [1mWrite Auxiliary File[0m MinimedKitUI.SwiftFileList[0m
Build	Fastlane Build & Archive	2026-07-20T11:18:20.6842100Z [11:18:18]: ▸ [35m[[36mMinimedKitUI[0m] [1mWrite Auxiliary File[0m MinimedKitUI.SwiftConstValuesFileList[0m
Build	Fastlane Build & Archive	2026-07-20T11:18:20.6844350Z [11:18:18]: ▸ [35m[[36mMinimedKitUI[0m] [1mWrite Auxiliary File[0m MinimedKitUI.LinkFileList[0m
Build	Fastlane Build & Archive	2026-07-20T11:18:20.6846310Z [11:18:18]: ▸ [35m[[36mMinimedKitUI[0m] [1mWrite Auxiliary File[0m MinimedKitUI-OutputFileMap.json[0m
Build	Fastlane Build & Archive	2026-07-20T11:18:20.6848120Z [11:18:18]: ▸ [35m[[36mMinimedKitUI[0m] [1mWrite Auxiliary File[0m 7187679823f38a2a940e0043cdf9d637-common-args.resp[0m
Build	Fastlane Build & Archive	2026-07-20T11:18:20.6849760Z [11:18:18]: ▸ [35m[[36mMinimedKitUI[0m] [1mWrite Auxiliary File[0m MinimedKitUI.hmap[0m
Build	Fastlane Build & Archive	2026-07-20T11:18:20.6852220Z [11:18:18]: ▸ [35m[[36mMinimedKitUI[0m] [1mWrite Auxiliary File[0m MinimedKitUI.DependencyStaticMetadataFileList[0m
Build	Fastlane Build & Archive	2026-07-20T11:18:20.6853140Z [11:18:18]: ▸ [35m[[36mMinimedKitUI[0m] [1mWrite Auxiliary File[0m MinimedKitUI.DependencyMetadataFileList[0m
Build	Fastlane Build & Archive	2026-07-20T11:18:20.6853850Z [11:18:18]: ▸ [35m[[36mMinimedKitUI[0m] [1mWrite Auxiliary File[0m MinimedKitUI-project-headers.hmap[0m
Build	Fastlane Build & Archive	2026-07-20T11:18:20.6854520Z [11:18:18]: ▸ [35m[[36mMinimedKitUI[0m] [1mWrite Auxiliary File[0m MinimedKitUI-own-target-headers.hmap[0m
Build	Fastlane Build & Archive	2026-07-20T11:18:20.6855170Z [11:18:18]: ▸ [35m[[36mMinimedKitUI[0m] [1mWrite Auxiliary File[0m MinimedKitUI-generated-files.hmap[0m
Build	Fastlane Build & Archive	2026-07-20T11:18:20.6856320Z [11:18:18]: ▸ [35m[[36mMinimedKitUI[0m] [1mWrite Auxiliary File[0m MinimedKitUI-all-target-headers.hmap[0m
Build	Fastlane Build & Archive	2026-07-20T11:18:20.6857360Z [11:18:18]: ▸ [35m[[36mMinimedKitUI[0m] [1mWrite Auxiliary File[0m MinimedKitUI-all-non-framework-target-headers.hmap[0m
Build	Fastlane Build & Archive	2026-07-20T11:18:20.6863520Z [11:18:18]: ▸ [35m[[36mMinimedKitUI[0m] [1mWrite Auxiliary File[0m MinimedKitUI_vers.c[0m
Build	Fastlane Build & Archive	2026-07-20T11:18:20.6864060Z [11:18:18]: ▸ [35m[[36mMinimedKitUI[0m] [1mCopying[0m MinimedKitUI.h[0m
Build	Fastlane Build & Archive	2026-07-20T11:18:20.6864600Z [11:18:18]: ▸ [35m[[36mMinimedKitUI[0m] [1mCopy[0m module.modulemap -> module.modulemap[0m
Build	Fastlane Build & Archive	2026-07-20T11:18:20.6865170Z [11:18:18]: ▸ [35m[[36mMinimedKit[0m] [1mWrite Auxiliary File[0m unextended-module.modulemap[0m
Build	Fastlane Build & Archive	2026-07-20T11:18:20.6865780Z [11:18:18]: ▸ [35m[[36mMinimedKit[0m] [1mWrite Auxiliary File[0m unextended-module-overlay.yaml[0m
Build	Fastlane Build & Archive	2026-07-20T11:18:20.6867150Z [11:18:18]: ▸ [35m[[36mMinimedKit[0m] [1mWrite Auxiliary File[0m module.modulemap[0m
Build	Fastlane Build & Archive	2026-07-20T11:18:20.6867740Z [11:18:18]: ▸ [35m[[36mMinimedKit[0m] [1mWrite Auxiliary File[0m empty-MinimedKit.plist[0m
Build	Fastlane Build & Archive	2026-07-20T11:18:20.6870790Z [11:18:18]: ▸ [35m[[36mMinimedKit[0m] [1mWrite Auxiliary File[0m MinimedKit_const_extract_protocols.json[0m
Build	Fastlane Build & Archive	2026-07-20T11:18:20.6871820Z [11:18:18]: ▸ [35m[[36mMinimedKit[0m] [1mWrite Auxiliary File[0m MinimedKit.SwiftFileList[0m
Build	Fastlane Build & Archive	2026-07-20T11:18:20.6872480Z [11:18:18]: ▸ [35m[[36mMinimedKit[0m] [1mWrite Auxiliary File[0m MinimedKit.SwiftConstValuesFileList[0m
Build	Fastlane Build & Archive	2026-07-20T11:18:20.6873140Z [11:18:18]: ▸ [35m[[36mMinimedKit[0m] [1mWrite Auxiliary File[0m MinimedKit.LinkFileList[0m
Build	Fastlane Build & Archive	2026-07-20T11:18:20.6873760Z [11:18:18]: ▸ [35m[[36mMinimedKit[0m] [1mWrite Auxiliary File[0m MinimedKit-OutputFileMap.json[0m
Build	Fastlane Build & Archive	2026-07-20T11:18:20.6874440Z [11:18:18]: ▸ [35m[[36mMinimedKit[0m] [1mWrite Auxiliary File[0m 7187679823f38a2a940e0043cdf9d637-common-args.resp[0m
Build	Fastlane Build & Archive	2026-07-20T11:18:20.6875090Z [11:18:18]: ▸ [35m[[36mMinimedKit[0m] [1mWrite Auxiliary File[0m MinimedKit.hmap[0m
Build	Fastlane Build & Archive	2026-07-20T11:18:20.6875910Z [11:18:18]: ▸ [35m[[36mMinimedKit[0m] [1mWrite Auxiliary File[0m MinimedKit.DependencyStaticMetadataFileList[0m
Build	Fastlane Build & Archive	2026-07-20T11:18:20.6876630Z [11:18:18]: ▸ [35m[[36mMinimedKit[0m] [1mWrite Auxiliary File[0m MinimedKit.DependencyMetadataFileList[0m
Build	Fastlane Build & Archive	2026-07-20T11:18:20.6878350Z [11:18:18]: ▸ [35m[[36mMinimedKit[0m] [1mWrite Auxiliary File[0m MinimedKit-project-headers.hmap[0m
Build	Fastlane Build & Archive	2026-07-20T11:18:20.6879290Z [11:18:18]: ▸ [35m[[36mMinimedKit[0m] [1mWrite Auxiliary File[0m MinimedKit-own-target-headers.hmap[0m
Build	Fastlane Build & Archive	2026-07-20T11:18:20.6879910Z [11:18:18]: ▸ [35m[[36mMinimedKit[0m] [1mWrite Auxiliary File[0m MinimedKit-generated-files.hmap[0m
Build	Fastlane Build & Archive	2026-07-20T11:18:20.6880540Z [11:18:18]: ▸ [35m[[36mMinimedKit[0m] [1mWrite Auxiliary File[0m MinimedKit-all-target-headers.hmap[0m
Build	Fastlane Build & Archive	2026-07-20T11:18:20.6881220Z [11:18:18]: ▸ [35m[[36mMinimedKit[0m] [1mWrite Auxiliary File[0m MinimedKit-all-non-framework-target-headers.hmap[0m
Build	Fastlane Build & Archive	2026-07-20T11:18:20.6881850Z [11:18:18]: ▸ [35m[[36mMinimedKit[0m] [1mWrite Auxiliary File[0m MinimedKit_vers.c[0m
Build	Fastlane Build & Archive	2026-07-20T11:18:20.6882330Z [11:18:18]: ▸ [35m[[36mMinimedKit[0m] [1mCopying[0m MinimedKit.h[0m
Build	Fastlane Build & Archive	2026-07-20T11:18:20.6882830Z [11:18:18]: ▸ [35m[[36mMinimedKit[0m] [1mCopy[0m module.modulemap -> module.modulemap[0m
Build	Fastlane Build & Archive	2026-07-20T11:18:20.6883390Z [11:18:18]: ▸ [35m[[36mMedtrumKit[0m] [1mWrite Auxiliary File[0m module.modulemap[0m
Build	Fastlane Build & Archive	2026-07-20T11:18:20.6884070Z [11:18:18]: ▸ [35m[[36mMedtrumKit[0m] [1mWrite Auxiliary File[0m MedtrumKit_const_extract_protocols.json[0m
Build	Fastlane Build & Archive	2026-07-20T11:18:20.6885100Z [11:18:18]: ▸ [35m[[36mMedtrumKit[0m] [1mWrite Auxiliary File[0m MedtrumKit.SwiftFileList[0m
Build	Fastlane Build & Archive	2026-07-20T11:18:20.6886080Z [11:18:18]: ▸ [35m[[36mMedtrumKit[0m] [1mWrite Auxiliary File[0m MedtrumKit.SwiftConstValuesFileList[0m
Build	Fastlane Build & Archive	2026-07-20T11:18:20.6886810Z [11:18:18]: ▸ [35m[[36mMedtrumKit[0m] [1mWrite Auxiliary File[0m MedtrumKit.LinkFileList[0m
Build	Fastlane Build & Archive	2026-07-20T11:18:20.6887410Z [11:18:18]: ▸ [35m[[36mMedtrumKit[0m] [1mWrite Auxiliary File[0m MedtrumKit-OutputFileMap.json[0m
Build	Fastlane Build & Archive	2026-07-20T11:18:20.6890360Z [11:18:18]: ▸ [35m[[36mMedtrumKit[0m] [1mWrite Auxiliary File[0m 7187679823f38a2a940e0043cdf9d637-common-args.resp[0m
Build	Fastlane Build & Archive	2026-07-20T11:18:20.6896390Z [11:18:18]: ▸ [35m[[36mMedtrumKit[0m] [1mWrite Auxiliary File[0m MedtrumKit.hmap[0m
Build	Fastlane Build & Archive	2026-07-20T11:18:20.6904880Z [11:18:18]: ▸ [35m[[36mMedtrumKit[0m] [1mWrite Auxiliary File[0m MedtrumKit.DependencyStaticMetadataFileList[0m
Build	Fastlane Build & Archive	2026-07-20T11:18:20.6919620Z [11:18:18]: ▸ [35m[[36mMedtrumKit[0m] [1mWrite Auxiliary File[0m MedtrumKit.DependencyMetadataFileList[0m
Build	Fastlane Build & Archive	2026-07-20T11:18:20.6920400Z [11:18:18]: ▸ [35m[[36mMedtrumKit[0m] [1mWrite Auxiliary File[0m MedtrumKit-project-headers.hmap[0m
Build	Fastlane Build & Archive	2026-07-20T11:18:20.6921970Z [11:18:18]: ▸ [35m[[36mMedtrumKit[0m] [1mWrite Auxiliary File[0m MedtrumKit-own-target-headers.hmap[0m
Build	Fastlane Build & Archive	2026-07-20T11:18:20.6922610Z [11:18:18]: ▸ [35m[[36mMedtrumKit[0m] [1mWrite Auxiliary File[0m MedtrumKit-generated-files.hmap[0m
Build	Fastlane Build & Archive	2026-07-20T11:18:20.6923320Z [11:18:18]: ▸ [35m[[36mMedtrumKit[0m] [1mWrite Auxiliary File[0m MedtrumKit-diagnostic-filename-map.json[0m
Build	Fastlane Build & Archive	2026-07-20T11:18:20.6923980Z [11:18:18]: ▸ [35m[[36mMedtrumKit[0m] [1mWrite Auxiliary File[0m MedtrumKit-all-target-headers.hmap[0m
Build	Fastlane Build & Archive	2026-07-20T11:18:20.6924710Z [11:18:18]: ▸ [35m[[36mMedtrumKit[0m] [1mWrite Auxiliary File[0m MedtrumKit-all-non-framework-target-headers.hmap[0m
Build	Fastlane Build & Archive	2026-07-20T11:18:20.6925390Z [11:18:18]: ▸ [35m[[36mMedtrumKit[0m] [1mWrite Auxiliary File[0m MedtrumKit_vers.c[0m
Build	Fastlane Build & Archive	2026-07-20T11:18:20.6925910Z [11:18:18]: ▸ [35m[[36mMedtrumKit[0m] [1mCopying[0m MedtrumKit.h[0m
Build	Fastlane Build & Archive	2026-07-20T11:18:20.6926400Z [11:18:18]: ▸ [35m[[36mMedtrumKit[0m] [1mCopy[0m module.modulemap -> module.modulemap[0m
Build	Fastlane Build & Archive	2026-07-20T11:18:20.6927080Z [11:18:18]: ▸ [35m[[36mMKRingProgressView[0m] [1mWrite Auxiliary File[0m MKRingProgressView_const_extract_protocols.json[0m
Build	Fastlane Build & Archive	2026-07-20T11:18:20.6936640Z [11:18:18]: ▸ [35m[[36mMKRingProgressView[0m] [1mWrite Auxiliary File[0m MKRingProgressView.SwiftFileList[0m
Build	Fastlane Build & Archive	2026-07-20T11:18:20.6937470Z [11:18:18]: ▸ [35m[[36mMKRingProgressView[0m] [1mWrite Auxiliary File[0m MKRingProgressView.SwiftConstValuesFileList[0m
Build	Fastlane Build & Archive	2026-07-20T11:18:20.6938740Z [11:18:18]: ▸ [35m[[36mMKRingProgressView[0m] [1mWrite Auxiliary File[0m MKRingProgressView.LinkFileList[0m
Build	Fastlane Build & Archive	2026-07-20T11:18:20.6939450Z [11:18:18]: ▸ [35m[[36mMKRingProgressView[0m] [1mWrite Auxiliary File[0m MKRingProgressView-OutputFileMap.json[0m
Build	Fastlane Build & Archive	2026-07-20T11:18:20.6940280Z [11:18:18]: ▸ [35m[[36mMKRingProgressView[0m] [1mWrite Auxiliary File[0m MKRingProgressView.modulemap[0m
Build	Fastlane Build & Archive	2026-07-20T11:18:20.6941140Z [11:18:18]: ▸ [35m[[36mMKRingProgressView[0m] [1mWrite Auxiliary File[0m MKRingProgressView.DependencyStaticMetadataFileList[0m
Build	Fastlane Build & Archive	2026-07-20T11:18:20.6942140Z [11:18:18]: ▸ [35m[[36mMKRingProgressView[0m] [1mWrite Auxiliary File[0m MKRingProgressView.DependencyMetadataFileList[0m
Build	Fastlane Build & Archive	2026-07-20T11:18:20.6942940Z [11:18:18]: ▸ [35m[[36mMKRingProgressView[0m] [1mCopy[0m MKRingProgressView.modulemap -> MKRingProgressView.modulemap[0m
Build	Fastlane Build & Archive	2026-07-20T11:18:20.6943710Z [11:18:18]: ▸ [35m[[36mLoopTestingKit[0m] [1mWrite Auxiliary File[0m LoopTestingKit_const_extract_protocols.json[0m
Build	Fastlane Build & Archive	2026-07-20T11:18:20.6944410Z [11:18:18]: ▸ [35m[[36mLoopTestingKit[0m] [1mWrite Auxiliary File[0m LoopTestingKit.SwiftFileList[0m
Build	Fastlane Build & Archive	2026-07-20T11:18:20.6945100Z [11:18:18]: ▸ [35m[[36mLoopTestingKit[0m] [1mWrite Auxiliary File[0m LoopTestingKit.SwiftConstValuesFileList[0m
Build	Fastlane Build & Archive	2026-07-20T11:18:20.6945790Z [11:18:18]: ▸ [35m[[36mLoopTestingKit[0m] [1mWrite Auxiliary File[0m LoopTestingKit.LinkFileList[0m
Build	Fastlane Build & Archive	2026-07-20T11:18:20.6946430Z [11:18:18]: ▸ [35m[[36mLoopTestingKit[0m] [1mWrite Auxiliary File[0m LoopTestingKit-OutputFileMap.json[0m
Build	Fastlane Build & Archive	2026-07-20T11:18:20.6947280Z [11:18:18]: ▸ [35m[[36mLoopTestingKit[0m] [1mWrite Auxiliary File[0m 7187679823f38a2a940e0043cdf9d637-common-args.resp[0m
Build	Fastlane Build & Archive	2026-07-20T11:18:20.6947940Z [11:18:18]: ▸ [35m[[36mLoopTestingKit[0m] [1mWrite Auxiliary File[0m LoopTestingKit.hmap[0m
Build	Fastlane Build & Archive	2026-07-20T11:18:20.6948690Z [11:18:18]: ▸ [35m[[36mLoopTestingKit[0m] [1mWrite Auxiliary File[0m LoopTestingKit.DependencyStaticMetadataFileList[0m
Build	Fastlane Build & Archive	2026-07-20T11:18:20.6950980Z [11:18:18]: ▸ [35m[[36mLoopTestingKit[0m] [1mWrite Auxiliary File[0m LoopTestingKit.DependencyMetadataFileList[0m
Build	Fastlane Build & Archive	2026-07-20T11:18:20.6951740Z [11:18:18]: ▸ [35m[[36mLoopTestingKit[0m] [1mWrite Auxiliary File[0m LoopTestingKit-project-headers.hmap[0m
Build	Fastlane Build & Archive	2026-07-20T11:18:20.6952420Z [11:18:18]: ▸ [35m[[36mLoopTestingKit[0m] [1mWrite Auxiliary File[0m LoopTestingKit-own-target-headers.hmap[0m
Build	Fastlane Build & Archive	2026-07-20T11:18:20.6953990Z [11:18:18]: ▸ [35m[[36mLoopTestingKit[0m] [1mWrite Auxiliary File[0m LoopTestingKit-generated-files.hmap[0m
Build	Fastlane Build & Archive	2026-07-20T11:18:20.6957970Z [11:18:18]: ▸ [35m[[36mLoopTestingKit[0m] [1mWrite Auxiliary File[0m LoopTestingKit-all-target-headers.hmap[0m
Build	Fastlane Build & Archive	2026-07-20T11:18:20.6958740Z [11:18:18]: ▸ [35m[[36mLoopTestingKit[0m] [1mWrite Auxiliary File[0m LoopTestingKit-all-non-framework-target-headers.hmap[0m
Build	Fastlane Build & Archive	2026-07-20T11:18:20.6959440Z [11:18:18]: ▸ [35m[[36mLoopTestingKit[0m] [1mWrite Auxiliary File[0m LoopTestingKit_vers.c[0m
Build	Fastlane Build & Archive	2026-07-20T11:18:20.6960010Z [11:18:18]: ▸ [35m[[36mLoopTestingKit[0m] [1mCopying[0m LoopTestingKit.h[0m
Build	Fastlane Build & Archive	2026-07-20T11:18:20.6960550Z [11:18:18]: ▸ [35m[[36mLoopKitUI[0m] [1mWrite Auxiliary File[0m module.modulemap[0m
Build	Fastlane Build & Archive	2026-07-20T11:18:20.6961150Z [11:18:18]: ▸ [35m[[36mLoopKitUI[0m] [1mWrite Auxiliary File[0m LoopKitUI_const_extract_protocols.json[0m
Build	Fastlane Build & Archive	2026-07-20T11:18:20.6961780Z [11:18:18]: ▸ [35m[[36mLoopKitUI[0m] [1mWrite Auxiliary File[0m LoopKitUI.SwiftFileList[0m
Build	Fastlane Build & Archive	2026-07-20T11:18:20.6962370Z [11:18:18]: ▸ [35m[[36mLoopKitUI[0m] [1mWrite Auxiliary File[0m LoopKitUI.SwiftConstValuesFileList[0m
Build	Fastlane Build & Archive	2026-07-20T11:18:20.6964180Z [11:18:18]: ▸ [35m[[36mLoopKitUI[0m] [1mWrite Auxiliary File[0m LoopKitUI.LinkFileList[0m
Build	Fastlane Build & Archive	2026-07-20T11:18:20.6965620Z [11:18:18]: ▸ [35m[[36mLoopKitUI[0m] [1mWrite Auxiliary File[0m LoopKitUI-OutputFileMap.json[0m
Build	Fastlane Build & Archive	2026-07-20T11:18:20.6966290Z [11:18:18]: ▸ [35m[[36mLoopKitUI[0m] [1mWrite Auxiliary File[0m 7187679823f38a2a940e0043cdf9d637-common-args.resp[0m
Build	Fastlane Build & Archive	2026-07-20T11:18:20.6981120Z [11:18:18]: ▸ [35m[[36mLoopKitUI[0m] [1mWrite Auxiliary File[0m LoopKitUI.hmap[0m
Build	Fastlane Build & Archive	2026-07-20T11:18:20.6981750Z [11:18:18]: ▸ [35m[[36mLoopKitUI[0m] [1mWrite Auxiliary File[0m LoopKitUI.DependencyStaticMetadataFileList[0m
Build	Fastlane Build & Archive	2026-07-20T11:18:20.6982630Z [11:18:18]: ▸ [35m[[36mLoopKitUI[0m] [1mWrite Auxiliary File[0m LoopKitUI.DependencyMetadataFileList[0m
Build	Fastlane Build & Archive	2026-07-20T11:18:20.6983270Z [11:18:18]: ▸ [35m[[36mLoopKitUI[0m] [1mWrite Auxiliary File[0m LoopKitUI-project-headers.hmap[0m
Build	Fastlane Build & Archive	2026-07-20T11:18:20.6983880Z [11:18:18]: ▸ [35m[[36mLoopKitUI[0m] [1mWrite Auxiliary File[0m LoopKitUI-own-target-headers.hmap[0m
Build	Fastlane Build & Archive	2026-07-20T11:18:20.6984620Z [11:18:18]: ▸ [35m[[36mLoopKitUI[0m] [1mWrite Auxiliary File[0m LoopKitUI-generated-files.hmap[0m
Build	Fastlane Build & Archive	2026-07-20T11:18:20.6985250Z [11:18:18]: ▸ [35m[[36mLoopKitUI[0m] [1mWrite Auxiliary File[0m LoopKitUI-all-target-headers.hmap[0m
Build	Fastlane Build & Archive	2026-07-20T11:18:20.6985920Z [11:18:18]: ▸ [35m[[36mLoopKitUI[0m] [1mWrite Auxiliary File[0m LoopKitUI-all-non-framework-target-headers.hmap[0m
Build	Fastlane Build & Archive	2026-07-20T11:18:20.7005780Z [11:18:18]: ▸ [35m[[36mLoopKitUI[0m] [1mWrite Auxiliary File[0m LoopKitUI_vers.c[0m
Build	Fastlane Build & Archive	2026-07-20T11:18:20.7006510Z [11:18:18]: ▸ [35m[[36mLoopKitUI[0m] [1mCopying[0m LoopKitUI.h[0m
Build	Fastlane Build & Archive	2026-07-20T11:18:20.7007460Z [11:18:18]: ▸ [35m[[36mLoopKitUI[0m] [1mCopy[0m module.modulemap -> module.modulemap[0m
Build	Fastlane Build & Archive	2026-07-20T11:18:20.7008270Z [11:18:18]: ▸ [35m[[36mLoopKit-watchOS[0m] [1mWrite Auxiliary File[0m module.modulemap[0m
Build	Fastlane Build & Archive	2026-07-20T11:18:20.7018890Z [11:18:18]: ▸ [35m[[36mLoopKit-watchOS[0m] [1mWrite Auxiliary File[0m LoopKit.SwiftFileList[0m
Build	Fastlane Build & Archive	2026-07-20T11:18:20.7019590Z [11:18:18]: ▸ [35m[[36mLoopKit-watchOS[0m] [1mWrite Auxiliary File[0m LoopKit.SwiftConstValuesFileList[0m
Build	Fastlane Build & Archive	2026-07-20T11:18:20.7024160Z [11:18:18]: ▸ [35m[[36mLoopKit-watchOS[0m] [1mWrite Auxiliary File[0m LoopKit.LinkFileList[0m
Build	Fastlane Build & Archive	2026-07-20T11:18:20.7025010Z [11:18:18]: ▸ [35m[[36mLoopKit-watchOS[0m] [1mWrite Auxiliary File[0m LoopKit-watchOS_const_extract_protocols.json[0m
Build	Fastlane Build & Archive	2026-07-20T11:18:20.7026010Z [11:18:18]: ▸ [35m[[36mLoopKit-watchOS[0m] [1mWrite Auxiliary File[0m LoopKit-watchOS-OutputFileMap.json[0m
Build	Fastlane Build & Archive	2026-07-20T11:18:20.7026780Z [11:18:18]: ▸ [35m[[36mLoopKit-watchOS[0m] [1mWrite Auxiliary File[0m 7187679823f38a2a940e0043cdf9d637-common-args.resp[0m
Build	Fastlane Build & Archive	2026-07-20T11:18:20.7027440Z [11:18:18]: ▸ [35m[[36mLoopKit-watchOS[0m] [1mWrite Auxiliary File[0m LoopKit.SwiftFileList[0m
Build	Fastlane Build & Archive	2026-07-20T11:18:20.7028080Z [11:18:18]: ▸ [35m[[36mLoopKit-watchOS[0m] [1mWrite Auxiliary File[0m LoopKit.SwiftConstValuesFileList[0m
Build	Fastlane Build & Archive	2026-07-20T11:18:20.7028690Z [11:18:18]: ▸ [35m[[36mLoopKit-watchOS[0m] [1mWrite Auxiliary File[0m LoopKit.LinkFileList[0m
Build	Fastlane Build & Archive	2026-07-20T11:18:20.7029360Z [11:18:18]: ▸ [35m[[36mLoopKit-watchOS[0m] [1mWrite Auxiliary File[0m LoopKit-watchOS_const_extract_protocols.json[0m
Build	Fastlane Build & Archive	2026-07-20T11:18:20.7030560Z [11:18:18]: ▸ [35m[[36mLoopKit-watchOS[0m] [1mWrite Auxiliary File[0m LoopKit-watchOS-OutputFileMap.json[0m
Build	Fastlane Build & Archive	2026-07-20T11:18:20.7033700Z [11:18:18]: ▸ [35m[[36mLoopKit-watchOS[0m] [1mWrite Auxiliary File[0m 7187679823f38a2a940e0043cdf9d637-common-args.resp[0m
Build	Fastlane Build & Archive	2026-07-20T11:18:20.7041700Z [11:18:18]: ▸ [35m[[36mLoopKit-watchOS[0m] [1mWrite Auxiliary File[0m LoopKit.SwiftFileList[0m
Build	Fastlane Build & Archive	2026-07-20T11:18:20.7043210Z [11:18:18]: ▸ [35m[[36mLoopKit-watchOS[0m] [1mWrite Auxiliary File[0m LoopKit.SwiftConstValuesFileList[0m
Build	Fastlane Build & Archive	2026-07-20T11:18:20.7048610Z [11:18:18]: ▸ [35m[[36mLoopKit-watchOS[0m] [1mWrite Auxiliary File[0m LoopKit.LinkFileList[0m
Build	Fastlane Build & Archive	2026-07-20T11:18:20.7049320Z [11:18:18]: ▸ [35m[[36mLoopKit-watchOS[0m] [1mWrite Auxiliary File[0m LoopKit-watchOS_const_extract_protocols.json[0m
Build	Fastlane Build & Archive	2026-07-20T11:18:20.7050030Z [11:18:18]: ▸ [35m[[36mLoopKit-watchOS[0m] [1mWrite Auxiliary File[0m LoopKit-watchOS-OutputFileMap.json[0m
Build	Fastlane Build & Archive	2026-07-20T11:18:20.7056170Z [11:18:18]: ▸ [35m[[36mLoopKit-watchOS[0m] [1mWrite Auxiliary File[0m 7187679823f38a2a940e0043cdf9d637-common-args.resp[0m
Build	Fastlane Build & Archive	2026-07-20T11:18:20.7057210Z [11:18:18]: ▸ [35m[[36mLoopKit-watchOS[0m] [1mWrite Auxiliary File[0m LoopKit.hmap[0m
Build	Fastlane Build & Archive	2026-07-20T11:18:20.7057980Z [11:18:18]: ▸ [35m[[36mLoopKit-watchOS[0m] [1mWrite Auxiliary File[0m LoopKit.DependencyStaticMetadataFileList[0m
Build	Fastlane Build & Archive	2026-07-20T11:18:20.7058680Z [11:18:18]: ▸ [35m[[36mLoopKit-watchOS[0m] [1mWrite Auxiliary File[0m LoopKit.DependencyMetadataFileList[0m
Build	Fastlane Build & Archive	2026-07-20T11:18:20.7064650Z [11:18:18]: ▸ [35m[[36mLoopKit-watchOS[0m] [1mWrite Auxiliary File[0m LoopKit-project-headers.hmap[0m
Build	Fastlane Build & Archive	2026-07-20T11:18:20.7080080Z [11:18:18]: ▸ [35m[[36mLoopKit-watchOS[0m] [1mWrite Auxiliary File[0m LoopKit-own-target-headers.hmap[0m
Build	Fastlane Build & Archive	2026-07-20T11:18:20.7081960Z [11:18:18]: ▸ [35m[[36mLoopKit-watchOS[0m] [1mWrite Auxiliary File[0m LoopKit-generated-files.hmap[0m
Build	Fastlane Build & Archive	2026-07-20T11:18:20.7083630Z [11:18:18]: ▸ [35m[[36mLoopKit-watchOS[0m] [1mWrite Auxiliary File[0m LoopKit-all-target-headers.hmap[0m
Build	Fastlane Build & Archive	2026-07-20T11:18:20.7086100Z [11:18:18]: ▸ [35m[[36mLoopKit-watchOS[0m] [1mWrite Auxiliary File[0m LoopKit-all-non-framework-target-headers.hmap[0m
Build	Fastlane Build & Archive	2026-07-20T11:18:20.7094140Z [11:18:18]: ▸ [35m[[36mLoopKit-watchOS[0m] [1mWrite Auxiliary File[0m LoopKit_vers.c[0m
Build	Fastlane Build & Archive	2026-07-20T11:18:20.7095090Z [11:18:18]: ▸ [35m[[36mLoopKit-watchOS[0m] [1mCopying[0m LoopKit.h[0m
Build	Fastlane Build & Archive	2026-07-20T11:18:20.7095630Z [11:18:18]: ▸ [35m[[36mLoopKit-watchOS[0m] [1mCopy[0m module.modulemap -> module.modulemap[0m
Build	Fastlane Build & Archive	2026-07-20T11:18:20.7096170Z [11:18:18]: ▸ [35m[[36mLoopKit[0m] [1mWrite Auxiliary File[0m module.modulemap[0m
Build	Fastlane Build & Archive	2026-07-20T11:18:20.7096730Z [11:18:18]: ▸ [35m[[36mLoopKit[0m] [1mWrite Auxiliary File[0m LoopKit_const_extract_protocols.json[0m
Build	Fastlane Build & Archive	2026-07-20T11:18:20.7097300Z [11:18:18]: ▸ [35m[[36mLoopKit[0m] [1mWrite Auxiliary File[0m LoopKit.SwiftFileList[0m
Build	Fastlane Build & Archive	2026-07-20T11:18:20.7102420Z [11:18:18]: ▸ [35m[[36mLoopKit[0m] [1mWrite Auxiliary File[0m LoopKit.SwiftConstValuesFileList[0m
Build	Fastlane Build & Archive	2026-07-20T11:18:20.7104920Z [11:18:18]: ▸ [35m[[36mLoopKit[0m] [1mWrite Auxiliary File[0m LoopKit.LinkFileList[0m
Build	Fastlane Build & Archive	2026-07-20T11:18:20.7106430Z [11:18:18]: ▸ [35m[[36mLoopKit[0m] [1mWrite Auxiliary File[0m LoopKit-OutputFileMap.json[0m
Build	Fastlane Build & Archive	2026-07-20T11:18:20.7108140Z [11:18:18]: ▸ [35m[[36mLoopKit[0m] [1mWrite Auxiliary File[0m 7187679823f38a2a940e0043cdf9d637-common-args.resp[0m
Build	Fastlane Build & Archive	2026-07-20T11:18:20.7110210Z [11:18:18]: ▸ [35m[[36mLoopKit[0m] [1mWrite Auxiliary File[0m LoopKit.hmap[0m
Build	Fastlane Build & Archive	2026-07-20T11:18:20.7113430Z [11:18:18]: ▸ [35m[[36mLoopKit[0m] [1mWrite Auxiliary File[0m LoopKit.DependencyStaticMetadataFileList[0m
Build	Fastlane Build & Archive	2026-07-20T11:18:20.7114160Z [11:18:18]: ▸ [35m[[36mLoopKit[0m] [1mWrite Auxiliary File[0m LoopKit.DependencyMetadataFileList[0m
Build	Fastlane Build & Archive	2026-07-20T11:18:20.7114770Z [11:18:18]: ▸ [35m[[36mLoopKit[0m] [1mWrite Auxiliary File[0m LoopKit-project-headers.hmap[0m
Build	Fastlane Build & Archive	2026-07-20T11:18:20.7115380Z [11:18:18]: ▸ [35m[[36mLoopKit[0m] [1mWrite Auxiliary File[0m LoopKit-own-target-headers.hmap[0m
Build	Fastlane Build & Archive	2026-07-20T11:18:20.7117060Z [11:18:18]: ▸ [35m[[36mLoopKit[0m] [1mWrite Auxiliary File[0m LoopKit-generated-files.hmap[0m
Build	Fastlane Build & Archive	2026-07-20T11:18:20.7117710Z [11:18:18]: ▸ [35m[[36mLoopKit[0m] [1mWrite Auxiliary File[0m LoopKit-all-target-headers.hmap[0m
Build	Fastlane Build & Archive	2026-07-20T11:18:20.7118390Z [11:18:18]: ▸ [35m[[36mLoopKit[0m] [1mWrite Auxiliary File[0m LoopKit-all-non-framework-target-headers.hmap[0m
Build	Fastlane Build & Archive	2026-07-20T11:18:20.7119070Z [11:18:18]: ▸ [35m[[36mLoopKit[0m] [1mWrite Auxiliary File[0m LoopKit_vers.c[0m
Build	Fastlane Build & Archive	2026-07-20T11:18:20.7119540Z [11:18:18]: ▸ [35m[[36mLoopKit[0m] [1mCopying[0m LoopKit.h[0m
Build	Fastlane Build & Archive	2026-07-20T11:18:20.7121330Z [11:18:18]: ▸ [35m[[36mLoopKit[0m] [1mCopy[0m module.modulemap -> module.modulemap[0m
Build	Fastlane Build & Archive	2026-07-20T11:18:20.7122040Z [11:18:18]: ▸ [35m[[36mLogging[0m] [1mWrite Auxiliary File[0m Logging_const_extract_protocols.json[0m
Build	Fastlane Build & Archive	2026-07-20T11:18:20.7122680Z [11:18:18]: ▸ [35m[[36mLogging[0m] [1mWrite Auxiliary File[0m Logging.SwiftFileList[0m
Build	Fastlane Build & Archive	2026-07-20T11:18:20.7123870Z [11:18:18]: ▸ [35m[[36mLogging[0m] [1mWrite Auxiliary File[0m Logging.SwiftConstValuesFileList[0m
Build	Fastlane Build & Archive	2026-07-20T11:18:20.7124600Z [11:18:18]: ▸ [35m[[36mLogging[0m] [1mWrite Auxiliary File[0m Logging.LinkFileList[0m
Build	Fastlane Build & Archive	2026-07-20T11:18:20.7125690Z [11:18:18]: ▸ [35m[[36mLogging[0m] [1mWrite Auxiliary File[0m Logging-OutputFileMap.json[0m
Build	Fastlane Build & Archive	2026-07-20T11:18:20.7126300Z [11:18:18]: ▸ [35m[[36mLogging[0m] [1mWrite Auxiliary File[0m Logging.modulemap[0m
Build	Fastlane Build & Archive	2026-07-20T11:18:20.7129240Z [11:18:18]: ▸ [35m[[36mLogging[0m] [1mWrite Auxiliary File[0m Logging.DependencyStaticMetadataFileList[0m
Build	Fastlane Build & Archive	2026-07-20T11:18:20.7129950Z [11:18:18]: ▸ [35m[[36mLogging[0m] [1mWrite Auxiliary File[0m Logging.DependencyMetadataFileList[0m
Build	Fastlane Build & Archive	2026-07-20T11:18:20.7130660Z [11:18:18]: ▸ [35m[[36mLogging[0m] [1mCopy[0m Logging.modulemap -> Logging.modulemap[0m
Build	Fastlane Build & Archive	2026-07-20T11:18:20.7131440Z [11:18:18]: ▸ [35m[[36mLoggerAPI[0m] [1mWrite Auxiliary File[0m LoggerAPI_const_extract_protocols.json[0m
Build	Fastlane Build & Archive	2026-07-20T11:18:20.7144260Z [11:18:18]: ▸ [35m[[36mLoggerAPI[0m] [1mWrite Auxiliary File[0m LoggerAPI.SwiftFileList[0m
Build	Fastlane Build & Archive	2026-07-20T11:18:20.7145010Z [11:18:18]: ▸ [35m[[36mLoggerAPI[0m] [1mWrite Auxiliary File[0m LoggerAPI.SwiftConstValuesFileList[0m
Build	Fastlane Build & Archive	2026-07-20T11:18:20.7145670Z [11:18:18]: ▸ [35m[[36mLoggerAPI[0m] [1mWrite Auxiliary File[0m LoggerAPI.LinkFileList[0m
Build	Fastlane Build & Archive	2026-07-20T11:18:20.7146290Z [11:18:18]: ▸ [35m[[36mLoggerAPI[0m] [1mWrite Auxiliary File[0m LoggerAPI-OutputFileMap.json[0m
Build	Fastlane Build & Archive	2026-07-20T11:18:20.7146910Z [11:18:18]: ▸ [35m[[36mLoggerAPI[0m] [1mWrite Auxiliary File[0m LoggerAPI.modulemap[0m
Build	Fastlane Build & Archive	2026-07-20T11:18:20.7147580Z [11:18:18]: ▸ [35m[[36mLoggerAPI[0m] [1mWrite Auxiliary File[0m LoggerAPI.DependencyStaticMetadataFileList[0m
Build	Fastlane Build & Archive	2026-07-20T11:18:20.7148370Z [11:18:18]: ▸ [35m[[36mLoggerAPI[0m] [1mWrite Auxiliary File[0m LoggerAPI.DependencyMetadataFileList[0m
Build	Fastlane Build & Archive	2026-07-20T11:18:20.7149210Z [11:18:18]: ▸ [35m[[36mLoggerAPI[0m] [1mCopy[0m LoggerAPI.modulemap -> LoggerAPI.modulemap[0m
Build	Fastlane Build & Archive	2026-07-20T11:18:20.7150110Z [11:18:18]: ▸ [35m[[36mLiveActivityExtension[0m] [1mWrite Auxiliary File[0m LiveActivityExtension_const_extract_protocols.json[0m
Build	Fastlane Build & Archive	2026-07-20T11:18:20.7150980Z [11:18:18]: ▸ [35m[[36mLiveActivityExtension[0m] [1mWrite Auxiliary File[0m LiveActivityExtension.SwiftFileList[0m
Build	Fastlane Build & Archive	2026-07-20T11:18:20.7151790Z [11:18:18]: ▸ [35m[[36mLiveActivityExtension[0m] [1mWrite Auxiliary File[0m LiveActivityExtension.SwiftConstValuesFileList[0m
Build	Fastlane Build & Archive	2026-07-20T11:18:20.7152590Z [11:18:18]: ▸ [35m[[36mLiveActivityExtension[0m] [1mWrite Auxiliary File[0m LiveActivityExtension.LinkFileList[0m
Build	Fastlane Build & Archive	2026-07-20T11:18:20.7153400Z [11:18:18]: ▸ [35m[[36mLiveActivityExtension[0m] [1mWrite Auxiliary File[0m LiveActivityExtension-OutputFileMap.json[0m
Build	Fastlane Build & Archive	2026-07-20T11:18:20.7154200Z [11:18:18]: ▸ [35m[[36mLiveActivityExtension[0m] [1mWrite Auxiliary File[0m LiveActivityExtension.hmap[0m
Build	Fastlane Build & Archive	2026-07-20T11:18:20.7155010Z [11:18:18]: ▸ [35m[[36mLiveActivityExtension[0m] [1mWrite Auxiliary File[0m LiveActivityExtension.DependencyStaticMetadataFileList[0m
Build	Fastlane Build & Archive	2026-07-20T11:18:20.7155950Z [11:18:18]: ▸ [35m[[36mLiveActivityExtension[0m] [1mWrite Auxiliary File[0m LiveActivityExtension.DependencyMetadataFileList[0m
Build	Fastlane Build & Archive	2026-07-20T11:18:20.7156810Z [11:18:18]: ▸ [35m[[36mLiveActivityExtension[0m] [1mWrite Auxiliary File[0m LiveActivityExtension-project-headers.hmap[0m
Build	Fastlane Build & Archive	2026-07-20T11:18:20.7157610Z [11:18:18]: ▸ [35m[[36mLiveActivityExtension[0m] [1mWrite Auxiliary File[0m LiveActivityExtension-own-target-headers.hmap[0m
Build	Fastlane Build & Archive	2026-07-20T11:18:20.7158390Z [11:18:18]: ▸ [35m[[36mLiveActivityExtension[0m] [1mWrite Auxiliary File[0m LiveActivityExtension-generated-files.hmap[0m
Build	Fastlane Build & Archive	2026-07-20T11:18:20.7159170Z [11:18:18]: ▸ [35m[[36mLiveActivityExtension[0m] [1mWrite Auxiliary File[0m LiveActivityExtension-all-target-headers.hmap[0m
Build	Fastlane Build & Archive	2026-07-20T11:18:20.7160020Z [11:18:18]: ▸ [35m[[36mLiveActivityExtension[0m] [1mWrite Auxiliary File[0m LiveActivityExtension-all-non-framework-target-headers.hmap[0m
Build	Fastlane Build & Archive	2026-07-20T11:18:20.7161650Z [11:18:18]: ▸ [35m[[36mLiveActivityExtension[0m] [1mWrite Auxiliary File[0m Entitlements.plist[0m
Build	Fastlane Build & Archive	2026-07-20T11:18:20.7162490Z [11:18:18]: ▸ [35m[[36mLibreTransmitterUI[0m] [1mWrite Auxiliary File[0m unextended-module.modulemap[0m
Build	Fastlane Build & Archive	2026-07-20T11:18:20.7163180Z [11:18:18]: ▸ [35m[[36mLibreTransmitterUI[0m] [1mWrite Auxiliary File[0m unextended-module-overlay.yaml[0m
Build	Fastlane Build & Archive	2026-07-20T11:18:20.7164010Z [11:18:18]: ▸ [35m[[36mLibreTransmitterUI[0m] [1mWrite Auxiliary File[0m module.modulemap[0m
Build	Fastlane Build & Archive	2026-07-20T11:18:20.7164690Z [11:18:18]: ▸ [35m[[36mLibreTransmitterUI[0m] [1mWrite Auxiliary File[0m LibreTransmitterUI_const_extract_protocols.json[0m
Build	Fastlane Build & Archive	2026-07-20T11:18:20.7165400Z [11:18:18]: ▸ [35m[[36mLibreTransmitterUI[0m] [1mWrite Auxiliary File[0m LibreTransmitterUI.SwiftFileList[0m
Build	Fastlane Build & Archive	2026-07-20T11:18:20.7166120Z [11:18:18]: ▸ [35m[[36mLibreTransmitterUI[0m] [1mWrite Auxiliary File[0m LibreTransmitterUI.SwiftConstValuesFileList[0m
Build	Fastlane Build & Archive	2026-07-20T11:18:20.7166840Z [11:18:18]: ▸ [35m[[36mLibreTransmitterUI[0m] [1mWrite Auxiliary File[0m LibreTransmitterUI.LinkFileList[0m
Build	Fastlane Build & Archive	2026-07-20T11:18:20.7167550Z [11:18:18]: ▸ [35m[[36mLibreTransmitterUI[0m] [1mWrite Auxiliary File[0m LibreTransmitterUI-OutputFileMap.json[0m
Build	Fastlane Build & Archive	2026-07-20T11:18:20.7168300Z [11:18:18]: ▸ [35m[[36mLibreTransmitterUI[0m] [1mWrite Auxiliary File[0m 7187679823f38a2a940e0043cdf9d637-common-args.resp[0m
Build	Fastlane Build & Archive	2026-07-20T11:18:20.7169000Z [11:18:18]: ▸ [35m[[36mLibreTransmitterUI[0m] [1mWrite Auxiliary File[0m LibreTransmitterUI.hmap[0m
Build	Fastlane Build & Archive	2026-07-20T11:18:20.7170000Z [11:18:18]: ▸ [35m[[36mLibreTransmitterUI[0m] [1mWrite Auxiliary File[0m LibreTransmitterUI.DependencyStaticMetadataFileList[0m
Build	Fastlane Build & Archive	2026-07-20T11:18:20.7170810Z [11:18:18]: ▸ [35m[[36mLibreTransmitterUI[0m] [1mWrite Auxiliary File[0m LibreTransmitterUI.DependencyMetadataFileList[0m
Build	Fastlane Build & Archive	2026-07-20T11:18:20.7173540Z [11:18:18]: ▸ [35m[[36mLibreTransmitterUI[0m] [1mWrite Auxiliary File[0m LibreTransmitterUI-project-headers.hmap[0m
Build	Fastlane Build & Archive	2026-07-20T11:18:20.7174340Z [11:18:18]: ▸ [35m[[36mLibreTransmitterUI[0m] [1mWrite Auxiliary File[0m LibreTransmitterUI-own-target-headers.hmap[0m
Build	Fastlane Build & Archive	2026-07-20T11:18:20.7175100Z [11:18:18]: ▸ [35m[[36mLibreTransmitterUI[0m] [1mWrite Auxiliary File[0m LibreTransmitterUI-generated-files.hmap[0m
Build	Fastlane Build & Archive	2026-07-20T11:18:20.7175840Z [11:18:18]: ▸ [35m[[36mLibreTransmitterUI[0m] [1mWrite Auxiliary File[0m LibreTransmitterUI-all-target-headers.hmap[0m
Build	Fastlane Build & Archive	2026-07-20T11:18:20.7176640Z [11:18:18]: ▸ [35m[[36mLibreTransmitterUI[0m] [1mWrite Auxiliary File[0m LibreTransmitterUI-all-non-framework-target-headers.hmap[0m
Build	Fastlane Build & Archive	2026-07-20T11:18:20.7177380Z [11:18:18]: ▸ [35m[[36mLibreTransmitterUI[0m] [1mWrite Auxiliary File[0m LibreTransmitterUI_vers.c[0m
Build	Fastlane Build & Archive	2026-07-20T11:18:20.7177970Z [11:18:18]: ▸ [35m[[36mLibreTransmitterUI[0m] [1mCopying[0m LibreTransmitterUI.h[0m
Build	Fastlane Build & Archive	2026-07-20T11:18:20.7178540Z [11:18:18]: ▸ [35m[[36mLibreTransmitterUI[0m] [1mCopy[0m module.modulemap -> module.modulemap[0m
Build	Fastlane Build & Archive	2026-07-20T11:18:20.7179270Z [11:18:18]: ▸ [35m[[36mLibreTransmitter[0m] [1mWrite Auxiliary File[0m unextended-module.modulemap[0m
Build	Fastlane Build & Archive	2026-07-20T11:18:20.7180510Z [11:18:18]: ▸ [35m[[36mLibreTransmitter[0m] [1mWrite Auxiliary File[0m unextended-module-overlay.yaml[0m
Build	Fastlane Build & Archive	2026-07-20T11:18:20.7181140Z [11:18:18]: ▸ [35m[[36mLibreTransmitter[0m] [1mWrite Auxiliary File[0m module.modulemap[0m
Build	Fastlane Build & Archive	2026-07-20T11:18:20.7181790Z [11:18:18]: ▸ [35m[[36mLibreTransmitter[0m] [1mWrite Auxiliary File[0m LibreTransmitter_const_extract_protocols.json[0m
Build	Fastlane Build & Archive	2026-07-20T11:18:20.7182470Z [11:18:18]: ▸ [35m[[36mLibreTransmitter[0m] [1mWrite Auxiliary File[0m LibreTransmitter.SwiftFileList[0m
Build	Fastlane Build & Archive	2026-07-20T11:18:20.7183160Z [11:18:18]: ▸ [35m[[36mLibreTransmitter[0m] [1mWrite Auxiliary File[0m LibreTransmitter.SwiftConstValuesFileList[0m
Build	Fastlane Build & Archive	2026-07-20T11:18:20.7183840Z [11:18:18]: ▸ [35m[[36mLibreTransmitter[0m] [1mWrite Auxiliary File[0m LibreTransmitter.LinkFileList[0m
Build	Fastlane Build & Archive	2026-07-20T11:18:20.7187930Z [11:18:18]: ▸ [35m[[36mLibreTransmitter[0m] [1mWrite Auxiliary File[0m LibreTransmitter-OutputFileMap.json[0m
Build	Fastlane Build & Archive	2026-07-20T11:18:20.7188910Z [11:18:18]: ▸ [35m[[36mLibreTransmitter[0m] [1mWrite Auxiliary File[0m 7187679823f38a2a940e0043cdf9d637-common-args.resp[0m
Build	Fastlane Build & Archive	2026-07-20T11:18:20.7189570Z [11:18:18]: ▸ [35m[[36mLibreTransmitter[0m] [1mWrite Auxiliary File[0m LibreTransmitter.hmap[0m
Build	Fastlane Build & Archive	2026-07-20T11:18:20.7190260Z [11:18:18]: ▸ [35m[[36mLibreTransmitter[0m] [1mWrite Auxiliary File[0m LibreTransmitter.DependencyStaticMetadataFileList[0m
Build	Fastlane Build & Archive	2026-07-20T11:18:20.7191010Z [11:18:18]: ▸ [35m[[36mLibreTransmitter[0m] [1mWrite Auxiliary File[0m LibreTransmitter.DependencyMetadataFileList[0m
Build	Fastlane Build & Archive	2026-07-20T11:18:20.7191730Z [11:18:18]: ▸ [35m[[36mLibreTransmitter[0m] [1mWrite Auxiliary File[0m LibreTransmitter-project-headers.hmap[0m
Build	Fastlane Build & Archive	2026-07-20T11:18:20.7192440Z [11:18:18]: ▸ [35m[[36mLibreTransmitter[0m] [1mWrite Auxiliary File[0m LibreTransmitter-own-target-headers.hmap[0m
Build	Fastlane Build & Archive	2026-07-20T11:18:20.7193160Z [11:18:18]: ▸ [35m[[36mLibreTransmitter[0m] [1mWrite Auxiliary File[0m LibreTransmitter-generated-files.hmap[0m
Build	Fastlane Build & Archive	2026-07-20T11:18:20.7193870Z [11:18:18]: ▸ [35m[[36mLibreTransmitter[0m] [1mWrite Auxiliary File[0m LibreTransmitter-all-target-headers.hmap[0m
Build	Fastlane Build & Archive	2026-07-20T11:18:20.7194640Z [11:18:18]: ▸ [35m[[36mLibreTransmitter[0m] [1mWrite Auxiliary File[0m LibreTransmitter-all-non-framework-target-headers.hmap[0m
Build	Fastlane Build & Archive	2026-07-20T11:18:20.7195350Z [11:18:18]: ▸ [35m[[36mLibreTransmitter[0m] [1mWrite Auxiliary File[0m LibreTransmitter_vers.c[0m
Build	Fastlane Build & Archive	2026-07-20T11:18:20.7195910Z [11:18:18]: ▸ [35m[[36mLibreTransmitter[0m] [1mCopying[0m LibreTransmitter.h[0m
Build	Fastlane Build & Archive	2026-07-20T11:18:20.7196460Z [11:18:18]: ▸ [35m[[36mLibreTransmitter[0m] [1mCopy[0m module.modulemap -> module.modulemap[0m
Build	Fastlane Build & Archive	2026-07-20T11:18:20.7197120Z [11:18:18]: ▸ [35m[[36mKituraContracts[0m] [1mWrite Auxiliary File[0m KituraContracts_const_extract_protocols.json[0m
Build	Fastlane Build & Archive	2026-07-20T11:18:20.7198390Z [11:18:18]: ▸ [35m[[36mKituraContracts[0m] [1mWrite Auxiliary File[0m KituraContracts.SwiftFileList[0m
Build	Fastlane Build & Archive	2026-07-20T11:18:20.7199340Z [11:18:18]: ▸ [35m[[36mKituraContracts[0m] [1mWrite Auxiliary File[0m KituraContracts.SwiftConstValuesFileList[0m
Build	Fastlane Build & Archive	2026-07-20T11:18:20.7200060Z [11:18:18]: ▸ [35m[[36mKituraContracts[0m] [1mWrite Auxiliary File[0m KituraContracts.LinkFileList[0m
Build	Fastlane Build & Archive	2026-07-20T11:18:20.7200810Z [11:18:18]: ▸ [35m[[36mKituraContracts[0m] [1mWrite Auxiliary File[0m KituraContracts-OutputFileMap.json[0m
Build	Fastlane Build & Archive	2026-07-20T11:18:20.7201460Z [11:18:18]: ▸ [35m[[36mKituraContracts[0m] [1mWrite Auxiliary File[0m KituraContracts.modulemap[0m
Build	Fastlane Build & Archive	2026-07-20T11:18:20.7202150Z [11:18:18]: ▸ [35m[[36mKituraContracts[0m] [1mWrite Auxiliary File[0m KituraContracts.DependencyStaticMetadataFileList[0m
Build	Fastlane Build & Archive	2026-07-20T11:18:20.7202900Z [11:18:18]: ▸ [35m[[36mKituraContracts[0m] [1mWrite Auxiliary File[0m KituraContracts.DependencyMetadataFileList[0m
Build	Fastlane Build & Archive	2026-07-20T11:18:20.7203620Z [11:18:18]: ▸ [35m[[36mKituraContracts[0m] [1mCopy[0m KituraContracts.modulemap -> KituraContracts.modulemap[0m
Build	Fastlane Build & Archive	2026-07-20T11:18:20.7204480Z [11:18:18]: ▸ [35m[[36mGoogleUtilities_GoogleUtilities-UserDefaults[0m] [1mWrite Auxiliary File[0m empty-GoogleUtilities_GoogleUtilities-UserDefaults.plist[0m
Build	Fastlane Build & Archive	2026-07-20T11:18:20.7205590Z [11:18:18]: ▸ [35m[[36mGoogleUtilities_GoogleUtilities-UserDefaults[0m] [1mWrite Auxiliary File[0m GoogleUtilities_GoogleUtilities-UserDefaults.DependencyStaticMetadataFileList[0m
Build	Fastlane Build & Archive	2026-07-20T11:18:20.7207280Z [11:18:18]: ▸ [35m[[36mGoogleUtilities_GoogleUtilities-UserDefaults[0m] [1mWrite Auxiliary File[0m GoogleUtilities_GoogleUtilities-UserDefaults.DependencyMetadataFileList[0m
Build	Fastlane Build & Archive	2026-07-20T11:18:20.7208320Z [11:18:18]: ▸ [35m[[36mGoogleUtilities_GoogleUtilities-NSData[0m] [1mWrite Auxiliary File[0m empty-GoogleUtilities_GoogleUtilities-NSData.plist[0m
Build	Fastlane Build & Archive	2026-07-20T11:18:20.7209320Z [11:18:18]: ▸ [35m[[36mGoogleUtilities_GoogleUtilities-NSData[0m] [1mWrite Auxiliary File[0m GoogleUtilities_GoogleUtilities-NSData.DependencyStaticMetadataFileList[0m
Build	Fastlane Build & Archive	2026-07-20T11:18:20.7210670Z [11:18:18]: ▸ [35m[[36mGoogleUtilities_GoogleUtilities-NSData[0m] [1mWrite Auxiliary File[0m GoogleUtilities_GoogleUtilities-NSData.DependencyMetadataFileList[0m
Build	Fastlane Build & Archive	2026-07-20T11:18:20.7211750Z [11:18:18]: ▸ [35m[[36mGoogleUtilities_GoogleUtilities-Logger[0m] [1mWrite Auxiliary File[0m empty-GoogleUtilities_GoogleUtilities-Logger.plist[0m
Build	Fastlane Build & Archive	2026-07-20T11:18:20.7212740Z [11:18:18]: ▸ [35m[[36mGoogleUtilities_GoogleUtilities-Logger[0m] [1mWrite Auxiliary File[0m GoogleUtilities_GoogleUtilities-Logger.DependencyStaticMetadataFileList[0m
Build	Fastlane Build & Archive	2026-07-20T11:18:20.7213790Z [11:18:18]: ▸ [35m[[36mGoogleUtilities_GoogleUtilities-Logger[0m] [1mWrite Auxiliary File[0m GoogleUtilities_GoogleUtilities-Logger.DependencyMetadataFileList[0m
Build	Fastlane Build & Archive	2026-07-20T11:18:20.7214790Z [11:18:18]: ▸ [35m[[36mGoogleUtilities_GoogleUtilities-Environment[0m] [1mWrite Auxiliary File[0m empty-GoogleUtilities_GoogleUtilities-Environment.plist[0m
Build	Fastlane Build & Archive	2026-07-20T11:18:20.7215880Z [11:18:18]: ▸ [35m[[36mGoogleUtilities_GoogleUtilities-Environment[0m] [1mWrite Auxiliary File[0m GoogleUtilities_GoogleUtilities-Environment.DependencyStaticMetadataFileList[0m
Build	Fastlane Build & Archive	2026-07-20T11:18:20.7217090Z [11:18:18]: ▸ [35m[[36mGoogleUtilities_GoogleUtilities-Environment[0m] [1mWrite Auxiliary File[0m GoogleUtilities_GoogleUtilities-Environment.DependencyMetadataFileList[0m
Build	Fastlane Build & Archive	2026-07-20T11:18:20.7218070Z [11:18:18]: ▸ [35m[[36mGoogleUtilities-UserDefaults[0m] [1mWrite Auxiliary File[0m e6072d4f65d7061329687fe24e3d63a7-common-args.resp[0m
Build	Fastlane Build & Archive	2026-07-20T11:18:20.7219000Z [11:18:18]: ▸ [35m[[36mGoogleUtilities-UserDefaults[0m] [1mWrite Auxiliary File[0m GoogleUtilities-UserDefaults.LinkFileList[0m
Build	Fastlane Build & Archive	2026-07-20T11:18:20.7219820Z [11:18:18]: ▸ [35m[[36mGoogleUtilities-UserDefaults[0m] [1mWrite Auxiliary File[0m GoogleUtilities-UserDefaults.modulemap[0m
Build	Fastlane Build & Archive	2026-07-20T11:18:20.7220730Z [11:18:18]: ▸ [35m[[36mGoogleUtilities-UserDefaults[0m] [1mWrite Auxiliary File[0m GoogleUtilities-UserDefaults.DependencyStaticMetadataFileList[0m
Build	Fastlane Build & Archive	2026-07-20T11:18:20.7221670Z [11:18:18]: ▸ [35m[[36mGoogleUtilities-UserDefaults[0m] [1mWrite Auxiliary File[0m GoogleUtilities-UserDefaults.DependencyMetadataFileList[0m
Build	Fastlane Build & Archive	2026-07-20T11:18:20.7222480Z [11:18:18]: ▸ [35m[[36mGoogleUtilities-UserDefaults[0m] [1mWrite Auxiliary File[0m resource_bundle_accessor.m[0m
Build	Fastlane Build & Archive	2026-07-20T11:18:20.7223180Z [11:18:18]: ▸ [35m[[36mGoogleUtilities-UserDefaults[0m] [1mWrite Auxiliary File[0m resource_bundle_accessor.h[0m
Build	Fastlane Build & Archive	2026-07-20T11:18:20.7224020Z [11:18:18]: ▸ [35m[[36mGoogleUtilities-UserDefaults[0m] [1mCopy[0m GoogleUtilities-UserDefaults.modulemap -> GoogleUtilities-UserDefaults.modulemap[0m
Build	Fastlane Build & Archive	2026-07-20T11:18:20.7225360Z [11:18:18]: ▸ [35m[[36mGoogleUtilities-NSData[0m] [1mWrite Auxiliary File[0m e6072d4f65d7061329687fe24e3d63a7-common-args.resp[0m
Build	Fastlane Build & Archive	2026-07-20T11:18:20.7226140Z [11:18:18]: ▸ [35m[[36mGoogleUtilities-NSData[0m] [1mWrite Auxiliary File[0m GoogleUtilities-NSData.LinkFileList[0m
Build	Fastlane Build & Archive	2026-07-20T11:18:20.7228890Z [11:18:18]: ▸ [35m[[36mGoogleUtilities-NSData[0m] [1mWrite Auxiliary File[0m GoogleUtilities-NSData.modulemap[0m
Build	Fastlane Build & Archive	2026-07-20T11:18:20.7231090Z [11:18:18]: ▸ [35m[[36mGoogleUtilities-NSData[0m] [1mWrite Auxiliary File[0m GoogleUtilities-NSData.DependencyStaticMetadataFileList[0m
Build	Fastlane Build & Archive	2026-07-20T11:18:20.7232060Z [11:18:18]: ▸ [35m[[36mGoogleUtilities-NSData[0m] [1mWrite Auxiliary File[0m GoogleUtilities-NSData.DependencyMetadataFileList[0m
Build	Fastlane Build & Archive	2026-07-20T11:18:20.7232810Z [11:18:18]: ▸ [35m[[36mGoogleUtilities-NSData[0m] [1mWrite Auxiliary File[0m resource_bundle_accessor.m[0m
Build	Fastlane Build & Archive	2026-07-20T11:18:20.7233470Z [11:18:18]: ▸ [35m[[36mGoogleUtilities-NSData[0m] [1mWrite Auxiliary File[0m resource_bundle_accessor.h[0m
Build	Fastlane Build & Archive	2026-07-20T11:18:20.7234230Z [11:18:18]: ▸ [35m[[36mGoogleUtilities-NSData[0m] [1mCopy[0m GoogleUtilities-NSData.modulemap -> GoogleUtilities-NSData.modulemap[0m
Build	Fastlane Build & Archive	2026-07-20T11:18:20.7235620Z [11:18:18]: ▸ [35m[[36mGoogleUtilities-Logger[0m] [1mWrite Auxiliary File[0m e6072d4f65d7061329687fe24e3d63a7-common-args.resp[0m
Build	Fastlane Build & Archive	2026-07-20T11:18:20.7244880Z [11:18:18]: ▸ [35m[[36mGoogleUtilities-Logger[0m] [1mWrite Auxiliary File[0m GoogleUtilities-Logger.LinkFileList[0m
Build	Fastlane Build & Archive	2026-07-20T11:18:20.7246860Z [11:18:18]: ▸ [35m[[36mGoogleUtilities-Logger[0m] [1mWrite Auxiliary File[0m GoogleUtilities-Logger.modulemap[0m
Build	Fastlane Build & Archive	2026-07-20T11:18:20.7247730Z [11:18:18]: ▸ [35m[[36mGoogleUtilities-Logger[0m] [1mWrite Auxiliary File[0m GoogleUtilities-Logger.DependencyStaticMetadataFileList[0m
Build	Fastlane Build & Archive	2026-07-20T11:18:20.7248610Z [11:18:18]: ▸ [35m[[36mGoogleUtilities-Logger[0m] [1mWrite Auxiliary File[0m GoogleUtilities-Logger.DependencyMetadataFileList[0m
Build	Fastlane Build & Archive	2026-07-20T11:18:20.7249360Z [11:18:18]: ▸ [35m[[36mGoogleUtilities-Logger[0m] [1mWrite Auxiliary File[0m resource_bundle_accessor.m[0m
Build	Fastlane Build & Archive	2026-07-20T11:18:20.7250010Z [11:18:18]: ▸ [35m[[36mGoogleUtilities-Logger[0m] [1mWrite Auxiliary File[0m resource_bundle_accessor.h[0m
Build	Fastlane Build & Archive	2026-07-20T11:18:20.7250790Z [11:18:18]: ▸ [35m[[36mGoogleUtilities-Logger[0m] [1mCopy[0m GoogleUtilities-Logger.modulemap -> GoogleUtilities-Logger.modulemap[0m
Build	Fastlane Build & Archive	2026-07-20T11:18:20.7253580Z [11:18:18]: ▸ [35m[[36mGoogleUtilities-Environment[0m] [1mWrite Auxiliary File[0m e6072d4f65d7061329687fe24e3d63a7-common-args.resp[0m
Build	Fastlane Build & Archive	2026-07-20T11:18:20.7254470Z [11:18:18]: ▸ [35m[[36mGoogleUtilities-Environment[0m] [1mWrite Auxiliary File[0m GoogleUtilities-Environment.LinkFileList[0m
Build	Fastlane Build & Archive	2026-07-20T11:18:20.7255290Z [11:18:18]: ▸ [35m[[36mGoogleUtilities-Environment[0m] [1mWrite Auxiliary File[0m GoogleUtilities-Environment.modulemap[0m
Build	Fastlane Build & Archive	2026-07-20T11:18:20.7256830Z [11:18:18]: ▸ [35m[[36mGoogleUtilities-Environment[0m] [1mWrite Auxiliary File[0m GoogleUtilities-Environment.DependencyStaticMetadataFileList[0m
Build	Fastlane Build & Archive	2026-07-20T11:18:20.7257820Z [11:18:18]: ▸ [35m[[36mGoogleUtilities-Environment[0m] [1mWrite Auxiliary File[0m GoogleUtilities-Environment.DependencyMetadataFileList[0m
Build	Fastlane Build & Archive	2026-07-20T11:18:20.7258650Z [11:18:18]: ▸ [35m[[36mGoogleUtilities-Environment[0m] [1mWrite Auxiliary File[0m resource_bundle_accessor.m[0m
Build	Fastlane Build & Archive	2026-07-20T11:18:20.7259350Z [11:18:18]: ▸ [35m[[36mGoogleUtilities-Environment[0m] [1mWrite Auxiliary File[0m resource_bundle_accessor.h[0m
Build	Fastlane Build & Archive	2026-07-20T11:18:20.7260180Z [11:18:18]: ▸ [35m[[36mGoogleUtilities-Environment[0m] [1mCopy[0m GoogleUtilities-Environment.modulemap -> GoogleUtilities-Environment.modulemap[0m
Build	Fastlane Build & Archive	2026-07-20T11:18:20.7261140Z [11:18:18]: ▸ [35m[[36mGoogleDataTransport_GoogleDataTransport[0m] [1mWrite Auxiliary File[0m empty-GoogleDataTransport_GoogleDataTransport.plist[0m
Build	Fastlane Build & Archive	2026-07-20T11:18:20.7262190Z [11:18:18]: ▸ [35m[[36mGoogleDataTransport_GoogleDataTransport[0m] [1mWrite Auxiliary File[0m GoogleDataTransport_GoogleDataTransport.DependencyStaticMetadataFileList[0m
Build	Fastlane Build & Archive	2026-07-20T11:18:20.7263360Z [11:18:18]: ▸ [35m[[36mGoogleDataTransport_GoogleDataTransport[0m] [1mWrite Auxiliary File[0m GoogleDataTransport_GoogleDataTransport.DependencyMetadataFileList[0m
Build	Fastlane Build & Archive	2026-07-20T11:18:20.7264310Z [11:18:18]: ▸ [35m[[36mGoogleDataTransport[0m] [1mWrite Auxiliary File[0m e6072d4f65d7061329687fe24e3d63a7-common-args.resp[0m
Build	Fastlane Build & Archive	2026-07-20T11:18:20.7265050Z [11:18:18]: ▸ [35m[[36mGoogleDataTransport[0m] [1mWrite Auxiliary File[0m GoogleDataTransport.LinkFileList[0m
Build	Fastlane Build & Archive	2026-07-20T11:18:20.7265800Z [11:18:18]: ▸ [35m[[36mGoogleDataTransport[0m] [1mWrite Auxiliary File[0m 7187679823f38a2a940e0043cdf9d637-common-args.resp[0m
Build	Fastlane Build & Archive	2026-07-20T11:18:20.7266530Z [11:18:18]: ▸ [35m[[36mGoogleDataTransport[0m] [1mWrite Auxiliary File[0m GoogleDataTransport.modulemap[0m
Build	Fastlane Build & Archive	2026-07-20T11:18:20.7267280Z [11:18:18]: ▸ [35m[[36mGoogleDataTransport[0m] [1mWrite Auxiliary File[0m GoogleDataTransport.DependencyStaticMetadataFileList[0m
Build	Fastlane Build & Archive	2026-07-20T11:18:20.7268080Z [11:18:18]: ▸ [35m[[36mGoogleDataTransport[0m] [1mWrite Auxiliary File[0m GoogleDataTransport.DependencyMetadataFileList[0m
Build	Fastlane Build & Archive	2026-07-20T11:18:20.7269210Z [11:18:18]: ▸ [35m[[36mGoogleDataTransport[0m] [1mWrite Auxiliary File[0m resource_bundle_accessor.m[0m
Build	Fastlane Build & Archive	2026-07-20T11:18:20.7269930Z [11:18:18]: ▸ [35m[[36mGoogleDataTransport[0m] [1mWrite Auxiliary File[0m resource_bundle_accessor.h[0m
Build	Fastlane Build & Archive	2026-07-20T11:18:20.7298170Z [11:18:18]: ▸ [35m[[36mGoogleDataTransport[0m] [1mCopy[0m GoogleDataTransport.modulemap -> GoogleDataTransport.modulemap[0m
Build	Fastlane Build & Archive	2026-07-20T11:18:20.7301020Z [11:18:18]: ▸ [35m[[36mG7SensorKitUI[0m] [1mWrite Auxiliary File[0m unextended-module.modulemap[0m
Build	Fastlane Build & Archive	2026-07-20T11:18:20.7302830Z [11:18:18]: ▸ [35m[[36mG7SensorKitUI[0m] [1mWrite Auxiliary File[0m unextended-module-overlay.yaml[0m
Build	Fastlane Build & Archive	2026-07-20T11:18:20.7325930Z [11:18:18]: ▸ [35m[[36mG7SensorKitUI[0m] [1mWrite Auxiliary File[0m module.modulemap[0m
Build	Fastlane Build & Archive	2026-07-20T11:18:20.7327850Z [11:18:18]: ▸ [35m[[36mG7SensorKitUI[0m] [1mWrite Auxiliary File[0m empty-G7SensorKitUI.plist[0m
Build	Fastlane Build & Archive	2026-07-20T11:18:20.7351460Z [11:18:18]: ▸ [35m[[36mG7SensorKitUI[0m] [1mWrite Auxiliary File[0m G7SensorKitUI_const_extract_protocols.json[0m
Build	Fastlane Build & Archive	2026-07-20T11:18:20.7352620Z [11:18:18]: ▸ [35m[[36mG7SensorKitUI[0m] [1mWrite Auxiliary File[0m G7SensorKitUI.SwiftFileList[0m
Build	Fastlane Build & Archive	2026-07-20T11:18:20.7353340Z [11:18:18]: ▸ [35m[[36mG7SensorKitUI[0m] [1mWrite Auxiliary File[0m G7SensorKitUI.SwiftConstValuesFileList[0m
Build	Fastlane Build & Archive	2026-07-20T11:18:20.7354000Z [11:18:18]: ▸ [35m[[36mG7SensorKitUI[0m] [1mWrite Auxiliary File[0m G7SensorKitUI.LinkFileList[0m
Build	Fastlane Build & Archive	2026-07-20T11:18:20.7354630Z [11:18:18]: ▸ [35m[[36mG7SensorKitUI[0m] [1mWrite Auxiliary File[0m G7SensorKitUI-OutputFileMap.json[0m
Build	Fastlane Build & Archive	2026-07-20T11:18:20.7355370Z [11:18:18]: ▸ [35m[[36mG7SensorKitUI[0m] [1mWrite Auxiliary File[0m 7187679823f38a2a940e0043cdf9d637-common-args.resp[0m
Build	Fastlane Build & Archive	2026-07-20T11:18:20.7356020Z [11:18:18]: ▸ [35m[[36mG7SensorKitUI[0m] [1mWrite Auxiliary File[0m G7SensorKitUI.hmap[0m
Build	Fastlane Build & Archive	2026-07-20T11:18:20.7356680Z [11:18:18]: ▸ [35m[[36mG7SensorKitUI[0m] [1mWrite Auxiliary File[0m G7SensorKitUI.DependencyStaticMetadataFileList[0m
Build	Fastlane Build & Archive	2026-07-20T11:18:20.7357420Z [11:18:18]: ▸ [35m[[36mG7SensorKitUI[0m] [1mWrite Auxiliary File[0m G7SensorKitUI.DependencyMetadataFileList[0m
Build	Fastlane Build & Archive	2026-07-20T11:18:20.7358120Z [11:18:18]: ▸ [35m[[36mG7SensorKitUI[0m] [1mWrite Auxiliary File[0m G7SensorKitUI-project-headers.hmap[0m
Build	Fastlane Build & Archive	2026-07-20T11:18:20.7358800Z [11:18:18]: ▸ [35m[[36mG7SensorKitUI[0m] [1mWrite Auxiliary File[0m G7SensorKitUI-own-target-headers.hmap[0m
Build	Fastlane Build & Archive	2026-07-20T11:18:20.7359470Z [11:18:18]: ▸ [35m[[36mG7SensorKitUI[0m] [1mWrite Auxiliary File[0m G7SensorKitUI-generated-files.hmap[0m
Build	Fastlane Build & Archive	2026-07-20T11:18:20.7360140Z [11:18:18]: ▸ [35m[[36mG7SensorKitUI[0m] [1mWrite Auxiliary File[0m G7SensorKitUI-all-target-headers.hmap[0m
Build	Fastlane Build & Archive	2026-07-20T11:18:20.7368890Z [11:18:18]: ▸ [35m[[36mG7SensorKitUI[0m] [1mWrite Auxiliary File[0m G7SensorKitUI-all-non-framework-target-headers.hmap[0m
Build	Fastlane Build & Archive	2026-07-20T11:18:20.7369760Z [11:18:18]: ▸ [35m[[36mG7SensorKitUI[0m] [1mWrite Auxiliary File[0m G7SensorKitUI_vers.c[0m
Build	Fastlane Build & Archive	2026-07-20T11:18:20.7370310Z [11:18:18]: ▸ [35m[[36mG7SensorKitUI[0m] [1mCopying[0m G7SensorKitUI.h[0m
Build	Fastlane Build & Archive	2026-07-20T11:18:20.7370850Z [11:18:18]: ▸ [35m[[36mG7SensorKitUI[0m] [1mCopy[0m module.modulemap -> module.modulemap[0m
Build	Fastlane Build & Archive	2026-07-20T11:18:20.7371440Z [11:18:18]: ▸ [35m[[36mG7SensorKit[0m] [1mWrite Auxiliary File[0m unextended-module.modulemap[0m
Build	Fastlane Build & Archive	2026-07-20T11:18:20.7372150Z [11:18:18]: ▸ [35m[[36mG7SensorKit[0m] [1mWrite Auxiliary File[0m unextended-module-overlay.yaml[0m
Build	Fastlane Build & Archive	2026-07-20T11:18:20.7372720Z [11:18:18]: ▸ [35m[[36mG7SensorKit[0m] [1mWrite Auxiliary File[0m module.modulemap[0m
Build	Fastlane Build & Archive	2026-07-20T11:18:20.7373270Z [11:18:18]: ▸ [35m[[36mG7SensorKit[0m] [1mWrite Auxiliary File[0m empty-G7SensorKit.plist[0m
Build	Fastlane Build & Archive	2026-07-20T11:18:20.7373900Z [11:18:18]: ▸ [35m[[36mG7SensorKit[0m] [1mWrite Auxiliary File[0m G7SensorKit_const_extract_protocols.json[0m
Build	Fastlane Build & Archive	2026-07-20T11:18:20.7375100Z [11:18:19]: ▸ [35m[[36mG7SensorKit[0m] [1mWrite Auxiliary File[0m G7SensorKit.SwiftFileList[0m
Build	Fastlane Build & Archive	2026-07-20T11:18:20.7377210Z [11:18:19]: ▸ [35m[[36mG7SensorKit[0m] [1mWrite Auxiliary File[0m G7SensorKit.SwiftConstValuesFileList[0m
Build	Fastlane Build & Archive	2026-07-20T11:18:20.7378010Z [11:18:19]: ▸ [35m[[36mG7SensorKit[0m] [1mWrite Auxiliary File[0m G7SensorKit.LinkFileList[0m
Build	Fastlane Build & Archive	2026-07-20T11:18:20.7378610Z [11:18:19]: ▸ [35m[[36mG7SensorKit[0m] [1mWrite Auxiliary File[0m G7SensorKit-OutputFileMap.json[0m
Build	Fastlane Build & Archive	2026-07-20T11:18:20.7379290Z [11:18:19]: ▸ [35m[[36mG7SensorKit[0m] [1mWrite Auxiliary File[0m 7187679823f38a2a940e0043cdf9d637-common-args.resp[0m
Build	Fastlane Build & Archive	2026-07-20T11:18:20.7379920Z [11:18:19]: ▸ [35m[[36mG7SensorKit[0m] [1mWrite Auxiliary File[0m G7SensorKit.hmap[0m
Build	Fastlane Build & Archive	2026-07-20T11:18:20.7380560Z [11:18:19]: ▸ [35m[[36mG7SensorKit[0m] [1mWrite Auxiliary File[0m G7SensorKit.DependencyStaticMetadataFileList[0m
Build	Fastlane Build & Archive	2026-07-20T11:18:20.7381250Z [11:18:19]: ▸ [35m[[36mG7SensorKit[0m] [1mWrite Auxiliary File[0m G7SensorKit.DependencyMetadataFileList[0m
Build	Fastlane Build & Archive	2026-07-20T11:18:20.7381930Z [11:18:19]: ▸ [35m[[36mG7SensorKit[0m] [1mWrite Auxiliary File[0m G7SensorKit-project-headers.hmap[0m
Build	Fastlane Build & Archive	2026-07-20T11:18:20.7382580Z [11:18:19]: ▸ [35m[[36mG7SensorKit[0m] [1mWrite Auxiliary File[0m G7SensorKit-own-target-headers.hmap[0m
Build	Fastlane Build & Archive	2026-07-20T11:18:20.7383230Z [11:18:19]: ▸ [35m[[36mG7SensorKit[0m] [1mWrite Auxiliary File[0m G7SensorKit-generated-files.hmap[0m
Build	Fastlane Build & Archive	2026-07-20T11:18:20.7383870Z [11:18:19]: ▸ [35m[[36mG7SensorKit[0m] [1mWrite Auxiliary File[0m G7SensorKit-all-target-headers.hmap[0m
Build	Fastlane Build & Archive	2026-07-20T11:18:20.7384660Z [11:18:19]: ▸ [35m[[36mG7SensorKit[0m] [1mWrite Auxiliary File[0m G7SensorKit-all-non-framework-target-headers.hmap[0m
Build	Fastlane Build & Archive	2026-07-20T11:18:20.7385390Z [11:18:19]: ▸ [35m[[36mG7SensorKit[0m] [1mWrite Auxiliary File[0m G7SensorKit_vers.c[0m
Build	Fastlane Build & Archive	2026-07-20T11:18:20.7386030Z [11:18:19]: ▸ [35m[[36mG7SensorKit[0m] [1mCopying[0m G7SensorKit.h[0m
Build	Fastlane Build & Archive	2026-07-20T11:18:20.7386540Z [11:18:19]: ▸ [35m[[36mG7SensorKit[0m] [1mCopy[0m module.modulemap -> module.modulemap[0m
Build	Fastlane Build & Archive	2026-07-20T11:18:20.7387260Z [11:18:19]: ▸ [35m[[36mFirebase_FirebaseInstallations[0m] [1mWrite Auxiliary File[0m empty-Firebase_FirebaseInstallations.plist[0m
Build	Fastlane Build & Archive	2026-07-20T11:18:20.7388170Z [11:18:19]: ▸ [35m[[36mFirebase_FirebaseInstallations[0m] [1mWrite Auxiliary File[0m Firebase_FirebaseInstallations.DependencyStaticMetadataFileList[0m
Build	Fastlane Build & Archive	2026-07-20T11:18:20.7389110Z [11:18:19]: ▸ [35m[[36mFirebase_FirebaseInstallations[0m] [1mWrite Auxiliary File[0m Firebase_FirebaseInstallations.DependencyMetadataFileList[0m
Build	Fastlane Build & Archive	2026-07-20T11:18:20.7390010Z [11:18:19]: ▸ [35m[[36mFirebase_FirebaseCrashlytics[0m] [1mWrite Auxiliary File[0m empty-Firebase_FirebaseCrashlytics.plist[0m
Build	Fastlane Build & Archive	2026-07-20T11:18:20.7390930Z [11:18:19]: ▸ [35m[[36mFirebase_FirebaseCrashlytics[0m] [1mWrite Auxiliary File[0m Firebase_FirebaseCrashlytics.DependencyStaticMetadataFileList[0m
Build	Fastlane Build & Archive	2026-07-20T11:18:20.7392110Z [11:18:19]: ▸ [35m[[36mFirebase_FirebaseCrashlytics[0m] [1mWrite Auxiliary File[0m Firebase_FirebaseCrashlytics.DependencyMetadataFileList[0m
Build	Fastlane Build & Archive	2026-07-20T11:18:20.7393440Z [11:18:19]: ▸ [35m[[36mFirebase_FirebaseCoreInternal[0m] [1mWrite Auxiliary File[0m empty-Firebase_FirebaseCoreInternal.plist[0m
Build	Fastlane Build & Archive	2026-07-20T11:18:20.7394560Z [11:18:19]: ▸ [35m[[36mFirebase_FirebaseCoreInternal[0m] [1mWrite Auxiliary File[0m Firebase_FirebaseCoreInternal.DependencyStaticMetadataFileList[0m
Build	Fastlane Build & Archive	2026-07-20T11:18:20.7395560Z [11:18:19]: ▸ [35m[[36mFirebase_FirebaseCoreInternal[0m] [1mWrite Auxiliary File[0m Firebase_FirebaseCoreInternal.DependencyMetadataFileList[0m
Build	Fastlane Build & Archive	2026-07-20T11:18:20.7396800Z [11:18:19]: ▸ [35m[[36mFirebase_FirebaseCoreExtension[0m] [1mWrite Auxiliary File[0m empty-Firebase_FirebaseCoreExtension.plist[0m
Build	Fastlane Build & Archive	2026-07-20T11:18:20.7397810Z [11:18:19]: ▸ [35m[[36mFirebase_FirebaseCoreExtension[0m] [1mWrite Auxiliary File[0m Firebase_FirebaseCoreExtension.DependencyStaticMetadataFileList[0m
Build	Fastlane Build & Archive	2026-07-20T11:18:20.7398890Z [11:18:19]: ▸ [35m[[36mFirebase_FirebaseCoreExtension[0m] [1mWrite Auxiliary File[0m Firebase_FirebaseCoreExtension.DependencyMetadataFileList[0m
Build	Fastlane Build & Archive	2026-07-20T11:18:20.7399830Z [11:18:19]: ▸ [35m[[36mFirebase_FirebaseCore[0m] [1mWrite Auxiliary File[0m empty-Firebase_FirebaseCore.plist[0m
Build	Fastlane Build & Archive	2026-07-20T11:18:20.7400760Z [11:18:19]: ▸ [35m[[36mFirebase_FirebaseCore[0m] [1mWrite Auxiliary File[0m Firebase_FirebaseCore.DependencyStaticMetadataFileList[0m
Build	Fastlane Build & Archive	2026-07-20T11:18:20.7401730Z [11:18:19]: ▸ [35m[[36mFirebase_FirebaseCore[0m] [1mWrite Auxiliary File[0m Firebase_FirebaseCore.DependencyMetadataFileList[0m
Build	Fastlane Build & Archive	2026-07-20T11:18:20.7402660Z [11:18:19]: ▸ [35m[[36mFirebaseSessionsObjC[0m] [1mWrite Auxiliary File[0m e6072d4f65d7061329687fe24e3d63a7-common-args.resp[0m
Build	Fastlane Build & Archive	2026-07-20T11:18:20.7403550Z [11:18:19]: ▸ [35m[[36mFirebaseSessionsObjC[0m] [1mWrite Auxiliary File[0m FirebaseSessionsObjC.LinkFileList[0m
Build	Fastlane Build & Archive	2026-07-20T11:18:20.7404470Z [11:18:19]: ▸ [35m[[36mFirebaseSessionsObjC[0m] [1mWrite Auxiliary File[0m 7187679823f38a2a940e0043cdf9d637-common-args.resp[0m
Build	Fastlane Build & Archive	2026-07-20T11:18:20.7405360Z [11:18:19]: ▸ [35m[[36mFirebaseSessionsObjC[0m] [1mWrite Auxiliary File[0m FirebaseSessionsObjC.modulemap[0m
Build	Fastlane Build & Archive	2026-07-20T11:18:20.7406190Z [11:18:19]: ▸ [35m[[36mFirebaseSessionsObjC[0m] [1mWrite Auxiliary File[0m FirebaseSessionsObjC.DependencyStaticMetadataFileList[0m
Build	Fastlane Build & Archive	2026-07-20T11:18:20.7407090Z [11:18:19]: ▸ [35m[[36mFirebaseSessionsObjC[0m] [1mWrite Auxiliary File[0m FirebaseSessionsObjC.DependencyMetadataFileList[0m
Build	Fastlane Build & Archive	2026-07-20T11:18:20.7407970Z [11:18:19]: ▸ [35m[[36mFirebaseSessionsObjC[0m] [1mCopy[0m FirebaseSessionsObjC.modulemap -> FirebaseSessionsObjC.modulemap[0m
Build	Fastlane Build & Archive	2026-07-20T11:18:20.7408840Z [11:18:19]: ▸ [35m[[36mFirebaseSessions[0m] [1mWrite Auxiliary File[0m FirebaseSessions_const_extract_protocols.json[0m
Build	Fastlane Build & Archive	2026-07-20T11:18:20.7409570Z [11:18:19]: ▸ [35m[[36mFirebaseSessions[0m] [1mWrite Auxiliary File[0m FirebaseSessions.SwiftFileList[0m
Build	Fastlane Build & Archive	2026-07-20T11:18:20.7410290Z [11:18:19]: ▸ [35m[[36mFirebaseSessions[0m] [1mWrite Auxiliary File[0m FirebaseSessions.SwiftConstValuesFileList[0m
Build	Fastlane Build & Archive	2026-07-20T11:18:20.7411040Z [11:18:19]: ▸ [35m[[36mFirebaseSessions[0m] [1mWrite Auxiliary File[0m FirebaseSessions.LinkFileList[0m
Build	Fastlane Build & Archive	2026-07-20T11:18:20.7411770Z [11:18:19]: ▸ [35m[[36mFirebaseSessions[0m] [1mWrite Auxiliary File[0m FirebaseSessions-OutputFileMap.json[0m
Build	Fastlane Build & Archive	2026-07-20T11:18:20.7412430Z [11:18:19]: ▸ [35m[[36mFirebaseSessions[0m] [1mWrite Auxiliary File[0m FirebaseSessions.modulemap[0m
Build	Fastlane Build & Archive	2026-07-20T11:18:20.7413180Z [11:18:19]: ▸ [35m[[36mFirebaseSessions[0m] [1mWrite Auxiliary File[0m FirebaseSessions.DependencyStaticMetadataFileList[0m
Build	Fastlane Build & Archive	2026-07-20T11:18:20.7413950Z [11:18:19]: ▸ [35m[[36mFirebaseSessions[0m] [1mWrite Auxiliary File[0m FirebaseSessions.DependencyMetadataFileList[0m
Build	Fastlane Build & Archive	2026-07-20T11:18:20.7414690Z [11:18:19]: ▸ [35m[[36mFirebaseSessions[0m] [1mCopy[0m FirebaseSessions.modulemap -> FirebaseSessions.modulemap[0m
Build	Fastlane Build & Archive	2026-07-20T11:18:20.7415530Z [11:18:19]: ▸ [35m[[36mFirebaseRemoteConfigInterop[0m] [1mWrite Auxiliary File[0m FirebaseRemoteConfigInterop_const_extract_protocols.json[0m
Build	Fastlane Build & Archive	2026-07-20T11:18:20.7417400Z [11:18:19]: ▸ [35m[[36mFirebaseRemoteConfigInterop[0m] [1mWrite Auxiliary File[0m FirebaseRemoteConfigInterop.SwiftFileList[0m
Build	Fastlane Build & Archive	2026-07-20T11:18:20.7418630Z [11:18:19]: ▸ [35m[[36mFirebaseRemoteConfigInterop[0m] [1mWrite Auxiliary File[0m FirebaseRemoteConfigInterop.SwiftConstValuesFileList[0m
Build	Fastlane Build & Archive	2026-07-20T11:18:20.7419500Z [11:18:19]: ▸ [35m[[36mFirebaseRemoteConfigInterop[0m] [1mWrite Auxiliary File[0m FirebaseRemoteConfigInterop.LinkFileList[0m
Build	Fastlane Build & Archive	2026-07-20T11:18:20.7420340Z [11:18:19]: ▸ [35m[[36mFirebaseRemoteConfigInterop[0m] [1mWrite Auxiliary File[0m FirebaseRemoteConfigInterop-OutputFileMap.json[0m
Build	Fastlane Build & Archive	2026-07-20T11:18:20.7421150Z [11:18:19]: ▸ [35m[[36mFirebaseRemoteConfigInterop[0m] [1mWrite Auxiliary File[0m FirebaseRemoteConfigInterop.modulemap[0m
Build	Fastlane Build & Archive	2026-07-20T11:18:20.7422030Z [11:18:19]: ▸ [35m[[36mFirebaseRemoteConfigInterop[0m] [1mWrite Auxiliary File[0m FirebaseRemoteConfigInterop.DependencyStaticMetadataFileList[0m
Build	Fastlane Build & Archive	2026-07-20T11:18:20.7423060Z [11:18:19]: ▸ [35m[[36mFirebaseRemoteConfigInterop[0m] [1mWrite Auxiliary File[0m FirebaseRemoteConfigInterop.DependencyMetadataFileList[0m
Build	Fastlane Build & Archive	2026-07-20T11:18:20.7424070Z [11:18:19]: ▸ [35m[[36mFirebaseRemoteConfigInterop[0m] [1mCopy[0m FirebaseRemoteConfigInterop.modulemap -> FirebaseRemoteConfigInterop.modulemap[0m
Build	Fastlane Build & Archive	2026-07-20T11:18:20.7488920Z [11:18:19]: ▸ [35m[[36mFirebaseInstallations[0m] [1mWrite Auxiliary File[0m e6072d4f65d7061329687fe24e3d63a7-common-args.resp[0m
Build	Fastlane Build & Archive	2026-07-20T11:18:20.7490110Z [11:18:19]: ▸ [35m[[36mFirebaseInstallations[0m] [1mWrite Auxiliary File[0m FirebaseInstallations.LinkFileList[0m
Build	Fastlane Build & Archive	2026-07-20T11:18:20.7490860Z [11:18:19]: ▸ [35m[[36mFirebaseInstallations[0m] [1mWrite Auxiliary File[0m FirebaseInstallations.modulemap[0m
Build	Fastlane Build & Archive	2026-07-20T11:18:20.7491650Z [11:18:19]: ▸ [35m[[36mFirebaseInstallations[0m] [1mWrite Auxiliary File[0m FirebaseInstallations.DependencyStaticMetadataFileList[0m
Build	Fastlane Build & Archive	2026-07-20T11:18:20.7492540Z [11:18:19]: ▸ [35m[[36mFirebaseInstallations[0m] [1mWrite Auxiliary File[0m FirebaseInstallations.DependencyMetadataFileList[0m
Build	Fastlane Build & Archive	2026-07-20T11:18:20.7493300Z [11:18:19]: ▸ [35m[[36mFirebaseInstallations[0m] [1mWrite Auxiliary File[0m resource_bundle_accessor.m[0m
Build	Fastlane Build & Archive	2026-07-20T11:18:20.7493990Z [11:18:19]: ▸ [35m[[36mFirebaseInstallations[0m] [1mWrite Auxiliary File[0m resource_bundle_accessor.h[0m
Build	Fastlane Build & Archive	2026-07-20T11:18:20.7494750Z [11:18:19]: ▸ [35m[[36mFirebaseInstallations[0m] [1mCopy[0m FirebaseInstallations.modulemap -> FirebaseInstallations.modulemap[0m
Build	Fastlane Build & Archive	2026-07-20T11:18:20.7497450Z [11:18:19]: ▸ [35m[[36mFirebaseCrashlyticsSwift[0m] [1mWrite Auxiliary File[0m FirebaseCrashlyticsSwift_const_extract_protocols.json[0m
Build	Fastlane Build & Archive	2026-07-20T11:18:20.7498280Z [11:18:19]: ▸ [35m[[36mFirebaseCrashlyticsSwift[0m] [1mWrite Auxiliary File[0m FirebaseCrashlyticsSwift.SwiftFileList[0m
Build	Fastlane Build & Archive	2026-07-20T11:18:20.7499100Z [11:18:19]: ▸ [35m[[36mFirebaseCrashlyticsSwift[0m] [1mWrite Auxiliary File[0m FirebaseCrashlyticsSwift.SwiftConstValuesFileList[0m
Build	Fastlane Build & Archive	2026-07-20T11:18:20.7499900Z [11:18:19]: ▸ [35m[[36mFirebaseCrashlyticsSwift[0m] [1mWrite Auxiliary File[0m FirebaseCrashlyticsSwift.LinkFileList[0m
Build	Fastlane Build & Archive	2026-07-20T11:18:20.7500770Z [11:18:19]: ▸ [35m[[36mFirebaseCrashlyticsSwift[0m] [1mWrite Auxiliary File[0m FirebaseCrashlyticsSwift-OutputFileMap.json[0m
Build	Fastlane Build & Archive	2026-07-20T11:18:20.7501530Z [11:18:19]: ▸ [35m[[36mFirebaseCrashlyticsSwift[0m] [1mWrite Auxiliary File[0m FirebaseCrashlyticsSwift.modulemap[0m
Build	Fastlane Build & Archive	2026-07-20T11:18:20.7502390Z [11:18:19]: ▸ [35m[[36mFirebaseCrashlyticsSwift[0m] [1mWrite Auxiliary File[0m FirebaseCrashlyticsSwift.DependencyStaticMetadataFileList[0m
Build	Fastlane Build & Archive	2026-07-20T11:18:20.7503270Z [11:18:19]: ▸ [35m[[36mFirebaseCrashlyticsSwift[0m] [1mWrite Auxiliary File[0m FirebaseCrashlyticsSwift.DependencyMetadataFileList[0m
Build	Fastlane Build & Archive	2026-07-20T11:18:20.7504150Z [11:18:19]: ▸ [35m[[36mFirebaseCrashlyticsSwift[0m] [1mCopy[0m FirebaseCrashlyticsSwift.modulemap -> FirebaseCrashlyticsSwift.modulemap[0m
Build	Fastlane Build & Archive	2026-07-20T11:18:20.7505380Z [11:18:19]: ▸ [35m[[36mFirebaseCrashlytics[0m] [1mWrite Auxiliary File[0m e6072d4f65d7061329687fe24e3d63a7-common-args.resp[0m
Build	Fastlane Build & Archive	2026-07-20T11:18:20.7506280Z [11:18:19]: ▸ [35m[[36mFirebaseCrashlytics[0m] [1mWrite Auxiliary File[0m af3fcb34312c57c0f52879cdce924b91-common-args.resp[0m
Build	Fastlane Build & Archive	2026-07-20T11:18:20.7507010Z [11:18:19]: ▸ [35m[[36mFirebaseCrashlytics[0m] [1mWrite Auxiliary File[0m FirebaseCrashlytics.LinkFileList[0m
Build	Fastlane Build & Archive	2026-07-20T11:18:20.7507740Z [11:18:19]: ▸ [35m[[36mFirebaseCrashlytics[0m] [1mWrite Auxiliary File[0m 7187679823f38a2a940e0043cdf9d637-common-args.resp[0m
Build	Fastlane Build & Archive	2026-07-20T11:18:20.7508450Z [11:18:19]: ▸ [35m[[36mFirebaseCrashlytics[0m] [1mWrite Auxiliary File[0m FirebaseCrashlytics.modulemap[0m
Build	Fastlane Build & Archive	2026-07-20T11:18:20.7509200Z [11:18:19]: ▸ [35m[[36mFirebaseCrashlytics[0m] [1mWrite Auxiliary File[0m FirebaseCrashlytics.DependencyStaticMetadataFileList[0m
Build	Fastlane Build & Archive	2026-07-20T11:18:20.7510010Z [11:18:19]: ▸ [35m[[36mFirebaseCrashlytics[0m] [1mWrite Auxiliary File[0m FirebaseCrashlytics.DependencyMetadataFileList[0m
Build	Fastlane Build & Archive	2026-07-20T11:18:20.7510720Z [11:18:19]: ▸ [35m[[36mFirebaseCrashlytics[0m] [1mWrite Auxiliary File[0m resource_bundle_accessor.m[0m
Build	Fastlane Build & Archive	2026-07-20T11:18:20.7511360Z [11:18:19]: ▸ [35m[[36mFirebaseCrashlytics[0m] [1mWrite Auxiliary File[0m resource_bundle_accessor.h[0m
Build	Fastlane Build & Archive	2026-07-20T11:18:20.7512070Z [11:18:19]: ▸ [35m[[36mFirebaseCrashlytics[0m] [1mCopy[0m FirebaseCrashlytics.modulemap -> FirebaseCrashlytics.modulemap[0m
Build	Fastlane Build & Archive	2026-07-20T11:18:20.7512850Z [11:18:19]: ▸ [35m[[36mFirebaseCoreInternal[0m] [1mWrite Auxiliary File[0m FirebaseCoreInternal_const_extract_protocols.json[0m
Build	Fastlane Build & Archive	2026-07-20T11:18:20.7513630Z [11:18:19]: ▸ [35m[[36mFirebaseCoreInternal[0m] [1mWrite Auxiliary File[0m FirebaseCoreInternal.SwiftFileList[0m
Build	Fastlane Build & Archive	2026-07-20T11:18:20.7514390Z [11:18:19]: ▸ [35m[[36mFirebaseCoreInternal[0m] [1mWrite Auxiliary File[0m FirebaseCoreInternal.SwiftConstValuesFileList[0m
Build	Fastlane Build & Archive	2026-07-20T11:18:20.7515140Z [11:18:19]: ▸ [35m[[36mFirebaseCoreInternal[0m] [1mWrite Auxiliary File[0m FirebaseCoreInternal.LinkFileList[0m
Build	Fastlane Build & Archive	2026-07-20T11:18:20.7515870Z [11:18:19]: ▸ [35m[[36mFirebaseCoreInternal[0m] [1mWrite Auxiliary File[0m FirebaseCoreInternal-OutputFileMap.json[0m
Build	Fastlane Build & Archive	2026-07-20T11:18:20.7516590Z [11:18:19]: ▸ [35m[[36mFirebaseCoreInternal[0m] [1mWrite Auxiliary File[0m FirebaseCoreInternal.modulemap[0m
Build	Fastlane Build & Archive	2026-07-20T11:18:20.7517380Z [11:18:19]: ▸ [35m[[36mFirebaseCoreInternal[0m] [1mWrite Auxiliary File[0m FirebaseCoreInternal.DependencyStaticMetadataFileList[0m
Build	Fastlane Build & Archive	2026-07-20T11:18:20.7518200Z [11:18:19]: ▸ [35m[[36mFirebaseCoreInternal[0m] [1mWrite Auxiliary File[0m FirebaseCoreInternal.DependencyMetadataFileList[0m
Build	Fastlane Build & Archive	2026-07-20T11:18:20.7518930Z [11:18:19]: ▸ [35m[[36mFirebaseCoreInternal[0m] [1mWrite Auxiliary File[0m resource_bundle_accessor.swift[0m
Build	Fastlane Build & Archive	2026-07-20T11:18:20.7519670Z [11:18:19]: ▸ [35m[[36mFirebaseCoreInternal[0m] [1mCopy[0m FirebaseCoreInternal.modulemap -> FirebaseCoreInternal.modulemap[0m
Build	Fastlane Build & Archive	2026-07-20T11:18:20.7520470Z [11:18:19]: ▸ [35m[[36mFirebaseCoreExtension[0m] [1mWrite Auxiliary File[0m e6072d4f65d7061329687fe24e3d63a7-common-args.resp[0m
Build	Fastlane Build & Archive	2026-07-20T11:18:20.7522040Z [11:18:19]: ▸ [35m[[36mFirebaseCoreExtension[0m] [1mWrite Auxiliary File[0m FirebaseCoreExtension.LinkFileList[0m
Build	Fastlane Build & Archive	2026-07-20T11:18:20.7522890Z [11:18:20]: ▸ [35m[[36mFirebaseCoreExtension[0m] [1mWrite Auxiliary File[0m FirebaseCoreExtension.modulemap[0m
Build	Fastlane Build & Archive	2026-07-20T11:18:20.7523700Z [11:18:20]: ▸ [35m[[36mFirebaseCoreExtension[0m] [1mWrite Auxiliary File[0m FirebaseCoreExtension.DependencyStaticMetadataFileList[0m
Build	Fastlane Build & Archive	2026-07-20T11:18:20.7524540Z [11:18:20]: ▸ [35m[[36mFirebaseCoreExtension[0m] [1mWrite Auxiliary File[0m FirebaseCoreExtension.DependencyMetadataFileList[0m
Build	Fastlane Build & Archive	2026-07-20T11:18:20.7526440Z [11:18:20]: ▸ [35m[[36mFirebaseCoreExtension[0m] [1mWrite Auxiliary File[0m resource_bundle_accessor.m[0m
Build	Fastlane Build & Archive	2026-07-20T11:18:20.7533100Z [11:18:20]: ▸ [35m[[36mFirebaseCoreExtension[0m] [1mWrite Auxiliary File[0m resource_bundle_accessor.h[0m
Build	Fastlane Build & Archive	2026-07-20T11:18:20.7533870Z [11:18:20]: ▸ [35m[[36mFirebaseCoreExtension[0m] [1mCopy[0m FirebaseCoreExtension.modulemap -> FirebaseCoreExtension.modulemap[0m
Build	Fastlane Build & Archive	2026-07-20T11:18:20.7534800Z [11:18:20]: ▸ [35m[[36mFirebaseCore[0m] [1mWrite Auxiliary File[0m e6072d4f65d7061329687fe24e3d63a7-common-args.resp[0m
Build	Fastlane Build & Archive	2026-07-20T11:18:20.7535470Z [11:18:20]: ▸ [35m[[36mFirebaseCore[0m] [1mWrite Auxiliary File[0m FirebaseCore.LinkFileList[0m
Build	Fastlane Build & Archive	2026-07-20T11:18:20.7539640Z [11:18:20]: ▸ [35m[[36mFirebaseCore[0m] [1mWrite Auxiliary File[0m FirebaseCore.modulemap[0m
Build	Fastlane Build & Archive	2026-07-20T11:18:20.7540370Z [11:18:20]: ▸ [35m[[36mFirebaseCore[0m] [1mWrite Auxiliary File[0m FirebaseCore.DependencyStaticMetadataFileList[0m
Build	Fastlane Build & Archive	2026-07-20T11:18:20.7541080Z [11:18:20]: ▸ [35m[[36mFirebaseCore[0m] [1mWrite Auxiliary File[0m FirebaseCore.DependencyMetadataFileList[0m
Build	Fastlane Build & Archive	2026-07-20T11:18:20.7541730Z [11:18:20]: ▸ [35m[[36mFirebaseCore[0m] [1mWrite Auxiliary File[0m resource_bundle_accessor.m[0m
Build	Fastlane Build & Archive	2026-07-20T11:18:20.7542310Z [11:18:20]: ▸ [35m[[36mFirebaseCore[0m] [1mWrite Auxiliary File[0m resource_bundle_accessor.h[0m
Build	Fastlane Build & Archive	2026-07-20T11:18:20.7542930Z [11:18:20]: ▸ [35m[[36mFirebaseCore[0m] [1mCopy[0m FirebaseCore.modulemap -> FirebaseCore.modulemap[0m
Build	Fastlane Build & Archive	2026-07-20T11:18:20.7543600Z [11:18:20]: ▸ [35m[[36mFirebase[0m] [1mWrite Auxiliary File[0m e6072d4f65d7061329687fe24e3d63a7-common-args.resp[0m
Build	Fastlane Build & Archive	2026-07-20T11:18:20.7544220Z [11:18:20]: ▸ [35m[[36mFirebase[0m] [1mWrite Auxiliary File[0m Firebase.LinkFileList[0m
Build	Fastlane Build & Archive	2026-07-20T11:18:20.7544820Z [11:18:20]: ▸ [35m[[36mFirebase[0m] [1mWrite Auxiliary File[0m Firebase.DependencyStaticMetadataFileList[0m
Build	Fastlane Build & Archive	2026-07-20T11:18:20.7545470Z [11:18:20]: ▸ [35m[[36mFirebase[0m] [1mWrite Auxiliary File[0m Firebase.DependencyMetadataFileList[0m
Build	Fastlane Build & Archive	2026-07-20T11:18:20.7546160Z [11:18:20]: ▸ [35m[[36mFBLPromises[0m] [1mWrite Auxiliary File[0m e6072d4f65d7061329687fe24e3d63a7-common-args.resp[0m
Build	Fastlane Build & Archive	2026-07-20T11:18:20.7546830Z [11:18:20]: ▸ [35m[[36mFBLPromises[0m] [1mWrite Auxiliary File[0m FBLPromises.LinkFileList[0m
Build	Fastlane Build & Archive	2026-07-20T11:18:20.7547580Z [11:18:20]: ▸ [35m[[36mFBLPromises[0m] [1mWrite Auxiliary File[0m FBLPromises.DependencyStaticMetadataFileList[0m
Build	Fastlane Build & Archive	2026-07-20T11:18:20.7548320Z [11:18:20]: ▸ [35m[[36mFBLPromises[0m] [1mWrite Auxiliary File[0m FBLPromises.DependencyMetadataFileList[0m
Build	Fastlane Build & Archive	2026-07-20T11:18:20.7548950Z [11:18:20]: ▸ [35m[[36mFBLPromises[0m] [1mWrite Auxiliary File[0m resource_bundle_accessor.m[0m
Build	Fastlane Build & Archive	2026-07-20T11:18:20.7549980Z [11:18:20]: ▸ [35m[[36mFBLPromises[0m] [1mWrite Auxiliary File[0m resource_bundle_accessor.h[0m
Build	Fastlane Build & Archive	2026-07-20T11:18:20.7550540Z [11:18:20]: ▸ [35m[[36mDanaKit[0m] [1mWrite Auxiliary File[0m module.modulemap[0m
Build	Fastlane Build & Archive	2026-07-20T11:18:20.7551120Z [11:18:20]: ▸ [35m[[36mDanaKit[0m] [1mWrite Auxiliary File[0m DanaKit_const_extract_protocols.json[0m
Build	Fastlane Build & Archive	2026-07-20T11:18:20.7551730Z [11:18:20]: ▸ [35m[[36mDanaKit[0m] [1mWrite Auxiliary File[0m DanaKit.SwiftFileList[0m
Build	Fastlane Build & Archive	2026-07-20T11:18:20.7552290Z [11:18:20]: ▸ [35m[[36mDanaKit[0m] [1mWrite Auxiliary File[0m DanaKit.SwiftConstValuesFileList[0m
Build	Fastlane Build & Archive	2026-07-20T11:18:20.7552860Z [11:18:20]: ▸ [35m[[36mDanaKit[0m] [1mWrite Auxiliary File[0m DanaKit.LinkFileList[0m
Build	Fastlane Build & Archive	2026-07-20T11:18:20.7553400Z [11:18:20]: ▸ [35m[[36mDanaKit[0m] [1mWrite Auxiliary File[0m DanaKit-OutputFileMap.json[0m
Build	Fastlane Build & Archive	2026-07-20T11:18:20.7554040Z [11:18:20]: ▸ [35m[[36mDanaKit[0m] [1mWrite Auxiliary File[0m 7187679823f38a2a940e0043cdf9d637-common-args.resp[0m
Build	Fastlane Build & Archive	2026-07-20T11:18:20.7554610Z [11:18:20]: ▸ [35m[[36mDanaKit[0m] [1mWrite Auxiliary File[0m DanaKit_vers.c[0m
Build	Fastlane Build & Archive	2026-07-20T11:18:20.7555120Z [11:18:20]: ▸ [35m[[36mDanaKit[0m] [1mWrite Auxiliary File[0m DanaKit.hmap[0m
Build	Fastlane Build & Archive	2026-07-20T11:18:20.7555740Z [11:18:20]: ▸ [35m[[36mDanaKit[0m] [1mWrite Auxiliary File[0m DanaKit.DependencyStaticMetadataFileList[0m
Build	Fastlane Build & Archive	2026-07-20T11:18:20.7556720Z [11:18:20]: ▸ [35m[[36mDanaKit[0m] [1mWrite Auxiliary File[0m DanaKit.DependencyMetadataFileList[0m
Build	Fastlane Build & Archive	2026-07-20T11:18:20.7557350Z [11:18:20]: ▸ [35m[[36mDanaKit[0m] [1mWrite Auxiliary File[0m DanaKit-project-headers.hmap[0m
Build	Fastlane Build & Archive	2026-07-20T11:18:20.7558070Z [11:18:20]: ▸ [35m[[36mDanaKit[0m] [1mWrite Auxiliary File[0m DanaKit-own-target-headers.hmap[0m
Build	Fastlane Build & Archive	2026-07-20T11:18:20.7558660Z [11:18:20]: ▸ [35m[[36mDanaKit[0m] [1mWrite Auxiliary File[0m DanaKit-generated-files.hmap[0m
Build	Fastlane Build & Archive	2026-07-20T11:18:20.7559240Z [11:18:20]: ▸ [35m[[36mDanaKit[0m] [1mWrite Auxiliary File[0m DanaKit-all-target-headers.hmap[0m
Build	Fastlane Build & Archive	2026-07-20T11:18:20.7559890Z [11:18:20]: ▸ [35m[[36mDanaKit[0m] [1mWrite Auxiliary File[0m DanaKit-all-non-framework-target-headers.hmap[0m
Build	Fastlane Build & Archive	2026-07-20T11:18:20.7560430Z [11:18:20]: ▸ [35m[[36mDanaKit[0m] [1mCopying[0m DanaKit.h[0m
Build	Fastlane Build & Archive	2026-07-20T11:18:20.7560890Z [11:18:20]: ▸ [35m[[36mDanaKit[0m] [1mCopy[0m module.modulemap -> module.modulemap[0m
Build	Fastlane Build & Archive	2026-07-20T11:18:20.7561480Z [11:18:20]: ▸ [35m[[36mCryptorRSA[0m] [1mWrite Auxiliary File[0m CryptorRSA_const_extract_protocols.json[0m
Build	Fastlane Build & Archive	2026-07-20T11:18:20.7562090Z [11:18:20]: ▸ [35m[[36mCryptorRSA[0m] [1mWrite Auxiliary File[0m CryptorRSA.SwiftFileList[0m
Build	Fastlane Build & Archive	2026-07-20T11:18:20.7562720Z [11:18:20]: ▸ [35m[[36mCryptorRSA[0m] [1mWrite Auxiliary File[0m CryptorRSA.SwiftConstValuesFileList[0m
Build	Fastlane Build & Archive	2026-07-20T11:18:20.7563320Z [11:18:20]: ▸ [35m[[36mCryptorRSA[0m] [1mWrite Auxiliary File[0m CryptorRSA.LinkFileList[0m
Build	Fastlane Build & Archive	2026-07-20T11:18:20.7563920Z [11:18:20]: ▸ [35m[[36mCryptorRSA[0m] [1mWrite Auxiliary File[0m CryptorRSA-OutputFileMap.json[0m
Build	Fastlane Build & Archive	2026-07-20T11:18:20.7564490Z [11:18:20]: ▸ [35m[[36mCryptorRSA[0m] [1mWrite Auxiliary File[0m CryptorRSA.modulemap[0m
Build	Fastlane Build & Archive	2026-07-20T11:18:20.7565130Z [11:18:20]: ▸ [35m[[36mCryptorRSA[0m] [1mWrite Auxiliary File[0m CryptorRSA.DependencyStaticMetadataFileList[0m
Build	Fastlane Build & Archive	2026-07-20T11:18:20.7566100Z [11:18:20]: ▸ [35m[[36mCryptorRSA[0m] [1mWrite Auxiliary File[0m CryptorRSA.DependencyMetadataFileList[0m
Build	Fastlane Build & Archive	2026-07-20T11:18:20.7572410Z [11:18:20]: ▸ [35m[[36mCryptorRSA[0m] [1mCopy[0m CryptorRSA.modulemap -> CryptorRSA.modulemap[0m
Build	Fastlane Build & Archive	2026-07-20T11:18:20.7573070Z [11:18:20]: ▸ [35m[[36mCryptorECC[0m] [1mWrite Auxiliary File[0m CryptorECC_const_extract_protocols.json[0m
Build	Fastlane Build & Archive	2026-07-20T11:18:20.7573670Z [11:18:20]: ▸ [35m[[36mCryptorECC[0m] [1mWrite Auxiliary File[0m CryptorECC.SwiftFileList[0m
Build	Fastlane Build & Archive	2026-07-20T11:18:20.7574280Z [11:18:20]: ▸ [35m[[36mCryptorECC[0m] [1mWrite Auxiliary File[0m CryptorECC.SwiftConstValuesFileList[0m
Build	Fastlane Build & Archive	2026-07-20T11:18:20.7576370Z [11:18:20]: ▸ [35m[[36mCryptorECC[0m] [1mWrite Auxiliary File[0m CryptorECC.LinkFileList[0m
Build	Fastlane Build & Archive	2026-07-20T11:18:20.7577000Z [11:18:20]: ▸ [35m[[36mCryptorECC[0m] [1mWrite Auxiliary File[0m CryptorECC-OutputFileMap.json[0m
Build	Fastlane Build & Archive	2026-07-20T11:18:20.7577570Z [11:18:20]: ▸ [35m[[36mCryptorECC[0m] [1mWrite Auxiliary File[0m CryptorECC.modulemap[0m
Build	Fastlane Build & Archive	2026-07-20T11:18:20.7580130Z [11:18:20]: ▸ [35m[[36mCryptorECC[0m] [1mWrite Auxiliary File[0m CryptorECC.DependencyStaticMetadataFileList[0m
Build	Fastlane Build & Archive	2026-07-20T11:18:20.7582220Z [11:18:20]: ▸ [35m[[36mCryptorECC[0m] [1mWrite Auxiliary File[0m CryptorECC.DependencyMetadataFileList[0m
Build	Fastlane Build & Archive	2026-07-20T11:18:20.7583430Z [11:18:20]: ▸ [35m[[36mCryptorECC[0m] [1mCopy[0m CryptorECC.modulemap -> CryptorECC.modulemap[0m
Build	Fastlane Build & Archive	2026-07-20T11:18:20.7584070Z [11:18:20]: ▸ [35m[[36mCryptor[0m] [1mWrite Auxiliary File[0m Cryptor_const_extract_protocols.json[0m
Build	Fastlane Build & Archive	2026-07-20T11:18:20.7584650Z [11:18:20]: ▸ [35m[[36mCryptor[0m] [1mWrite Auxiliary File[0m Cryptor.SwiftFileList[0m
Build	Fastlane Build & Archive	2026-07-20T11:18:20.7585250Z [11:18:20]: ▸ [35m[[36mCryptor[0m] [1mWrite Auxiliary File[0m Cryptor.SwiftConstValuesFileList[0m
Build	Fastlane Build & Archive	2026-07-20T11:18:20.7596460Z [11:18:20]: ▸ [35m[[36mCryptor[0m] [1mWrite Auxiliary File[0m Cryptor.LinkFileList[0m
Build	Fastlane Build & Archive	2026-07-20T11:18:20.7597060Z [11:18:20]: ▸ [35m[[36mCryptor[0m] [1mWrite Auxiliary File[0m Cryptor-OutputFileMap.json[0m
Build	Fastlane Build & Archive	2026-07-20T11:18:20.7598400Z [11:18:20]: ▸ [35m[[36mCryptor[0m] [1mWrite Auxiliary File[0m Cryptor.modulemap[0m
Build	Fastlane Build & Archive	2026-07-20T11:18:20.7599000Z [11:18:20]: ▸ [35m[[36mCryptor[0m] [1mWrite Auxiliary File[0m Cryptor.DependencyStaticMetadataFileList[0m
Build	Fastlane Build & Archive	2026-07-20T11:18:20.7599860Z [11:18:20]: ▸ [35m[[36mCryptor[0m] [1mWrite Auxiliary File[0m Cryptor.DependencyMetadataFileList[0m
Build	Fastlane Build & Archive	2026-07-20T11:18:20.7600440Z [11:18:20]: ▸ [35m[[36mCryptor[0m] [1mCopy[0m Cryptor.modulemap -> Cryptor.modulemap[0m
Build	Fastlane Build & Archive	2026-07-20T11:18:20.7601080Z [11:18:20]: ▸ [35m[[36mCryptoSwift_CryptoSwift[0m] [1mWrite Auxiliary File[0m empty-CryptoSwift_CryptoSwift.plist[0m
Build	Fastlane Build & Archive	2026-07-20T11:18:20.7603320Z [11:18:20]: ▸ [35m[[36mCryptoSwift_CryptoSwift[0m] [1mWrite Auxiliary File[0m CryptoSwift_CryptoSwift.DependencyStaticMetadataFileList[0m
Build	Fastlane Build & Archive	2026-07-20T11:18:20.7612780Z [11:18:20]: ▸ [35m[[36mCryptoSwift_CryptoSwift[0m] [1mWrite Auxiliary File[0m CryptoSwift_CryptoSwift.DependencyMetadataFileList[0m
Build	Fastlane Build & Archive	2026-07-20T11:18:20.7613640Z [11:18:20]: ▸ [35m[[36mCryptoSwift[0m] [1mWrite Auxiliary File[0m CryptoSwift_const_extract_protocols.json[0m
Build	Fastlane Build & Archive	2026-07-20T11:18:20.7614270Z [11:18:20]: ▸ [35m[[36mCryptoSwift[0m] [1mWrite Auxiliary File[0m CryptoSwift.SwiftFileList[0m
Build	Fastlane Build & Archive	2026-07-20T11:18:20.7614910Z [11:18:20]: ▸ [35m[[36mCryptoSwift[0m] [1mWrite Auxiliary File[0m CryptoSwift.SwiftConstValuesFileList[0m
Build	Fastlane Build & Archive	2026-07-20T11:18:20.7654980Z [11:18:20]: ▸ [35m[[36mCryptoSwift[0m] [1mWrite Auxiliary File[0m CryptoSwift.LinkFileList[0m
Build	Fastlane Build & Archive	2026-07-20T11:18:20.7655910Z [11:18:20]: ▸ [35m[[36mCryptoSwift[0m] [1mWrite Auxiliary File[0m CryptoSwift-OutputFileMap.json[0m
Build	Fastlane Build & Archive	2026-07-20T11:18:20.7662590Z [11:18:20]: ▸ [35m[[36mCryptoSwift[0m] [1mWrite Auxiliary File[0m resource_bundle_accessor.swift[0m
Build	Fastlane Build & Archive	2026-07-20T11:18:20.7663270Z [11:18:20]: ▸ [35m[[36mCryptoSwift[0m] [1mWrite Auxiliary File[0m CryptoSwift.modulemap[0m
Build	Fastlane Build & Archive	2026-07-20T11:18:20.7663920Z [11:18:20]: ▸ [35m[[36mCryptoSwift[0m] [1mWrite Auxiliary File[0m CryptoSwift.DependencyStaticMetadataFileList[0m
Build	Fastlane Build & Archive	2026-07-20T11:18:20.7664660Z [11:18:20]: ▸ [35m[[36mCryptoSwift[0m] [1mWrite Auxiliary File[0m CryptoSwift.DependencyMetadataFileList[0m
Build	Fastlane Build & Archive	2026-07-20T11:18:20.7666350Z [11:18:20]: ▸ [35m[[36mCryptoSwift[0m] [1mCopy[0m CryptoSwift.modulemap -> CryptoSwift.modulemap[0m
Build	Fastlane Build & Archive	2026-07-20T11:18:20.7667300Z [11:18:20]: ▸ [35m[[36mCryptoSwift[0m] [1mWrite Auxiliary File[0m empty-CryptoSwift_-360922625E627667_PackageProduct.plist[0m
Build	Fastlane Build & Archive	2026-07-20T11:18:20.7672520Z [11:18:20]: ▸ [35m[[36mCryptoSwift[0m] [1mWrite Auxiliary File[0m CryptoSwift_-360922625E627667_PackageProduct.LinkFileList[0m
Build	Fastlane Build & Archive	2026-07-20T11:18:20.7675400Z [11:18:20]: ▸ [35m[[36mCryptoSwift[0m] [1mWrite Auxiliary File[0m CryptoSwift_-360922625E627667_PackageProduct.DependencyStaticMetadataFileList[0m
Build	Fastlane Build & Archive	2026-07-20T11:18:20.7676460Z [11:18:20]: ▸ [35m[[36mCryptoSwift[0m] [1mWrite Auxiliary File[0m CryptoSwift_-360922625E627667_PackageProduct.DependencyMetadataFileList[0m
Build	Fastlane Build & Archive	2026-07-20T11:18:20.7677550Z [11:18:20]: ▸ [35m[[36mCGMBLEKitUI[0m] [1mWrite Auxiliary File[0m unextended-module.modulemap[0m
Build	Fastlane Build & Archive	2026-07-20T11:18:20.7700810Z [11:18:20]: ▸ [35m[[36mCGMBLEKitUI[0m] [1mWrite Auxiliary File[0m unextended-module-overlay.yaml[0m
Build	Fastlane Build & Archive	2026-07-20T11:18:20.7702800Z [11:18:20]: ▸ [35m[[36mCGMBLEKitUI[0m] [1mWrite Auxiliary File[0m module.modulemap[0m
Build	Fastlane Build & Archive	2026-07-20T11:18:20.7704610Z [11:18:20]: ▸ [35m[[36mCGMBLEKitUI[0m] [1mWrite Auxiliary File[0m CGMBLEKitUI_const_extract_protocols.json[0m
Build	Fastlane Build & Archive	2026-07-20T11:18:20.7743970Z [11:18:20]: ▸ [35m[[36mCGMBLEKitUI[0m] [1mWrite Auxiliary File[0m CGMBLEKitUI.SwiftFileList[0m
Build	Fastlane Build & Archive	2026-07-20T11:18:20.7746280Z [11:18:20]: ▸ [35m[[36mCGMBLEKitUI[0m] [1mWrite Auxiliary File[0m CGMBLEKitUI.SwiftConstValuesFileList[0m
Build	Fastlane Build & Archive	2026-07-20T11:18:20.7748690Z [11:18:20]: ▸ [35m[[36mCGMBLEKitUI[0m] [1mWrite Auxiliary File[0m CGMBLEKitUI.LinkFileList[0m
Build	Fastlane Build & Archive	2026-07-20T11:18:20.7750300Z [11:18:20]: ▸ [35m[[36mCGMBLEKitUI[0m] [1mWrite Auxiliary File[0m CGMBLEKitUI-OutputFileMap.json[0m
Build	Fastlane Build & Archive	2026-07-20T11:18:20.7753000Z [11:18:20]: ▸ [35m[[36mCGMBLEKitUI[0m] [1mWrite Auxiliary File[0m 7187679823f38a2a940e0043cdf9d637-common-args.resp[0m
Build	Fastlane Build & Archive	2026-07-20T11:18:20.7754970Z [11:18:20]: ▸ [35m[[36mCGMBLEKitUI[0m] [1mWrite Auxiliary File[0m CGMBLEKitUI_vers.c[0m
Build	Fastlane Build & Archive	2026-07-20T11:18:20.7756360Z [11:18:20]: ▸ [35m[[36mCGMBLEKitUI[0m] [1mWrite Auxiliary File[0m CGMBLEKitUI.hmap[0m
Build	Fastlane Build & Archive	2026-07-20T11:18:20.7757990Z [11:18:20]: ▸ [35m[[36mCGMBLEKitUI[0m] [1mWrite Auxiliary File[0m CGMBLEKitUI.DependencyStaticMetadataFileList[0m
Build	Fastlane Build & Archive	2026-07-20T11:18:20.7760250Z [11:18:20]: ▸ [35m[[36mCGMBLEKitUI[0m] [1mWrite Auxiliary File[0m CGMBLEKitUI.DependencyMetadataFileList[0m
Build	Fastlane Build & Archive	2026-07-20T11:18:20.7762270Z [11:18:20]: ▸ [35m[[36mCGMBLEKitUI[0m] [1mWrite Auxiliary File[0m CGMBLEKitUI-project-headers.hmap[0m
Build	Fastlane Build & Archive	2026-07-20T11:18:20.7764210Z [11:18:20]: ▸ [35m[[36mCGMBLEKitUI[0m] [1mWrite Auxiliary File[0m CGMBLEKitUI-own-target-headers.hmap[0m
Build	Fastlane Build & Archive	2026-07-20T11:18:20.7766570Z [11:18:20]: ▸ [35m[[36mCGMBLEKitUI[0m] [1mWrite Auxiliary File[0m CGMBLEKitUI-generated-files.hmap[0m
Build	Fastlane Build & Archive	2026-07-20T11:18:20.7769800Z [11:18:20]: ▸ [35m[[36mCGMBLEKitUI[0m] [1mWrite Auxiliary File[0m CGMBLEKitUI-all-target-headers.hmap[0m
Build	Fastlane Build & Archive	2026-07-20T11:18:20.7771120Z [11:18:20]: ▸ [35m[[36mCGMBLEKitUI[0m] [1mWrite Auxiliary File[0m CGMBLEKitUI-all-non-framework-target-headers.hmap[0m
Build	Fastlane Build & Archive	2026-07-20T11:18:20.7771770Z [11:18:20]: ▸ [35m[[36mCGMBLEKitUI[0m] [1mCopying[0m CGMBLEKitUI.h[0m
Build	Fastlane Build & Archive	2026-07-20T11:18:20.7772320Z [11:18:20]: ▸ [35m[[36mCGMBLEKitUI[0m] [1mCopy[0m module.modulemap -> module.modulemap[0m
Build	Fastlane Build & Archive	2026-07-20T11:18:20.7772930Z [11:18:20]: ▸ [35m[[36mCGMBLEKit[0m] [1mWrite Auxiliary File[0m unextended-module.modulemap[0m
Build	Fastlane Build & Archive	2026-07-20T11:18:20.7773580Z [11:18:20]: ▸ [35m[[36mCGMBLEKit[0m] [1mWrite Auxiliary File[0m unextended-module-overlay.yaml[0m
Build	Fastlane Build & Archive	2026-07-20T11:18:20.7774200Z [11:18:20]: ▸ [35m[[36mCGMBLEKit[0m] [1mWrite Auxiliary File[0m module.modulemap[0m
Build	Fastlane Build & Archive	2026-07-20T11:18:20.7774860Z [11:18:20]: ▸ [35m[[36mCGMBLEKit[0m] [1mWrite Auxiliary File[0m e6072d4f65d7061329687fe24e3d63a7-common-args.resp[0m
Build	Fastlane Build & Archive	2026-07-20T11:18:20.7775530Z [11:18:20]: ▸ [35m[[36mCGMBLEKit[0m] [1mWrite Auxiliary File[0m CGMBLEKit_const_extract_protocols.json[0m
Build	Fastlane Build & Archive	2026-07-20T11:18:20.7776140Z [11:18:20]: ▸ [35m[[36mCGMBLEKit[0m] [1mWrite Auxiliary File[0m CGMBLEKit.SwiftFileList[0m
Build	Fastlane Build & Archive	2026-07-20T11:18:20.7776740Z [11:18:20]: ▸ [35m[[36mCGMBLEKit[0m] [1mWrite Auxiliary File[0m CGMBLEKit.SwiftConstValuesFileList[0m
Build	Fastlane Build & Archive	2026-07-20T11:18:20.7777320Z [11:18:20]: ▸ [35m[[36mCGMBLEKit[0m] [1mWrite Auxiliary File[0m CGMBLEKit.LinkFileList[0m
Build	Fastlane Build & Archive	2026-07-20T11:18:20.7777890Z [11:18:20]: ▸ [35m[[36mCGMBLEKit[0m] [1mWrite Auxiliary File[0m CGMBLEKit-OutputFileMap.json[0m
Build	Fastlane Build & Archive	2026-07-20T11:18:20.7778560Z [11:18:20]: ▸ [35m[[36mCGMBLEKit[0m] [1mWrite Auxiliary File[0m 7187679823f38a2a940e0043cdf9d637-common-args.resp[0m
Build	Fastlane Build & Archive	2026-07-20T11:18:20.7779220Z [11:18:20]: ▸ [35m[[36mCGMBLEKit[0m] [1mWrite Auxiliary File[0m CGMBLEKit_vers.c[0m
Build	Fastlane Build & Archive	2026-07-20T11:18:20.7779740Z [11:18:20]: ▸ [35m[[36mCGMBLEKit[0m] [1mWrite Auxiliary File[0m CGMBLEKit.hmap[0m
Build	Fastlane Build & Archive	2026-07-20T11:18:20.7780350Z [11:18:20]: ▸ [35m[[36mCGMBLEKit[0m] [1mWrite Auxiliary File[0m CGMBLEKit.DependencyStaticMetadataFileList[0m
Build	Fastlane Build & Archive	2026-07-20T11:18:20.7781020Z [11:18:20]: ▸ [35m[[36mCGMBLEKit[0m] [1mWrite Auxiliary File[0m CGMBLEKit.DependencyMetadataFileList[0m
Build	Fastlane Build & Archive	2026-07-20T11:18:20.7781650Z [11:18:20]: ▸ [35m[[36mCGMBLEKit[0m] [1mWrite Auxiliary File[0m CGMBLEKit-project-headers.hmap[0m
Build	Fastlane Build & Archive	2026-07-20T11:18:20.7782250Z [11:18:20]: ▸ [35m[[36mCGMBLEKit[0m] [1mWrite Auxiliary File[0m CGMBLEKit-own-target-headers.hmap[0m
Build	Fastlane Build & Archive	2026-07-20T11:18:20.7783500Z [11:18:20]: ▸ [35m[[36mCGMBLEKit[0m] [1mWrite Auxiliary File[0m CGMBLEKit-generated-files.hmap[0m
Build	Fastlane Build & Archive	2026-07-20T11:18:20.7784290Z [11:18:20]: ▸ [35m[[36mCGMBLEKit[0m] [1mWrite Auxiliary File[0m CGMBLEKit-all-target-headers.hmap[0m
Build	Fastlane Build & Archive	2026-07-20T11:18:20.7785890Z [11:18:20]: ▸ [35m[[36mCGMBLEKit[0m] [1mWrite Auxiliary File[0m CGMBLEKit-all-non-framework-target-headers.hmap[0m
Build	Fastlane Build & Archive	2026-07-20T11:18:20.7786480Z [11:18:20]: ▸ [35m[[36mCGMBLEKit[0m] [1mCopying[0m CGMBLEKit.h[0m
Build	Fastlane Build & Archive	2026-07-20T11:18:20.7787080Z [11:18:20]: ▸ [35m[[36mCGMBLEKit[0m] [1mCopying[0m AESCrypt.h[0m
Build	Fastlane Build & Archive	2026-07-20T11:18:20.7787560Z [11:18:20]: ▸ [35m[[36mCGMBLEKit[0m] [1mCopy[0m module.modulemap -> module.modulemap[0m
Build	Fastlane Build & Archive	2026-07-20T11:18:20.7788210Z [11:18:20]: ▸ [35m[[36mAlgorithms[0m] [1mWrite Auxiliary File[0m Algorithms_const_extract_protocols.json[0m
Build	Fastlane Build & Archive	2026-07-20T11:18:20.7788820Z [11:18:20]: ▸ [35m[[36mAlgorithms[0m] [1mWrite Auxiliary File[0m Algorithms.SwiftFileList[0m
Build	Fastlane Build & Archive	2026-07-20T11:18:20.7789420Z [11:18:20]: ▸ [35m[[36mAlgorithms[0m] [1mWrite Auxiliary File[0m Algorithms.SwiftConstValuesFileList[0m
Build	Fastlane Build & Archive	2026-07-20T11:18:20.7790030Z [11:18:20]: ▸ [35m[[36mAlgorithms[0m] [1mWrite Auxiliary File[0m Algorithms.LinkFileList[0m
Build	Fastlane Build & Archive	2026-07-20T11:18:20.7790620Z [11:18:20]: ▸ [35m[[36mAlgorithms[0m] [1mWrite Auxiliary File[0m Algorithms-OutputFileMap.json[0m
Build	Fastlane Build & Archive	2026-07-20T11:18:20.7791220Z [11:18:20]: ▸ [35m[[36mAlgorithms[0m] [1mWrite Auxiliary File[0m Algorithms.modulemap[0m
Build	Fastlane Build & Archive	2026-07-20T11:18:20.7792020Z [11:18:20]: ▸ [35m[[36mAlgorithms[0m] [1mWrite Auxiliary File[0m Algorithms.DependencyStaticMetadataFileList[0m
Build	Fastlane Build & Archive	2026-07-20T11:18:20.7792710Z [11:18:20]: ▸ [35m[[36mAlgorithms[0m] [1mWrite Auxiliary File[0m Algorithms.DependencyMetadataFileList[0m
Build	Fastlane Build & Archive	2026-07-20T11:18:20.7793330Z [11:18:20]: ▸ [35m[[36mAlgorithms[0m] [1mCopy[0m Algorithms.modulemap -> Algorithms.modulemap[0m
Build	Fastlane Build & Archive	2026-07-20T11:18:20.7793860Z [11:18:20]: ▸ [35m[[36mTrio[0m] [1mWrite Auxiliary File[0m Trio.hmap[0m
Build	Fastlane Build & Archive	2026-07-20T11:18:20.7794400Z [11:18:20]: ▸ [35m[[36mTrio[0m] [1mWrite Auxiliary File[0m Trio.DependencyStaticMetadataFileList[0m
Build	Fastlane Build & Archive	2026-07-20T11:18:20.7794990Z [11:18:20]: ▸ [35m[[36mTrio[0m] [1mWrite Auxiliary File[0m Trio.DependencyMetadataFileList[0m
Build	Fastlane Build & Archive	2026-07-20T11:18:20.7795560Z [11:18:20]: ▸ [35m[[36mTrio[0m] [1mWrite Auxiliary File[0m Trio-project-headers.hmap[0m
Build	Fastlane Build & Archive	2026-07-20T11:18:20.7796110Z [11:18:20]: ▸ [35m[[36mTrio[0m] [1mWrite Auxiliary File[0m Trio-own-target-headers.hmap[0m
Build	Fastlane Build & Archive	2026-07-20T11:18:20.7796650Z [11:18:20]: ▸ [35m[[36mTrio[0m] [1mWrite Auxiliary File[0m Trio-generated-files.hmap[0m
Build	Fastlane Build & Archive	2026-07-20T11:18:20.7797190Z [11:18:20]: ▸ [35m[[36mTrio[0m] [1mWrite Auxiliary File[0m Trio-all-target-headers.hmap[0m
Build	Fastlane Build & Archive	2026-07-20T11:18:20.7797790Z [11:18:20]: ▸ [35m[[36mTrio[0m] [1mWrite Auxiliary File[0m Trio-all-non-framework-target-headers.hmap[0m
Build	Fastlane Build & Archive	2026-07-20T11:18:20.7798420Z [11:18:20]: ▸ [35m[[36mTrio[0m] [1mWrite Auxiliary File[0m Script-DD88C8DF2C4D583900F2D558.sh[0m
Build	Fastlane Build & Archive	2026-07-20T11:18:20.7799010Z [11:18:20]: ▸ [35m[[36mTrio[0m] [1mWrite Auxiliary File[0m Script-3B47C6112DA0A52C00B0E5EF.sh[0m
Build	Fastlane Build & Archive	2026-07-20T11:18:20.7799590Z [11:18:20]: ▸ [35m[[36mTrio[0m] [1mWrite Auxiliary File[0m Script-3811DEF525CA169200A708ED.sh[0m
Build	Fastlane Build & Archive	2026-07-20T11:18:20.7800200Z [11:18:20]: ▸ [35m[[36mTrio[0m] [1mWrite Auxiliary File[0m Trio_const_extract_protocols.json[0m
Build	Fastlane Build & Archive	2026-07-20T11:18:20.7800760Z [11:18:20]: ▸ [35m[[36mTrio[0m] [1mWrite Auxiliary File[0m Trio.SwiftFileList[0m
Build	Fastlane Build & Archive	2026-07-20T11:18:20.7801320Z [11:18:20]: ▸ [35m[[36mTrio[0m] [1mWrite Auxiliary File[0m Trio.SwiftConstValuesFileList[0m
Build	Fastlane Build & Archive	2026-07-20T11:18:20.7801880Z [11:18:20]: ▸ [35m[[36mTrio[0m] [1mWrite Auxiliary File[0m Trio.LinkFileList[0m
Build	Fastlane Build & Archive	2026-07-20T11:18:20.7802390Z [11:18:20]: ▸ [35m[[36mTrio[0m] [1mWrite Auxiliary File[0m Trio-OutputFileMap.json[0m
Build	Fastlane Build & Archive	2026-07-20T11:18:20.7802910Z [11:18:20]: ▸ [35m[[36mTrio[0m] [1mWrite Auxiliary File[0m Entitlements.plist[0m
Build	Fastlane Build & Archive	2026-07-20T11:18:20.7803430Z [11:18:20]: ▸ [35m[[36mnanopb_nanopb[0m] [1mProcessing[0m empty-nanopb_nanopb.plist[0m
Build	Fastlane Build & Archive	2026-07-20T11:18:20.7803950Z [11:18:20]: ▸ [35m[[36mnanopb_nanopb[0m] [1mCopying[0m PrivacyInfo.xcprivacy[0m
Build	Fastlane Build & Archive	2026-07-20T11:18:20.7804550Z [11:18:20]: ▸ [35m[[36mnanopb_nanopb[0m] [1mRegisterExecutionPolicyException[0m nanopb_nanopb.bundle[0m
Build	Fastlane Build & Archive	2026-07-20T11:18:20.7805570Z [11:18:20]: ▸ [35m[[36mnanopb_nanopb[0m] [1mTouching[0m nanopb_nanopb.bundle[0m
Build	Fastlane Build & Archive	2026-07-20T11:18:20.7806320Z [11:18:20]: ▸ [35m[[36mTrio Watch Complication Extension[0m] [1mGenerate Asset Symbols[0m Assets.xcassets[0m
Build	Fastlane Build & Archive	2026-07-20T11:18:20.7807030Z [11:18:20]: ▸ [35m[[36mTrio Watch Complication Extension[0m] [1mCompile XCStrings[0m Localizable.xcstrings[0m
Build	Fastlane Build & Archive	2026-07-20T11:18:37.7893930Z [11:18:37]: ▸ [35m[[36mthird-party-IsAppEncrypted[0m] [1mCompiling[0m IsAppEncrypted.m[0m
Build	Fastlane Build & Archive	2026-07-20T11:18:38.4620660Z [11:18:38]: ▸ [35m[[36mthird-party-IsAppEncrypted[0m] [1mLinking[0m third-party-IsAppEncrypted.o[0m
Build	Fastlane Build & Archive	2026-07-20T11:18:38.4739720Z [11:18:38]: ▸ [35m[[36mnanopb[0m] [1mCompiling[0m resource_bundle_accessor.m[0m
Build	Fastlane Build & Archive	2026-07-20T11:18:38.4847900Z [11:18:38]: ▸ [35m[[36mTrio Watch Complication Extension[0m] [1mCopy[0m arm64-apple-watchos.swiftmodule -> Trio_Watch_Complication_Extension.swiftmodule[0m
Build	Fastlane Build & Archive	2026-07-20T11:18:38.4970020Z [11:18:38]: ▸ [35m[[36mTrio Watch Complication Extension[0m] [1mCopy[0m arm64-apple-watchos.swiftdoc -> Trio_Watch_Complication_Extension.swiftdoc[0m
Build	Fastlane Build & Archive	2026-07-20T11:18:38.5109310Z [11:18:38]: ▸ [35m[[36mTrio Watch Complication Extension[0m] [1mCopy[0m arm64-apple-watchos.abi.json -> Trio_Watch_Complication_Extension.abi.json[0m
Build	Fastlane Build & Archive	2026-07-20T11:18:38.5243480Z [11:18:38]: ▸ [35m[[36m_NumericsShims[0m] [1mCompiling[0m _NumericsShims.c[0m
Build	Fastlane Build & Archive	2026-07-20T11:18:38.5358470Z [11:18:38]: ▸ [35m[36;1mnote: [0mEmplaced /Users/runner/Library/Developer/Xcode/DerivedData/Trio-bovmnxebschsylahdeysnjjqdcte/Build/Intermediates.noindex/ArchiveIntermediates/Trio/IntermediateBuildFilesPath/UninstalledProducts/watchos/Trio Watch Complication Extension.appex/Assets.car (in target 'Trio Watch Complication Extension' from project 'Trio')[0m
Build	Fastlane Build & Archive	2026-07-20T11:18:38.5426940Z [11:18:38]: ▸ [35m[[36m_NumericsShims[0m] [1mLinking[0m _NumericsShims.o[0m
Build	Fastlane Build & Archive	2026-07-20T11:18:38.5436830Z [11:18:38]: ▸ [35m[[36mTrio Watch Complication Extension[0m] [1mProcessing[0m Info.plist[0m
Build	Fastlane Build & Archive	2026-07-20T11:18:38.5571260Z [11:18:38]: ▸ [35m[[36mTrio Watch Complication Extension[0m] [1mCopying[0m Localizable.strings[0m
Build	Fastlane Build & Archive	2026-07-20T11:18:38.5695080Z [11:18:38]: ▸ [35m[[36mTrio Watch Complication Extension[0m] [1mCopying[0m Localizable.strings[0m
Build	Fastlane Build & Archive	2026-07-20T11:18:38.5826450Z [11:18:38]: ▸ [35m[[36mTrio Watch Complication Extension[0m] [1mCopying[0m Localizable.strings[0m
Build	Fastlane Build & Archive	2026-07-20T11:18:38.5929490Z [11:18:38]: ▸ [35m[[36mTrio Watch Complication Extension[0m] [1mCopying[0m Localizable.strings[0m
Build	Fastlane Build & Archive	2026-07-20T11:18:38.6031480Z [11:18:38]: ▸ [35m[[36mTrio Watch Complication Extension[0m] [1mCopying[0m Localizable.strings[0m
Build	Fastlane Build & Archive	2026-07-20T11:18:38.6133670Z [11:18:38]: ▸ [35m[[36mTrio Watch Complication Extension[0m] [1mCopying[0m Localizable.strings[0m
Build	Fastlane Build & Archive	2026-07-20T11:18:38.6236890Z [11:18:38]: ▸ [35m[[36mnanopb[0m] [1mCompiling[0m pb_encode.c[0m
Build	Fastlane Build & Archive	2026-07-20T11:18:38.6588160Z [11:18:38]: ▸ [35m[[36mTrio Watch Complication Extension[0m] [1mCopy[0m arm64_32-apple-watchos.swiftmodule -> Trio_Watch_Complication_Extension.swiftmodule[0m
Build	Fastlane Build & Archive	2026-07-20T11:18:38.6690520Z [11:18:38]: ▸ [35m[[36mTrio Watch Complication Extension[0m] [1mCopy[0m arm64_32-apple-watchos.swiftdoc -> Trio_Watch_Complication_Extension.swiftdoc[0m
Build	Fastlane Build & Archive	2026-07-20T11:18:38.6793280Z [11:18:38]: ▸ [35m[[36mTrio Watch Complication Extension[0m] [1mCopy[0m arm64_32-apple-watchos.abi.json -> Trio_Watch_Complication_Extension.abi.json[0m
Build	Fastlane Build & Archive	2026-07-20T11:18:38.6896220Z [11:18:38]: ▸ [35m[[36mnanopb[0m] [1mCompiling[0m pb_decode.c[0m
Build	Fastlane Build & Archive	2026-07-20T11:18:38.8006880Z [11:18:38]: ▸ [35m[[36mnanopb[0m] [1mCompiling[0m pb_common.c[0m
Build	Fastlane Build & Archive	2026-07-20T11:18:38.8109940Z [11:18:38]: ▸ [35m[[36mTrio Watch Complication Extension[0m] [1mCopying[0m Localizable.strings[0m
Build	Fastlane Build & Archive	2026-07-20T11:18:38.8150560Z [11:18:38]: ▸ [35m[[36mTrio Watch Complication Extension[0m] [1mCopying[0m Localizable.strings[0m
Build	Fastlane Build & Archive	2026-07-20T11:18:38.8272850Z [11:18:38]: ▸ [35m[[36mTrio Watch Complication Extension[0m] [1mCopying[0m Localizable.strings[0m
Build	Fastlane Build & Archive	2026-07-20T11:18:38.8375600Z [11:18:38]: ▸ [35m[[36mTrio Watch Complication Extension[0m] [1mCopying[0m Localizable.strings[0m
Build	Fastlane Build & Archive	2026-07-20T11:18:38.9199910Z [11:18:38]: ▸ [35m[[36mTrio Watch Complication Extension[0m] [1mCopying[0m Localizable.strings[0m
Build	Fastlane Build & Archive	2026-07-20T11:18:38.9302680Z [11:18:38]: ▸ [35m[[36mnanopb[0m] [1mLinking[0m nanopb.o[0m
Build	Fastlane Build & Archive	2026-07-20T11:18:38.9405320Z [11:18:38]: ▸ [35m[[36mTrio Watch Complication Extension[0m] [1mCopying[0m Localizable.strings[0m
Build	Fastlane Build & Archive	2026-07-20T11:18:38.9507080Z [11:18:38]: ▸ [35m[[36mTrio Watch Complication Extension[0m] [1mCopying[0m Localizable.strings[0m
Build	Fastlane Build & Archive	2026-07-20T11:18:39.0221030Z [11:18:39]: ▸ [35m[[36mTrio Watch Complication Extension[0m] [1mCopying[0m Localizable.strings[0m
Build	Fastlane Build & Archive	2026-07-20T11:18:39.0273950Z [11:18:39]: ▸ [35m[[36mTrio Watch Complication Extension[0m] [1mCopying[0m Localizable.strings[0m
Build	Fastlane Build & Archive	2026-07-20T11:18:39.0879130Z [11:18:39]: ▸ [35m[[36mTrio Watch Complication Extension[0m] [1mCopying[0m Localizable.strings[0m
Build	Fastlane Build & Archive	2026-07-20T11:18:39.1621510Z [11:18:39]: ▸ [35m[[36mTrio Watch Complication Extension[0m] [1mCopying[0m Localizable.strings[0m
Build	Fastlane Build & Archive	2026-07-20T11:18:39.1723690Z [11:18:39]: ▸ [35m[[36mTrio Watch Complication Extension[0m] [1mCopying[0m Localizable.strings[0m
Build	Fastlane Build & Archive	2026-07-20T11:18:39.1825760Z [11:18:39]: ▸ [35m[[36mTrio Watch Complication Extension[0m] [1mCopying[0m Localizable.strings[0m
Build	Fastlane Build & Archive	2026-07-20T11:18:39.2328660Z [11:18:39]: ▸ [35m[[36mTrio Watch Complication Extension[0m] [1mCopying[0m Localizable.strings[0m
Build	Fastlane Build & Archive	2026-07-20T11:18:39.2597240Z [11:18:39]: ▸ [35m[[36mTrio Watch Complication Extension[0m] [1mCopying[0m Localizable.strings[0m
Build	Fastlane Build & Archive	2026-07-20T11:18:39.5083640Z [11:18:39]: ▸ [35m[[36mTrio Watch Complication Extension[0m] [1mLinking[0m Trio\ Watch\ Complication\ Extension[0m
Build	Fastlane Build & Archive	2026-07-20T11:18:41.0749200Z [11:18:41]: ▸ [35m[[36mTrio Watch Complication Extension[0m] [1mLinking[0m Trio\ Watch\ Complication\ Extension[0m
Build	Fastlane Build & Archive	2026-07-20T11:18:41.1078640Z [11:18:41]: ▸ [35m[[36mthird-party-IsAppEncrypted[0m] [1mRegisterExecutionPolicyException[0m third-party-IsAppEncrypted.o[0m
Build	Fastlane Build & Archive	2026-07-20T11:18:41.1108120Z [11:18:41]: ▸ [35m[[36mnanopb[0m] [1mRegisterExecutionPolicyException[0m nanopb.o[0m
Build	Fastlane Build & Archive	2026-07-20T11:18:41.1125950Z [11:18:41]: ▸ [35m[[36mTidepoolKit_TidepoolKit[0m] [1mCopying[0m Localizable.strings[0m
Build	Fastlane Build & Archive	2026-07-20T11:18:41.1191840Z [11:18:41]: ▸ [35m[[36mTidepoolKit_TidepoolKit[0m] [1mCopying[0m Localizable.strings[0m
Build	Fastlane Build & Archive	2026-07-20T11:18:41.1194280Z [11:18:41]: ▸ [35m[[36mTidepoolKit_TidepoolKit[0m] [1mCopying[0m Localizable.strings[0m
Build	Fastlane Build & Archive	2026-07-20T11:18:41.1195030Z [11:18:41]: ▸ [35m[[36mTidepoolKit_TidepoolKit[0m] [1mCopying[0m Localizable.strings[0m
Build	Fastlane Build & Archive	2026-07-20T11:18:41.1199020Z [11:18:41]: ▸ [35m[[36mTidepoolKit_TidepoolKit[0m] [1mCopying[0m Localizable.strings[0m
Build	Fastlane Build & Archive	2026-07-20T11:18:41.1205030Z [11:18:41]: ▸ [35m[[36mTidepoolKit_TidepoolKit[0m] [1mCopying[0m Localizable.strings[0m
Build	Fastlane Build & Archive	2026-07-20T11:18:41.1206700Z [11:18:41]: ▸ [35m[[36mTidepoolKit_TidepoolKit[0m] [1mCopying[0m Localizable.strings[0m
Build	Fastlane Build & Archive	2026-07-20T11:18:41.1213790Z [11:18:41]: ▸ [35m[[36mTidepoolKit_TidepoolKit[0m] [1mCopying[0m Localizable.strings[0m
Build	Fastlane Build & Archive	2026-07-20T11:18:41.1218110Z [11:18:41]: ▸ [35m[[36mTidepoolKit_TidepoolKit[0m] [1mCopying[0m Localizable.strings[0m
Build	Fastlane Build & Archive	2026-07-20T11:18:41.1219860Z [11:18:41]: ▸ [35m[[36mTidepoolKit_TidepoolKit[0m] [1mCopying[0m Localizable.strings[0m
Build	Fastlane Build & Archive	2026-07-20T11:18:41.1222280Z [11:18:41]: ▸ [35m[[36mTidepoolKit_TidepoolKit[0m] [1mCopying[0m Localizable.strings[0m
Build	Fastlane Build & Archive	2026-07-20T11:18:41.1224350Z [11:18:41]: ▸ [35m[[36mTidepoolKit_TidepoolKit[0m] [1mCopying[0m Localizable.strings[0m
Build	Fastlane Build & Archive	2026-07-20T11:18:41.1225140Z [11:18:41]: ▸ [35m[[36mTidepoolKit_TidepoolKit[0m] [1mCopying[0m Localizable.strings[0m
Build	Fastlane Build & Archive	2026-07-20T11:18:41.1225860Z [11:18:41]: ▸ [35m[[36mTidepoolKit_TidepoolKit[0m] [1mCopying[0m Localizable.strings[0m
Build	Fastlane Build & Archive	2026-07-20T11:18:41.1227230Z [11:18:41]: ▸ [35m[[36mTidepoolKit_TidepoolKit[0m] [1mCopying[0m Localizable.strings[0m
Build	Fastlane Build & Archive	2026-07-20T11:18:41.1227910Z [11:18:41]: ▸ [35m[[36mTidepoolKit_TidepoolKit[0m] [1mCopying[0m Localizable.strings[0m
Build	Fastlane Build & Archive	2026-07-20T11:18:41.1249730Z [11:18:41]: ▸ [35m[[36mTidepoolKit_TidepoolKit[0m] [1mCopying[0m Localizable.strings[0m
Build	Fastlane Build & Archive	2026-07-20T11:18:41.1253690Z [11:18:41]: ▸ [35m[[36mTidepoolKit_TidepoolKit[0m] [1mCopying[0m Localizable.strings[0m
Build	Fastlane Build & Archive	2026-07-20T11:18:41.1254500Z [11:18:41]: ▸ [35m[[36mTidepoolKit_TidepoolKit[0m] [1mCopying[0m Localizable.strings[0m
Build	Fastlane Build & Archive	2026-07-20T11:18:41.1255540Z [11:18:41]: ▸ [35m[[36mTidepoolKit_TidepoolKit[0m] [1mCopying[0m Localizable.strings[0m
Build	Fastlane Build & Archive	2026-07-20T11:18:41.1256420Z [11:18:41]: ▸ [35m[[36mTidepoolKit_TidepoolKit[0m] [1mCopying[0m Localizable.strings[0m
Build	Fastlane Build & Archive	2026-07-20T11:18:41.1257580Z [11:18:41]: ▸ [35m[[36mTidepoolKit_TidepoolKit[0m] [1mCopying[0m Localizable.strings[0m
Build	Fastlane Build & Archive	2026-07-20T11:18:41.1260840Z [11:18:41]: ▸ [35m[[36mTidepoolKit_TidepoolKit[0m] [1mCopying[0m Localizable.strings[0m
Build	Fastlane Build & Archive	2026-07-20T11:18:51.6798650Z [11:18:51]: ▸ [35m[[36mTrio Watch Complication Extension[0m] [1mCreate Universal Binary[0m Trio\ Watch\ Complication\ Extension[0m
Build	Fastlane Build & Archive	2026-07-20T11:18:51.6902390Z [11:18:51]: ▸ [35m[[36mTrio Watch Complication Extension[0m] [1mGenerating[0m Trio\ Watch\ Complication\ Extension.appex.dSYM[0m
Build	Fastlane Build & Archive	2026-07-20T11:18:51.7006020Z [11:18:51]: ▸ [35m[[36mTrio Watch App[0m] [1mGenerate Asset Symbols[0m Assets.xcassets[0m
Build	Fastlane Build & Archive	2026-07-20T11:18:51.7024230Z [11:18:51]: ▸ [35m[[36m_NumericsShims[0m] [1mRegisterExecutionPolicyException[0m _NumericsShims.o[0m
Build	Fastlane Build & Archive	2026-07-20T11:18:51.7029350Z [11:18:51]: ▸ [35m[[36mTrio Watch Complication Extension[0m] [1mExtract App Intents Metadata[0m
Build	Fastlane Build & Archive	2026-07-20T11:18:52.7223670Z [11:18:52]: ▸ [35m[36;1mnote: [0mEmplaced /Users/runner/Library/Developer/Xcode/DerivedData/Trio-bovmnxebschsylahdeysnjjqdcte/Build/Intermediates.noindex/ArchiveIntermediates/Trio/IntermediateBuildFilesPath/UninstalledProducts/watchos/Trio Watch App.app/Assets.car (in target 'Trio Watch App' from project 'Trio')[0m
Build	Fastlane Build & Archive	2026-07-20T11:18:52.7323840Z [11:18:52]: ▸ [35m[36;1mnote: [0mEmplaced /Users/runner/Library/Developer/Xcode/DerivedData/Trio-bovmnxebschsylahdeysnjjqdcte/Build/Intermediates.noindex/ArchiveIntermediates/Trio/IntermediateBuildFilesPath/UninstalledProducts/iphoneos/TidepoolKit_TidepoolKit.bundle/Assets.car (in target 'TidepoolKit_TidepoolKit' from project 'TidepoolKit')[0m
Build	Fastlane Build & Archive	2026-07-20T11:18:52.7393170Z [11:18:52]: ▸ [35m[[36mTidepoolKit_TidepoolKit[0m] [1mProcessing[0m empty-TidepoolKit_TidepoolKit.plist[0m
Build	Fastlane Build & Archive	2026-07-20T11:18:52.7410320Z [11:18:52]: ▸ [35m[[36mTidepoolKit[0m] [1mGenerate Asset Symbols[0m Assets.xcassets[0m
Build	Fastlane Build & Archive	2026-07-20T11:18:55.1225890Z [11:18:55]: ▸ [35m[1mSigning[0m Trio\ Watch\ Complication\ Extension.appex (in target 'Trio Watch Complication Extension' from project 'Trio')[0m
Build	Fastlane Build & Archive	2026-07-20T11:18:55.1234860Z [11:18:55]: ▸ [35m[[36mTrio Watch Complication Extension[0m] [1mRegisterExecutionPolicyException[0m Trio\ Watch\ Complication\ Extension.appex[0m
Build	Fastlane Build & Archive	2026-07-20T11:18:56.6369530Z [11:18:56]: ▸ [35m[[36mTrio Watch Complication Extension[0m] [1mTouching[0m Trio\ Watch\ Complication\ Extension.appex[0m
Build	Fastlane Build & Archive	2026-07-20T11:18:56.6422840Z [11:18:56]: ▸ [35m[[36mTidepoolKit_TidepoolKit[0m] [1mRegisterExecutionPolicyException[0m TidepoolKit_TidepoolKit.bundle[0m
Build	Fastlane Build & Archive	2026-07-20T11:19:11.3686160Z [11:19:11]: ▸ [35m::warning file=/Users/runner/work/Trio/Trio/Trio Watch App Extension/WatchLogger.swift,line=113,col=17::result of 'try?' is unused[0m
Build	Fastlane Build & Archive	2026-07-20T11:19:11.3717630Z [11:19:11]: ▸ [35m                try? handle.seekToEnd()[0m
Build	Fastlane Build & Archive	2026-07-20T11:19:11.3821550Z [11:19:11]: ▸ [35m                ^~~~~~~~~~~~~~~~~~~~~~~[0m
Build	Fastlane Build & Archive	2026-07-20T11:19:11.6844620Z [11:19:11]: ▸ [35m::warning file=/Users/runner/work/Trio/Trio/Trio Watch App Extension/WatchLogger.swift,line=113,col=17::result of 'try?' is unused[0m
Build	Fastlane Build & Archive	2026-07-20T11:19:11.6948120Z [11:19:11]: ▸ [35m                try? handle.seekToEnd()[0m
Build	Fastlane Build & Archive	2026-07-20T11:19:11.7052250Z [11:19:11]: ▸ [35m                ^~~~~~~~~~~~~~~~~~~~~~~[0m
Build	Fastlane Build & Archive	2026-07-20T11:19:11.7799670Z [11:19:11]: ▸ [35m[[36mTrio Watch App[0m] [1mCompile XCStrings[0m Localizable.xcstrings[0m
Build	Fastlane Build & Archive	2026-07-20T11:19:11.7914260Z [11:19:11]: ▸ [35m[[36mTrio Watch App[0m] [1mCopying[0m Localizable.strings[0m
Build	Fastlane Build & Archive	2026-07-20T11:19:11.8046940Z [11:19:11]: ▸ [35m[[36mTrio Watch App[0m] [1mCopying[0m Localizable.strings[0m
Build	Fastlane Build & Archive	2026-07-20T11:19:11.8149500Z [11:19:11]: ▸ [35m[[36mTrio Watch App[0m] [1mCopying[0m Localizable.strings[0m
Build	Fastlane Build & Archive	2026-07-20T11:19:11.8250050Z [11:19:11]: ▸ [35m[[36mTrio Watch App[0m] [1mCopying[0m Localizable.strings[0m
Build	Fastlane Build & Archive	2026-07-20T11:19:11.8368550Z [11:19:11]: ▸ [35m[[36mTrio Watch App[0m] [1mCopy[0m arm64-apple-watchos.swiftmodule -> Trio_Watch_App.swiftmodule[0m
Build	Fastlane Build & Archive	2026-07-20T11:19:11.8466310Z [11:19:11]: ▸ [35m[[36mTrio Watch App[0m] [1mCopy[0m arm64-apple-watchos.swiftdoc -> Trio_Watch_App.swiftdoc[0m
Build	Fastlane Build & Archive	2026-07-20T11:19:11.8570190Z [11:19:11]: ▸ [35m[[36mTrio Watch App[0m] [1mCopy[0m arm64-apple-watchos.abi.json -> Trio_Watch_App.abi.json[0m
Build	Fastlane Build & Archive	2026-07-20T11:19:11.8672230Z [11:19:11]: ▸ [35m[[36mTrio Watch App[0m] [1mCopying[0m Localizable.strings[0m
Build	Fastlane Build & Archive	2026-07-20T11:19:11.8774430Z [11:19:11]: ▸ [35m[[36mTrio Watch App[0m] [1mCopying[0m Localizable.strings[0m
Build	Fastlane Build & Archive	2026-07-20T11:19:11.8876340Z [11:19:11]: ▸ [35m[[36mTrio Watch App[0m] [1mCopying[0m Localizable.strings[0m
Build	Fastlane Build & Archive	2026-07-20T11:19:11.8976890Z [11:19:11]: ▸ [35m[[36mTrio Watch App[0m] [1mCopying[0m Localizable.strings[0m
Build	Fastlane Build & Archive	2026-07-20T11:19:12.0202660Z [11:19:12]: ▸ [35m[[36mTrio Watch App[0m] [1mCopying[0m Localizable.strings[0m
Build	Fastlane Build & Archive	2026-07-20T11:19:12.0306900Z [11:19:12]: ▸ [35m[[36mTrio Watch App[0m] [1mCopy[0m arm64_32-apple-watchos.swiftmodule -> Trio_Watch_App.swiftmodule[0m
Build	Fastlane Build & Archive	2026-07-20T11:19:12.0407750Z [11:19:12]: ▸ [35m[[36mTrio Watch App[0m] [1mCopy[0m arm64_32-apple-watchos.swiftdoc -> Trio_Watch_App.swiftdoc[0m
Build	Fastlane Build & Archive	2026-07-20T11:19:12.0510460Z [11:19:12]: ▸ [35m[[36mTrio Watch App[0m] [1mCopy[0m arm64_32-apple-watchos.abi.json -> Trio_Watch_App.abi.json[0m
Build	Fastlane Build & Archive	2026-07-20T11:20:02.9807570Z [11:20:02]: ▸ [35m[[36mTrio Watch App[0m] [1mCopying[0m Localizable.strings[0m
Build	Fastlane Build & Archive	2026-07-20T11:20:02.9830900Z [11:20:02]: ▸ [35m[[36mTrio Watch App[0m] [1mCopying[0m Localizable.strings[0m
Build	Fastlane Build & Archive	2026-07-20T11:20:02.9832230Z [11:20:02]: ▸ [35m[[36mTrio Watch App[0m] [1mCopying[0m Localizable.strings[0m
Build	Fastlane Build & Archive	2026-07-20T11:20:02.9834310Z [11:20:02]: ▸ [35m[[36mTrio Watch App[0m] [1mCopying[0m Localizable.strings[0m
Build	Fastlane Build & Archive	2026-07-20T11:20:02.9837000Z [11:20:02]: ▸ [35m[[36mTrio Watch App[0m] [1mCopying[0m Localizable.strings[0m
Build	Fastlane Build & Archive	2026-07-20T11:20:02.9838650Z [11:20:02]: ▸ [35m[[36mTrio Watch App[0m] [1mCopying[0m Localizable.strings[0m
Build	Fastlane Build & Archive	2026-07-20T11:20:02.9840540Z [11:20:02]: ▸ [35m[[36mTrio Watch App[0m] [1mCopying[0m Localizable.strings[0m
Build	Fastlane Build & Archive	2026-07-20T11:20:02.9841640Z [11:20:02]: ▸ [35m[[36mTrio Watch App[0m] [1mCopying[0m Localizable.strings[0m
Build	Fastlane Build & Archive	2026-07-20T11:20:02.9842580Z [11:20:02]: ▸ [35m[[36mTrio Watch App[0m] [1mCopying[0m Localizable.strings[0m
Build	Fastlane Build & Archive	2026-07-20T11:20:02.9843390Z [11:20:02]: ▸ [35m[[36mTrio Watch App[0m] [1mCopying[0m Localizable.strings[0m
Build	Fastlane Build & Archive	2026-07-20T11:20:02.9845200Z [11:20:02]: ▸ [35m[[36mTrio Watch App[0m] [1mCopying[0m Localizable.strings[0m
Build	Fastlane Build & Archive	2026-07-20T11:20:02.9845940Z [11:20:02]: ▸ [35m[[36mTrio Watch App[0m] [1mCopying[0m Localizable.strings[0m
Build	Fastlane Build & Archive	2026-07-20T11:20:02.9953880Z [11:20:02]: ▸ [35m[[36mTidepoolKit_TidepoolKit[0m] [1mTouching[0m TidepoolKit_TidepoolKit.bundle[0m
Build	Fastlane Build & Archive	2026-07-20T11:20:03.0057670Z [11:20:02]: ▸ [35m[[36mTrio Watch App[0m] [1mLinking[0m Trio\ Watch\ App[0m
Build	Fastlane Build & Archive	2026-07-20T11:20:03.0161270Z [11:20:02]: ▸ [35m[[36mTrio Watch App[0m] [1mLinking[0m Trio\ Watch\ App[0m
Build	Fastlane Build & Archive	2026-07-20T11:20:03.0265030Z [11:20:02]: ▸ [35m[[36mTrio Watch App[0m] [1mCreate Universal Binary[0m Trio\ Watch\ App[0m
Build	Fastlane Build & Archive	2026-07-20T11:20:03.0366980Z [11:20:02]: ▸ [35m[[36mTrio Watch App[0m] [1mCopy[0m Trio\ Watch\ Complication\ Extension.appex -> Trio\ Watch\ Complication\ Extension.appex[0m
Build	Fastlane Build & Archive	2026-07-20T11:20:03.0471230Z [11:20:02]: ▸ [35m[[36mTrio Watch App[0m] [1mProcessing[0m empty-Trio\ Watch\ App.plist[0m
Build	Fastlane Build & Archive	2026-07-20T11:20:03.0589140Z [11:20:02]: ▸ [35m[[36mTrio Watch App[0m] [1mGenerating[0m Trio\ Watch\ App.app.dSYM[0m
Build	Fastlane Build & Archive	2026-07-20T11:20:03.0693460Z [11:20:02]: ▸ [35m[[36mTrio Watch App[0m] [1mExtract App Intents Metadata[0m
Build	Fastlane Build & Archive	2026-07-20T11:20:03.0798090Z [11:20:02]: ▸ [35m[[36mSwiftMessages_SwiftMessages[0m] [1mCopying[0m warningIconSubtle@3x.png[0m
Build	Fastlane Build & Archive	2026-07-20T11:20:03.0868190Z [11:20:02]: ▸ [35m[[36mSwiftMessages_SwiftMessages[0m] [1mCopying[0m warningIconSubtle@2x.png[0m
Build	Fastlane Build & Archive	2026-07-20T11:20:03.0870980Z [11:20:02]: ▸ [35m[[36mSwiftMessages_SwiftMessages[0m] [1mCopying[0m warningIconSubtle.png[0m
Build	Fastlane Build & Archive	2026-07-20T11:20:03.0873390Z [11:20:02]: ▸ [35m[[36mSwiftMessages_SwiftMessages[0m] [1mCopying[0m warningIconLight@3x.png[0m
Build	Fastlane Build & Archive	2026-07-20T11:20:03.0875860Z [11:20:02]: ▸ [35m[[36mSwiftMessages_SwiftMessages[0m] [1mCopying[0m warningIconLight@2x.png[0m
Build	Fastlane Build & Archive	2026-07-20T11:20:03.0878690Z [11:20:02]: ▸ [35m[[36mSwiftMessages_SwiftMessages[0m] [1mCopying[0m warningIconLight.png[0m
Build	Fastlane Build & Archive	2026-07-20T11:20:03.0881170Z [11:20:02]: ▸ [35m[[36mSwiftMessages_SwiftMessages[0m] [1mCopying[0m warningIcon@3x.png[0m
Build	Fastlane Build & Archive	2026-07-20T11:20:03.0883370Z [11:20:02]: ▸ [35m[[36mSwiftMessages_SwiftMessages[0m] [1mCopying[0m warningIcon@2x.png[0m
Build	Fastlane Build & Archive	2026-07-20T11:20:03.0885510Z [11:20:02]: ▸ [35m[[36mSwiftMessages_SwiftMessages[0m] [1mCopying[0m warningIcon.png[0m
Build	Fastlane Build & Archive	2026-07-20T11:20:03.0887870Z [11:20:02]: ▸ [35m[[36mSwiftMessages_SwiftMessages[0m] [1mCopying[0m successIconSubtle@3x.png[0m
Build	Fastlane Build & Archive	2026-07-20T11:20:03.0890710Z [11:20:02]: ▸ [35m[[36mSwiftMessages_SwiftMessages[0m] [1mCopying[0m successIconSubtle@2x.png[0m
Build	Fastlane Build & Archive	2026-07-20T11:20:03.0894430Z [11:20:02]: ▸ [35m[[36mSwiftMessages_SwiftMessages[0m] [1mCopying[0m successIconSubtle.png[0m
Build	Fastlane Build & Archive	2026-07-20T11:20:03.0895710Z [11:20:02]: ▸ [35m[[36mSwiftMessages_SwiftMessages[0m] [1mCopying[0m successIconLight@3x.png[0m
Build	Fastlane Build & Archive	2026-07-20T11:20:03.0896540Z [11:20:02]: ▸ [35m[[36mSwiftMessages_SwiftMessages[0m] [1mCopying[0m successIconLight@2x.png[0m
Build	Fastlane Build & Archive	2026-07-20T11:20:03.0897280Z [11:20:02]: ▸ [35m[[36mSwiftMessages_SwiftMessages[0m] [1mCopying[0m successIconLight.png[0m
Build	Fastlane Build & Archive	2026-07-20T11:20:03.0898390Z [11:20:02]: ▸ [35m[[36mSwiftMessages_SwiftMessages[0m] [1mCopying[0m successIcon@3x.png[0m
Build	Fastlane Build & Archive	2026-07-20T11:20:03.0899230Z [11:20:02]: ▸ [35m[[36mSwiftMessages_SwiftMessages[0m] [1mCopying[0m successIcon@2x.png[0m
Build	Fastlane Build & Archive	2026-07-20T11:20:03.0900510Z [11:20:02]: ▸ [35m[[36mSwiftMessages_SwiftMessages[0m] [1mCopying[0m successIcon.png[0m
Build	Fastlane Build & Archive	2026-07-20T11:20:03.0901230Z [11:20:02]: ▸ [35m[[36mSwiftMessages_SwiftMessages[0m] [1mCopying[0m infoIconSubtle@3x.png[0m
Build	Fastlane Build & Archive	2026-07-20T11:20:03.0901970Z [11:20:02]: ▸ [35m[[36mSwiftMessages_SwiftMessages[0m] [1mCopying[0m infoIconSubtle@2x.png[0m
Build	Fastlane Build & Archive	2026-07-20T11:20:03.0902730Z [11:20:02]: ▸ [35m[[36mSwiftMessages_SwiftMessages[0m] [1mCopying[0m infoIconSubtle.png[0m
Build	Fastlane Build & Archive	2026-07-20T11:20:03.0903790Z [11:20:02]: ▸ [35m[[36mSwiftMessages_SwiftMessages[0m] [1mCopying[0m infoIconLight@3x.png[0m
Build	Fastlane Build & Archive	2026-07-20T11:20:03.0905070Z [11:20:02]: ▸ [35m[[36mSwiftMessages_SwiftMessages[0m] [1mCopying[0m infoIconLight@2x.png[0m
Build	Fastlane Build & Archive	2026-07-20T11:20:03.0905850Z [11:20:02]: ▸ [35m[[36mSwiftMessages_SwiftMessages[0m] [1mCopying[0m infoIconLight.png[0m
Build	Fastlane Build & Archive	2026-07-20T11:20:03.0906570Z [11:20:02]: ▸ [35m[[36mSwiftMessages_SwiftMessages[0m] [1mCopying[0m infoIcon@3x.png[0m
Build	Fastlane Build & Archive	2026-07-20T11:20:03.0907340Z [11:20:02]: ▸ [35m[[36mSwiftMessages_SwiftMessages[0m] [1mCopying[0m infoIcon@2x.png[0m
Build	Fastlane Build & Archive	2026-07-20T11:20:03.0907990Z [11:20:02]: ▸ [35m[[36mSwiftMessages_SwiftMessages[0m] [1mCopying[0m infoIcon.png[0m
Build	Fastlane Build & Archive	2026-07-20T11:20:03.0908820Z [11:20:02]: ▸ [35m[[36mSwiftMessages_SwiftMessages[0m] [1mCopying[0m errorIconSubtle@3x.png[0m
Build	Fastlane Build & Archive	2026-07-20T11:20:03.0910140Z [11:20:02]: ▸ [35m[[36mSwiftMessages_SwiftMessages[0m] [1mCopying[0m errorIconSubtle@2x.png[0m
Build	Fastlane Build & Archive	2026-07-20T11:20:03.0910910Z [11:20:02]: ▸ [35m[[36mSwiftMessages_SwiftMessages[0m] [1mCopying[0m errorIconSubtle.png[0m
Build	Fastlane Build & Archive	2026-07-20T11:20:03.0912180Z [11:20:02]: ▸ [35m[[36mSwiftMessages_SwiftMessages[0m] [1mCopying[0m errorIconLight@3x.png[0m
Build	Fastlane Build & Archive	2026-07-20T11:20:03.0912970Z [11:20:02]: ▸ [35m[[36mSwiftMessages_SwiftMessages[0m] [1mCopying[0m errorIconLight@2x.png[0m
Build	Fastlane Build & Archive	2026-07-20T11:20:03.0913660Z [11:20:02]: ▸ [35m[[36mSwiftMessages_SwiftMessages[0m] [1mCopying[0m errorIconLight.png[0m
Build	Fastlane Build & Archive	2026-07-20T11:20:03.0914520Z [11:20:02]: ▸ [35m[[36mSwiftMessages_SwiftMessages[0m] [1mCopying[0m errorIcon@3x.png[0m
Build	Fastlane Build & Archive	2026-07-20T11:20:03.0915280Z [11:20:02]: ▸ [35m[[36mSwiftMessages_SwiftMessages[0m] [1mCopying[0m errorIcon@2x.png[0m
Build	Fastlane Build & Archive	2026-07-20T11:20:03.0916060Z [11:20:02]: ▸ [35m[[36mSwiftMessages_SwiftMessages[0m] [1mCopying[0m errorIcon.png[0m
Build	Fastlane Build & Archive	2026-07-20T11:20:03.0916820Z [11:20:02]: ▸ [35m[[36mSwiftMessages_SwiftMessages[0m] [1mCompiling[0m TabView.xib[0m
Build	Fastlane Build & Archive	2026-07-20T11:20:03.0917590Z [11:20:02]: ▸ [35m[[36mSwiftMessages_SwiftMessages[0m] [1mCompiling[0m StatusLine.xib[0m
Build	Fastlane Build & Archive	2026-07-20T11:20:03.0918400Z [11:20:03]: ▸ [35m[[36mSwiftMessages_SwiftMessages[0m] [1mCompiling[0m MessageView.xib[0m
Build	Fastlane Build & Archive	2026-07-20T11:20:03.0921360Z [11:20:03]: ▸ [35m[[36mSwinject[0m] [1mCopy[0m arm64-apple-ios.swiftmodule -> Swinject.swiftmodule[0m
Build	Fastlane Build & Archive	2026-07-20T11:20:03.0924050Z [11:20:03]: ▸ [35m[[36mSwinject[0m] [1mCopy[0m arm64-apple-ios.swiftdoc -> Swinject.swiftdoc[0m
Build	Fastlane Build & Archive	2026-07-20T11:20:03.0926940Z [11:20:03]: ▸ [35m[[36mSwinject[0m] [1mCopy[0m arm64-apple-ios.abi.json -> Swinject.abi.json[0m
Build	Fastlane Build & Archive	2026-07-20T11:20:03.0928810Z [11:20:03]: ▸ [35m[[36mSwiftMessages_SwiftMessages[0m] [1mCompiling[0m CenteredView.xib[0m
Build	Fastlane Build & Archive	2026-07-20T11:20:03.0930750Z [11:20:03]: ▸ [35m[[36mSwiftMessages_SwiftMessages[0m] [1mCompiling[0m CardView.xib[0m
Build	Fastlane Build & Archive	2026-07-20T11:20:03.0932400Z [11:20:03]: ▸ [35m[[36mSwinject[0m] [1mLinking[0m Swinject.o[0m
Build	Fastlane Build & Archive	2026-07-20T11:20:03.0934690Z [11:20:03]: ▸ [35m[1mSigning[0m Trio\ Watch\ App.app (in target 'Trio Watch App' from project 'Trio')[0m
Build	Fastlane Build & Archive	2026-07-20T11:20:03.0937760Z [11:20:03]: ▸ [35m[[36mSwiftMessages_SwiftMessages[0m] [1mProcessing[0m empty-SwiftMessages_SwiftMessages.plist[0m
Build	Fastlane Build & Archive	2026-07-20T11:20:03.0939710Z [11:20:03]: ▸ [35m[[36mSwinject[0m] [1mExtract App Intents Metadata[0m
Build	Fastlane Build & Archive	2026-07-20T11:20:03.0941940Z [11:20:03]: ▸ [35m[[36mTrio Watch App[0m] [1mValidate Embedded Binary[0m Trio\ Watch\ Complication\ Extension.appex[0m
Build	Fastlane Build & Archive	2026-07-20T11:20:03.0944260Z [11:20:03]: ▸ [35m[[36mTrio Watch App[0m] [1mRegisterExecutionPolicyException[0m Trio\ Watch\ App.app[0m
Build	Fastlane Build & Archive	2026-07-20T11:20:03.0945190Z [11:20:03]: ▸ [35m[[36mTrio Watch App[0m] [1mValidate[0m Trio\ Watch\ App.app[0m
Build	Fastlane Build & Archive	2026-07-20T11:20:03.0946380Z [11:20:03]: ▸ [35m[[36mTrio Watch App[0m] [1mTouching[0m Trio\ Watch\ App.app[0m
Build	Fastlane Build & Archive	2026-07-20T11:20:03.0947240Z [11:20:03]: ▸ [35m[[36mSwinject[0m] [1mRegisterExecutionPolicyException[0m Swinject.o[0m
Build	Fastlane Build & Archive	2026-07-20T11:20:03.0949820Z [11:20:03]: ▸ [35m[[36mSwiftDate_SwiftDate[0m] [1mProcessing[0m empty-SwiftDate_SwiftDate.plist[0m
Build	Fastlane Build & Archive	2026-07-20T11:20:03.0955050Z [11:20:03]: ▸ [35m[[36mSwiftDate_SwiftDate[0m] [1mCopying[0m langs[0m
Build	Fastlane Build & Archive	2026-07-20T11:20:03.0955870Z [11:20:03]: ▸ [35m[[36mSwiftMessages[0m] [1mCopy[0m arm64-apple-ios.swiftmodule -> SwiftMessages.swiftmodule[0m
Build	Fastlane Build & Archive	2026-07-20T11:20:03.0956780Z [11:20:03]: ▸ [35m[[36mSwiftMessages[0m] [1mCopy[0m arm64-apple-ios.swiftdoc -> SwiftMessages.swiftdoc[0m
Build	Fastlane Build & Archive	2026-07-20T11:20:03.0957780Z [11:20:03]: ▸ [35m[[36mSwiftMessages[0m] [1mCopy[0m arm64-apple-ios.abi.json -> SwiftMessages.abi.json[0m
Build	Fastlane Build & Archive	2026-07-20T11:20:03.0961770Z [11:20:03]: ▸ [35m[[36mSwiftMessages_SwiftMessages[0m] [1mRegisterExecutionPolicyException[0m SwiftMessages_SwiftMessages.bundle[0m
Build	Fastlane Build & Archive	2026-07-20T11:20:03.0973490Z [11:20:03]: ▸ [35m[[36mSwiftMessages_SwiftMessages[0m] [1mTouching[0m SwiftMessages_SwiftMessages.bundle[0m
Build	Fastlane Build & Archive	2026-07-20T11:20:03.0978680Z [11:20:03]: ▸ [35m[[36mSwiftMessages[0m] [1mLinking[0m SwiftMessages.o[0m
Build	Fastlane Build & Archive	2026-07-20T11:20:03.0983280Z [11:20:03]: ▸ [35m[[36mSwiftMessages[0m] [1mExtract App Intents Metadata[0m
Build	Fastlane Build & Archive	2026-07-20T11:20:03.0984830Z [11:20:03]: ▸ [35m[[36mSwiftDate_SwiftDate[0m] [1mRegisterExecutionPolicyException[0m SwiftDate_SwiftDate.bundle[0m
Build	Fastlane Build & Archive	2026-07-20T11:20:03.0985900Z [11:20:03]: ▸ [35m[[36mSwiftDate_SwiftDate[0m] [1mTouching[0m SwiftDate_SwiftDate.bundle[0m
Build	Fastlane Build & Archive	2026-07-20T11:20:03.0987460Z [11:20:03]: ▸ [35m[[36mSwiftMessages[0m] [1mRegisterExecutionPolicyException[0m SwiftMessages.o[0m
Build	Fastlane Build & Archive	2026-07-20T11:20:05.9840370Z [11:20:05]: ▸ [35m[[36mSwiftDate[0m] [1mCopy[0m arm64-apple-ios.swiftmodule -> SwiftDate.swiftmodule[0m
Build	Fastlane Build & Archive	2026-07-20T11:20:05.9934540Z [11:20:05]: ▸ [35m[[36mSwiftDate[0m] [1mCopy[0m arm64-apple-ios.swiftdoc -> SwiftDate.swiftdoc[0m
Build	Fastlane Build & Archive	2026-07-20T11:20:06.0038940Z [11:20:05]: ▸ [35m[[36mSwiftDate[0m] [1mCopy[0m arm64-apple-ios.abi.json -> SwiftDate.abi.json[0m
Build	Fastlane Build & Archive	2026-07-20T11:20:06.0149430Z [11:20:05]: ▸ [35m[[36mMKRingProgressView[0m] [1mCopy[0m arm64-apple-ios.swiftmodule -> MKRingProgressView.swiftmodule[0m
Build	Fastlane Build & Archive	2026-07-20T11:20:06.0252580Z [11:20:05]: ▸ [35m[[36mMKRingProgressView[0m] [1mCopy[0m arm64-apple-ios.swiftdoc -> MKRingProgressView.swiftdoc[0m
Build	Fastlane Build & Archive	2026-07-20T11:20:06.0303550Z [11:20:05]: ▸ [35m[[36mMKRingProgressView[0m] [1mCopy[0m arm64-apple-ios.abi.json -> MKRingProgressView.abi.json[0m
Build	Fastlane Build & Archive	2026-07-20T11:20:06.0304600Z [11:20:05]: ▸ [35m[[36mSwiftDate[0m] [1mLinking[0m SwiftDate.o[0m
Build	Fastlane Build & Archive	2026-07-20T11:20:06.0305270Z [11:20:05]: ▸ [35m[[36mSwiftDate[0m] [1mExtract App Intents Metadata[0m
Build	Fastlane Build & Archive	2026-07-20T11:20:06.0306360Z [11:20:05]: ▸ [35m[[36mSlideButton[0m] [1mCopy[0m arm64-apple-ios.swiftmodule -> SlideButton.swiftmodule[0m
Build	Fastlane Build & Archive	2026-07-20T11:20:06.0307230Z [11:20:05]: ▸ [35m[[36mSlideButton[0m] [1mCopy[0m arm64-apple-ios.swiftdoc -> SlideButton.swiftdoc[0m
Build	Fastlane Build & Archive	2026-07-20T11:20:06.0309090Z [11:20:05]: ▸ [35m[[36mSlideButton[0m] [1mCopy[0m arm64-apple-ios.abi.json -> SlideButton.abi.json[0m
Build	Fastlane Build & Archive	2026-07-20T11:20:06.0310230Z [11:20:05]: ▸ [35m[[36mMKRingProgressView[0m] [1mLinking[0m MKRingProgressView.o[0m
Build	Fastlane Build & Archive	2026-07-20T11:20:06.0322210Z [11:20:05]: ▸ [35m[[36mRealModule[0m] [1mCopy[0m arm64-apple-ios.swiftmodule -> RealModule.swiftmodule[0m
Build	Fastlane Build & Archive	2026-07-20T11:20:06.0323100Z [11:20:05]: ▸ [35m[[36mRealModule[0m] [1mCopy[0m arm64-apple-ios.swiftdoc -> RealModule.swiftdoc[0m
Build	Fastlane Build & Archive	2026-07-20T11:20:06.0325090Z [11:20:05]: ▸ [35m[[36mRealModule[0m] [1mCopy[0m arm64-apple-ios.abi.json -> RealModule.abi.json[0m
Build	Fastlane Build & Archive	2026-07-20T11:20:06.0334340Z [11:20:05]: ▸ [35m[[36mPromises[0m] [1mCopy[0m arm64-apple-ios.swiftmodule -> Promises.swiftmodule[0m
Build	Fastlane Build & Archive	2026-07-20T11:20:06.0343020Z [11:20:05]: ▸ [35m[[36mPromises[0m] [1mCopy[0m arm64-apple-ios.swiftdoc -> Promises.swiftdoc[0m
Build	Fastlane Build & Archive	2026-07-20T11:20:06.0344000Z [11:20:05]: ▸ [35m[[36mPromises[0m] [1mCopy[0m arm64-apple-ios.abi.json -> Promises.abi.json[0m
Build	Fastlane Build & Archive	2026-07-20T11:20:06.0344900Z [11:20:05]: ▸ [35m[[36mPromises_Promises[0m] [1mProcessing[0m empty-Promises_Promises.plist[0m
Build	Fastlane Build & Archive	2026-07-20T11:20:06.0345720Z [11:20:05]: ▸ [35m[[36mPromises_Promises[0m] [1mCopying[0m PrivacyInfo.xcprivacy[0m
Build	Fastlane Build & Archive	2026-07-20T11:20:06.0346570Z [11:20:05]: ▸ [35m[[36mPromises_FBLPromises[0m] [1mProcessing[0m empty-Promises_FBLPromises.plist[0m
Build	Fastlane Build & Archive	2026-07-20T11:20:06.0347430Z [11:20:05]: ▸ [35m[[36mPromises_FBLPromises[0m] [1mCopying[0m PrivacyInfo.xcprivacy[0m
Build	Fastlane Build & Archive	2026-07-20T11:20:06.0348130Z [11:20:05]: ▸ [35m[[36mSlideButton[0m] [1mLinking[0m SlideButton.o[0m
Build	Fastlane Build & Archive	2026-07-20T11:20:06.0349010Z [11:20:05]: ▸ [35m[[36mSlideButton[0m] [1mExtract App Intents Metadata[0m
Build	Fastlane Build & Archive	2026-07-20T11:20:06.0349960Z [11:20:05]: ▸ [35m[[36mSwiftDate[0m] [1mRegisterExecutionPolicyException[0m SwiftDate.o[0m
Build	Fastlane Build & Archive	2026-07-20T11:20:06.0452730Z [11:20:05]: ▸ [35m[[36mSlideButton[0m] [1mRegisterExecutionPolicyException[0m SlideButton.o[0m
Build	Fastlane Build & Archive	2026-07-20T11:20:06.0467140Z [11:20:05]: ▸ [35m[[36mRealModule[0m] [1mLinking[0m RealModule.o[0m
Build	Fastlane Build & Archive	2026-07-20T11:20:06.0572950Z [11:20:05]: ▸ [35m[[36mRealModule[0m] [1mExtract App Intents Metadata[0m
Build	Fastlane Build & Archive	2026-07-20T11:20:06.0622270Z [11:20:05]: ▸ [35m[[36mSlideButton[0m] [1mLinking[0m SlideButton_1E408AF8C9CA7A78_PackageProduct[0m
Build	Fastlane Build & Archive	2026-07-20T11:20:06.0628310Z [11:20:05]: ▸ [35m[[36mSlideButton[0m] [1mProcessing[0m empty-SlideButton_1E408AF8C9CA7A78_PackageProduct.plist[0m
Build	Fastlane Build & Archive	2026-07-20T11:20:06.0637820Z [11:20:05]: ▸ [35m[[36mSlideButton[0m] [1mGenerating[0m SlideButton_1E408AF8C9CA7A78_PackageProduct.framework.dSYM[0m
Build	Fastlane Build & Archive	2026-07-20T11:20:06.0746520Z [11:20:05]: ▸ [35m[[36mSlideButton[0m] [1mRegisterExecutionPolicyException[0m SlideButton_1E408AF8C9CA7A78_PackageProduct.framework[0m
Build	Fastlane Build & Archive	2026-07-20T11:20:06.0751580Z [11:20:05]: ▸ [35m[[36mRealModule[0m] [1mRegisterExecutionPolicyException[0m RealModule.o[0m
Build	Fastlane Build & Archive	2026-07-20T11:20:06.0753710Z [11:20:05]: ▸ [35m[[36mSlideButton[0m] [1mTouching[0m SlideButton_1E408AF8C9CA7A78_PackageProduct.framework[0m
Build	Fastlane Build & Archive	2026-07-20T11:20:06.0833090Z [11:20:05]: ▸ [35m[[36mPromises_Promises[0m] [1mRegisterExecutionPolicyException[0m Promises_Promises.bundle[0m
Build	Fastlane Build & Archive	2026-07-20T11:20:06.0834170Z [11:20:05]: ▸ [35m[[36mPromises_Promises[0m] [1mTouching[0m Promises_Promises.bundle[0m
Build	Fastlane Build & Archive	2026-07-20T11:20:06.0836600Z [11:20:05]: ▸ [35m[[36mMKRingProgressView[0m] [1mExtract App Intents Metadata[0m
Build	Fastlane Build & Archive	2026-07-20T11:20:06.0838930Z [11:20:05]: ▸ [35m[[36mLoopKit-watchOS[0m] [1mProcessing[0m Info.plist[0m
Build	Fastlane Build & Archive	2026-07-20T11:20:08.2786160Z [11:20:08]: ▸ [35m[[36mLoopKit[0m] [1mProcessing[0m Info.plist[0m
Build	Fastlane Build & Archive	2026-07-20T11:20:08.2935600Z [11:20:08]: ▸ [35m[[36mTidepoolKit[0m] [1mCopy[0m arm64-apple-ios.swiftmodule -> TidepoolKit.swiftmodule[0m
Build	Fastlane Build & Archive	2026-07-20T11:20:08.3046710Z [11:20:08]: ▸ [35m[[36mTidepoolKit[0m] [1mCopy[0m arm64-apple-ios.swiftdoc -> TidepoolKit.swiftdoc[0m
Build	Fastlane Build & Archive	2026-07-20T11:20:08.3176620Z [11:20:08]: ▸ [35m[[36mTidepoolKit[0m] [1mCopy[0m arm64-apple-ios.abi.json -> TidepoolKit.abi.json[0m
Build	Fastlane Build & Archive	2026-07-20T11:20:08.3299890Z [11:20:08]: ▸ [35m[[36mLiveActivityExtension[0m] [1mGenerate Asset Symbols[0m Assets.xcassets[0m
Build	Fastlane Build & Archive	2026-07-20T11:20:08.3424260Z [11:20:08]: ▸ [35m[[36mLiveActivityExtension[0m] [1mCompile XCStrings[0m Localizable.xcstrings[0m
Build	Fastlane Build & Archive	2026-07-20T11:20:16.7828470Z [11:20:16]: ▸ [35m[[36mTidepoolKit[0m] [1mLinking[0m TidepoolKit.o[0m
Build	Fastlane Build & Archive	2026-07-20T11:20:16.7960210Z [11:20:16]: ▸ [35m[[36mSwiftCharts[0m] [1mCopy[0m arm64-apple-ios.swiftmodule -> SwiftCharts.swiftmodule[0m
Build	Fastlane Build & Archive	2026-07-20T11:20:16.8064270Z [11:20:16]: ▸ [35m[[36mSwiftCharts[0m] [1mCopy[0m arm64-apple-ios.swiftdoc -> SwiftCharts.swiftdoc[0m
Build	Fastlane Build & Archive	2026-07-20T11:20:16.8166120Z [11:20:16]: ▸ [35m[[36mSwiftCharts[0m] [1mCopy[0m arm64-apple-ios.abi.json -> SwiftCharts.abi.json[0m
Build	Fastlane Build & Archive	2026-07-20T11:20:16.8266700Z [11:20:16]: ▸ [35m[[36mLogging[0m] [1mCopy[0m arm64-apple-ios.swiftmodule -> Logging.swiftmodule[0m
Build	Fastlane Build & Archive	2026-07-20T11:20:16.8369070Z [11:20:16]: ▸ [35m[[36mLogging[0m] [1mCopy[0m arm64-apple-ios.swiftdoc -> Logging.swiftdoc[0m
Build	Fastlane Build & Archive	2026-07-20T11:20:16.8470960Z [11:20:16]: ▸ [35m[[36mLogging[0m] [1mCopy[0m arm64-apple-ios.abi.json -> Logging.abi.json[0m
Build	Fastlane Build & Archive	2026-07-20T11:20:16.8533630Z [11:20:16]: ▸ [35m[[36mLiveActivityExtension[0m] [1mCopying[0m Localizable.strings[0m
Build	Fastlane Build & Archive	2026-07-20T11:20:16.8546200Z [11:20:16]: ▸ [35m[[36mLiveActivityExtension[0m] [1mCopying[0m Localizable.strings[0m
Build	Fastlane Build & Archive	2026-07-20T11:20:16.8548380Z [11:20:16]: ▸ [35m[[36mLiveActivityExtension[0m] [1mCopying[0m Localizable.strings[0m
Build	Fastlane Build & Archive	2026-07-20T11:20:16.8555240Z [11:20:16]: ▸ [35m[[36mLiveActivityExtension[0m] [1mCopying[0m Localizable.strings[0m
Build	Fastlane Build & Archive	2026-07-20T11:20:16.8557010Z [11:20:16]: ▸ [35m[[36mLiveActivityExtension[0m] [1mCopying[0m Localizable.strings[0m
Build	Fastlane Build & Archive	2026-07-20T11:20:16.8558650Z [11:20:16]: ▸ [35m[[36mLiveActivityExtension[0m] [1mCopying[0m Localizable.strings[0m
Build	Fastlane Build & Archive	2026-07-20T11:20:16.8560230Z [11:20:16]: ▸ [35m[[36mLiveActivityExtension[0m] [1mCopying[0m Localizable.strings[0m
Build	Fastlane Build & Archive	2026-07-20T11:20:16.8568940Z [11:20:16]: ▸ [35m[[36mLiveActivityExtension[0m] [1mCopying[0m Localizable.strings[0m
Build	Fastlane Build & Archive	2026-07-20T11:20:16.8569580Z [11:20:16]: ▸ [35m[[36mLiveActivityExtension[0m] [1mCopying[0m Localizable.strings[0m
Build	Fastlane Build & Archive	2026-07-20T11:20:16.8570950Z [11:20:16]: ▸ [35m[[36mLiveActivityExtension[0m] [1mCopying[0m Localizable.strings[0m
Build	Fastlane Build & Archive	2026-07-20T11:20:16.8571630Z [11:20:16]: ▸ [35m[[36mLiveActivityExtension[0m] [1mCopying[0m Localizable.strings[0m
Build	Fastlane Build & Archive	2026-07-20T11:20:16.8572300Z [11:20:16]: ▸ [35m[[36mLiveActivityExtension[0m] [1mCopying[0m Localizable.strings[0m
Build	Fastlane Build & Archive	2026-07-20T11:20:16.8573180Z [11:20:16]: ▸ [35m[[36mLiveActivityExtension[0m] [1mCopying[0m Localizable.strings[0m
Build	Fastlane Build & Archive	2026-07-20T11:20:16.8574870Z [11:20:16]: ▸ [35m[[36mLiveActivityExtension[0m] [1mCopying[0m Localizable.strings[0m
Build	Fastlane Build & Archive	2026-07-20T11:20:16.8575770Z [11:20:16]: ▸ [35m[[36mLiveActivityExtension[0m] [1mCopying[0m Localizable.strings[0m
Build	Fastlane Build & Archive	2026-07-20T11:20:16.8577720Z [11:20:16]: ▸ [35m[[36mLiveActivityExtension[0m] [1mCopying[0m Localizable.strings[0m
Build	Fastlane Build & Archive	2026-07-20T11:20:16.8581610Z [11:20:16]: ▸ [35m[[36mLiveActivityExtension[0m] [1mCopying[0m Localizable.strings[0m
Build	Fastlane Build & Archive	2026-07-20T11:20:16.8585370Z [11:20:16]: ▸ [35m[[36mLiveActivityExtension[0m] [1mCopying[0m Localizable.strings[0m
Build	Fastlane Build & Archive	2026-07-20T11:20:16.8588610Z [11:20:16]: ▸ [35m[[36mLiveActivityExtension[0m] [1mCopying[0m Localizable.strings[0m
Build	Fastlane Build & Archive	2026-07-20T11:20:16.8593000Z [11:20:16]: ▸ [35m[[36mLiveActivityExtension[0m] [1mCopying[0m Localizable.strings[0m
Build	Fastlane Build & Archive	2026-07-20T11:20:16.8595180Z [11:20:16]: ▸ [35m[[36mLiveActivityExtension[0m] [1mCopying[0m Localizable.strings[0m
Build	Fastlane Build & Archive	2026-07-20T11:20:16.8596130Z [11:20:16]: ▸ [35m[[36mTidepoolKit[0m] [1mExtract App Intents Metadata[0m
Build	Fastlane Build & Archive	2026-07-20T11:20:16.8597140Z [11:20:16]: ▸ [35m[[36mSwiftCharts[0m] [1mLinking[0m SwiftCharts.o[0m
Build	Fastlane Build & Archive	2026-07-20T11:20:16.8598110Z [11:20:16]: ▸ [35m[[36mSwiftCharts[0m] [1mExtract App Intents Metadata[0m
Build	Fastlane Build & Archive	2026-07-20T11:20:16.8598860Z [11:20:16]: ▸ [35m[[36mTidepoolKit[0m] [1mRegisterExecutionPolicyException[0m TidepoolKit.o[0m
Build	Fastlane Build & Archive	2026-07-20T11:20:16.8599830Z [11:20:16]: ▸ [35m[[36mLogging[0m] [1mLinking[0m Logging.o[0m
Build	Fastlane Build & Archive	2026-07-20T11:21:01.3816040Z [11:21:01]: ▸ [35m::warning file=/Users/runner/work/Trio/Trio/LoopKit/LoopKit/GlucoseKit/HKDevice+Encodable.swift,line=12,col=1::extension declares a conformance of imported type 'HKDevice' to imported protocol 'Encodable'; this will not behave correctly if the owners of 'HealthKit' introduce this conformance in the future[0m
Build	Fastlane Build & Archive	2026-07-20T11:21:01.3918500Z [11:21:01]: ▸ [35mextension HKDevice: Encodable {[0m
Build	Fastlane Build & Archive	2026-07-20T11:21:01.4021590Z [11:21:01]: ▸ [35m^[0m
Build	Fastlane Build & Archive	2026-07-20T11:21:01.4125180Z [11:21:01]: ▸ [35m::warning file=/Users/runner/work/Trio/Trio/LoopKit/LoopKit/HealthKitSampleStore.swift,line=27,col=1::sendability of function types in instance method 'save(_:withCompletion:)' does not match requirement in protocol 'HKHealthStoreProtocol'; this is an error in the Swift 6 language mode[0m
Build	Fastlane Build & Archive	2026-07-20T11:21:01.4230480Z [11:21:01]: ▸ [35mextension HKHealthStore: HKHealthStoreProtocol {[0m
Build	Fastlane Build & Archive	2026-07-20T11:21:01.4332980Z [11:21:01]: ▸ [35m^[0m
Build	Fastlane Build & Archive	2026-07-20T11:21:01.4438980Z [11:21:01]: ▸ [35m::warning file=/Users/runner/work/Trio/Trio/LoopKit/LoopKit/HealthKitSampleStore.swift,line=27,col=1::sendability of function types in instance method 'save(_:withCompletion:)' does not match requirement in protocol 'HKHealthStoreProtocol'; this is an error in the Swift 6 language mode[0m
Build	Fastlane Build & Archive	2026-07-20T11:21:01.4568990Z [11:21:01]: ▸ [35mextension HKHealthStore: HKHealthStoreProtocol {[0m
Build	Fastlane Build & Archive	2026-07-20T11:21:01.4669360Z [11:21:01]: ▸ [35m^[0m
Build	Fastlane Build & Archive	2026-07-20T11:21:01.4676210Z [11:21:01]: ▸ [35m::warning file=/Users/runner/work/Trio/Trio/LoopKit/LoopKit/HealthKitSampleStore.swift,line=27,col=1::sendability of function types in instance method 'deleteObjects(of:predicate:withCompletion:)' does not match requirement in protocol 'HKHealthStoreProtocol'; this is an error in the Swift 6 language mode[0m
Build	Fastlane Build & Archive	2026-07-20T11:21:01.4695660Z [11:21:01]: ▸ [35mextension HKHealthStore: HKHealthStoreProtocol {[0m
Build	Fastlane Build & Archive	2026-07-20T11:21:01.4696150Z [11:21:01]: ▸ [35m^[0m
Build	Fastlane Build & Archive	2026-07-20T11:21:01.4697470Z [11:21:01]: ▸ [35m::warning file=/Users/runner/work/Trio/Trio/LoopKit/LoopKit/InsulinKit/InsulinDeliveryStore.swift,line=289,col=17::capture of 'self' with non-Sendable type 'InsulinDeliveryStore' in a '@Sendable' closure[0m
Build	Fastlane Build & Archive	2026-07-20T11:21:01.4699280Z [11:21:01]: ▸ [35m                self.cacheStore.managedObjectContext.performAndWait {[0m
Build	Fastlane Build & Archive	2026-07-20T11:21:01.4699960Z [11:21:01]: ▸ [35m                ^[0m
Build	Fastlane Build & Archive	2026-07-20T11:21:01.4700940Z [11:21:01]: ▸ [35m::warning file=/Users/runner/work/Trio/Trio/LoopKit/LoopKit/InsulinKit/InsulinDeliveryStore.swift,line=327,col=17::capture of 'self' with non-Sendable type 'InsulinDeliveryStore' in a '@Sendable' closure[0m
Build	Fastlane Build & Archive	2026-07-20T11:21:01.4702020Z [11:21:01]: ▸ [35m                self.cacheStore.managedObjectContext.performAndWait {[0m
Build	Fastlane Build & Archive	2026-07-20T11:21:01.4702520Z [11:21:01]: ▸ [35m                ^[0m
Build	Fastlane Build & Archive	2026-07-20T11:21:01.4703500Z [11:21:01]: ▸ [35m::warning file=/Users/runner/work/Trio/Trio/LoopKit/LoopKit/InsulinKit/InsulinDeliveryStore.swift,line=524,col=17::capture of 'self' with non-Sendable type 'InsulinDeliveryStore' in a '@Sendable' closure[0m
Build	Fastlane Build & Archive	2026-07-20T11:21:01.4705650Z [11:21:01]: ▸ [35m                self.cacheStore.managedObjectContext.performAndWait {[0m
Build	Fastlane Build & Archive	2026-07-20T11:21:01.4706160Z [11:21:01]: ▸ [35m                ^[0m
Build	Fastlane Build & Archive	2026-07-20T11:21:01.4707110Z [11:21:01]: ▸ [35m::warning file=/Users/runner/work/Trio/Trio/LoopKit/LoopKit/InsulinKit/InsulinDeliveryStore.swift,line=532,col=145::capture of 'entries' with non-Sendable type '[DoseEntry]' in a '@Sendable' closure[0m
Build	Fastlane Build & Archive	2026-07-20T11:21:01.4708460Z [11:21:01]: ▸ [35m                            request.predicate = NSCompoundPredicate(andPredicateWithSubpredicates: [NSPredicate(format: "syncIdentifier IN %@", entries.map { $0.syncIdentifier })])[0m
Build	Fastlane Build & Archive	2026-07-20T11:21:01.4709530Z [11:21:01]: ▸ [35m                                                                                                                                                ^[0m
Build	Fastlane Build & Archive	2026-07-20T11:21:01.4710950Z [11:21:01]: ▸ [35m::warning file=/Users/runner/work/Trio/Trio/LoopKit/LoopKit/Extensions/Double.swift,line=11,col=1::extension declares a conformance of imported type 'Double' to imported protocol 'RawRepresentable'; this will not behave correctly if the owners of 'Swift' introduce this conformance in the future[0m
Build	Fastlane Build & Archive	2026-07-20T11:21:01.4712160Z [11:21:01]: ▸ [35mextension Double: RawRepresentable {[0m
Build	Fastlane Build & Archive	2026-07-20T11:21:01.4712560Z [11:21:01]: ▸ [35m^[0m
Build	Fastlane Build & Archive	2026-07-20T11:21:01.4713510Z [11:21:01]: ▸ [35m::warning file=/Users/runner/work/Trio/Trio/LoopKit/LoopKit/DeviceManager/DeviceLog/PersistentDeviceLog.swift,line=15,col=7::class 'PersistentContainer' must restate inherited '@unchecked Sendable' conformance[0m
Build	Fastlane Build & Archive	2026-07-20T11:21:01.4714570Z [11:21:01]: ▸ [35mclass PersistentContainer: NSPersistentContainer { }[0m
Build	Fastlane Build & Archive	2026-07-20T11:21:01.4715290Z [11:21:01]: ▸ [35m      ^[0m
Build	Fastlane Build & Archive	2026-07-20T11:21:01.4716600Z [11:21:01]: ▸ [35m::warning file=/Users/runner/work/Trio/Trio/LoopKit/LoopKit/CarbKit/CarbStore.swift,line=768,col=39::capture of 'self' with non-Sendable type 'CarbStore' in a '@Sendable' closure[0m
Build	Fastlane Build & Archive	2026-07-20T11:21:01.4717930Z [11:21:01]: ▸ [35m                    let entries = try self.cacheStore.managedObjectContext.fetch(request).compactMap { StoredCarbEntry(managedObject: $0) }[0m
Build	Fastlane Build & Archive	2026-07-20T11:21:01.4718660Z [11:21:01]: ▸ [35m                                      ^[0m
Build	Fastlane Build & Archive	2026-07-20T11:21:01.4719630Z [11:21:01]: ▸ [35m::warning file=/Users/runner/work/Trio/Trio/LoopKit/LoopKit/GlucoseKit/GlucoseStore.swift,line=268,col=30::capture of 'self' with non-Sendable type 'GlucoseStore' in a '@Sendable' closure[0m
Build	Fastlane Build & Archive	2026-07-20T11:21:01.4720830Z [11:21:01]: ▸ [35m                let result = self.getGlucoseSamples(start: start, end: end)[0m
Build	Fastlane Build & Archive	2026-07-20T11:21:01.4721410Z [11:21:01]: ▸ [35m                             ^[0m
Build	Fastlane Build & Archive	2026-07-20T11:21:01.4722720Z [11:21:01]: ▸ [35m::warning file=/Users/runner/work/Trio/Trio/LoopKit/LoopKit/Extensions/HKQuantity.swift,line=13,col=1::extension declares a conformance of imported type 'HKQuantity' to imported protocol 'Comparable'; this will not behave correctly if the owners of 'HealthKit' introduce this conformance in the future[0m
Build	Fastlane Build & Archive	2026-07-20T11:21:01.4723940Z [11:21:01]: ▸ [35mextension HKQuantity: Comparable { }[0m
Build	Fastlane Build & Archive	2026-07-20T11:21:01.4724340Z [11:21:01]: ▸ [35m^[0m
Build	Fastlane Build & Archive	2026-07-20T11:21:03.3246320Z [11:21:03]: ▸ [35m::warning file=/Users/runner/work/Trio/Trio/LoopKit/LoopKit/GlucoseKit/HKDevice+Encodable.swift,line=12,col=1::extension declares a conformance of imported type 'HKDevice' to imported protocol 'Encodable'; this will not behave correctly if the owners of 'HealthKit' introduce this conformance in the future[0m
Build	Fastlane Build & Archive	2026-07-20T11:21:03.3305370Z [11:21:03]: ▸ [35mextension HKDevice: Encodable {[0m
Build	Fastlane Build & Archive	2026-07-20T11:21:03.3306160Z [11:21:03]: ▸ [35m^[0m
Build	Fastlane Build & Archive	2026-07-20T11:21:03.3307740Z [11:21:03]: ▸ [35m::warning file=/Users/runner/work/Trio/Trio/LoopKit/LoopKit/HealthKitSampleStore.swift,line=27,col=1::sendability of function types in instance method 'save(_:withCompletion:)' does not match requirement in protocol 'HKHealthStoreProtocol'; this is an error in the Swift 6 language mode[0m
Build	Fastlane Build & Archive	2026-07-20T11:21:03.3309450Z [11:21:03]: ▸ [35mextension HKHealthStore: HKHealthStoreProtocol {[0m
Build	Fastlane Build & Archive	2026-07-20T11:21:03.3310060Z [11:21:03]: ▸ [35m^[0m
Build	Fastlane Build & Archive	2026-07-20T11:21:03.3311430Z [11:21:03]: ▸ [35m::warning file=/Users/runner/work/Trio/Trio/LoopKit/LoopKit/HealthKitSampleStore.swift,line=27,col=1::sendability of function types in instance method 'save(_:withCompletion:)' does not match requirement in protocol 'HKHealthStoreProtocol'; this is an error in the Swift 6 language mode[0m
Build	Fastlane Build & Archive	2026-07-20T11:21:03.3430490Z [11:21:03]: ▸ [35mextension HKHealthStore: HKHealthStoreProtocol {[0m
Build	Fastlane Build & Archive	2026-07-20T11:21:03.3546210Z [11:21:03]: ▸ [35m^[0m
Build	Fastlane Build & Archive	2026-07-20T11:21:03.3668430Z [11:21:03]: ▸ [35m::warning file=/Users/runner/work/Trio/Trio/LoopKit/LoopKit/HealthKitSampleStore.swift,line=27,col=1::sendability of function types in instance method 'deleteObjects(of:predicate:withCompletion:)' does not match requirement in protocol 'HKHealthStoreProtocol'; this is an error in the Swift 6 language mode[0m
Build	Fastlane Build & Archive	2026-07-20T11:21:03.3774050Z [11:21:03]: ▸ [35mextension HKHealthStore: HKHealthStoreProtocol {[0m
Build	Fastlane Build & Archive	2026-07-20T11:21:03.3918210Z [11:21:03]: ▸ [35m^[0m
Build	Fastlane Build & Archive	2026-07-20T11:21:03.4026300Z [11:21:03]: ▸ [35m::warning file=/Users/runner/work/Trio/Trio/LoopKit/LoopKit/InsulinKit/InsulinDeliveryStore.swift,line=289,col=17::capture of 'self' with non-Sendable type 'InsulinDeliveryStore' in a '@Sendable' closure[0m
Build	Fastlane Build & Archive	2026-07-20T11:21:03.4141360Z [11:21:03]: ▸ [35m                self.cacheStore.managedObjectContext.performAndWait {[0m
Build	Fastlane Build & Archive	2026-07-20T11:21:03.4251670Z [11:21:03]: ▸ [35m                ^[0m
Build	Fastlane Build & Archive	2026-07-20T11:21:03.4352280Z [11:21:03]: ▸ [35m::warning file=/Users/runner/work/Trio/Trio/LoopKit/LoopKit/InsulinKit/InsulinDeliveryStore.swift,line=327,col=17::capture of 'self' with non-Sendable type 'InsulinDeliveryStore' in a '@Sendable' closure[0m
Build	Fastlane Build & Archive	2026-07-20T11:21:03.4375820Z [11:21:03]: ▸ [35m                self.cacheStore.managedObjectContext.performAndWait {[0m
Build	Fastlane Build & Archive	2026-07-20T11:21:03.4377170Z [11:21:03]: ▸ [35m                ^[0m
Build	Fastlane Build & Archive	2026-07-20T11:21:03.4378270Z [11:21:03]: ▸ [35m::warning file=/Users/runner/work/Trio/Trio/LoopKit/LoopKit/InsulinKit/InsulinDeliveryStore.swift,line=524,col=17::capture of 'self' with non-Sendable type 'InsulinDeliveryStore' in a '@Sendable' closure[0m
Build	Fastlane Build & Archive	2026-07-20T11:21:03.4380420Z [11:21:03]: ▸ [35m                self.cacheStore.managedObjectContext.performAndWait {[0m
Build	Fastlane Build & Archive	2026-07-20T11:21:03.4381010Z [11:21:03]: ▸ [35m                ^[0m
Build	Fastlane Build & Archive	2026-07-20T11:21:03.4381970Z [11:21:03]: ▸ [35m::warning file=/Users/runner/work/Trio/Trio/LoopKit/LoopKit/InsulinKit/InsulinDeliveryStore.swift,line=532,col=145::capture of 'entries' with non-Sendable type '[DoseEntry]' in a '@Sendable' closure[0m
Build	Fastlane Build & Archive	2026-07-20T11:21:03.4383370Z [11:21:03]: ▸ [35m                            request.predicate = NSCompoundPredicate(andPredicateWithSubpredicates: [NSPredicate(format: "syncIdentifier IN %@", entries.map { $0.syncIdentifier })])[0m
Build	Fastlane Build & Archive	2026-07-20T11:21:03.4384430Z [11:21:03]: ▸ [35m                                                                                                                                                ^[0m
Build	Fastlane Build & Archive	2026-07-20T11:21:03.4386980Z [11:21:03]: ▸ [35m::warning file=/Users/runner/work/Trio/Trio/LoopKit/LoopKit/Extensions/Double.swift,line=11,col=1::extension declares a conformance of imported type 'Double' to imported protocol 'RawRepresentable'; this will not behave correctly if the owners of 'Swift' introduce this conformance in the future[0m
Build	Fastlane Build & Archive	2026-07-20T11:21:03.4388240Z [11:21:03]: ▸ [35mextension Double: RawRepresentable {[0m
Build	Fastlane Build & Archive	2026-07-20T11:21:03.4388680Z [11:21:03]: ▸ [35m^[0m
Build	Fastlane Build & Archive	2026-07-20T11:21:03.4389670Z [11:21:03]: ▸ [35m::warning file=/Users/runner/work/Trio/Trio/LoopKit/LoopKit/DeviceManager/DeviceLog/PersistentDeviceLog.swift,line=15,col=7::class 'PersistentContainer' must restate inherited '@unchecked Sendable' conformance[0m
Build	Fastlane Build & Archive	2026-07-20T11:21:03.4390720Z [11:21:03]: ▸ [35mclass PersistentContainer: NSPersistentContainer { }[0m
Build	Fastlane Build & Archive	2026-07-20T11:21:03.4391220Z [11:21:03]: ▸ [35m      ^[0m
Build	Fastlane Build & Archive	2026-07-20T11:21:03.4426100Z [11:21:03]: ▸ [35m::warning file=/Users/runner/work/Trio/Trio/LoopKit/LoopKit/CarbKit/CarbStore.swift,line=768,col=39::capture of 'self' with non-Sendable type 'CarbStore' in a '@Sendable' closure[0m
Build	Fastlane Build & Archive	2026-07-20T11:21:03.4427540Z [11:21:03]: ▸ [35m                    let entries = try self.cacheStore.managedObjectContext.fetch(request).compactMap { StoredCarbEntry(managedObject: $0) }[0m
Build	Fastlane Build & Archive	2026-07-20T11:21:03.4428320Z [11:21:03]: ▸ [35m                                      ^[0m
Build	Fastlane Build & Archive	2026-07-20T11:21:03.4429350Z [11:21:03]: ▸ [35m::warning file=/Users/runner/work/Trio/Trio/LoopKit/LoopKit/GlucoseKit/GlucoseStore.swift,line=268,col=30::capture of 'self' with non-Sendable type 'GlucoseStore' in a '@Sendable' closure[0m
Build	Fastlane Build & Archive	2026-07-20T11:21:03.4430450Z [11:21:03]: ▸ [35m                let result = self.getGlucoseSamples(start: start, end: end)[0m
Build	Fastlane Build & Archive	2026-07-20T11:21:03.4431020Z [11:21:03]: ▸ [35m                             ^[0m
Build	Fastlane Build & Archive	2026-07-20T11:21:03.4432410Z [11:21:03]: ▸ [35m::warning file=/Users/runner/work/Trio/Trio/LoopKit/LoopKit/Extensions/HKQuantity.swift,line=13,col=1::extension declares a conformance of imported type 'HKQuantity' to imported protocol 'Comparable'; this will not behave correctly if the owners of 'HealthKit' introduce this conformance in the future[0m
Build	Fastlane Build & Archive	2026-07-20T11:21:03.4433760Z [11:21:03]: ▸ [35mextension HKQuantity: Comparable { }[0m
Build	Fastlane Build & Archive	2026-07-20T11:21:03.4434300Z [11:21:03]: ▸ [35m^[0m
Build	Fastlane Build & Archive	2026-07-20T11:21:19.2034380Z [11:21:19]: ▸ [35m::warning file=/Users/runner/work/Trio/Trio/LoopKit/LoopKit/GlucoseKit/HKDevice+Encodable.swift,line=12,col=1::extension declares a conformance of imported type 'HKDevice' to imported protocol 'Encodable'; this will not behave correctly if the owners of 'HealthKit' introduce this conformance in the future[0m
Build	Fastlane Build & Archive	2026-07-20T11:21:19.2152560Z [11:21:19]: ▸ [35mextension HKDevice: Encodable {[0m
Build	Fastlane Build & Archive	2026-07-20T11:21:19.2188600Z [11:21:19]: ▸ [35m^[0m
Build	Fastlane Build & Archive	2026-07-20T11:21:19.2275130Z [11:21:19]: ▸ [35m::warning file=/Users/runner/work/Trio/Trio/LoopKit/LoopKit/HealthKitSampleStore.swift,line=27,col=1::sendability of function types in instance method 'save(_:withCompletion:)' does not match requirement in protocol 'HKHealthStoreProtocol'; this is an error in the Swift 6 language mode[0m
Build	Fastlane Build & Archive	2026-07-20T11:21:19.2279140Z [11:21:19]: ▸ [35mextension HKHealthStore: HKHealthStoreProtocol {[0m
Build	Fastlane Build & Archive	2026-07-20T11:21:19.2279890Z [11:21:19]: ▸ [35m^[0m
Build	Fastlane Build & Archive	2026-07-20T11:21:19.2285420Z [11:21:19]: ▸ [35m::warning file=/Users/runner/work/Trio/Trio/LoopKit/LoopKit/HealthKitSampleStore.swift,line=27,col=1::sendability of function types in instance method 'save(_:withCompletion:)' does not match requirement in protocol 'HKHealthStoreProtocol'; this is an error in the Swift 6 language mode[0m
Build	Fastlane Build & Archive	2026-07-20T11:21:19.2290560Z [11:21:19]: ▸ [35mextension HKHealthStore: HKHealthStoreProtocol {[0m
Build	Fastlane Build & Archive	2026-07-20T11:21:19.2322590Z [11:21:19]: ▸ [35m^[0m
Build	Fastlane Build & Archive	2026-07-20T11:21:19.2325650Z [11:21:19]: ▸ [35m::warning file=/Users/runner/work/Trio/Trio/LoopKit/LoopKit/HealthKitSampleStore.swift,line=27,col=1::sendability of function types in instance method 'deleteObjects(of:predicate:withCompletion:)' does not match requirement in protocol 'HKHealthStoreProtocol'; this is an error in the Swift 6 language mode[0m
Build	Fastlane Build & Archive	2026-07-20T11:21:19.2337020Z [11:21:19]: ▸ [35mextension HKHealthStore: HKHealthStoreProtocol {[0m
Build	Fastlane Build & Archive	2026-07-20T11:21:19.2341660Z [11:21:19]: ▸ [35m^[0m
Build	Fastlane Build & Archive	2026-07-20T11:21:19.2343400Z [11:21:19]: ▸ [35m::warning file=/Users/runner/work/Trio/Trio/LoopKit/LoopKit/InsulinKit/InsulinDeliveryStore.swift,line=289,col=17::capture of 'self' with non-Sendable type 'InsulinDeliveryStore' in a '@Sendable' closure[0m
Build	Fastlane Build & Archive	2026-07-20T11:21:19.2345280Z [11:21:19]: ▸ [35m                self.cacheStore.managedObjectContext.performAndWait {[0m
Build	Fastlane Build & Archive	2026-07-20T11:21:19.2347300Z [11:21:19]: ▸ [35m                ^[0m
Build	Fastlane Build & Archive	2026-07-20T11:21:19.2349180Z [11:21:19]: ▸ [35m::warning file=/Users/runner/work/Trio/Trio/LoopKit/LoopKit/InsulinKit/InsulinDeliveryStore.swift,line=327,col=17::capture of 'self' with non-Sendable type 'InsulinDeliveryStore' in a '@Sendable' closure[0m
Build	Fastlane Build & Archive	2026-07-20T11:21:19.2350970Z [11:21:19]: ▸ [35m                self.cacheStore.managedObjectContext.performAndWait {[0m
Build	Fastlane Build & Archive	2026-07-20T11:21:19.2351720Z [11:21:19]: ▸ [35m                ^[0m
Build	Fastlane Build & Archive	2026-07-20T11:21:19.2352860Z [11:21:19]: ▸ [35m::warning file=/Users/runner/work/Trio/Trio/LoopKit/LoopKit/InsulinKit/InsulinDeliveryStore.swift,line=524,col=17::capture of 'self' with non-Sendable type 'InsulinDeliveryStore' in a '@Sendable' closure[0m
Build	Fastlane Build & Archive	2026-07-20T11:21:19.2354170Z [11:21:19]: ▸ [35m                self.cacheStore.managedObjectContext.performAndWait {[0m
Build	Fastlane Build & Archive	2026-07-20T11:21:19.2354940Z [11:21:19]: ▸ [35m                ^[0m
Build	Fastlane Build & Archive	2026-07-20T11:21:19.2356110Z [11:21:19]: ▸ [35m::warning file=/Users/runner/work/Trio/Trio/LoopKit/LoopKit/InsulinKit/InsulinDeliveryStore.swift,line=532,col=145::capture of 'entries' with non-Sendable type '[DoseEntry]' in a '@Sendable' closure[0m
Build	Fastlane Build & Archive	2026-07-20T11:21:19.2357880Z [11:21:19]: ▸ [35m                            request.predicate = NSCompoundPredicate(andPredicateWithSubpredicates: [NSPredicate(format: "syncIdentifier IN %@", entries.map { $0.syncIdentifier })])[0m
Build	Fastlane Build & Archive	2026-07-20T11:21:19.2359220Z [11:21:19]: ▸ [35m                                                                                                                                                ^[0m
Build	Fastlane Build & Archive	2026-07-20T11:21:19.2363920Z [11:21:19]: ▸ [35m::warning file=/Users/runner/work/Trio/Trio/LoopKit/LoopKit/Extensions/Double.swift,line=11,col=1::extension declares a conformance of imported type 'Double' to imported protocol 'RawRepresentable'; this will not behave correctly if the owners of 'Swift' introduce this conformance in the future[0m
Build	Fastlane Build & Archive	2026-07-20T11:21:19.2369630Z [11:21:19]: ▸ [35mextension Double: RawRepresentable {[0m
Build	Fastlane Build & Archive	2026-07-20T11:21:19.2370230Z [11:21:19]: ▸ [35m^[0m
Build	Fastlane Build & Archive	2026-07-20T11:21:19.2371270Z [11:21:19]: ▸ [35m::warning file=/Users/runner/work/Trio/Trio/LoopKit/LoopKit/DeviceManager/DeviceLog/PersistentDeviceLog.swift,line=15,col=7::class 'PersistentContainer' must restate inherited '@unchecked Sendable' conformance[0m
Build	Fastlane Build & Archive	2026-07-20T11:21:19.2372710Z [11:21:19]: ▸ [35mclass PersistentContainer: NSPersistentContainer { }[0m
Build	Fastlane Build & Archive	2026-07-20T11:21:19.2373270Z [11:21:19]: ▸ [35m      ^[0m
Build	Fastlane Build & Archive	2026-07-20T11:21:19.2374220Z [11:21:19]: ▸ [35m::warning file=/Users/runner/work/Trio/Trio/LoopKit/LoopKit/CarbKit/CarbStore.swift,line=768,col=39::capture of 'self' with non-Sendable type 'CarbStore' in a '@Sendable' closure[0m
Build	Fastlane Build & Archive	2026-07-20T11:21:19.2375530Z [11:21:19]: ▸ [35m                    let entries = try self.cacheStore.managedObjectContext.fetch(request).compactMap { StoredCarbEntry(managedObject: $0) }[0m
Build	Fastlane Build & Archive	2026-07-20T11:21:19.2376410Z [11:21:19]: ▸ [35m                                      ^[0m
Build	Fastlane Build & Archive	2026-07-20T11:21:19.2377540Z [11:21:19]: ▸ [35m::warning file=/Users/runner/work/Trio/Trio/LoopKit/LoopKit/GlucoseKit/GlucoseStore.swift,line=268,col=30::capture of 'self' with non-Sendable type 'GlucoseStore' in a '@Sendable' closure[0m
Build	Fastlane Build & Archive	2026-07-20T11:21:19.2378680Z [11:21:19]: ▸ [35m                let result = self.getGlucoseSamples(start: start, end: end)[0m
Build	Fastlane Build & Archive	2026-07-20T11:21:19.2379300Z [11:21:19]: ▸ [35m                             ^[0m
Build	Fastlane Build & Archive	2026-07-20T11:21:19.2384690Z [11:21:19]: ▸ [35m::warning file=/Users/runner/work/Trio/Trio/LoopKit/LoopKit/Extensions/HKQuantity.swift,line=13,col=1::extension declares a conformance of imported type 'HKQuantity' to imported protocol 'Comparable'; this will not behave correctly if the owners of 'HealthKit' introduce this conformance in the future[0m
Build	Fastlane Build & Archive	2026-07-20T11:21:19.2388510Z [11:21:19]: ▸ [35mextension HKQuantity: Comparable { }[0m
Build	Fastlane Build & Archive	2026-07-20T11:21:19.2389650Z [11:21:19]: ▸ [35m^[0m
Build	Fastlane Build & Archive	2026-07-20T11:21:19.2610210Z [11:21:19]: ▸ [35m[[36mLoopKit-watchOS[0m] [1mCopy[0m arm64-apple-watchos.swiftmodule -> LoopKit.swiftmodule[0m
Build	Fastlane Build & Archive	2026-07-20T11:21:19.2628650Z [11:21:19]: ▸ [35m[[36mLoopKit-watchOS[0m] [1mCopy[0m arm64-apple-watchos.swiftdoc -> LoopKit.swiftdoc[0m
Build	Fastlane Build & Archive	2026-07-20T11:21:19.2677460Z [11:21:19]: ▸ [35m[[36mLoopKit-watchOS[0m] [1mCopy[0m arm64-apple-watchos.abi.json -> LoopKit.abi.json[0m
Build	Fastlane Build & Archive	2026-07-20T11:21:19.2696110Z [11:21:19]: ▸ [35m[[36mLoopKit-watchOS[0m] [1mCopy[0m arm64_32-apple-watchos.swiftmodule -> LoopKit.swiftmodule[0m
Build	Fastlane Build & Archive	2026-07-20T11:21:19.2716090Z [11:21:19]: ▸ [35m[[36mLoopKit-watchOS[0m] [1mCopy[0m arm64_32-apple-watchos.swiftdoc -> LoopKit.swiftdoc[0m
Build	Fastlane Build & Archive	2026-07-20T11:21:19.2718780Z [11:21:19]: ▸ [35m[[36mLoopKit-watchOS[0m] [1mCopy[0m arm64_32-apple-watchos.abi.json -> LoopKit.abi.json[0m
Build	Fastlane Build & Archive	2026-07-20T11:22:04.8166380Z [11:22:04]: ▸ [35m::warning file=/Users/runner/work/Trio/Trio/LoopKit/LoopKit/GlucoseKit/CgmEventStore.swift,line=147,col=26::capture of 'events' with non-Sendable type '[PersistedCgmEvent]' in a '@Sendable' closure[0m
Build	Fastlane Build & Archive	2026-07-20T11:22:04.8263430Z [11:22:04]: ▸ [35m            for event in events {[0m
Build	Fastlane Build & Archive	2026-07-20T11:22:04.8268580Z [11:22:04]: ▸ [35m                         ^[0m
Build	Fastlane Build & Archive	2026-07-20T11:22:04.8284040Z [11:22:04]: ▸ [35m::warning file=/Users/runner/work/Trio/Trio/LoopKit/LoopKit/GlucoseKit/CgmEventStore.swift,line=148,col=50::capture of 'self' with non-Sendable type 'CgmEventStore' in a '@Sendable' closure[0m
Build	Fastlane Build & Archive	2026-07-20T11:22:04.8292980Z [11:22:04]: ▸ [35m                let cgmEvent = CgmEvent(context: self.cacheStore.managedObjectContext)[0m
Build	Fastlane Build & Archive	2026-07-20T11:22:04.8299320Z [11:22:04]: ▸ [35m                                                 ^[0m
Build	Fastlane Build & Archive	2026-07-20T11:22:04.8308840Z [11:22:04]: ▸ [35m::warning file=/Users/runner/work/Trio/Trio/LoopKit/LoopKit/DeviceManager/DeviceLog/PersistentDeviceLog.swift,line=15,col=7::class 'PersistentContainer' must restate inherited '@unchecked Sendable' conformance[0m
Build	Fastlane Build & Archive	2026-07-20T11:22:04.8313030Z [11:22:04]: ▸ [35mclass PersistentContainer: NSPersistentContainer { }[0m
Build	Fastlane Build & Archive	2026-07-20T11:22:04.8345440Z [11:22:04]: ▸ [35m      ^[0m
Build	Fastlane Build & Archive	2026-07-20T11:22:04.8349780Z [11:22:04]: ▸ [35m::warning file=/Users/runner/work/Trio/Trio/LoopKit/LoopKit/HealthKitSampleStore.swift,line=27,col=1::sendability of function types in instance method 'save(_:withCompletion:)' does not match requirement in protocol 'HKHealthStoreProtocol'; this is an error in the Swift 6 language mode[0m
Build	Fastlane Build & Archive	2026-07-20T11:22:04.8360360Z [11:22:04]: ▸ [35mextension HKHealthStore: HKHealthStoreProtocol {[0m
Build	Fastlane Build & Archive	2026-07-20T11:22:04.8360940Z [11:22:04]: ▸ [35m^[0m
Build	Fastlane Build & Archive	2026-07-20T11:22:04.8363580Z [11:22:04]: ▸ [35m::warning file=/Users/runner/work/Trio/Trio/LoopKit/LoopKit/HealthKitSampleStore.swift,line=27,col=1::sendability of function types in instance method 'save(_:withCompletion:)' does not match requirement in protocol 'HKHealthStoreProtocol'; this is an error in the Swift 6 language mode[0m
Build	Fastlane Build & Archive	2026-07-20T11:22:04.8368210Z [11:22:04]: ▸ [35mextension HKHealthStore: HKHealthStoreProtocol {[0m
Build	Fastlane Build & Archive	2026-07-20T11:22:04.8369910Z [11:22:04]: ▸ [35m^[0m
Build	Fastlane Build & Archive	2026-07-20T11:22:04.8374690Z [11:22:04]: ▸ [35m::warning file=/Users/runner/work/Trio/Trio/LoopKit/LoopKit/HealthKitSampleStore.swift,line=27,col=1::sendability of function types in instance method 'deleteObjects(of:predicate:withCompletion:)' does not match requirement in protocol 'HKHealthStoreProtocol'; this is an error in the Swift 6 language mode[0m
Build	Fastlane Build & Archive	2026-07-20T11:22:04.8376790Z [11:22:04]: ▸ [35mextension HKHealthStore: HKHealthStoreProtocol {[0m
Build	Fastlane Build & Archive	2026-07-20T11:22:04.8377610Z [11:22:04]: ▸ [35m^[0m
Build	Fastlane Build & Archive	2026-07-20T11:22:04.8379220Z [11:22:04]: ▸ [35m::warning file=/Users/runner/work/Trio/Trio/LoopKit/LoopKit/DosingDecisionStore.swift,line=92,col=17::capture of 'self' with non-Sendable type 'DosingDecisionStore' in a '@Sendable' closure[0m
Build	Fastlane Build & Archive	2026-07-20T11:22:04.8381420Z [11:22:04]: ▸ [35m                self.store.managedObjectContext.performAndWait {[0m
Build	Fastlane Build & Archive	2026-07-20T11:22:04.8384270Z [11:22:04]: ▸ [35m                ^[0m
Build	Fastlane Build & Archive	2026-07-20T11:22:04.8385550Z [11:22:04]: ▸ [35m::warning file=/Users/runner/work/Trio/Trio/LoopKit/LoopKit/InsulinKit/InsulinDeliveryStore.swift,line=289,col=17::capture of 'self' with non-Sendable type 'InsulinDeliveryStore' in a '@Sendable' closure[0m
Build	Fastlane Build & Archive	2026-07-20T11:22:04.8386800Z [11:22:04]: ▸ [35m                self.cacheStore.managedObjectContext.performAndWait {[0m
Build	Fastlane Build & Archive	2026-07-20T11:22:04.8388170Z [11:22:04]: ▸ [35m                ^[0m
Build	Fastlane Build & Archive	2026-07-20T11:22:04.8404310Z [11:22:04]: ▸ [35m::warning file=/Users/runner/work/Trio/Trio/LoopKit/LoopKit/InsulinKit/InsulinDeliveryStore.swift,line=327,col=17::capture of 'self' with non-Sendable type 'InsulinDeliveryStore' in a '@Sendable' closure[0m
Build	Fastlane Build & Archive	2026-07-20T11:22:04.8405410Z [11:22:04]: ▸ [35m                self.cacheStore.managedObjectContext.performAndWait {[0m
Build	Fastlane Build & Archive	2026-07-20T11:22:04.8405920Z [11:22:04]: ▸ [35m                ^[0m
Build	Fastlane Build & Archive	2026-07-20T11:22:04.8407540Z [11:22:04]: ▸ [35m::warning file=/Users/runner/work/Trio/Trio/LoopKit/LoopKit/InsulinKit/InsulinDeliveryStore.swift,line=524,col=17::capture of 'self' with non-Sendable type 'InsulinDeliveryStore' in a '@Sendable' closure[0m
Build	Fastlane Build & Archive	2026-07-20T11:22:04.8408640Z [11:22:04]: ▸ [35m                self.cacheStore.managedObjectContext.performAndWait {[0m
Build	Fastlane Build & Archive	2026-07-20T11:22:04.8409210Z [11:22:04]: ▸ [35m                ^[0m
Build	Fastlane Build & Archive	2026-07-20T11:22:04.8411280Z [11:22:04]: ▸ [35m::warning file=/Users/runner/work/Trio/Trio/LoopKit/LoopKit/InsulinKit/InsulinDeliveryStore.swift,line=532,col=145::capture of 'entries' with non-Sendable type '[DoseEntry]' in a '@Sendable' closure[0m
Build	Fastlane Build & Archive	2026-07-20T11:22:04.8413880Z [11:22:04]: ▸ [35m                            request.predicate = NSCompoundPredicate(andPredicateWithSubpredicates: [NSPredicate(format: "syncIdentifier IN %@", entries.map { $0.syncIdentifier })])[0m
Build	Fastlane Build & Archive	2026-07-20T11:22:04.8415010Z [11:22:04]: ▸ [35m                                                                                                                                                ^[0m
Build	Fastlane Build & Archive	2026-07-20T11:22:04.8416430Z [11:22:04]: ▸ [35m::warning file=/Users/runner/work/Trio/Trio/LoopKit/LoopKit/Extensions/Double.swift,line=11,col=1::extension declares a conformance of imported type 'Double' to imported protocol 'RawRepresentable'; this will not behave correctly if the owners of 'Swift' introduce this conformance in the future[0m
Build	Fastlane Build & Archive	2026-07-20T11:22:04.8418300Z [11:22:04]: ▸ [35mextension Double: RawRepresentable {[0m
Build	Fastlane Build & Archive	2026-07-20T11:22:04.8418820Z [11:22:04]: ▸ [35m^[0m
Build	Fastlane Build & Archive	2026-07-20T11:22:04.8421710Z [11:22:04]: ▸ [35m::warning file=/Users/runner/work/Trio/Trio/LoopKit/LoopKit/GlucoseKit/HKDevice+Encodable.swift,line=12,col=1::extension declares a conformance of imported type 'HKDevice' to imported protocol 'Encodable'; this will not behave correctly if the owners of 'HealthKit' introduce this conformance in the future[0m
Build	Fastlane Build & Archive	2026-07-20T11:22:04.8423100Z [11:22:04]: ▸ [35mextension HKDevice: Encodable {[0m
Build	Fastlane Build & Archive	2026-07-20T11:22:04.8423540Z [11:22:04]: ▸ [35m^[0m
Build	Fastlane Build & Archive	2026-07-20T11:22:04.8424410Z [11:22:04]: ▸ [35m::warning file=/Users/runner/work/Trio/Trio/LoopKit/LoopKit/SettingsStore.swift,line=227,col=38::capture of 'self' with non-Sendable type 'SettingsStore' in a '@Sendable' closure[0m
Build	Fastlane Build & Archive	2026-07-20T11:22:04.8425440Z [11:22:04]: ▸ [35m                    let stored = try self.store.managedObjectContext.fetch(request)[0m
Build	Fastlane Build & Archive	2026-07-20T11:22:04.8426000Z [11:22:04]: ▸ [35m                                     ^[0m
Build	Fastlane Build & Archive	2026-07-20T11:22:04.8426970Z [11:22:04]: ▸ [35m::warning file=/Users/runner/work/Trio/Trio/LoopKit/LoopKit/CarbKit/CarbStore.swift,line=768,col=39::capture of 'self' with non-Sendable type 'CarbStore' in a '@Sendable' closure[0m
Build	Fastlane Build & Archive	2026-07-20T11:22:04.8428150Z [11:22:04]: ▸ [35m                    let entries = try self.cacheStore.managedObjectContext.fetch(request).compactMap { StoredCarbEntry(managedObject: $0) }[0m
Build	Fastlane Build & Archive	2026-07-20T11:22:04.8428990Z [11:22:04]: ▸ [35m                                      ^[0m
Build	Fastlane Build & Archive	2026-07-20T11:22:04.8429910Z [11:22:04]: ▸ [35m::warning file=/Users/runner/work/Trio/Trio/LoopKit/LoopKit/GlucoseKit/GlucoseStore.swift,line=268,col=30::capture of 'self' with non-Sendable type 'GlucoseStore' in a '@Sendable' closure[0m
Build	Fastlane Build & Archive	2026-07-20T11:22:04.8431380Z [11:22:04]: ▸ [35m                let result = self.getGlucoseSamples(start: start, end: end)[0m
Build	Fastlane Build & Archive	2026-07-20T11:22:04.8433270Z [11:22:04]: ▸ [35m                             ^[0m
Build	Fastlane Build & Archive	2026-07-20T11:22:04.8436800Z [11:22:04]: ▸ [35m::warning file=/Users/runner/work/Trio/Trio/LoopKit/LoopKit/Extensions/HKQuantity.swift,line=13,col=1::extension declares a conformance of imported type 'HKQuantity' to imported protocol 'Comparable'; this will not behave correctly if the owners of 'HealthKit' introduce this conformance in the future[0m
Build	Fastlane Build & Archive	2026-07-20T11:22:04.8439710Z [11:22:04]: ▸ [35mextension HKQuantity: Comparable { }[0m
Build	Fastlane Build & Archive	2026-07-20T11:22:04.8440160Z [11:22:04]: ▸ [35m^[0m
Build	Fastlane Build & Archive	2026-07-20T11:22:04.8931130Z [11:22:04]: ▸ [35m[[36mLoopKit-watchOS[0m] [1mCompile XCStrings[0m Localizable.xcstrings[0m
Build	Fastlane Build & Archive	2026-07-20T11:22:04.9080420Z [11:22:04]: ▸ [35m[[36mLoopKit-watchOS[0m] [1mCopying[0m Localizable.strings[0m
Build	Fastlane Build & Archive	2026-07-20T11:22:04.9194260Z [11:22:04]: ▸ [35m[[36mLoopKit-watchOS[0m] [1mCopying[0m Localizable.strings[0m
Build	Fastlane Build & Archive	2026-07-20T11:22:04.9319090Z [11:22:04]: ▸ [35m[[36mLoopKit-watchOS[0m] [1mCopying[0m Localizable.strings[0m
Build	Fastlane Build & Archive	2026-07-20T11:22:04.9434650Z [11:22:04]: ▸ [35m[[36mLiveActivityExtension[0m] [1mCopy[0m arm64-apple-ios.swiftmodule -> LiveActivityExtension.swiftmodule[0m
Build	Fastlane Build & Archive	2026-07-20T11:22:04.9538120Z [11:22:04]: ▸ [35m[[36mLiveActivityExtension[0m] [1mCopy[0m arm64-apple-ios.swiftdoc -> LiveActivityExtension.swiftdoc[0m
Build	Fastlane Build & Archive	2026-07-20T11:22:04.9640680Z [11:22:04]: ▸ [35m[[36mLiveActivityExtension[0m] [1mCopy[0m arm64-apple-ios.abi.json -> LiveActivityExtension.abi.json[0m
Build	Fastlane Build & Archive	2026-07-20T11:22:04.9743810Z [11:22:04]: ▸ [35m[[36mLoopKit-watchOS[0m] [1mCopying[0m Localizable.strings[0m
Build	Fastlane Build & Archive	2026-07-20T11:22:04.9746390Z [11:22:04]: ▸ [35m[[36mLoopKit-watchOS[0m] [1mCopying[0m Localizable.strings[0m
Build	Fastlane Build & Archive	2026-07-20T11:22:04.9754130Z [11:22:04]: ▸ [35m[[36mLoopKit-watchOS[0m] [1mCopying[0m Localizable.strings[0m
Build	Fastlane Build & Archive	2026-07-20T11:22:04.9759660Z [11:22:04]: ▸ [35m[[36mLoopKit-watchOS[0m] [1mCopying[0m Localizable.strings[0m
Build	Fastlane Build & Archive	2026-07-20T11:22:04.9766800Z [11:22:04]: ▸ [35m[[36mLoopKit-watchOS[0m] [1mCopying[0m Localizable.strings[0m
Build	Fastlane Build & Archive	2026-07-20T11:22:04.9768110Z [11:22:04]: ▸ [35m[[36mLoopKit-watchOS[0m] [1mCopying[0m Localizable.strings[0m
Build	Fastlane Build & Archive	2026-07-20T11:22:04.9770900Z [11:22:04]: ▸ [35m[[36mLoopKit-watchOS[0m] [1mCopying[0m Localizable.strings[0m
Build	Fastlane Build & Archive	2026-07-20T11:22:04.9772070Z [11:22:04]: ▸ [35m[[36mLoopKit-watchOS[0m] [1mCopying[0m Localizable.strings[0m
Build	Fastlane Build & Archive	2026-07-20T11:22:04.9772770Z [11:22:04]: ▸ [35m[[36mLoopKit-watchOS[0m] [1mCopying[0m Localizable.strings[0m
Build	Fastlane Build & Archive	2026-07-20T11:22:04.9773450Z [11:22:04]: ▸ [35m[[36mLoopKit-watchOS[0m] [1mCopying[0m Localizable.strings[0m
Build	Fastlane Build & Archive	2026-07-20T11:22:04.9774110Z [11:22:04]: ▸ [35m[[36mLoopKit-watchOS[0m] [1mCopying[0m Localizable.strings[0m
Build	Fastlane Build & Archive	2026-07-20T11:22:04.9774800Z [11:22:04]: ▸ [35m[[36mLoopKit-watchOS[0m] [1mCopying[0m Localizable.strings[0m
Build	Fastlane Build & Archive	2026-07-20T11:22:04.9775480Z [11:22:04]: ▸ [35m[[36mLoopKit-watchOS[0m] [1mCopying[0m Localizable.strings[0m
Build	Fastlane Build & Archive	2026-07-20T11:22:04.9776140Z [11:22:04]: ▸ [35m[[36mLoopKit-watchOS[0m] [1mCopying[0m Localizable.strings[0m
Build	Fastlane Build & Archive	2026-07-20T11:22:04.9778580Z [11:22:04]: ▸ [35m[[36mLoopKit-watchOS[0m] [1mCopying[0m Localizable.strings[0m
Build	Fastlane Build & Archive	2026-07-20T11:22:04.9779260Z [11:22:04]: ▸ [35m[[36mLoopKit-watchOS[0m] [1mCopying[0m Localizable.strings[0m
Build	Fastlane Build & Archive	2026-07-20T11:22:04.9781190Z [11:22:04]: ▸ [35m[[36mLoopKit-watchOS[0m] [1mCopying[0m Localizable.strings[0m
Build	Fastlane Build & Archive	2026-07-20T11:22:04.9829580Z [11:22:04]: ▸ [35m[[36mLoopKit-watchOS[0m] [1mCopying[0m Localizable.strings[0m
Build	Fastlane Build & Archive	2026-07-20T11:22:04.9831260Z [11:22:04]: ▸ [35m[[36mLoopKit-watchOS[0m] [1mCopying[0m Localizable.strings[0m
Build	Fastlane Build & Archive	2026-07-20T11:22:04.9833610Z [11:22:04]: ▸ [35m[[36mLoopKit-watchOS[0m] [1mCopying[0m Localizable.strings[0m
Build	Fastlane Build & Archive	2026-07-20T11:22:04.9834700Z [11:22:04]: ▸ [35m[[36mLoopKit-watchOS[0m] [1mCopying[0m Localizable.strings[0m
Build	Fastlane Build & Archive	2026-07-20T11:22:04.9903540Z [11:22:04]: ▸ [35m[[36mLoopKit-watchOS[0m] [1mCopying[0m Localizable.strings[0m
Build	Fastlane Build & Archive	2026-07-20T11:22:04.9904410Z [11:22:04]: ▸ [35m[[36mLoopKit-watchOS[0m] [1mCopying[0m Localizable.strings[0m
Build	Fastlane Build & Archive	2026-07-20T11:22:04.9905120Z [11:22:04]: ▸ [35m[[36mLoopKit-watchOS[0m] [1mCompile XCStrings[0m InfoPlist.xcstrings[0m
Build	Fastlane Build & Archive	2026-07-20T11:22:04.9905870Z [11:22:04]: ▸ [35m[[36mLoopKit-watchOS[0m] [1mCopying[0m InfoPlist.strings[0m
Build	Fastlane Build & Archive	2026-07-20T11:22:04.9906540Z [11:22:04]: ▸ [35m[[36mLoopKit-watchOS[0m] [1mCopying[0m InfoPlist.strings[0m
Build	Fastlane Build & Archive	2026-07-20T11:22:04.9907190Z [11:22:04]: ▸ [35m[[36mLoopKit-watchOS[0m] [1mCopying[0m InfoPlist.strings[0m
Build	Fastlane Build & Archive	2026-07-20T11:22:04.9907850Z [11:22:04]: ▸ [35m[[36mLoopKit-watchOS[0m] [1mCopying[0m InfoPlist.strings[0m
Build	Fastlane Build & Archive	2026-07-20T11:22:04.9908560Z [11:22:04]: ▸ [35m[[36mLoopKit-watchOS[0m] [1mCopying[0m InfoPlist.strings[0m
Build	Fastlane Build & Archive	2026-07-20T11:22:04.9909230Z [11:22:04]: ▸ [35m[[36mLoopKit-watchOS[0m] [1mCopying[0m InfoPlist.strings[0m
Build	Fastlane Build & Archive	2026-07-20T11:22:04.9909940Z [11:22:04]: ▸ [35m[[36mLoopKit-watchOS[0m] [1mCopying[0m InfoPlist.strings[0m
Build	Fastlane Build & Archive	2026-07-20T11:22:04.9910620Z [11:22:04]: ▸ [35m[[36mLoopKit-watchOS[0m] [1mCopying[0m InfoPlist.strings[0m
Build	Fastlane Build & Archive	2026-07-20T11:22:04.9911270Z [11:22:04]: ▸ [35m[[36mLoopKit-watchOS[0m] [1mCopying[0m InfoPlist.strings[0m
Build	Fastlane Build & Archive	2026-07-20T11:22:04.9911840Z [11:22:04]: ▸ [35m[[36mLoopKit-watchOS[0m] [1mCopying[0m InfoPlist.strings[0m
Build	Fastlane Build & Archive	2026-07-20T11:22:04.9912420Z [11:22:04]: ▸ [35m[[36mLoopKit-watchOS[0m] [1mCopying[0m InfoPlist.strings[0m
Build	Fastlane Build & Archive	2026-07-20T11:22:04.9913000Z [11:22:04]: ▸ [35m[[36mLoopKit-watchOS[0m] [1mCopying[0m InfoPlist.strings[0m
Build	Fastlane Build & Archive	2026-07-20T11:22:04.9913620Z [11:22:04]: ▸ [35m[[36mLoopKit-watchOS[0m] [1mCopying[0m InfoPlist.strings[0m
Build	Fastlane Build & Archive	2026-07-20T11:22:04.9914230Z [11:22:04]: ▸ [35m[[36mLoopKit[0m] [1mCompile XCStrings[0m Localizable.xcstrings[0m
Build	Fastlane Build & Archive	2026-07-20T11:22:04.9915340Z [11:22:04]: ▸ [35m[[36mLoopKit-watchOS[0m] [1mCopy[0m armv7k-apple-watchos.swiftmodule -> LoopKit.swiftmodule[0m
Build	Fastlane Build & Archive	2026-07-20T11:22:04.9916130Z [11:22:04]: ▸ [35m[[36mLoopKit-watchOS[0m] [1mCopy[0m armv7k-apple-watchos.swiftdoc -> LoopKit.swiftdoc[0m
Build	Fastlane Build & Archive	2026-07-20T11:22:04.9917190Z [11:22:04]: ▸ [35m[[36mLoopKit-watchOS[0m] [1mCopy[0m armv7k-apple-watchos.abi.json -> LoopKit.abi.json[0m
Build	Fastlane Build & Archive	2026-07-20T11:22:04.9917830Z [11:22:04]: ▸ [35m[[36mLoopKit[0m] [1mCopying[0m Localizable.strings[0m
Build	Fastlane Build & Archive	2026-07-20T11:22:04.9918360Z [11:22:04]: ▸ [35m[[36mLoopKit[0m] [1mCopying[0m Localizable.strings[0m
Build	Fastlane Build & Archive	2026-07-20T11:22:04.9918840Z [11:22:04]: ▸ [35m[[36mLoopKit[0m] [1mCopying[0m Localizable.strings[0m
Build	Fastlane Build & Archive	2026-07-20T11:22:04.9919380Z [11:22:04]: ▸ [35m[[36mLoopKit[0m] [1mCopying[0m Localizable.strings[0m
Build	Fastlane Build & Archive	2026-07-20T11:22:04.9919950Z [11:22:04]: ▸ [35m[[36mLoopKit[0m] [1mCopying[0m Localizable.strings[0m
Build	Fastlane Build & Archive	2026-07-20T11:22:04.9920480Z [11:22:04]: ▸ [35m[[36mLoopKit[0m] [1mCopying[0m Localizable.strings[0m
Build	Fastlane Build & Archive	2026-07-20T11:22:04.9921040Z [11:22:04]: ▸ [35m[[36mLoopKit[0m] [1mCopying[0m Localizable.strings[0m
Build	Fastlane Build & Archive	2026-07-20T11:22:04.9921580Z [11:22:04]: ▸ [35m[[36mLoopKit[0m] [1mCopying[0m Localizable.strings[0m
Build	Fastlane Build & Archive	2026-07-20T11:22:04.9922120Z [11:22:04]: ▸ [35m[[36mLoopKit[0m] [1mCopying[0m Localizable.strings[0m
Build	Fastlane Build & Archive	2026-07-20T11:22:04.9922670Z [11:22:04]: ▸ [35m[[36mLoopKit[0m] [1mCopying[0m Localizable.strings[0m
Build	Fastlane Build & Archive	2026-07-20T11:22:04.9923210Z [11:22:04]: ▸ [35m[[36mLoopKit[0m] [1mCopying[0m Localizable.strings[0m
Build	Fastlane Build & Archive	2026-07-20T11:22:04.9923760Z [11:22:04]: ▸ [35m[[36mLoopKit[0m] [1mCopying[0m Localizable.strings[0m
Build	Fastlane Build & Archive	2026-07-20T11:22:04.9924280Z [11:22:04]: ▸ [35m[[36mLoopKit[0m] [1mCopying[0m Localizable.strings[0m
Build	Fastlane Build & Archive	2026-07-20T11:22:04.9924800Z [11:22:04]: ▸ [35m[[36mLoopKit[0m] [1mCopying[0m Localizable.strings[0m
Build	Fastlane Build & Archive	2026-07-20T11:22:04.9925420Z [11:22:04]: ▸ [35m[[36mLoopKit[0m] [1mCopying[0m Localizable.strings[0m
Build	Fastlane Build & Archive	2026-07-20T11:22:04.9925960Z [11:22:04]: ▸ [35m[[36mLoopKit[0m] [1mCopying[0m Localizable.strings[0m
Build	Fastlane Build & Archive	2026-07-20T11:22:04.9926500Z [11:22:04]: ▸ [35m[[36mLoopKit[0m] [1mCopying[0m Localizable.strings[0m
Build	Fastlane Build & Archive	2026-07-20T11:22:04.9927020Z [11:22:04]: ▸ [35m[[36mLoopKit[0m] [1mCopying[0m Localizable.strings[0m
Build	Fastlane Build & Archive	2026-07-20T11:22:04.9927540Z [11:22:04]: ▸ [35m[[36mLoopKit[0m] [1mCopying[0m Localizable.strings[0m
Build	Fastlane Build & Archive	2026-07-20T11:22:04.9928080Z [11:22:04]: ▸ [35m[[36mLoopKit[0m] [1mCopying[0m Localizable.strings[0m
Build	Fastlane Build & Archive	2026-07-20T11:22:04.9928600Z [11:22:04]: ▸ [35m[[36mLoopKit[0m] [1mCopying[0m Localizable.strings[0m
Build	Fastlane Build & Archive	2026-07-20T11:22:04.9929110Z [11:22:04]: ▸ [35m[[36mLoopKit[0m] [1mCopying[0m Localizable.strings[0m
Build	Fastlane Build & Archive	2026-07-20T11:22:04.9929650Z [11:22:04]: ▸ [35m[[36mLoopKit[0m] [1mCopying[0m Localizable.strings[0m
Build	Fastlane Build & Archive	2026-07-20T11:22:04.9930180Z [11:22:04]: ▸ [35m[[36mLoopKit[0m] [1mCopying[0m Localizable.strings[0m
Build	Fastlane Build & Archive	2026-07-20T11:22:04.9932690Z [11:22:04]: ▸ [35m[[36mLoopKit[0m] [1mCopying[0m Localizable.strings[0m
Build	Fastlane Build & Archive	2026-07-20T11:22:04.9934580Z [11:22:04]: ▸ [35m[[36mLoopKit[0m] [1mCopying[0m Localizable.strings[0m
Build	Fastlane Build & Archive	2026-07-20T11:22:04.9936020Z [11:22:04]: ▸ [35m[[36mLoopKit[0m] [1mCompile XCStrings[0m InfoPlist.xcstrings[0m
Build	Fastlane Build & Archive	2026-07-20T11:22:04.9937490Z [11:22:04]: ▸ [35m[[36mLoopKit[0m] [1mCopying[0m InfoPlist.strings[0m
Build	Fastlane Build & Archive	2026-07-20T11:22:04.9938830Z [11:22:04]: ▸ [35m[[36mLoopKit[0m] [1mCopying[0m InfoPlist.strings[0m
Build	Fastlane Build & Archive	2026-07-20T11:22:04.9940170Z [11:22:04]: ▸ [35m[[36mLoopKit[0m] [1mCopying[0m InfoPlist.strings[0m
Build	Fastlane Build & Archive	2026-07-20T11:22:04.9941440Z [11:22:04]: ▸ [35m[[36mLoopKit[0m] [1mCopying[0m InfoPlist.strings[0m
Build	Fastlane Build & Archive	2026-07-20T11:22:04.9942720Z [11:22:04]: ▸ [35m[[36mLoopKit[0m] [1mCopying[0m InfoPlist.strings[0m
Build	Fastlane Build & Archive	2026-07-20T11:22:04.9944340Z [11:22:04]: ▸ [35m[[36mLoopKit[0m] [1mCopying[0m InfoPlist.strings[0m
Build	Fastlane Build & Archive	2026-07-20T11:22:04.9945810Z [11:22:04]: ▸ [35m[[36mLoopKit[0m] [1mCopying[0m InfoPlist.strings[0m
Build	Fastlane Build & Archive	2026-07-20T11:22:04.9947190Z [11:22:04]: ▸ [35m[[36mLoopKit[0m] [1mCopying[0m InfoPlist.strings[0m
Build	Fastlane Build & Archive	2026-07-20T11:22:04.9949270Z [11:22:04]: ▸ [35m[[36mLoopKit[0m] [1mCopying[0m InfoPlist.strings[0m
Build	Fastlane Build & Archive	2026-07-20T11:22:04.9949760Z [11:22:04]: ▸ [35m[[36mLoopKit[0m] [1mCopying[0m InfoPlist.strings[0m
Build	Fastlane Build & Archive	2026-07-20T11:22:04.9950520Z [11:22:04]: ▸ [35m[[36mLoopKit[0m] [1mCopying[0m InfoPlist.strings[0m
Build	Fastlane Build & Archive	2026-07-20T11:22:04.9951080Z [11:22:04]: ▸ [35m[[36mLoopKit[0m] [1mCopying[0m InfoPlist.strings[0m
Build	Fastlane Build & Archive	2026-07-20T11:22:04.9951630Z [11:22:04]: ▸ [35m[[36mLoopKit[0m] [1mCopying[0m InfoPlist.strings[0m
Build	Fastlane Build & Archive	2026-07-20T11:22:04.9953310Z [11:22:04]: ▸ [35m[36;1mnote: [0mEmplaced /Users/runner/Library/Developer/Xcode/DerivedData/Trio-bovmnxebschsylahdeysnjjqdcte/Build/Intermediates.noindex/ArchiveIntermediates/Trio/IntermediateBuildFilesPath/UninstalledProducts/iphoneos/LiveActivityExtension.appex/Assets.car (in target 'LiveActivityExtension' from project 'Trio')[0m
Build	Fastlane Build & Archive	2026-07-20T11:22:04.9955010Z [11:22:04]: ▸ [35m[[36mLiveActivityExtension[0m] [1mProcessing[0m Info.plist[0m
Build	Fastlane Build & Archive	2026-07-20T11:22:04.9955890Z [11:22:04]: ▸ [35m[[36mPromises_FBLPromises[0m] [1mRegisterExecutionPolicyException[0m Promises_FBLPromises.bundle[0m
Build	Fastlane Build & Archive	2026-07-20T11:22:04.9956660Z [11:22:04]: ▸ [35m[[36mLiveActivityExtension[0m] [1mLinking[0m LiveActivityExtension[0m
Build	Fastlane Build & Archive	2026-07-20T11:22:04.9957240Z [11:22:04]: ▸ [35m[[36mLoopKit-watchOS[0m] [1mCompiling[0m LoopKit_vers.c[0m
Build	Fastlane Build & Archive	2026-07-20T11:22:04.9957810Z [11:22:04]: ▸ [35m[[36mLoopKit-watchOS[0m] [1mLinking[0m LoopKit[0m
Build	Fastlane Build & Archive	2026-07-20T11:22:04.9958380Z [11:22:04]: ▸ [35m[[36mLoopKit-watchOS[0m] [1mCompiling[0m LoopKit_vers.c[0m
Build	Fastlane Build & Archive	2026-07-20T11:22:04.9958990Z [11:22:04]: ▸ [35m[[36mLoopKit-watchOS[0m] [1mLinking[0m LoopKit[0m
Build	Fastlane Build & Archive	2026-07-20T11:22:04.9959550Z [11:22:04]: ▸ [35m[[36mLoopKit-watchOS[0m] [1mCompiling[0m LoopKit_vers.c[0m
Build	Fastlane Build & Archive	2026-07-20T11:22:04.9961200Z [11:22:04]: ▸ [35m[[36mLogging[0m] [1mExtract App Intents Metadata[0m
Build	Fastlane Build & Archive	2026-07-20T11:22:04.9961810Z [11:22:04]: ▸ [35m[[36mLoopKit-watchOS[0m] [1mLinking[0m LoopKit[0m
Build	Fastlane Build & Archive	2026-07-20T11:22:04.9962500Z [11:22:04]: ▸ [35m[[36mLoopKit-watchOS[0m] [1mCreate Universal Binary[0m LoopKit[0m
Build	Fastlane Build & Archive	2026-07-20T11:22:04.9963210Z [11:22:04]: ▸ [35m[[36mLiveActivityExtension[0m] [1mGenerating[0m LiveActivityExtension.appex.dSYM[0m
Build	Fastlane Build & Archive	2026-07-20T11:22:04.9963970Z [11:22:04]: ▸ [35m[[36mLoopKit-watchOS[0m] [1mGenerating[0m LoopKit.framework.dSYM[0m
Build	Fastlane Build & Archive	2026-07-20T11:22:04.9964700Z [11:22:04]: ▸ [35m[[36mPromises_FBLPromises[0m] [1mTouching[0m Promises_FBLPromises.bundle[0m
Build	Fastlane Build & Archive	2026-07-20T11:22:04.9965390Z [11:22:04]: ▸ [35m[[36mLiveActivityExtension[0m] [1mExtract App Intents Metadata[0m
Build	Fastlane Build & Archive	2026-07-20T11:22:04.9966030Z [11:22:04]: ▸ [35m[[36mLoopKit-watchOS[0m] [1mExtract App Intents Metadata[0m
Build	Fastlane Build & Archive	2026-07-20T11:22:04.9966950Z [11:22:04]: ▸ [35m[[36mGoogleUtilities_GoogleUtilities-UserDefaults[0m] [1mProcessing[0m empty-GoogleUtilities_GoogleUtilities-UserDefaults.plist[0m
Build	Fastlane Build & Archive	2026-07-20T11:22:04.9967930Z [11:22:04]: ▸ [35m[[36mGoogleUtilities_GoogleUtilities-UserDefaults[0m] [1mCopying[0m PrivacyInfo.xcprivacy[0m
Build	Fastlane Build & Archive	2026-07-20T11:22:04.9968880Z [11:22:04]: ▸ [35m[[36mGoogleUtilities_GoogleUtilities-NSData[0m] [1mProcessing[0m empty-GoogleUtilities_GoogleUtilities-NSData.plist[0m
Build	Fastlane Build & Archive	2026-07-20T11:22:04.9969800Z [11:22:04]: ▸ [35m[[36mGoogleUtilities_GoogleUtilities-NSData[0m] [1mCopying[0m PrivacyInfo.xcprivacy[0m
Build	Fastlane Build & Archive	2026-07-20T11:22:04.9970710Z [11:22:04]: ▸ [35m[[36mGoogleUtilities_GoogleUtilities-Logger[0m] [1mProcessing[0m empty-GoogleUtilities_GoogleUtilities-Logger.plist[0m
Build	Fastlane Build & Archive	2026-07-20T11:22:04.9971600Z [11:22:04]: ▸ [35m[[36mGoogleUtilities_GoogleUtilities-Logger[0m] [1mCopying[0m PrivacyInfo.xcprivacy[0m
Build	Fastlane Build & Archive	2026-07-20T11:22:04.9972510Z [11:22:04]: ▸ [35m[[36mMKRingProgressView[0m] [1mRegisterExecutionPolicyException[0m MKRingProgressView.o[0m
Build	Fastlane Build & Archive	2026-07-20T11:22:04.9973260Z [11:22:04]: ▸ [35m[[36mSwiftCharts[0m] [1mRegisterExecutionPolicyException[0m SwiftCharts.o[0m
Build	Fastlane Build & Archive	2026-07-20T11:22:04.9973990Z [11:22:04]: ▸ [35m[[36mSwiftCharts[0m] [1mProcessing[0m empty-SwiftCharts.plist[0m
Build	Fastlane Build & Archive	2026-07-20T11:22:04.9974990Z [11:22:04]: ▸ [35m[[36mSwiftCharts[0m] [1mLinking[0m SwiftCharts[0m
Build	Fastlane Build & Archive	2026-07-20T11:22:04.9975700Z [11:22:04]: ▸ [35m[[36mLogging[0m] [1mRegisterExecutionPolicyException[0m Logging.o[0m
Build	Fastlane Build & Archive	2026-07-20T11:22:04.9976440Z [11:22:04]: ▸ [35m[[36mLoopKit-watchOS[0m] [1mRegisterExecutionPolicyException[0m LoopKit.framework[0m
Build	Fastlane Build & Archive	2026-07-20T11:22:04.9977120Z [11:22:04]: ▸ [35m[[36mLoopKit-watchOS[0m] [1mTouching[0m LoopKit.framework[0m
Build	Fastlane Build & Archive	2026-07-20T11:22:04.9977790Z [11:22:04]: ▸ [35m[[36mSwiftCharts[0m] [1mGenerating[0m SwiftCharts.framework.dSYM[0m
Build	Fastlane Build & Archive	2026-07-20T11:22:04.9978420Z [11:22:04]: ▸ [35m[[36mLoggerAPI[0m] [1mCompiling[0m Logger.swift[0m
Build	Fastlane Build & Archive	2026-07-20T11:22:04.9979060Z [11:22:04]: ▸ [35m[1mSigning[0m LiveActivityExtension.appex (in target 'LiveActivityExtension' from project 'Trio')[0m
Build	Fastlane Build & Archive	2026-07-20T11:22:04.9979900Z [11:22:04]: ▸ [35m[[36mSwiftCharts[0m] [1mRegisterExecutionPolicyException[0m SwiftCharts.framework[0m
Build	Fastlane Build & Archive	2026-07-20T11:22:04.9980720Z [11:22:04]: ▸ [35m[[36mLiveActivityExtension[0m] [1mRegisterExecutionPolicyException[0m LiveActivityExtension.appex[0m
Build	Fastlane Build & Archive	2026-07-20T11:22:04.9981460Z [11:22:04]: ▸ [35m[[36mSwiftCharts[0m] [1mTouching[0m SwiftCharts.framework[0m
Build	Fastlane Build & Archive	2026-07-20T11:22:04.9982120Z [11:22:04]: ▸ [35m[[36mLiveActivityExtension[0m] [1mTouching[0m LiveActivityExtension.appex[0m
Build	Fastlane Build & Archive	2026-07-20T11:22:04.9982910Z [11:22:04]: ▸ [35m[[36mFirebase_FirebaseInstallations[0m] [1mProcessing[0m empty-Firebase_FirebaseInstallations.plist[0m
Build	Fastlane Build & Archive	2026-07-20T11:22:04.9983880Z [11:22:04]: ▸ [35m[[36mGoogleUtilities_GoogleUtilities-Environment[0m] [1mProcessing[0m empty-GoogleUtilities_GoogleUtilities-Environment.plist[0m
Build	Fastlane Build & Archive	2026-07-20T11:22:04.9984820Z [11:22:04]: ▸ [35m[[36mGoogleUtilities_GoogleUtilities-Environment[0m] [1mCopying[0m PrivacyInfo.xcprivacy[0m
Build	Fastlane Build & Archive	2026-07-20T11:22:04.9987400Z [11:22:04]: ▸ [35m[[36mLoggerAPI[0m] [1mCopy[0m arm64-apple-ios.swiftmodule -> LoggerAPI.swiftmodule[0m
Build	Fastlane Build & Archive	2026-07-20T11:22:04.9989580Z [11:22:04]: ▸ [35m[[36mLoggerAPI[0m] [1mCopy[0m arm64-apple-ios.swiftdoc -> LoggerAPI.swiftdoc[0m
Build	Fastlane Build & Archive	2026-07-20T11:22:04.9992460Z [11:22:04]: ▸ [35m[[36mLoggerAPI[0m] [1mCopy[0m arm64-apple-ios.abi.json -> LoggerAPI.abi.json[0m
Build	Fastlane Build & Archive	2026-07-20T11:22:04.9994450Z [11:22:04]: ▸ [35m[[36mGoogleDataTransport_GoogleDataTransport[0m] [1mProcessing[0m empty-GoogleDataTransport_GoogleDataTransport.plist[0m
Build	Fastlane Build & Archive	2026-07-20T11:22:04.9996770Z [11:22:04]: ▸ [35m[[36mGoogleUtilities-UserDefaults[0m] [1mCompiling[0m resource_bundle_accessor.m[0m
Build	Fastlane Build & Archive	2026-07-20T11:22:04.9998730Z [11:22:04]: ▸ [35m[[36mGoogleUtilities-NSData[0m] [1mCompiling[0m resource_bundle_accessor.m[0m
Build	Fastlane Build & Archive	2026-07-20T11:22:05.0000330Z [11:22:04]: ▸ [35m[[36mGoogleUtilities-NSData[0m] [1mCompiling[0m GULNSData+zlib.m[0m
Build	Fastlane Build & Archive	2026-07-20T11:22:05.0002010Z [11:22:04]: ▸ [35m[[36mGoogleUtilities-Logger[0m] [1mCompiling[0m resource_bundle_accessor.m[0m
Build	Fastlane Build & Archive	2026-07-20T11:22:05.0003830Z [11:22:04]: ▸ [35m[[36mGoogleUtilities-Environment[0m] [1mCompiling[0m resource_bundle_accessor.m[0m
Build	Fastlane Build & Archive	2026-07-20T11:22:05.0021080Z [11:22:04]: ▸ [35m[[36mGoogleUtilities-Environment[0m] [1mCompiling[0m GULKeychainUtils.m[0m
Build	Fastlane Build & Archive	2026-07-20T11:22:05.0022810Z [11:22:04]: ▸ [35m[[36mGoogleUtilities-Environment[0m] [1mCompiling[0m GULKeychainStorage.m[0m
Build	Fastlane Build & Archive	2026-07-20T11:22:05.0024300Z [11:22:04]: ▸ [35m[[36mGoogleUtilities-Logger[0m] [1mCompiling[0m GULLogger.m[0m
Build	Fastlane Build & Archive	2026-07-20T11:22:05.0025710Z [11:22:04]: ▸ [35m[[36mGoogleUtilities-Environment[0m] [1mCompiling[0m GULNetworkInfo.m[0m
Build	Fastlane Build & Archive	2026-07-20T11:22:05.0027240Z [11:22:04]: ▸ [35m[[36mGoogleUtilities-UserDefaults[0m] [1mCompiling[0m GULUserDefaults.m[0m
Build	Fastlane Build & Archive	2026-07-20T11:22:05.0028930Z [11:22:04]: ▸ [35m[[36mGoogleDataTransport_GoogleDataTransport[0m] [1mCopying[0m PrivacyInfo.xcprivacy[0m
Build	Fastlane Build & Archive	2026-07-20T11:22:05.0030670Z [11:22:04]: ▸ [35m[[36mGoogleDataTransport[0m] [1mCompiling[0m external_privacy_context.nanopb.c[0m
Build	Fastlane Build & Archive	2026-07-20T11:22:05.0033310Z [11:22:04]: ▸ [35m[[36mGoogleUtilities-Environment[0m] [1mCompiling[0m GULAppEnvironmentUtil.m[0m
Build	Fastlane Build & Archive	2026-07-20T11:22:05.0034960Z [11:22:04]: ▸ [35m[[36mGoogleDataTransport[0m] [1mCompiling[0m external_prequest_context.nanopb.c[0m
Build	Fastlane Build & Archive	2026-07-20T11:22:05.0036900Z [11:22:04]: ▸ [35m[[36mGoogleDataTransport[0m] [1mCompiling[0m compliance.nanopb.c[0m
Build	Fastlane Build & Archive	2026-07-20T11:22:05.0038350Z [11:22:04]: ▸ [35m[[36mGoogleDataTransport[0m] [1mCompiling[0m client_metrics.nanopb.c[0m
Build	Fastlane Build & Archive	2026-07-20T11:22:05.0039710Z [11:22:04]: ▸ [35m[[36mGoogleDataTransport[0m] [1mCompiling[0m cct.nanopb.c[0m
Build	Fastlane Build & Archive	2026-07-20T11:22:05.0041240Z [11:22:04]: ▸ [35m[[36mGoogleDataTransport[0m] [1mCompiling[0m resource_bundle_accessor.m[0m
Build	Fastlane Build & Archive	2026-07-20T11:22:05.0042860Z [11:22:04]: ▸ [35m[[36mGoogleDataTransport[0m] [1mCompiling[0m GDTCORUploadBatch.m[0m
Build	Fastlane Build & Archive	2026-07-20T11:22:05.0043490Z [11:22:04]: ▸ [35m[[36mGoogleDataTransport[0m] [1mCompiling[0m GDTCORStorageMetadata.m[0m
Build	Fastlane Build & Archive	2026-07-20T11:22:05.0044130Z [11:22:04]: ▸ [35m[[36mGoogleDataTransport[0m] [1mCompiling[0m GDTCORStorageEventSelector.m[0m
Build	Fastlane Build & Archive	2026-07-20T11:22:05.0044720Z [11:22:04]: ▸ [35m[[36mGoogleDataTransport[0m] [1mCompiling[0m GDTCORProductData.m[0m
Build	Fastlane Build & Archive	2026-07-20T11:22:05.0045290Z [11:22:04]: ▸ [35m[[36mGoogleDataTransport[0m] [1mCompiling[0m GDTCORMetricsMetadata.m[0m
Build	Fastlane Build & Archive	2026-07-20T11:22:05.0045840Z [11:22:04]: ▸ [35m[[36mGoogleDataTransport[0m] [1mCompiling[0m GDTCORMetrics.m[0m
Build	Fastlane Build & Archive	2026-07-20T11:22:05.0046420Z [11:22:04]: ▸ [35m[[36mGoogleDataTransport[0m] [1mCompiling[0m GDTCORLogSourceMetrics.m[0m
Build	Fastlane Build & Archive	2026-07-20T11:22:05.0047080Z [11:22:04]: ▸ [35m[[36mGoogleDataTransport[0m] [1mCompiling[0m GDTCOREvent+GDTMetricsSupport.m[0m
Build	Fastlane Build & Archive	2026-07-20T11:22:05.0047720Z [11:22:04]: ▸ [35m[[36mGoogleDataTransport[0m] [1mCompiling[0m GDTCOREvent+GDTCCTSupport.m[0m
Build	Fastlane Build & Archive	2026-07-20T11:22:05.0048290Z [11:22:04]: ▸ [35m[[36mGoogleDataTransport[0m] [1mCompiling[0m GDTCOREndpoints.m[0m
Build	Fastlane Build & Archive	2026-07-20T11:22:05.0049890Z [11:22:04]: ▸ [35m[[36mGoogleDataTransport[0m] [1mCompiling[0m GDTCORConsoleLogger.m[0m
Build	Fastlane Build & Archive	2026-07-20T11:22:05.0051270Z [11:22:04]: ▸ [35m[[36mGoogleDataTransport[0m] [1mCompiling[0m GDTCORClock.m[0m
Build	Fastlane Build & Archive	2026-07-20T11:22:05.0051850Z [11:22:04]: ▸ [35m[[36mGoogleDataTransport[0m] [1mCompiling[0m GDTCORAssert.m[0m
Build	Fastlane Build & Archive	2026-07-20T11:22:05.0052420Z [11:22:04]: ▸ [35m[[36mGoogleDataTransport[0m] [1mCompiling[0m GDTCCTURLSessionDataResponse.m[0m
Build	Fastlane Build & Archive	2026-07-20T11:22:05.0053050Z [11:22:04]: ▸ [35m[[36mFirebase_FirebaseInstallations[0m] [1mCopying[0m PrivacyInfo.xcprivacy[0m
Build	Fastlane Build & Archive	2026-07-20T11:22:05.0053870Z [11:22:04]: ▸ [35m[[36mFirebase_FirebaseCoreExtension[0m] [1mProcessing[0m empty-Firebase_FirebaseCoreExtension.plist[0m
Build	Fastlane Build & Archive	2026-07-20T11:22:05.0054570Z [11:22:04]: ▸ [35m[[36mGoogleDataTransport[0m] [1mCompiling[0m GDTCCTCompressionHelper.m[0m
Build	Fastlane Build & Archive	2026-07-20T11:22:05.0055200Z [11:22:04]: ▸ [35m[[36mFirebase_FirebaseCoreExtension[0m] [1mCopying[0m PrivacyInfo.xcprivacy[0m
Build	Fastlane Build & Archive	2026-07-20T11:22:05.0055720Z [11:22:04]: ▸ [35m[[36mLoggerAPI[0m] [1mLinking[0m LoggerAPI.o[0m
Build	Fastlane Build & Archive	2026-07-20T11:22:05.0056160Z [11:22:04]: ▸ [35m[[36mLoggerAPI[0m] [1mExtract App Intents Metadata[0m
Build	Fastlane Build & Archive	2026-07-20T11:22:05.0056680Z [11:22:04]: ▸ [35m[[36mGoogleDataTransport[0m] [1mCompiling[0m GDTCORUploadCoordinator.m[0m
Build	Fastlane Build & Archive	2026-07-20T11:22:05.0057240Z [11:22:04]: ▸ [35m[[36mGoogleDataTransport[0m] [1mCompiling[0m GDTCORTransport.m[0m
Build	Fastlane Build & Archive	2026-07-20T11:22:05.0057780Z [11:22:04]: ▸ [35m[[36mGoogleDataTransport[0m] [1mCompiling[0m GDTCORTransformer.m[0m
Build	Fastlane Build & Archive	2026-07-20T11:22:05.0058320Z [11:22:04]: ▸ [35m[[36mGoogleDataTransport[0m] [1mCompiling[0m GDTCORRegistrar.m[0m
Build	Fastlane Build & Archive	2026-07-20T11:22:05.0058860Z [11:22:04]: ▸ [35m[[36mGoogleDataTransport[0m] [1mCompiling[0m GDTCORReachability.m[0m
Build	Fastlane Build & Archive	2026-07-20T11:22:05.0059400Z [11:22:04]: ▸ [35m[[36mGoogleDataTransport[0m] [1mCompiling[0m GDTCORPlatform.m[0m
Build	Fastlane Build & Archive	2026-07-20T11:22:05.0059950Z [11:22:04]: ▸ [35m[[36mGoogleDataTransport[0m] [1mCompiling[0m GDTCORMetricsController.m[0m
Build	Fastlane Build & Archive	2026-07-20T11:22:05.0061360Z [11:22:04]: ▸ [35m[[36mGoogleDataTransport[0m] [1mCompiling[0m GDTCORMetrics+GDTCCTSupport.m[0m
Build	Fastlane Build & Archive	2026-07-20T11:22:05.0061950Z [11:22:04]: ▸ [35m[[36mGoogleDataTransport[0m] [1mCompiling[0m GDTCORLifecycle.m[0m
Build	Fastlane Build & Archive	2026-07-20T11:22:05.0062970Z [11:22:04]: ▸ [35m[[36mGoogleDataTransport[0m] [1mCompiling[0m GDTCORFlatFileStorage.m[0m
Build	Fastlane Build & Archive	2026-07-20T11:22:05.0063630Z [11:22:04]: ▸ [35m[[36mGoogleDataTransport[0m] [1mCompiling[0m GDTCORFlatFileStorage+Promises.m[0m
Build	Fastlane Build & Archive	2026-07-20T11:22:05.0064210Z [11:22:04]: ▸ [35m[[36mGoogleDataTransport[0m] [1mCompiling[0m GDTCOREvent.m[0m
Build	Fastlane Build & Archive	2026-07-20T11:22:05.0064770Z [11:22:04]: ▸ [35m[[36mGoogleDataTransport[0m] [1mCompiling[0m GDTCORDirectorySizeTracker.m[0m
Build	Fastlane Build & Archive	2026-07-20T11:22:05.0066320Z [11:22:04]: ▸ [35m[[36mGoogleDataTransport[0m] [1mCompiling[0m GDTCCTUploader.m[0m
Build	Fastlane Build & Archive	2026-07-20T11:22:05.0066940Z [11:22:04]: ▸ [35m[[36mGoogleDataTransport[0m] [1mCompiling[0m GDTCCTUploadOperation.m[0m
Build	Fastlane Build & Archive	2026-07-20T11:22:05.0067540Z [11:22:04]: ▸ [35m[[36mGoogleDataTransport[0m] [1mCompiling[0m GDTCCTNanopbHelpers.m[0m
Build	Fastlane Build & Archive	2026-07-20T11:22:05.0068420Z [11:22:04]: ▸ [35m[[36mGoogleUtilities_GoogleUtilities-UserDefaults[0m] [1mRegisterExecutionPolicyException[0m GoogleUtilities_GoogleUtilities-UserDefaults.bundle[0m
Build	Fastlane Build & Archive	2026-07-20T11:22:05.0069300Z [11:22:04]: ▸ [35m[[36mLoggerAPI[0m] [1mRegisterExecutionPolicyException[0m LoggerAPI.o[0m
Build	Fastlane Build & Archive	2026-07-20T11:22:05.0070050Z [11:22:04]: ▸ [35m[[36mGoogleUtilities_GoogleUtilities-UserDefaults[0m] [1mTouching[0m GoogleUtilities_GoogleUtilities-UserDefaults.bundle[0m
Build	Fastlane Build & Archive	2026-07-20T11:22:05.0071010Z [11:22:04]: ▸ [35m[[36mGoogleUtilities_GoogleUtilities-NSData[0m] [1mRegisterExecutionPolicyException[0m GoogleUtilities_GoogleUtilities-NSData.bundle[0m
Build	Fastlane Build & Archive	2026-07-20T11:22:05.0071930Z [11:22:04]: ▸ [35m[[36mGoogleUtilities_GoogleUtilities-NSData[0m] [1mTouching[0m GoogleUtilities_GoogleUtilities-NSData.bundle[0m
Build	Fastlane Build & Archive	2026-07-20T11:22:05.0072840Z [11:22:04]: ▸ [35m[[36mGoogleUtilities_GoogleUtilities-Logger[0m] [1mRegisterExecutionPolicyException[0m GoogleUtilities_GoogleUtilities-Logger.bundle[0m
Build	Fastlane Build & Archive	2026-07-20T11:22:05.0073630Z [11:22:04]: ▸ [35m[[36mGoogleUtilities-NSData[0m] [1mLinking[0m GoogleUtilities-NSData.o[0m
Build	Fastlane Build & Archive	2026-07-20T11:22:05.0074350Z [11:22:04]: ▸ [35m[[36mGoogleUtilities_GoogleUtilities-Logger[0m] [1mTouching[0m GoogleUtilities_GoogleUtilities-Logger.bundle[0m
Build	Fastlane Build & Archive	2026-07-20T11:22:05.0075390Z [11:22:04]: ▸ [35m[[36mGoogleUtilities_GoogleUtilities-Environment[0m] [1mRegisterExecutionPolicyException[0m GoogleUtilities_GoogleUtilities-Environment.bundle[0m
Build	Fastlane Build & Archive	2026-07-20T11:22:05.0076350Z [11:22:04]: ▸ [35m[[36mGoogleUtilities_GoogleUtilities-Environment[0m] [1mTouching[0m GoogleUtilities_GoogleUtilities-Environment.bundle[0m
Build	Fastlane Build & Archive	2026-07-20T11:22:05.0077120Z [11:22:04]: ▸ [35m[[36mGoogleUtilities-Environment[0m] [1mLinking[0m GoogleUtilities-Environment.o[0m
Build	Fastlane Build & Archive	2026-07-20T11:22:05.0077840Z [11:22:04]: ▸ [35m[[36mGoogleUtilities-NSData[0m] [1mRegisterExecutionPolicyException[0m GoogleUtilities-NSData.o[0m
Build	Fastlane Build & Archive	2026-07-20T11:22:05.0078640Z [11:22:04]: ▸ [35m[[36mGoogleUtilities-Environment[0m] [1mRegisterExecutionPolicyException[0m GoogleUtilities-Environment.o[0m
Build	Fastlane Build & Archive	2026-07-20T11:22:05.0079370Z [11:22:04]: ▸ [35m[[36mGoogleUtilities-Logger[0m] [1mLinking[0m GoogleUtilities-Logger.o[0m
Build	Fastlane Build & Archive	2026-07-20T11:22:05.0080200Z [11:22:04]: ▸ [35m[[36mGoogleDataTransport_GoogleDataTransport[0m] [1mRegisterExecutionPolicyException[0m GoogleDataTransport_GoogleDataTransport.bundle[0m
Build	Fastlane Build & Archive	2026-07-20T11:22:05.0081190Z [11:22:04]: ▸ [35m[[36mGoogleDataTransport_GoogleDataTransport[0m] [1mTouching[0m GoogleDataTransport_GoogleDataTransport.bundle[0m
Build	Fastlane Build & Archive	2026-07-20T11:22:05.0081980Z [11:22:04]: ▸ [35m[[36mGoogleUtilities-Logger[0m] [1mRegisterExecutionPolicyException[0m GoogleUtilities-Logger.o[0m
Build	Fastlane Build & Archive	2026-07-20T11:22:05.0082690Z [11:22:04]: ▸ [35m[[36mGoogleUtilities-UserDefaults[0m] [1mLinking[0m GoogleUtilities-UserDefaults.o[0m
Build	Fastlane Build & Archive	2026-07-20T11:22:05.0083390Z [11:22:04]: ▸ [35m[[36mFirebase_FirebaseCrashlytics[0m] [1mProcessing[0m empty-Firebase_FirebaseCrashlytics.plist[0m
Build	Fastlane Build & Archive	2026-07-20T11:22:05.0084570Z [11:22:04]: ▸ [35m[[36mFirebase_FirebaseCrashlytics[0m] [1mCopying[0m PrivacyInfo.xcprivacy[0m
Build	Fastlane Build & Archive	2026-07-20T11:22:05.0085380Z [11:22:04]: ▸ [35m[[36mFirebase_FirebaseCoreInternal[0m] [1mProcessing[0m empty-Firebase_FirebaseCoreInternal.plist[0m
Build	Fastlane Build & Archive	2026-07-20T11:22:05.0086060Z [11:22:04]: ▸ [35m[[36mFirebase_FirebaseCoreInternal[0m] [1mCopying[0m PrivacyInfo.xcprivacy[0m
Build	Fastlane Build & Archive	2026-07-20T11:22:05.0086780Z [11:22:04]: ▸ [35m[[36mGoogleUtilities-UserDefaults[0m] [1mRegisterExecutionPolicyException[0m GoogleUtilities-UserDefaults.o[0m
Build	Fastlane Build & Archive	2026-07-20T11:22:05.0087650Z [11:22:04]: ▸ [35m[[36mFirebase_FirebaseInstallations[0m] [1mRegisterExecutionPolicyException[0m Firebase_FirebaseInstallations.bundle[0m
Build	Fastlane Build & Archive	2026-07-20T11:22:05.0088440Z [11:22:04]: ▸ [35m[[36mFirebase_FirebaseInstallations[0m] [1mTouching[0m Firebase_FirebaseInstallations.bundle[0m
Build	Fastlane Build & Archive	2026-07-20T11:22:05.0089240Z [11:22:04]: ▸ [35m[[36mFirebase_FirebaseCrashlytics[0m] [1mRegisterExecutionPolicyException[0m Firebase_FirebaseCrashlytics.bundle[0m
Build	Fastlane Build & Archive	2026-07-20T11:22:05.0090010Z [11:22:04]: ▸ [35m[[36mFirebase_FirebaseCrashlytics[0m] [1mTouching[0m Firebase_FirebaseCrashlytics.bundle[0m
Build	Fastlane Build & Archive	2026-07-20T11:22:05.0090800Z [11:22:04]: ▸ [35m[[36mFirebase_FirebaseCoreInternal[0m] [1mRegisterExecutionPolicyException[0m Firebase_FirebaseCoreInternal.bundle[0m
Build	Fastlane Build & Archive	2026-07-20T11:22:05.0091580Z [11:22:04]: ▸ [35m[[36mFirebase_FirebaseCoreInternal[0m] [1mTouching[0m Firebase_FirebaseCoreInternal.bundle[0m
Build	Fastlane Build & Archive	2026-07-20T11:22:05.0092250Z [11:22:04]: ▸ [35m[[36mFirebase_FirebaseCore[0m] [1mProcessing[0m empty-Firebase_FirebaseCore.plist[0m
Build	Fastlane Build & Archive	2026-07-20T11:22:05.0092850Z [11:22:04]: ▸ [35m[[36mFirebase_FirebaseCore[0m] [1mCopying[0m PrivacyInfo.xcprivacy[0m
Build	Fastlane Build & Archive	2026-07-20T11:22:05.0093690Z [11:22:04]: ▸ [35m[[36mFirebase_FirebaseCoreExtension[0m] [1mRegisterExecutionPolicyException[0m Firebase_FirebaseCoreExtension.bundle[0m
Build	Fastlane Build & Archive	2026-07-20T11:22:05.0094620Z [11:22:04]: ▸ [35m[[36mFirebase_FirebaseCoreExtension[0m] [1mTouching[0m Firebase_FirebaseCoreExtension.bundle[0m
Build	Fastlane Build & Archive	2026-07-20T11:22:05.0095490Z [11:22:04]: ▸ [35m[[36mFirebaseRemoteConfigInterop[0m] [1mCopy[0m arm64-apple-ios.swiftmodule -> FirebaseRemoteConfigInterop.swiftmodule[0m
Build	Fastlane Build & Archive	2026-07-20T11:22:05.0096450Z [11:22:04]: ▸ [35m[[36mFirebaseRemoteConfigInterop[0m] [1mCopy[0m arm64-apple-ios.swiftdoc -> FirebaseRemoteConfigInterop.swiftdoc[0m
Build	Fastlane Build & Archive	2026-07-20T11:22:05.0098060Z [11:22:04]: ▸ [35m[[36mFirebaseRemoteConfigInterop[0m] [1mCopy[0m arm64-apple-ios.abi.json -> FirebaseRemoteConfigInterop.abi.json[0m
Build	Fastlane Build & Archive	2026-07-20T11:22:05.0099010Z [11:22:04]: ▸ [35m[[36mFirebaseCoreInternal[0m] [1mCopy[0m arm64-apple-ios.swiftmodule -> FirebaseCoreInternal.swiftmodule[0m
Build	Fastlane Build & Archive	2026-07-20T11:22:05.0099830Z [11:22:04]: ▸ [35m[[36mFirebaseCoreInternal[0m] [1mCopy[0m arm64-apple-ios.swiftdoc -> FirebaseCoreInternal.swiftdoc[0m
Build	Fastlane Build & Archive	2026-07-20T11:22:05.0100640Z [11:22:04]: ▸ [35m[[36mFirebaseCoreInternal[0m] [1mCopy[0m arm64-apple-ios.abi.json -> FirebaseCoreInternal.abi.json[0m
Build	Fastlane Build & Archive	2026-07-20T11:22:05.0101400Z [11:22:04]: ▸ [35m[[36mFirebaseRemoteConfigInterop[0m] [1mLinking[0m FirebaseRemoteConfigInterop.o[0m
Build	Fastlane Build & Archive	2026-07-20T11:22:05.0102060Z [11:22:04]: ▸ [35m[[36mFirebaseCoreInternal[0m] [1mLinking[0m FirebaseCoreInternal.o[0m
Build	Fastlane Build & Archive	2026-07-20T11:22:17.2172840Z [11:22:17]: ▸ [35m[[36mKituraContracts[0m] [1mCopy[0m arm64-apple-ios.swiftmodule -> KituraContracts.swiftmodule[0m
Build	Fastlane Build & Archive	2026-07-20T11:22:17.2305470Z [11:22:17]: ▸ [35m[[36mKituraContracts[0m] [1mCopy[0m arm64-apple-ios.swiftdoc -> KituraContracts.swiftdoc[0m
Build	Fastlane Build & Archive	2026-07-20T11:22:17.2465920Z [11:22:17]: ▸ [35m[[36mKituraContracts[0m] [1mCopy[0m arm64-apple-ios.abi.json -> KituraContracts.abi.json[0m
Build	Fastlane Build & Archive	2026-07-20T11:22:17.2568430Z [11:22:17]: ▸ [35m[[36mCryptorRSA[0m] [1mCopy[0m arm64-apple-ios.swiftmodule -> CryptorRSA.swiftmodule[0m
Build	Fastlane Build & Archive	2026-07-20T11:22:17.2671000Z [11:22:17]: ▸ [35m[[36mCryptorRSA[0m] [1mCopy[0m arm64-apple-ios.swiftdoc -> CryptorRSA.swiftdoc[0m
Build	Fastlane Build & Archive	2026-07-20T11:22:17.2788700Z [11:22:17]: ▸ [35m[[36mCryptorRSA[0m] [1mCopy[0m arm64-apple-ios.abi.json -> CryptorRSA.abi.json[0m
Build	Fastlane Build & Archive	2026-07-20T11:22:17.2891300Z [11:22:17]: ▸ [35m[[36mCryptorECC[0m] [1mCopy[0m arm64-apple-ios.swiftmodule -> CryptorECC.swiftmodule[0m
Build	Fastlane Build & Archive	2026-07-20T11:22:17.2994100Z [11:22:17]: ▸ [35m[[36mCryptorECC[0m] [1mCopy[0m arm64-apple-ios.swiftdoc -> CryptorECC.swiftdoc[0m
Build	Fastlane Build & Archive	2026-07-20T11:22:17.3097110Z [11:22:17]: ▸ [35m[[36mCryptorECC[0m] [1mCopy[0m arm64-apple-ios.abi.json -> CryptorECC.abi.json[0m
Build	Fastlane Build & Archive	2026-07-20T11:22:17.3200220Z [11:22:17]: ▸ [35m[[36mCryptor[0m] [1mCopy[0m arm64-apple-ios.swiftmodule -> Cryptor.swiftmodule[0m
Build	Fastlane Build & Archive	2026-07-20T11:22:17.3323000Z [11:22:17]: ▸ [35m[[36mCryptor[0m] [1mCopy[0m arm64-apple-ios.swiftdoc -> Cryptor.swiftdoc[0m
Build	Fastlane Build & Archive	2026-07-20T11:22:17.3425160Z [11:22:17]: ▸ [35m[[36mCryptor[0m] [1mCopy[0m arm64-apple-ios.abi.json -> Cryptor.abi.json[0m
Build	Fastlane Build & Archive	2026-07-20T11:22:17.3531700Z [11:22:17]: ▸ [35m[[36mFirebaseRemoteConfigInterop[0m] [1mExtract App Intents Metadata[0m
Build	Fastlane Build & Archive	2026-07-20T11:22:17.3634670Z [11:22:17]: ▸ [35m[[36mFirebaseCoreExtension[0m] [1mCompiling[0m resource_bundle_accessor.m[0m
Build	Fastlane Build & Archive	2026-07-20T11:22:17.3757110Z [11:22:17]: ▸ [35m[[36mFirebaseCoreExtension[0m] [1mCompiling[0m dummy.m[0m
Build	Fastlane Build & Archive	2026-07-20T11:22:17.3859160Z [11:22:17]: ▸ [35m[[36mFirebaseCoreExtension[0m] [1mLinking[0m FirebaseCoreExtension.o[0m
Build	Fastlane Build & Archive	2026-07-20T11:22:17.3969750Z [11:22:17]: ▸ [35m[[36mFirebase[0m] [1mCompiling[0m dummy.m[0m
Build	Fastlane Build & Archive	2026-07-20T11:22:17.4071870Z [11:22:17]: ▸ [35m[[36mFirebase[0m] [1mLinking[0m Firebase.o[0m
Build	Fastlane Build & Archive	2026-07-20T11:22:17.4174440Z [11:22:17]: ▸ [35m[[36mFBLPromises[0m] [1mCompiling[0m resource_bundle_accessor.m[0m
Build	Fastlane Build & Archive	2026-07-20T11:22:17.4275730Z [11:22:17]: ▸ [35m[[36mFBLPromises[0m] [1mCompiling[0m FBLPromiseError.m[0m
Build	Fastlane Build & Archive	2026-07-20T11:22:17.4416300Z [11:22:17]: ▸ [35m[[36mFBLPromises[0m] [1mCompiling[0m FBLPromise.m[0m
Build	Fastlane Build & Archive	2026-07-20T11:22:17.4537190Z [11:22:17]: ▸ [35m[[36mFBLPromises[0m] [1mCompiling[0m FBLPromise+Wrap.m[0m
Build	Fastlane Build & Archive	2026-07-20T11:22:17.4639790Z [11:22:17]: ▸ [35m[[36mFBLPromises[0m] [1mCompiling[0m FBLPromise+Validate.m[0m
Build	Fastlane Build & Archive	2026-07-20T11:22:17.4755610Z [11:22:17]: ▸ [35m[[36mFBLPromises[0m] [1mCompiling[0m FBLPromise+Timeout.m[0m
Build	Fastlane Build & Archive	2026-07-20T11:22:17.4865780Z [11:22:17]: ▸ [35m[[36mFBLPromises[0m] [1mCompiling[0m FBLPromise+Then.m[0m
Build	Fastlane Build & Archive	2026-07-20T11:22:17.4967920Z [11:22:17]: ▸ [35m[[36mFBLPromises[0m] [1mCompiling[0m FBLPromise+Testing.m[0m
Build	Fastlane Build & Archive	2026-07-20T11:22:17.5070720Z [11:22:17]: ▸ [35m[[36mFBLPromises[0m] [1mCompiling[0m FBLPromise+Retry.m[0m
Build	Fastlane Build & Archive	2026-07-20T11:22:17.5173090Z [11:22:17]: ▸ [35m[[36mFBLPromises[0m] [1mCompiling[0m FBLPromise+Reduce.m[0m
Build	Fastlane Build & Archive	2026-07-20T11:22:17.5281850Z [11:22:17]: ▸ [35m[[36mFBLPromises[0m] [1mCompiling[0m FBLPromise+Recover.m[0m
Build	Fastlane Build & Archive	2026-07-20T11:22:17.5383390Z [11:22:17]: ▸ [35m[[36mFBLPromises[0m] [1mCompiling[0m FBLPromise+Race.m[0m
Build	Fastlane Build & Archive	2026-07-20T11:22:17.5485010Z [11:22:17]: ▸ [35m[[36mFBLPromises[0m] [1mCompiling[0m FBLPromise+Do.m[0m
Build	Fastlane Build & Archive	2026-07-20T11:22:17.5588680Z [11:22:17]: ▸ [35m[[36mFBLPromises[0m] [1mCompiling[0m FBLPromise+Delay.m[0m
Build	Fastlane Build & Archive	2026-07-20T11:22:17.5690770Z [11:22:17]: ▸ [35m[[36mFBLPromises[0m] [1mCompiling[0m FBLPromise+Catch.m[0m
Build	Fastlane Build & Archive	2026-07-20T11:22:17.5793470Z [11:22:17]: ▸ [35m[[36mFBLPromises[0m] [1mCompiling[0m FBLPromise+Await.m[0m
Build	Fastlane Build & Archive	2026-07-20T11:22:17.5895880Z [11:22:17]: ▸ [35m[[36mFBLPromises[0m] [1mCompiling[0m FBLPromise+Async.m[0m
Build	Fastlane Build & Archive	2026-07-20T11:22:17.5997250Z [11:22:17]: ▸ [35m[[36mFBLPromises[0m] [1mCompiling[0m FBLPromise+Any.m[0m
Build	Fastlane Build & Archive	2026-07-20T11:22:17.6098780Z [11:22:17]: ▸ [35m[[36mFBLPromises[0m] [1mCompiling[0m FBLPromise+Always.m[0m
Build	Fastlane Build & Archive	2026-07-20T11:22:17.6239820Z [11:22:17]: ▸ [35m[[36mFBLPromises[0m] [1mCompiling[0m FBLPromise+All.m[0m
Build	Fastlane Build & Archive	2026-07-20T11:22:17.6241560Z [11:22:17]: ▸ [35m[[36mFBLPromises[0m] [1mLinking[0m FBLPromises.o[0m
Build	Fastlane Build & Archive	2026-07-20T11:22:17.6348240Z [11:22:17]: ▸ [35m[[36mCryptoSwift_CryptoSwift[0m] [1mProcessing[0m empty-CryptoSwift_CryptoSwift.plist[0m
Build	Fastlane Build & Archive	2026-07-20T11:22:17.6455820Z [11:22:17]: ▸ [35m[[36mCryptoSwift_CryptoSwift[0m] [1mCopying[0m PrivacyInfo.xcprivacy[0m
Build	Fastlane Build & Archive	2026-07-20T11:22:17.6565170Z [11:22:17]: ▸ [35m[[36mKituraContracts[0m] [1mLinking[0m KituraContracts.o[0m
Build	Fastlane Build & Archive	2026-07-20T11:22:17.6696470Z [11:22:17]: ▸ [35m[[36mFirebaseCoreInternal[0m] [1mExtract App Intents Metadata[0m
Build	Fastlane Build & Archive	2026-07-20T11:22:17.6796520Z [11:22:17]: ▸ [35m[[36mKituraContracts[0m] [1mExtract App Intents Metadata[0m
Build	Fastlane Build & Archive	2026-07-20T11:22:17.6905540Z [11:22:17]: ▸ [35m[[36mCryptorRSA[0m] [1mLinking[0m CryptorRSA.o[0m
Build	Fastlane Build & Archive	2026-07-20T11:22:17.7018440Z [11:22:17]: ▸ [35m[[36mSwiftJWT[0m] [1mCopy[0m arm64-apple-ios.swiftmodule -> SwiftJWT.swiftmodule[0m
Build	Fastlane Build & Archive	2026-07-20T11:22:17.7146320Z [11:22:17]: ▸ [35m[[36mSwiftJWT[0m] [1mCopy[0m arm64-apple-ios.swiftdoc -> SwiftJWT.swiftdoc[0m
Build	Fastlane Build & Archive	2026-07-20T11:22:17.7260900Z [11:22:17]: ▸ [35m[[36mSwiftJWT[0m] [1mCopy[0m arm64-apple-ios.abi.json -> SwiftJWT.abi.json[0m
Build	Fastlane Build & Archive	2026-07-20T11:22:17.7367470Z [11:22:17]: ▸ [35m[[36mCryptorECC[0m] [1mLinking[0m CryptorECC.o[0m
Build	Fastlane Build & Archive	2026-07-20T11:22:17.7482240Z [11:22:17]: ▸ [35m[[36mCryptor[0m] [1mLinking[0m Cryptor.o[0m
Build	Fastlane Build & Archive	2026-07-20T11:22:17.7584870Z [11:22:17]: ▸ [35m[[36mCryptorRSA[0m] [1mExtract App Intents Metadata[0m
Build	Fastlane Build & Archive	2026-07-20T11:22:17.7687230Z [11:22:17]: ▸ [35m[[36mFirebase_FirebaseCore[0m] [1mRegisterExecutionPolicyException[0m Firebase_FirebaseCore.bundle[0m
Build	Fastlane Build & Archive	2026-07-20T11:22:17.7788910Z [11:22:17]: ▸ [35m[[36mFirebase_FirebaseCore[0m] [1mTouching[0m Firebase_FirebaseCore.bundle[0m
Build	Fastlane Build & Archive	2026-07-20T11:22:17.7913230Z [11:22:17]: ▸ [35m[[36mLoopKit[0m] [1mCopy[0m arm64-apple-ios.swiftmodule -> LoopKit.swiftmodule[0m
Build	Fastlane Build & Archive	2026-07-20T11:22:17.8015710Z [11:22:17]: ▸ [35m[[36mLoopKit[0m] [1mCopy[0m arm64-apple-ios.swiftdoc -> LoopKit.swiftdoc[0m
Build	Fastlane Build & Archive	2026-07-20T11:22:17.8118610Z [11:22:17]: ▸ [35m[[36mLoopKit[0m] [1mCopy[0m arm64-apple-ios.abi.json -> LoopKit.abi.json[0m
Build	Fastlane Build & Archive	2026-07-20T11:22:17.8222090Z [11:22:17]: ▸ [35m[[36mFirebaseSessionsObjC[0m] [1mCompiling[0m sessions.nanopb.c[0m
Build	Fastlane Build & Archive	2026-07-20T11:22:17.8321580Z [11:22:17]: ▸ [35m[[36mLoopKit[0m] [1mCompiling[0m LoopKit_vers.c[0m
Build	Fastlane Build & Archive	2026-07-20T11:22:17.8340490Z [11:22:17]: ▸ [35m[[36mLoopKit[0m] [1mLinking[0m LoopKit[0m
Build	Fastlane Build & Archive	2026-07-20T11:22:17.8341140Z [11:22:17]: ▸ [35m[[36mLoopKit[0m] [1mGenerating[0m LoopKit.framework.dSYM[0m
Build	Fastlane Build & Archive	2026-07-20T11:22:17.8352800Z [11:22:17]: ▸ [35m[[36mFirebaseCrashlyticsSwift[0m] [1mCopy[0m arm64-apple-ios.swiftmodule -> FirebaseCrashlyticsSwift.swiftmodule[0m
Build	Fastlane Build & Archive	2026-07-20T11:22:17.8356460Z [11:22:17]: ▸ [35m[[36mFirebaseCrashlyticsSwift[0m] [1mCopy[0m arm64-apple-ios.swiftdoc -> FirebaseCrashlyticsSwift.swiftdoc[0m
Build	Fastlane Build & Archive	2026-07-20T11:22:17.8463310Z [11:22:17]: ▸ [35m[[36mFirebaseCrashlyticsSwift[0m] [1mCopy[0m arm64-apple-ios.abi.json -> FirebaseCrashlyticsSwift.abi.json[0m
Build	Fastlane Build & Archive	2026-07-20T11:22:17.8471430Z [11:22:17]: ▸ [35m[[36mCryptorECC[0m] [1mExtract App Intents Metadata[0m
Build	Fastlane Build & Archive	2026-07-20T11:22:17.8498790Z [11:22:17]: ▸ [35m[[36mCryptor[0m] [1mExtract App Intents Metadata[0m
Build	Fastlane Build & Archive	2026-07-20T11:22:17.8629380Z [11:22:17]: ▸ [35m[[36mLoopKit[0m] [1mExtract App Intents Metadata[0m
Build	Fastlane Build & Archive	2026-07-20T11:22:17.8740020Z [11:22:17]: ▸ [35m[[36mFirebaseSessionsObjC[0m] [1mCompiling[0m FIRSESNanoPBHelpers.m[0m
Build	Fastlane Build & Archive	2026-07-20T11:22:22.2944190Z [11:22:22]: ▸ [35m::warning file=/Users/runner/work/Trio/Trio/TidepoolService/TidepoolServiceKit/Extensions/TDatum.swift,line=59,col=1::extension declares a conformance of imported type 'TDatum' to imported protocol 'CustomDebugStringConvertible'; this will not behave correctly if the owners of 'TidepoolKit' introduce this conformance in the future[0m
Build	Fastlane Build & Archive	2026-07-20T11:22:22.3050610Z [11:22:22]: ▸ [35mextension TDatum: CustomDebugStringConvertible {[0m
Build	Fastlane Build & Archive	2026-07-20T11:22:22.3152410Z [11:22:22]: ▸ [35m^[0m
Build	Fastlane Build & Archive	2026-07-20T11:22:22.3309930Z [11:22:22]: ▸ [35m[[36mKituraContracts[0m] [1mRegisterExecutionPolicyException[0m KituraContracts.o[0m
Build	Fastlane Build & Archive	2026-07-20T11:22:22.3436400Z [11:22:22]: ▸ [35m[[36mFirebaseInstallations[0m] [1mCompiling[0m resource_bundle_accessor.m[0m
Build	Fastlane Build & Archive	2026-07-20T11:22:22.3539960Z [11:22:22]: ▸ [35m[[36mFirebaseInstallations[0m] [1mCompiling[0m FIRInstallationsStoredItem.m[0m
Build	Fastlane Build & Archive	2026-07-20T11:22:22.3644260Z [11:22:22]: ▸ [35m[[36mFirebaseInstallations[0m] [1mCompiling[0m FIRInstallationsStoredAuthToken.m[0m
Build	Fastlane Build & Archive	2026-07-20T11:22:22.3741900Z [11:22:22]: ▸ [35m[[36mCryptoSwift[0m] [1mCopy[0m arm64-apple-ios.swiftmodule -> CryptoSwift.swiftmodule[0m
Build	Fastlane Build & Archive	2026-07-20T11:22:22.3828620Z [11:22:22]: ▸ [35m[[36mCryptoSwift[0m] [1mCopy[0m arm64-apple-ios.swiftdoc -> CryptoSwift.swiftdoc[0m
Build	Fastlane Build & Archive	2026-07-20T11:22:22.3936170Z [11:22:22]: ▸ [35m[[36mCryptoSwift[0m] [1mCopy[0m arm64-apple-ios.abi.json -> CryptoSwift.abi.json[0m
Build	Fastlane Build & Archive	2026-07-20T11:22:22.4042280Z [11:22:22]: ▸ [35m[[36mFirebaseInstallations[0m] [1mCompiling[0m FIRInstallationsStore.m[0m
Build	Fastlane Build & Archive	2026-07-20T11:22:22.4101450Z [11:22:22]: ▸ [35m[[36mFirebaseInstallations[0m] [1mCompiling[0m FIRInstallationsSingleOperationPromiseCache.m[0m
Build	Fastlane Build & Archive	2026-07-20T11:22:22.4112420Z [11:22:22]: ▸ [35m[[36mFirebaseInstallations[0m] [1mCompiling[0m FIRInstallationsLogger.m[0m
Build	Fastlane Build & Archive	2026-07-20T11:22:22.4114420Z [11:22:22]: ▸ [35m[[36mFirebaseInstallations[0m] [1mCompiling[0m FIRInstallationsItem.m[0m
Build	Fastlane Build & Archive	2026-07-20T11:22:22.4115290Z [11:22:22]: ▸ [35m[[36mFirebaseInstallations[0m] [1mCompiling[0m FIRInstallationsItem+RegisterInstallationAPI.m[0m
Build	Fastlane Build & Archive	2026-07-20T11:22:22.4116680Z [11:22:22]: ▸ [35m[[36mFirebaseInstallations[0m] [1mCompiling[0m FIRInstallationsIIDTokenStore.m[0m
Build	Fastlane Build & Archive	2026-07-20T11:22:22.4117920Z [11:22:22]: ▸ [35m[[36mFirebaseInstallations[0m] [1mCompiling[0m FIRInstallationsIDController.m[0m
Build	Fastlane Build & Archive	2026-07-20T11:22:22.4118740Z [11:22:22]: ▸ [35m[[36mFirebaseInstallations[0m] [1mCompiling[0m FIRInstallationsIIDStore.m[0m
Build	Fastlane Build & Archive	2026-07-20T11:22:22.4120670Z [11:22:22]: ▸ [35m[[36mFirebaseInstallations[0m] [1mCompiling[0m FIRInstallationsHTTPError.m[0m
Build	Fastlane Build & Archive	2026-07-20T11:22:22.4266680Z [11:22:22]: ▸ [35m[[36mFirebaseInstallations[0m] [1mCompiling[0m FIRInstallationsErrorUtil.m[0m
Build	Fastlane Build & Archive	2026-07-20T11:22:22.4373820Z [11:22:22]: ▸ [35m[[36mFirebaseInstallations[0m] [1mCompiling[0m FIRInstallationsBackoffController.m[0m
Build	Fastlane Build & Archive	2026-07-20T11:22:22.4401890Z [11:22:22]: ▸ [35m[[36mFirebaseInstallations[0m] [1mCompiling[0m FIRInstallationsAuthTokenResult.m[0m
Build	Fastlane Build & Archive	2026-07-20T11:22:22.4510810Z [11:22:22]: ▸ [35m[[36mFirebaseInstallations[0m] [1mCompiling[0m FIRInstallationsAPIService.m[0m
Build	Fastlane Build & Archive	2026-07-20T11:22:22.4605600Z [11:22:22]: ▸ [35m[[36mFirebaseInstallations[0m] [1mCompiling[0m FIRInstallations.m[0m
Build	Fastlane Build & Archive	2026-07-20T11:22:22.4669030Z [11:22:22]: ▸ [35m[[36mFirebaseInstallations[0m] [1mCompiling[0m FIRCurrentDateProvider.m[0m
Build	Fastlane Build & Archive	2026-07-20T11:22:22.4670100Z [11:22:22]: ▸ [35m[[36mFirebaseSessions[0m] [1mCopy[0m arm64-apple-ios.swiftmodule -> FirebaseSessions.swiftmodule[0m
Build	Fastlane Build & Archive	2026-07-20T11:22:22.4671050Z [11:22:22]: ▸ [35m[[36mFirebaseSessions[0m] [1mCopy[0m arm64-apple-ios.swiftdoc -> FirebaseSessions.swiftdoc[0m
Build	Fastlane Build & Archive	2026-07-20T11:22:22.4671980Z [11:22:22]: ▸ [35m[[36mFirebaseSessions[0m] [1mCopy[0m arm64-apple-ios.abi.json -> FirebaseSessions.abi.json[0m
Build	Fastlane Build & Archive	2026-07-20T11:22:22.4676170Z [11:22:22]: ▸ [35m[[36mFirebaseRemoteConfigInterop[0m] [1mRegisterExecutionPolicyException[0m FirebaseRemoteConfigInterop.o[0m
Build	Fastlane Build & Archive	2026-07-20T11:22:31.8560840Z [11:22:31]: ▸ [35m[[36mTidepoolServiceKit[0m] [1mCopy[0m arm64-apple-ios.swiftmodule -> TidepoolServiceKit.swiftmodule[0m
Build	Fastlane Build & Archive	2026-07-20T11:22:31.8662760Z [11:22:31]: ▸ [35m[[36mTidepoolServiceKit[0m] [1mCopy[0m arm64-apple-ios.swiftdoc -> TidepoolServiceKit.swiftdoc[0m
Build	Fastlane Build & Archive	2026-07-20T11:22:31.8764410Z [11:22:31]: ▸ [35m[[36mTidepoolServiceKit[0m] [1mCopy[0m arm64-apple-ios.abi.json -> TidepoolServiceKit.abi.json[0m
Build	Fastlane Build & Archive	2026-07-20T11:22:31.8865130Z [11:22:31]: ▸ [35m[[36mShareClient[0m] [1mCopy[0m arm64-apple-ios.swiftmodule -> ShareClient.swiftmodule[0m
Build	Fastlane Build & Archive	2026-07-20T11:22:31.8974550Z [11:22:31]: ▸ [35m[[36mShareClient[0m] [1mCopy[0m arm64-apple-ios.swiftdoc -> ShareClient.swiftdoc[0m
Build	Fastlane Build & Archive	2026-07-20T11:22:31.8997660Z [11:22:31]: ▸ [35m[[36mShareClient[0m] [1mCopy[0m arm64-apple-ios.abi.json -> ShareClient.abi.json[0m
Build	Fastlane Build & Archive	2026-07-20T11:22:31.9151790Z [11:22:31]: ▸ [35m[[36mTidepoolServiceKit[0m] [1mCompiling[0m TidepoolServiceKit_vers.c[0m
Build	Fastlane Build & Archive	2026-07-20T11:22:31.9260120Z [11:22:31]: ▸ [35m[[36mShareClient[0m] [1mCompiling[0m ShareClient_vers.c[0m
Build	Fastlane Build & Archive	2026-07-20T11:22:31.9362800Z [11:22:31]: ▸ [35m[[36mFirebaseCore[0m] [1mCompiling[0m resource_bundle_accessor.m[0m
Build	Fastlane Build & Archive	2026-07-20T11:22:31.9466450Z [11:22:31]: ▸ [35m[[36mFirebaseCore[0m] [1mCompiling[0m FIRVersion.m[0m
Build	Fastlane Build & Archive	2026-07-20T11:22:31.9568550Z [11:22:31]: ▸ [35m[[36mFirebaseCore[0m] [1mCompiling[0m FIRTimestamp.m[0m
Build	Fastlane Build & Archive	2026-07-20T11:22:31.9697340Z [11:22:31]: ▸ [35m[[36mFirebaseCore[0m] [1mCompiling[0m FIROptions.m[0m
Build	Fastlane Build & Archive	2026-07-20T11:22:31.9698980Z [11:22:31]: ▸ [35m[[36mFirebaseCore[0m] [1mCompiling[0m FIRConfiguration.m[0m
Build	Fastlane Build & Archive	2026-07-20T11:22:31.9798850Z [11:22:31]: ▸ [35m[[36mFirebaseCore[0m] [1mCompiling[0m FIRComponentType.m[0m
Build	Fastlane Build & Archive	2026-07-20T11:22:31.9901450Z [11:22:31]: ▸ [35m[[36mFirebaseCore[0m] [1mCompiling[0m FIRComponentContainer.m[0m
Build	Fastlane Build & Archive	2026-07-20T11:22:31.9990900Z [11:22:31]: ▸ [35m[[36mFirebaseCore[0m] [1mCompiling[0m FIRComponent.m[0m
Build	Fastlane Build & Archive	2026-07-20T11:22:31.9991580Z [11:22:31]: ▸ [35m[[36mFirebaseCore[0m] [1mCompiling[0m FIRAnalyticsConfiguration.m[0m
Build	Fastlane Build & Archive	2026-07-20T11:22:31.9992220Z [11:22:31]: ▸ [35m[[36mFirebaseCore[0m] [1mCompiling[0m FIRFirebaseUserAgent.m[0m
Build	Fastlane Build & Archive	2026-07-20T11:22:31.9992820Z [11:22:31]: ▸ [35m[[36mFirebaseCore[0m] [1mCompiling[0m FIRBundleUtil.m[0m
Build	Fastlane Build & Archive	2026-07-20T11:22:31.9993380Z [11:22:31]: ▸ [35m[[36mFirebaseCore[0m] [1mCompiling[0m FIRLogger.m[0m
Build	Fastlane Build & Archive	2026-07-20T11:22:31.9993990Z [11:22:31]: ▸ [35m[[36mFirebaseCore[0m] [1mCompiling[0m FIRHeartbeatLogger.m[0m
Build	Fastlane Build & Archive	2026-07-20T11:22:31.9994550Z [11:22:31]: ▸ [35m[[36mFirebaseCore[0m] [1mCompiling[0m FIRApp.m[0m
Build	Fastlane Build & Archive	2026-07-20T11:22:31.9995160Z [11:22:31]: ▸ [35m[[36mLoopKitUI[0m] [1mGenerate Asset Symbols[0m Assets.xcassets[0m
Build	Fastlane Build & Archive	2026-07-20T11:22:34.1864050Z [11:22:34]: ▸ [35m/Users/runner/Library/Developer/Xcode/DerivedData/Trio-bovmnxebschsylahdeysnjjqdcte/Build/Intermediates.noindex/ArchiveIntermediates/Trio/IntermediateBuildFilesPath/LoopKit.build/Release-iphoneos/LoopKitUI.build/DerivedSources/GeneratedAssetSymbols.swift:121:14: warning: The "vial_color" image asset name resolves to the symbol "vial" which already exists. Try renaming the asset.[0m
Build	Fastlane Build & Archive	2026-07-20T11:22:34.1965920Z [11:22:34]: ▸ [35m    #warning("The \"vial_color\" image asset name resolves to the symbol \"vial\" which already exists. Try renaming the asset.")[0m
Build	Fastlane Build & Archive	2026-07-20T11:22:34.2067820Z [11:22:34]: ▸ [35m             ^~~~~~~~~~~~~~~~~~~~~~~~~~~~~~~~~~~~~~~~~~~~~~~~~~~~~~~~~~~~~~~~~~~~~~~~~~~~~~~~~~~~~~~~~~~~~~~~~~~~~~~~~~~~~~~~~~~[0m
Build	Fastlane Build & Archive	2026-07-20T11:22:46.0070270Z [11:22:46]: ▸ [35m[[36mLoopTestingKit[0m] [1mCopy[0m arm64-apple-ios.swiftmodule -> LoopTestingKit.swiftmodule[0m
Build	Fastlane Build & Archive	2026-07-20T11:22:46.0175930Z [11:22:46]: ▸ [35m[[36mRileyLinkBLEKit[0m] [1mCopy[0m arm64-apple-ios.swiftmodule -> RileyLinkBLEKit.swiftmodule[0m
Build	Fastlane Build & Archive	2026-07-20T11:22:46.0285680Z [11:22:46]: ▸ [35m[[36mRileyLinkBLEKit[0m] [1mCopy[0m arm64-apple-ios.swiftdoc -> RileyLinkBLEKit.swiftdoc[0m
Build	Fastlane Build & Archive	2026-07-20T11:22:46.0376750Z [11:22:46]: ▸ [35m[[36mRileyLinkBLEKit[0m] [1mCopy[0m arm64-apple-ios.abi.json -> RileyLinkBLEKit.abi.json[0m
Build	Fastlane Build & Archive	2026-07-20T11:22:46.0381750Z [11:22:46]: ▸ [35m[[36mLoopTestingKit[0m] [1mCopy[0m arm64-apple-ios.swiftdoc -> LoopTestingKit.swiftdoc[0m
Build	Fastlane Build & Archive	2026-07-20T11:22:46.0387320Z [11:22:46]: ▸ [35m[[36mLoopTestingKit[0m] [1mCopy[0m arm64-apple-ios.abi.json -> LoopTestingKit.abi.json[0m
Build	Fastlane Build & Archive	2026-07-20T11:22:46.0389700Z [11:22:46]: ▸ [35m[[36mRileyLinkBLEKit[0m] [1mCompiling[0m RileyLinkBLEKit_vers.c[0m
Build	Fastlane Build & Archive	2026-07-20T11:22:46.0405610Z [11:22:46]: ▸ [35m[[36mLoopTestingKit[0m] [1mCompiling[0m LoopTestingKit_vers.c[0m
Build	Fastlane Build & Archive	2026-07-20T11:22:46.0414730Z [11:22:46]: ▸ [35m::warning file=/Users/runner/Library/Developer/Xcode/DerivedData/Trio-bovmnxebschsylahdeysnjjqdcte/Build/Intermediates.noindex/ArchiveIntermediates/Trio/IntermediateBuildFilesPath/LoopKit.build/Release-iphoneos/LoopKitUI.build/DerivedSources/GeneratedAssetSymbols.swift,line=121,col=14::The "vial_color" image asset name resolves to the symbol "vial" which already exists. Try renaming the asset.[0m
Build	Fastlane Build & Archive	2026-07-20T11:22:46.0526850Z [11:22:46]: ▸ [35m    #warning("The \"vial_color\" image asset name resolves to the symbol \"vial\" which already exists. Try renaming the asset.")[0m
Build	Fastlane Build & Archive	2026-07-20T11:22:46.0527980Z [11:22:46]: ▸ [35m             ^~~~~~~~~~~~~~~~~~~~~~~~~~~~~~~~~~~~~~~~~~~~~~~~~~~~~~~~~~~~~~~~~~~~~~~~~~~~~~~~~~~~~~~~~~~~~~~~~~~~~~~~~~~~~~~~~~~ (in target 'LoopKitUI' from project 'LoopKit')[0m
Build	Fastlane Build & Archive	2026-07-20T11:22:46.0550390Z [11:22:46]: ▸ [35m[[36mFirebaseCoreInternal[0m] [1mRegisterExecutionPolicyException[0m FirebaseCoreInternal.o[0m
Build	Fastlane Build & Archive	2026-07-20T11:22:46.0551540Z [11:22:46]: ▸ [35m[[36mFirebaseCrashlyticsSwift[0m] [1mLinking[0m FirebaseCrashlyticsSwift.o[0m
Build	Fastlane Build & Archive	2026-07-20T11:23:26.7734550Z [11:23:26]: ▸ [35m::warning file=/Users/runner/Library/Developer/Xcode/DerivedData/Trio-bovmnxebschsylahdeysnjjqdcte/Build/Intermediates.noindex/ArchiveIntermediates/Trio/IntermediateBuildFilesPath/LoopKit.build/Release-iphoneos/LoopKitUI.build/DerivedSources/GeneratedAssetSymbols.swift,line=121,col=14::The "vial_color" image asset name resolves to the symbol "vial" which already exists. Try renaming the asset.[0m
Build	Fastlane Build & Archive	2026-07-20T11:23:26.7743350Z [11:23:26]: ▸ [35m    #warning("The \"vial_color\" image asset name resolves to the symbol \"vial\" which already exists. Try renaming the asset.")[0m
Build	Fastlane Build & Archive	2026-07-20T11:23:26.7794240Z [11:23:26]: ▸ [35m             ^~~~~~~~~~~~~~~~~~~~~~~~~~~~~~~~~~~~~~~~~~~~~~~~~~~~~~~~~~~~~~~~~~~~~~~~~~~~~~~~~~~~~~~~~~~~~~~~~~~~~~~~~~~~~~~~~~~[0m
Build	Fastlane Build & Archive	2026-07-20T11:23:26.7799860Z [11:23:26]: ▸ [35m::warning file=/Users/runner/work/Trio/Trio/LoopKit/LoopKitUI/Views/GuardrailConstrainedQuantityRangeView.swift,line=51,col=10::'animation' was deprecated in iOS 15.0: Use withAnimation or animation(_:value:) instead.[0m
Build	Fastlane Build & Archive	2026-07-20T11:23:26.7805460Z [11:23:26]: ▸ [35m        .animation(forceDisableAnimations || isEditing || !hasAppeared ? nil : .default)[0m
Build	Fastlane Build & Archive	2026-07-20T11:23:26.7808040Z [11:23:26]: ▸ [35m         ^[0m
Build	Fastlane Build & Archive	2026-07-20T11:23:26.7811550Z [11:23:26]: ▸ [35m::warning file=/Users/runner/work/Trio/Trio/LoopKit/LoopKitUI/Views/GuardrailConstraintedQuantityView.swift,line=78,col=10::'animation' was deprecated in iOS 15.0: Use withAnimation or animation(_:value:) instead.[0m
Build	Fastlane Build & Archive	2026-07-20T11:23:26.7814810Z [11:23:26]: ▸ [35m        .animation(animation)[0m
Build	Fastlane Build & Archive	2026-07-20T11:23:26.7816110Z [11:23:26]: ▸ [35m         ^[0m
Build	Fastlane Build & Archive	2026-07-20T11:23:26.7819270Z [11:23:26]: ▸ [35m::warning file=/Users/runner/work/Trio/Trio/LoopKit/LoopKitUI/Views/SetupButton.swift,line=33,col=9::'contentEdgeInsets' was deprecated in iOS 15.0: This property is ignored when using UIButtonConfiguration[0m
Build	Fastlane Build & Archive	2026-07-20T11:23:26.7863530Z [11:23:26]: ▸ [35m        contentEdgeInsets.top = 14[0m
Build	Fastlane Build & Archive	2026-07-20T11:23:26.7864100Z [11:23:26]: ▸ [35m        ^[0m
Build	Fastlane Build & Archive	2026-07-20T11:23:26.7865320Z [11:23:26]: ▸ [35m::warning file=/Users/runner/work/Trio/Trio/LoopKit/LoopKitUI/Views/SetupButton.swift,line=34,col=9::'contentEdgeInsets' was deprecated in iOS 15.0: This property is ignored when using UIButtonConfiguration[0m
Build	Fastlane Build & Archive	2026-07-20T11:23:26.7871890Z [11:23:26]: ▸ [35m        contentEdgeInsets.bottom = 14[0m
Build	Fastlane Build & Archive	2026-07-20T11:23:26.7872420Z [11:23:26]: ▸ [35m        ^[0m
Build	Fastlane Build & Archive	2026-07-20T11:23:26.7874050Z [11:23:26]: ▸ [35m::warning file=/Users/runner/work/Trio/Trio/LoopKit/LoopKitUI/View Controllers/EmojiInputController.swift,line=138,col=1::extension declares a conformance of imported type 'UIInputView' to imported protocol 'UIInputViewAudioFeedback'; this will not behave correctly if the owners of 'UIKit' introduce this conformance in the future[0m
Build	Fastlane Build & Archive	2026-07-20T11:23:26.7875720Z [11:23:26]: ▸ [35mextension UIInputView: UIInputViewAudioFeedback {[0m
Build	Fastlane Build & Archive	2026-07-20T11:23:26.7876230Z [11:23:26]: ▸ [35m^[0m
Build	Fastlane Build & Archive	2026-07-20T11:23:26.7877320Z [11:23:26]: ▸ [35m::warning file=/Users/runner/work/Trio/Trio/LoopKit/LoopKitUI/Views/ProgressIndicatorView.swift,line=83,col=22::'animation' was deprecated in iOS 15.0: Use withAnimation or animation(_:value:) instead.[0m
Build	Fastlane Build & Archive	2026-07-20T11:23:26.7878590Z [11:23:26]: ▸ [35m                    .animation(.linear(duration: self.duration))[0m
Build	Fastlane Build & Archive	2026-07-20T11:23:26.7879260Z [11:23:26]: ▸ [35m                     ^[0m
Build	Fastlane Build & Archive	2026-07-20T11:23:26.7880400Z [11:23:26]: ▸ [35m::warning file=/Users/runner/work/Trio/Trio/LoopKit/LoopKitUI/Views/ProgressIndicatorView.swift,line=91,col=18::'animation' was deprecated in iOS 15.0: Use withAnimation or animation(_:value:) instead.[0m
Build	Fastlane Build & Archive	2026-07-20T11:23:26.7881530Z [11:23:26]: ▸ [35m                .animation(.spring(dampingFraction: 0.5))[0m
Build	Fastlane Build & Archive	2026-07-20T11:23:26.7882050Z [11:23:26]: ▸ [35m                 ^[0m
Build	Fastlane Build & Archive	2026-07-20T11:23:26.7883160Z [11:23:26]: ▸ [35m::warning file=/Users/runner/work/Trio/Trio/LoopKit/LoopKitUI/Views/ProgressIndicatorView.swift,line=149,col=10::'animation' was deprecated in iOS 15.0: Use withAnimation or animation(_:value:) instead.[0m
Build	Fastlane Build & Archive	2026-07-20T11:23:26.7884250Z [11:23:26]: ▸ [35m        .animation(.default)[0m
Build	Fastlane Build & Archive	2026-07-20T11:23:26.7884720Z [11:23:26]: ▸ [35m         ^[0m
Build	Fastlane Build & Archive	2026-07-20T11:23:26.7885760Z [11:23:26]: ▸ [35m::warning file=/Users/runner/work/Trio/Trio/LoopKit/LoopKitUI/Views/DateAndDurationTableViewCell.swift,line=33,col=9::switch must be exhaustive[0m
Build	Fastlane Build & Archive	2026-07-20T11:23:26.7886680Z [11:23:26]: ▸ [35m        switch datePicker.datePickerMode {[0m
Build	Fastlane Build & Archive	2026-07-20T11:23:26.7887140Z [11:23:26]: ▸ [35m        ^[0m
Build	Fastlane Build & Archive	2026-07-20T11:23:26.7888310Z [11:23:26]: ▸ [35m::warning file=/Users/runner/work/Trio/Trio/LoopKit/LoopKitUI/Views/ProgressView.swift,line=29,col=22::'animation' was deprecated in iOS 15.0: Use withAnimation or animation(_:value:) instead.[0m
Build	Fastlane Build & Archive	2026-07-20T11:23:26.7893050Z [11:23:26]: ▸ [35m                    .animation(nil)[0m
Build	Fastlane Build & Archive	2026-07-20T11:23:26.7893690Z [11:23:26]: ▸ [35m                     ^[0m
Build	Fastlane Build & Archive	2026-07-20T11:23:26.7894790Z [11:23:26]: ▸ [35m::warning file=/Users/runner/work/Trio/Trio/LoopKit/LoopKitUI/Views/ProgressView.swift,line=49,col=18::'animation' was deprecated in iOS 15.0: Use withAnimation or animation(_:value:) instead.[0m
Build	Fastlane Build & Archive	2026-07-20T11:23:26.7895820Z [11:23:26]: ▸ [35m                .animation(.linear(duration: 2))[0m
Build	Fastlane Build & Archive	2026-07-20T11:23:26.7896330Z [11:23:26]: ▸ [35m                 ^[0m
Build	Fastlane Build & Archive	2026-07-20T11:23:26.7897390Z [11:23:26]: ▸ [35m::warning file=/Users/runner/work/Trio/Trio/LoopKit/LoopKitUI/Views/ProgressView.swift,line=52,col=18::'animation' was deprecated in iOS 15.0: Use withAnimation or animation(_:value:) instead.[0m
Build	Fastlane Build & Archive	2026-07-20T11:23:26.7898410Z [11:23:26]: ▸ [35m                .animation(.linear(duration: 0.2))[0m
Build	Fastlane Build & Archive	2026-07-20T11:23:26.7898920Z [11:23:26]: ▸ [35m                 ^[0m
Build	Fastlane Build & Archive	2026-07-20T11:23:26.7899970Z [11:23:26]: ▸ [35m::warning file=/Users/runner/work/Trio/Trio/LoopKit/LoopKitUI/Views/ProgressView.swift,line=58,col=10::'animation' was deprecated in iOS 15.0: Use withAnimation or animation(_:value:) instead.[0m
Build	Fastlane Build & Archive	2026-07-20T11:23:26.7902210Z [11:23:26]: ▸ [35m        .animation(.linear(duration: 0.2))[0m
Build	Fastlane Build & Archive	2026-07-20T11:23:26.7903060Z [11:23:26]: ▸ [35m         ^[0m
Build	Fastlane Build & Archive	2026-07-20T11:23:26.7904540Z [11:23:26]: ▸ [35m::warning file=/Users/runner/work/Trio/Trio/LoopKit/LoopKitUI/Extensions/ChartPoint.swift,line=119,col=1::extension declares a conformance of imported type 'ChartPoint' to imported protocol 'TimelineValue'; this will not behave correctly if the owners of 'SwiftCharts' introduce this conformance in the future[0m
Build	Fastlane Build & Archive	2026-07-20T11:23:26.7907580Z [11:23:26]: ▸ [35mextension ChartPoint: TimelineValue {[0m
Build	Fastlane Build & Archive	2026-07-20T11:23:26.7908850Z [11:23:26]: ▸ [35m^[0m
Build	Fastlane Build & Archive	2026-07-20T11:23:26.8970160Z [11:23:26]: ▸ [35m[[36mFirebaseCoreExtension[0m] [1mRegisterExecutionPolicyException[0m FirebaseCoreExtension.o[0m
Build	Fastlane Build & Archive	2026-07-20T11:23:26.9074000Z [11:23:26]: ▸ [35m[[36mAlgorithms[0m] [1mCopy[0m arm64-apple-ios.swiftmodule -> Algorithms.swiftmodule[0m
Build	Fastlane Build & Archive	2026-07-20T11:23:26.9082870Z [11:23:26]: ▸ [35m[[36mAlgorithms[0m] [1mCopy[0m arm64-apple-ios.swiftdoc -> Algorithms.swiftdoc[0m
Build	Fastlane Build & Archive	2026-07-20T11:23:26.9083980Z [11:23:26]: ▸ [35m[[36mAlgorithms[0m] [1mCopy[0m arm64-apple-ios.abi.json -> Algorithms.abi.json[0m
Build	Fastlane Build & Archive	2026-07-20T11:23:26.9199350Z [11:23:26]: ▸ [35m[[36mAlgorithms[0m] [1mLinking[0m Algorithms.o[0m
Build	Fastlane Build & Archive	2026-07-20T11:23:26.9301010Z [11:23:26]: ▸ [35m[[36mFirebaseCrashlyticsSwift[0m] [1mExtract App Intents Metadata[0m
Build	Fastlane Build & Archive	2026-07-20T11:23:26.9325550Z [11:23:26]: ▸ [35m[36;1mnote: [0mEmplaced /Users/runner/Library/Developer/Xcode/DerivedData/Trio-bovmnxebschsylahdeysnjjqdcte/Build/Intermediates.noindex/ArchiveIntermediates/Trio/IntermediateBuildFilesPath/UninstalledProducts/iphoneos/LoopKitUI.framework/Assets.car (in target 'LoopKitUI' from project 'LoopKit')[0m
Build	Fastlane Build & Archive	2026-07-20T11:23:26.9341280Z [11:23:26]: ▸ [35m[[36mLoopKit[0m] [1mRegisterExecutionPolicyException[0m LoopKit.framework[0m
Build	Fastlane Build & Archive	2026-07-20T11:23:26.9345290Z [11:23:26]: ▸ [35m[[36mLoopKit[0m] [1mTouching[0m LoopKit.framework[0m
Build	Fastlane Build & Archive	2026-07-20T11:23:26.9346280Z [11:23:26]: ▸ [35m[[36mFirebaseCrashlytics[0m] [1mCompiling[0m FIRCLSException.mm[0m
Build	Fastlane Build & Archive	2026-07-20T11:23:26.9349590Z [11:23:26]: ▸ [35m[[36mFirebaseCrashlytics[0m] [1mCompiling[0m FIRCLSDemangleOperation.mm[0m
Build	Fastlane Build & Archive	2026-07-20T11:23:26.9350450Z [11:23:26]: ▸ [35m[[36mTidepoolServiceKit[0m] [1mLinking[0m TidepoolServiceKit[0m
Build	Fastlane Build & Archive	2026-07-20T11:23:26.9351470Z [11:23:26]: ▸ [35m[[36mShareClient[0m] [1mLinking[0m ShareClient[0m
Build	Fastlane Build & Archive	2026-07-20T11:23:26.9355760Z [11:23:26]: ▸ [35m[[36mRileyLinkBLEKit[0m] [1mLinking[0m RileyLinkBLEKit[0m
Build	Fastlane Build & Archive	2026-07-20T11:23:26.9356450Z [11:23:26]: ▸ [35m[[36mLoopTestingKit[0m] [1mLinking[0m LoopTestingKit[0m
Build	Fastlane Build & Archive	2026-07-20T11:23:26.9357060Z [11:23:26]: ▸ [35m[[36mTidepoolServiceKit[0m] [1mProcessing[0m Info.plist[0m
Build	Fastlane Build & Archive	2026-07-20T11:23:26.9357790Z [11:23:26]: ▸ [35m[[36mTidepoolServiceKit[0m] [1mGenerating[0m TidepoolServiceKit.framework.dSYM[0m
Build	Fastlane Build & Archive	2026-07-20T11:23:26.9361180Z [11:23:26]: ▸ [35m[[36mFirebaseCrashlytics[0m] [1mCompiling[0m crashlytics.nanopb.c[0m
Build	Fastlane Build & Archive	2026-07-20T11:23:26.9362100Z [11:23:26]: ▸ [35m[[36mTidepoolServiceKit[0m] [1mCompile XCStrings[0m Localizable.xcstrings[0m
Build	Fastlane Build & Archive	2026-07-20T11:23:26.9362840Z [11:23:26]: ▸ [35m[[36mShareClient[0m] [1mProcessing[0m Info.plist[0m
Build	Fastlane Build & Archive	2026-07-20T11:23:26.9363510Z [11:23:26]: ▸ [35m[[36mShareClient[0m] [1mGenerating[0m ShareClient.framework.dSYM[0m
Build	Fastlane Build & Archive	2026-07-20T11:23:26.9365210Z [11:23:26]: ▸ [35m[[36mTidepoolServiceKit[0m] [1mCopying[0m Localizable.strings[0m
Build	Fastlane Build & Archive	2026-07-20T11:23:26.9366010Z [11:23:26]: ▸ [35m[[36mTidepoolServiceKit[0m] [1mCopying[0m Localizable.strings[0m
Build	Fastlane Build & Archive	2026-07-20T11:23:26.9366680Z [11:23:26]: ▸ [35m[[36mTidepoolServiceKit[0m] [1mCopying[0m Localizable.strings[0m
Build	Fastlane Build & Archive	2026-07-20T11:23:26.9367360Z [11:23:26]: ▸ [35m[[36mTidepoolServiceKit[0m] [1mCopying[0m Localizable.strings[0m
Build	Fastlane Build & Archive	2026-07-20T11:23:26.9368000Z [11:23:26]: ▸ [35m[[36mTidepoolServiceKit[0m] [1mCopying[0m Localizable.strings[0m
Build	Fastlane Build & Archive	2026-07-20T11:23:26.9369030Z [11:23:26]: ▸ [35m[[36mTidepoolServiceKit[0m] [1mCopying[0m Localizable.strings[0m
Build	Fastlane Build & Archive	2026-07-20T11:23:26.9371100Z [11:23:26]: ▸ [35m[[36mTidepoolServiceKit[0m] [1mCopying[0m Localizable.strings[0m
Build	Fastlane Build & Archive	2026-07-20T11:23:26.9372140Z [11:23:26]: ▸ [35m[[36mTidepoolServiceKit[0m] [1mCopying[0m Localizable.strings[0m
Build	Fastlane Build & Archive	2026-07-20T11:23:26.9372810Z [11:23:26]: ▸ [35m[[36mTidepoolServiceKit[0m] [1mCopying[0m Localizable.strings[0m
Build	Fastlane Build & Archive	2026-07-20T11:23:26.9501820Z [11:23:26]: ▸ [35m[[36mTidepoolServiceKit[0m] [1mCopying[0m Localizable.strings[0m
Build	Fastlane Build & Archive	2026-07-20T11:23:26.9616260Z [11:23:26]: ▸ [35m[[36mTidepoolServiceKit[0m] [1mCopying[0m Localizable.strings[0m
Build	Fastlane Build & Archive	2026-07-20T11:23:26.9737290Z [11:23:26]: ▸ [35m[[36mTidepoolServiceKit[0m] [1mCopying[0m Localizable.strings[0m
Build	Fastlane Build & Archive	2026-07-20T11:23:26.9845150Z [11:23:26]: ▸ [35m[[36mTidepoolServiceKit[0m] [1mCopying[0m Localizable.strings[0m
Build	Fastlane Build & Archive	2026-07-20T11:23:26.9959960Z [11:23:26]: ▸ [35m[[36mTidepoolServiceKit[0m] [1mCopying[0m Localizable.strings[0m
Build	Fastlane Build & Archive	2026-07-20T11:23:27.0085670Z [11:23:26]: ▸ [35m[[36mTidepoolServiceKit[0m] [1mCopying[0m Localizable.strings[0m
Build	Fastlane Build & Archive	2026-07-20T11:23:27.0201260Z [11:23:26]: ▸ [35m[[36mTidepoolServiceKit[0m] [1mCopying[0m Localizable.strings[0m
Build	Fastlane Build & Archive	2026-07-20T11:23:27.0323040Z [11:23:26]: ▸ [35m[[36mTidepoolServiceKit[0m] [1mCopying[0m Localizable.strings[0m
Build	Fastlane Build & Archive	2026-07-20T11:23:27.0343490Z [11:23:26]: ▸ [35m[[36mTidepoolServiceKit[0m] [1mCopying[0m Localizable.strings[0m
Build	Fastlane Build & Archive	2026-07-20T11:23:27.0366130Z [11:23:26]: ▸ [35m[[36mTidepoolServiceKit[0m] [1mCopying[0m Localizable.strings[0m
Build	Fastlane Build & Archive	2026-07-20T11:23:27.0367120Z [11:23:26]: ▸ [35m[[36mTidepoolServiceKit[0m] [1mCopying[0m Localizable.strings[0m
Build	Fastlane Build & Archive	2026-07-20T11:23:27.0367940Z [11:23:26]: ▸ [35m[[36mTidepoolServiceKit[0m] [1mCopying[0m Localizable.strings[0m
Build	Fastlane Build & Archive	2026-07-20T11:23:27.0368790Z [11:23:26]: ▸ [35m[[36mTidepoolServiceKit[0m] [1mCopying[0m Localizable.strings[0m
Build	Fastlane Build & Archive	2026-07-20T11:23:27.0369690Z [11:23:26]: ▸ [35m[[36mTidepoolServiceKit[0m] [1mCopying[0m Localizable.strings[0m
Build	Fastlane Build & Archive	2026-07-20T11:23:27.0370550Z [11:23:26]: ▸ [35m[[36mTidepoolServiceKit[0m] [1mCopying[0m Localizable.strings[0m
Build	Fastlane Build & Archive	2026-07-20T11:23:27.0371320Z [11:23:26]: ▸ [35m[[36mTidepoolServiceKit[0m] [1mCopying[0m Localizable.strings[0m
Build	Fastlane Build & Archive	2026-07-20T11:23:27.0372100Z [11:23:26]: ▸ [35m[[36mShareClient[0m] [1mCompile XCStrings[0m Localizable.xcstrings[0m
Build	Fastlane Build & Archive	2026-07-20T11:23:27.0372960Z [11:23:26]: ▸ [35m[[36mRileyLinkBLEKit[0m] [1mProcessing[0m Info.plist[0m
Build	Fastlane Build & Archive	2026-07-20T11:23:27.0373840Z [11:23:26]: ▸ [35m[[36mShareClient[0m] [1mCopying[0m Localizable.strings[0m
Build	Fastlane Build & Archive	2026-07-20T11:23:27.0374630Z [11:23:26]: ▸ [35m[[36mShareClient[0m] [1mCopying[0m Localizable.strings[0m
Build	Fastlane Build & Archive	2026-07-20T11:23:27.0375340Z [11:23:26]: ▸ [35m[[36mShareClient[0m] [1mCopying[0m Localizable.strings[0m
Build	Fastlane Build & Archive	2026-07-20T11:23:27.0376030Z [11:23:26]: ▸ [35m[[36mShareClient[0m] [1mCopying[0m Localizable.strings[0m
Build	Fastlane Build & Archive	2026-07-20T11:23:27.0376730Z [11:23:26]: ▸ [35m[[36mShareClient[0m] [1mCopying[0m Localizable.strings[0m
Build	Fastlane Build & Archive	2026-07-20T11:23:27.0377560Z [11:23:26]: ▸ [35m[[36mShareClient[0m] [1mCopying[0m Localizable.strings[0m
Build	Fastlane Build & Archive	2026-07-20T11:23:27.0378570Z [11:23:26]: ▸ [35m[[36mShareClient[0m] [1mCopying[0m Localizable.strings[0m
Build	Fastlane Build & Archive	2026-07-20T11:23:27.0379560Z [11:23:26]: ▸ [35m[[36mShareClient[0m] [1mCopying[0m Localizable.strings[0m
Build	Fastlane Build & Archive	2026-07-20T11:23:27.0380350Z [11:23:26]: ▸ [35m[[36mShareClient[0m] [1mCopying[0m Localizable.strings[0m
Build	Fastlane Build & Archive	2026-07-20T11:23:27.0381020Z [11:23:26]: ▸ [35m[[36mShareClient[0m] [1mCopying[0m Localizable.strings[0m
Build	Fastlane Build & Archive	2026-07-20T11:23:27.0381740Z [11:23:26]: ▸ [35m[[36mShareClient[0m] [1mCopying[0m Localizable.strings[0m
Build	Fastlane Build & Archive	2026-07-20T11:23:27.0382420Z [11:23:26]: ▸ [35m[[36mShareClient[0m] [1mCopying[0m Localizable.strings[0m
Build	Fastlane Build & Archive	2026-07-20T11:23:27.0383170Z [11:23:26]: ▸ [35m[[36mShareClient[0m] [1mCopying[0m Localizable.strings[0m
Build	Fastlane Build & Archive	2026-07-20T11:23:27.0534100Z [11:23:26]: ▸ [35m[[36mShareClient[0m] [1mCopying[0m Localizable.strings[0m
Build	Fastlane Build & Archive	2026-07-20T11:23:27.0637760Z [11:23:26]: ▸ [35m[[36mShareClient[0m] [1mCopying[0m Localizable.strings[0m
Build	Fastlane Build & Archive	2026-07-20T11:23:27.0767960Z [11:23:26]: ▸ [35m[[36mShareClient[0m] [1mCopying[0m Localizable.strings[0m
Build	Fastlane Build & Archive	2026-07-20T11:23:27.0872780Z [11:23:26]: ▸ [35m[[36mShareClient[0m] [1mCopying[0m Localizable.strings[0m
Build	Fastlane Build & Archive	2026-07-20T11:23:27.0975780Z [11:23:26]: ▸ [35m[[36mShareClient[0m] [1mCopying[0m Localizable.strings[0m
Build	Fastlane Build & Archive	2026-07-20T11:23:27.1081120Z [11:23:26]: ▸ [35m[[36mShareClient[0m] [1mCopying[0m Localizable.strings[0m
Build	Fastlane Build & Archive	2026-07-20T11:23:27.1199830Z [11:23:26]: ▸ [35m[[36mShareClient[0m] [1mCopying[0m Localizable.strings[0m
Build	Fastlane Build & Archive	2026-07-20T11:23:27.1305050Z [11:23:26]: ▸ [35m[[36mShareClient[0m] [1mCopying[0m Localizable.strings[0m
Build	Fastlane Build & Archive	2026-07-20T11:23:27.1412400Z [11:23:26]: ▸ [35m[[36mRileyLinkBLEKit[0m] [1mGenerating[0m RileyLinkBLEKit.framework.dSYM[0m
Build	Fastlane Build & Archive	2026-07-20T11:23:27.1514730Z [11:23:26]: ▸ [35m[[36mFirebaseCrashlytics[0m] [1mCompiling[0m resource_bundle_accessor.m[0m
Build	Fastlane Build & Archive	2026-07-20T11:23:27.1576330Z [11:23:26]: ▸ [35m[[36mRileyLinkBLEKit[0m] [1mCompile XCStrings[0m Localizable.xcstrings[0m
Build	Fastlane Build & Archive	2026-07-20T11:23:27.1592630Z [11:23:26]: ▸ [35m[[36mLoopTestingKit[0m] [1mProcessing[0m Info.plist[0m
Build	Fastlane Build & Archive	2026-07-20T11:23:27.1601060Z [11:23:26]: ▸ [35m[[36mLoopTestingKit[0m] [1mGenerating[0m LoopTestingKit.framework.dSYM[0m
Build	Fastlane Build & Archive	2026-07-20T11:23:27.1602700Z [11:23:26]: ▸ [35m[[36mLoopKitUI[0m] [1mCompiling[0m TextFieldTableViewCell.xib[0m
Build	Fastlane Build & Archive	2026-07-20T11:23:27.1603360Z [11:23:26]: ▸ [35m[[36mRileyLinkBLEKit[0m] [1mCopying[0m Localizable.strings[0m
Build	Fastlane Build & Archive	2026-07-20T11:23:27.1604060Z [11:23:26]: ▸ [35m[[36mRileyLinkBLEKit[0m] [1mCopying[0m Localizable.strings[0m
Build	Fastlane Build & Archive	2026-07-20T11:23:27.1604700Z [11:23:26]: ▸ [35m[[36mRileyLinkBLEKit[0m] [1mCopying[0m Localizable.strings[0m
Build	Fastlane Build & Archive	2026-07-20T11:23:27.1623840Z [11:23:26]: ▸ [35m[[36mRileyLinkBLEKit[0m] [1mCopying[0m Localizable.strings[0m
Build	Fastlane Build & Archive	2026-07-20T11:23:27.1625750Z [11:23:26]: ▸ [35m[[36mRileyLinkBLEKit[0m] [1mCopying[0m Localizable.strings[0m
Build	Fastlane Build & Archive	2026-07-20T11:23:27.1627440Z [11:23:26]: ▸ [35m[[36mRileyLinkBLEKit[0m] [1mCopying[0m Localizable.strings[0m
Build	Fastlane Build & Archive	2026-07-20T11:23:27.1636340Z [11:23:26]: ▸ [35m[[36mRileyLinkBLEKit[0m] [1mCopying[0m Localizable.strings[0m
Build	Fastlane Build & Archive	2026-07-20T11:23:27.1637110Z [11:23:26]: ▸ [35m[[36mRileyLinkBLEKit[0m] [1mCopying[0m Localizable.strings[0m
Build	Fastlane Build & Archive	2026-07-20T11:23:27.1637730Z [11:23:26]: ▸ [35m[[36mRileyLinkBLEKit[0m] [1mCopying[0m Localizable.strings[0m
Build	Fastlane Build & Archive	2026-07-20T11:23:27.1642940Z [11:23:26]: ▸ [35m[[36mRileyLinkBLEKit[0m] [1mCopying[0m Localizable.strings[0m
Build	Fastlane Build & Archive	2026-07-20T11:23:27.1647770Z [11:23:26]: ▸ [35m[[36mRileyLinkBLEKit[0m] [1mCopying[0m Localizable.strings[0m
Build	Fastlane Build & Archive	2026-07-20T11:23:27.1648510Z [11:23:26]: ▸ [35m[[36mRileyLinkBLEKit[0m] [1mCopying[0m Localizable.strings[0m
Build	Fastlane Build & Archive	2026-07-20T11:23:27.1649110Z [11:23:26]: ▸ [35m[[36mRileyLinkBLEKit[0m] [1mCopying[0m Localizable.strings[0m
Build	Fastlane Build & Archive	2026-07-20T11:23:27.1654100Z [11:23:26]: ▸ [35m[[36mRileyLinkBLEKit[0m] [1mCopying[0m Localizable.strings[0m
Build	Fastlane Build & Archive	2026-07-20T11:23:27.1654700Z [11:23:26]: ▸ [35m[[36mRileyLinkBLEKit[0m] [1mCopying[0m Localizable.strings[0m
Build	Fastlane Build & Archive	2026-07-20T11:23:27.1655320Z [11:23:26]: ▸ [35m[[36mRileyLinkBLEKit[0m] [1mCopying[0m Localizable.strings[0m
Build	Fastlane Build & Archive	2026-07-20T11:23:27.1667960Z [11:23:26]: ▸ [35m[[36mRileyLinkBLEKit[0m] [1mCopying[0m Localizable.strings[0m
Build	Fastlane Build & Archive	2026-07-20T11:23:27.1676050Z [11:23:26]: ▸ [35m[[36mRileyLinkBLEKit[0m] [1mCopying[0m Localizable.strings[0m
Build	Fastlane Build & Archive	2026-07-20T11:23:27.1677610Z [11:23:26]: ▸ [35m[[36mRileyLinkBLEKit[0m] [1mCopying[0m Localizable.strings[0m
Build	Fastlane Build & Archive	2026-07-20T11:23:27.1683170Z [11:23:26]: ▸ [35m[[36mRileyLinkBLEKit[0m] [1mCopying[0m Localizable.strings[0m
Build	Fastlane Build & Archive	2026-07-20T11:23:27.1690680Z [11:23:26]: ▸ [35m[[36mRileyLinkBLEKit[0m] [1mCopying[0m Localizable.strings[0m
Build	Fastlane Build & Archive	2026-07-20T11:23:27.1706660Z [11:23:26]: ▸ [35m[[36mRileyLinkBLEKit[0m] [1mCopying[0m Localizable.strings[0m
Build	Fastlane Build & Archive	2026-07-20T11:23:27.1710390Z [11:23:26]: ▸ [35m[[36mLoopKitUI[0m] [1mCompiling[0m SetConstrainedScheduleEntryTableViewCell.xib[0m
Build	Fastlane Build & Archive	2026-07-20T11:23:27.1711550Z [11:23:26]: ▸ [35m[[36mLoopKitUI[0m] [1mCompiling[0m ReservoirVolumeHUDView.xib[0m
Build	Fastlane Build & Archive	2026-07-20T11:23:27.1712250Z [11:23:26]: ▸ [35m[[36mLoopKitUI[0m] [1mCompiling[0m RepeatingScheduleValueTableViewCell.xib[0m
Build	Fastlane Build & Archive	2026-07-20T11:23:27.1713980Z [11:23:26]: ▸ [35m[[36mLoopKitUI[0m] [1mCompiling[0m LabeledTextFieldTableViewCell.xib[0m
Build	Fastlane Build & Archive	2026-07-20T11:23:27.1714770Z [11:23:26]: ▸ [35m[[36mLoopKitUI[0m] [1mCompiling[0m InsulinSensitivityScalingTableViewCell.xib[0m
Build	Fastlane Build & Archive	2026-07-20T11:23:27.1718690Z [11:23:26]: ▸ [35m[[36mLoopKitUI[0m] [1mCompiling[0m GlucoseRangeTableViewCell.xib[0m
Build	Fastlane Build & Archive	2026-07-20T11:23:27.1725370Z [11:23:26]: ▸ [35m[[36mLoopKitUI[0m] [1mCompiling[0m GlucoseRangeOverrideTableViewCell.xib[0m
Build	Fastlane Build & Archive	2026-07-20T11:23:27.1726260Z [11:23:26]: ▸ [35m[[36mLoopKitUI[0m] [1mCompiling[0m DoubleRangeTableViewCell.xib[0m
Build	Fastlane Build & Archive	2026-07-20T11:23:27.1727010Z [11:23:26]: ▸ [35m[[36mLoopKitUI[0m] [1mCompiling[0m DecimalTextFieldTableViewCell.xib[0m
Build	Fastlane Build & Archive	2026-07-20T11:23:27.1727730Z [11:23:26]: ▸ [35m[[36mLoopKitUI[0m] [1mCompiling[0m DateAndDurationTableViewCell.xib[0m
Build	Fastlane Build & Archive	2026-07-20T11:23:27.1728430Z [11:23:26]: ▸ [35m[[36mLoopKitUI[0m] [1mCompiling[0m BatteryLevelHUDView.xib[0m
Build	Fastlane Build & Archive	2026-07-20T11:23:27.1730270Z [11:23:26]: ▸ [35m[[36mLoopKitUI[0m] [1mCompiling[0m AuthenticationTableViewCell.xib[0m
Build	Fastlane Build & Archive	2026-07-20T11:23:27.1732160Z [11:23:26]: ▸ [35m[[36mLoopKitUI[0m] [1mCompile XCStrings[0m LegacyInsulinDeliveryTableViewController.xcstrings[0m
Build	Fastlane Build & Archive	2026-07-20T11:23:27.1732870Z [11:23:26]: ▸ [35m[[36mLoopKitUI[0m] [1mCompile XCStrings[0m InsulinKit.xcstrings[0m
Build	Fastlane Build & Archive	2026-07-20T11:23:27.1735630Z [11:23:26]: ▸ [35m[[36mLoopKitUI[0m] [1mCopying[0m LegacyInsulinDeliveryTableViewController.strings[0m
Build	Fastlane Build & Archive	2026-07-20T11:23:27.1736520Z [11:23:26]: ▸ [35m[[36mLoopKitUI[0m] [1mCopying[0m LegacyInsulinDeliveryTableViewController.strings[0m
Build	Fastlane Build & Archive	2026-07-20T11:23:27.1738260Z [11:23:26]: ▸ [35m[[36mLoopKitUI[0m] [1mCopying[0m LegacyInsulinDeliveryTableViewController.strings[0m
Build	Fastlane Build & Archive	2026-07-20T11:23:27.1741960Z [11:23:26]: ▸ [35m[[36mLoopKitUI[0m] [1mCopying[0m LegacyInsulinDeliveryTableViewController.strings[0m
Build	Fastlane Build & Archive	2026-07-20T11:23:27.1742800Z [11:23:26]: ▸ [35m[[36mLoopKitUI[0m] [1mCopying[0m LegacyInsulinDeliveryTableViewController.strings[0m
Build	Fastlane Build & Archive	2026-07-20T11:23:27.1743770Z [11:23:26]: ▸ [35m[[36mLoopKitUI[0m] [1mCopying[0m LegacyInsulinDeliveryTableViewController.strings[0m
Build	Fastlane Build & Archive	2026-07-20T11:23:27.1744600Z [11:23:26]: ▸ [35m[[36mLoopKitUI[0m] [1mCopying[0m LegacyInsulinDeliveryTableViewController.strings[0m
Build	Fastlane Build & Archive	2026-07-20T11:23:27.1745580Z [11:23:26]: ▸ [35m[[36mLoopKitUI[0m] [1mCopying[0m LegacyInsulinDeliveryTableViewController.strings[0m
Build	Fastlane Build & Archive	2026-07-20T11:23:27.1748500Z [11:23:26]: ▸ [35m[[36mLoopKitUI[0m] [1mCopying[0m LegacyInsulinDeliveryTableViewController.strings[0m
Build	Fastlane Build & Archive	2026-07-20T11:23:27.1749340Z [11:23:26]: ▸ [35m[[36mLoopKitUI[0m] [1mCopying[0m LegacyInsulinDeliveryTableViewController.strings[0m
Build	Fastlane Build & Archive	2026-07-20T11:23:27.1750140Z [11:23:26]: ▸ [35m[[36mLoopKitUI[0m] [1mCopying[0m LegacyInsulinDeliveryTableViewController.strings[0m
Build	Fastlane Build & Archive	2026-07-20T11:23:27.1750980Z [11:23:26]: ▸ [35m[[36mLoopKitUI[0m] [1mCopying[0m LegacyInsulinDeliveryTableViewController.strings[0m
Build	Fastlane Build & Archive	2026-07-20T11:23:27.1759980Z [11:23:26]: ▸ [35m[[36mLoopKitUI[0m] [1mCopying[0m LegacyInsulinDeliveryTableViewController.strings[0m
Build	Fastlane Build & Archive	2026-07-20T11:23:27.1760830Z [11:23:26]: ▸ [35m[[36mLoopKitUI[0m] [1mCopying[0m LegacyInsulinDeliveryTableViewController.strings[0m
Build	Fastlane Build & Archive	2026-07-20T11:23:27.1761610Z [11:23:26]: ▸ [35m[[36mLoopKitUI[0m] [1mCopying[0m LegacyInsulinDeliveryTableViewController.strings[0m
Build	Fastlane Build & Archive	2026-07-20T11:23:27.1766430Z [11:23:26]: ▸ [35m[[36mLoopKitUI[0m] [1mCopying[0m LegacyInsulinDeliveryTableViewController.strings[0m
Build	Fastlane Build & Archive	2026-07-20T11:23:27.1771960Z [11:23:26]: ▸ [35m[[36mLoopKitUI[0m] [1mCopying[0m LegacyInsulinDeliveryTableViewController.strings[0m
Build	Fastlane Build & Archive	2026-07-20T11:23:27.1774080Z [11:23:26]: ▸ [35m[[36mLoopKitUI[0m] [1mCopying[0m LegacyInsulinDeliveryTableViewController.strings[0m
Build	Fastlane Build & Archive	2026-07-20T11:23:27.1775790Z [11:23:26]: ▸ [35m[[36mLoopKitUI[0m] [1mCopying[0m LegacyInsulinDeliveryTableViewController.strings[0m
Build	Fastlane Build & Archive	2026-07-20T11:23:27.1776670Z [11:23:26]: ▸ [35m[[36mLoopKitUI[0m] [1mCopying[0m LegacyInsulinDeliveryTableViewController.strings[0m
Build	Fastlane Build & Archive	2026-07-20T11:23:27.1780950Z [11:23:26]: ▸ [35m[[36mLoopKitUI[0m] [1mCopying[0m LegacyInsulinDeliveryTableViewController.strings[0m
Build	Fastlane Build & Archive	2026-07-20T11:23:27.1781680Z [11:23:26]: ▸ [35m[[36mLoopKitUI[0m] [1mCompile XCStrings[0m Localizable.xcstrings[0m
Build	Fastlane Build & Archive	2026-07-20T11:23:27.1782640Z [11:23:26]: ▸ [35m[[36mLoopKitUI[0m] [1mCompiling[0m OverrideSelectionViewController.storyboard[0m
Build	Fastlane Build & Archive	2026-07-20T11:23:27.1783340Z [11:23:26]: ▸ [35m[[36mLoopKitUI[0m] [1mCopying[0m InsulinKit.strings[0m
Build	Fastlane Build & Archive	2026-07-20T11:23:27.1783880Z [11:23:26]: ▸ [35m[[36mLoopKitUI[0m] [1mCopying[0m Localizable.strings[0m
Build	Fastlane Build & Archive	2026-07-20T11:23:27.1784480Z [11:23:26]: ▸ [35m[[36mLoopKitUI[0m] [1mCopying[0m Localizable.strings[0m
Build	Fastlane Build & Archive	2026-07-20T11:23:27.1785050Z [11:23:26]: ▸ [35m[[36mLoopKitUI[0m] [1mCopying[0m InsulinKit.strings[0m
Build	Fastlane Build & Archive	2026-07-20T11:23:27.1785630Z [11:23:26]: ▸ [35m[[36mLoopKitUI[0m] [1mCopying[0m Localizable.strings[0m
Build	Fastlane Build & Archive	2026-07-20T11:23:27.1786100Z [11:23:26]: ▸ [35m[[36mLoopKitUI[0m] [1mCopying[0m Localizable.strings[0m
Build	Fastlane Build & Archive	2026-07-20T11:23:27.1788490Z [11:23:26]: ▸ [35m[[36mLoopKitUI[0m] [1mCopying[0m InsulinKit.strings[0m
Build	Fastlane Build & Archive	2026-07-20T11:23:27.1789930Z [11:23:26]: ▸ [35m[[36mLoopKitUI[0m] [1mCopying[0m Localizable.strings[0m
Build	Fastlane Build & Archive	2026-07-20T11:23:27.1792370Z [11:23:26]: ▸ [35m[[36mLoopKitUI[0m] [1mCopying[0m InsulinKit.strings[0m
Build	Fastlane Build & Archive	2026-07-20T11:23:27.1792830Z [11:23:26]: ▸ [35m[[36mLoopKitUI[0m] [1mCopying[0m Localizable.strings[0m
Build	Fastlane Build & Archive	2026-07-20T11:23:27.1793290Z [11:23:26]: ▸ [35m[[36mLoopKitUI[0m] [1mCopying[0m InsulinKit.strings[0m
Build	Fastlane Build & Archive	2026-07-20T11:23:27.1798060Z [11:23:26]: ▸ [35m[[36mLoopKitUI[0m] [1mCopying[0m Localizable.strings[0m
Build	Fastlane Build & Archive	2026-07-20T11:23:27.1798540Z [11:23:26]: ▸ [35m[[36mLoopKitUI[0m] [1mCopying[0m InsulinKit.strings[0m
Build	Fastlane Build & Archive	2026-07-20T11:23:27.1799070Z [11:23:26]: ▸ [35m[[36mLoopKitUI[0m] [1mCopying[0m Localizable.strings[0m
Build	Fastlane Build & Archive	2026-07-20T11:23:27.1799530Z [11:23:26]: ▸ [35m[[36mLoopKitUI[0m] [1mCopying[0m InsulinKit.strings[0m
Build	Fastlane Build & Archive	2026-07-20T11:23:27.1799980Z [11:23:26]: ▸ [35m[[36mLoopKitUI[0m] [1mCopying[0m Localizable.strings[0m
Build	Fastlane Build & Archive	2026-07-20T11:23:27.1800440Z [11:23:26]: ▸ [35m[[36mLoopKitUI[0m] [1mCopying[0m Localizable.strings[0m
Build	Fastlane Build & Archive	2026-07-20T11:23:27.1800920Z [11:23:26]: ▸ [35m[[36mLoopKitUI[0m] [1mCopying[0m InsulinKit.strings[0m
Build	Fastlane Build & Archive	2026-07-20T11:23:27.1801380Z [11:23:26]: ▸ [35m[[36mLoopKitUI[0m] [1mCopying[0m Localizable.strings[0m
Build	Fastlane Build & Archive	2026-07-20T11:23:27.1801830Z [11:23:26]: ▸ [35m[[36mLoopKitUI[0m] [1mCopying[0m InsulinKit.strings[0m
Build	Fastlane Build & Archive	2026-07-20T11:23:27.1802300Z [11:23:26]: ▸ [35m[[36mLoopKitUI[0m] [1mCopying[0m Localizable.strings[0m
Build	Fastlane Build & Archive	2026-07-20T11:23:27.1802780Z [11:23:26]: ▸ [35m[[36mLoopKitUI[0m] [1mCopying[0m InsulinKit.strings[0m
Build	Fastlane Build & Archive	2026-07-20T11:23:27.1803240Z [11:23:26]: ▸ [35m[[36mLoopKitUI[0m] [1mCopying[0m Localizable.strings[0m
Build	Fastlane Build & Archive	2026-07-20T11:23:27.1803690Z [11:23:26]: ▸ [35m[[36mLoopKitUI[0m] [1mCopying[0m InsulinKit.strings[0m
Build	Fastlane Build & Archive	2026-07-20T11:23:27.1804150Z [11:23:26]: ▸ [35m[[36mLoopKitUI[0m] [1mCopying[0m Localizable.strings[0m
Build	Fastlane Build & Archive	2026-07-20T11:23:27.1804610Z [11:23:26]: ▸ [35m[[36mLoopKitUI[0m] [1mCopying[0m Localizable.strings[0m
Build	Fastlane Build & Archive	2026-07-20T11:23:27.1805060Z [11:23:26]: ▸ [35m[[36mLoopKitUI[0m] [1mCopying[0m InsulinKit.strings[0m
Build	Fastlane Build & Archive	2026-07-20T11:23:27.1805520Z [11:23:26]: ▸ [35m[[36mLoopKitUI[0m] [1mCopying[0m Localizable.strings[0m
Build	Fastlane Build & Archive	2026-07-20T11:23:27.1805970Z [11:23:26]: ▸ [35m[[36mLoopKitUI[0m] [1mCopying[0m InsulinKit.strings[0m
Build	Fastlane Build & Archive	2026-07-20T11:23:27.1806420Z [11:23:26]: ▸ [35m[[36mLoopKitUI[0m] [1mCopying[0m Localizable.strings[0m
Build	Fastlane Build & Archive	2026-07-20T11:23:27.1807300Z [11:23:26]: ▸ [35m[[36mLoopKitUI[0m] [1mCopying[0m Localizable.strings[0m
Build	Fastlane Build & Archive	2026-07-20T11:23:27.1816460Z [11:23:26]: ▸ [35m[[36mLoopKitUI[0m] [1mCopying[0m Localizable.strings[0m
Build	Fastlane Build & Archive	2026-07-20T11:23:27.1817480Z [11:23:26]: ▸ [35m[[36mLoopKitUI[0m] [1mCopying[0m InsulinKit.strings[0m
Build	Fastlane Build & Archive	2026-07-20T11:23:27.1888660Z [11:23:26]: ▸ [35m[[36mLoopKitUI[0m] [1mCopying[0m Localizable.strings[0m
Build	Fastlane Build & Archive	2026-07-20T11:23:27.1903200Z [11:23:26]: ▸ [35m[[36mLoopKitUI[0m] [1mCopying[0m InsulinKit.strings[0m
Build	Fastlane Build & Archive	2026-07-20T11:23:27.1904300Z [11:23:26]: ▸ [35m[[36mLoopKitUI[0m] [1mCopying[0m Localizable.strings[0m
Build	Fastlane Build & Archive	2026-07-20T11:23:27.1904790Z [11:23:26]: ▸ [35m[[36mLoopKitUI[0m] [1mCopying[0m InsulinKit.strings[0m
Build	Fastlane Build & Archive	2026-07-20T11:23:27.1905260Z [11:23:26]: ▸ [35m[[36mLoopKitUI[0m] [1mCopying[0m Localizable.strings[0m
Build	Fastlane Build & Archive	2026-07-20T11:23:27.1923610Z [11:23:26]: ▸ [35m[[36mLoopKitUI[0m] [1mCopying[0m InsulinKit.strings[0m
Build	Fastlane Build & Archive	2026-07-20T11:23:27.1940640Z [11:23:26]: ▸ [35m[[36mLoopKitUI[0m] [1mCopying[0m Localizable.strings[0m
Build	Fastlane Build & Archive	2026-07-20T11:23:27.1941400Z [11:23:26]: ▸ [35m[[36mLoopKitUI[0m] [1mCopying[0m Localizable.strings[0m
Build	Fastlane Build & Archive	2026-07-20T11:23:27.1942670Z [11:23:26]: ▸ [35m[[36mLoopKitUI[0m] [1mCopying[0m InsulinKit.strings[0m
Build	Fastlane Build & Archive	2026-07-20T11:23:27.1944440Z [11:23:26]: ▸ [35m[[36mLoopKitUI[0m] [1mCopying[0m Localizable.strings[0m
Build	Fastlane Build & Archive	2026-07-20T11:23:27.1951890Z [11:23:26]: ▸ [35m[[36mLoopKitUI[0m] [1mCopying[0m InsulinKit.strings[0m
Build	Fastlane Build & Archive	2026-07-20T11:23:27.1952400Z [11:23:26]: ▸ [35m[[36mLoopKitUI[0m] [1mCopying[0m Localizable.strings[0m
Build	Fastlane Build & Archive	2026-07-20T11:23:27.1952860Z [11:23:26]: ▸ [35m[[36mLoopKitUI[0m] [1mCopying[0m Localizable.strings[0m
Build	Fastlane Build & Archive	2026-07-20T11:23:27.1963150Z [11:23:26]: ▸ [35m[[36mLoopKitUI[0m] [1mCopying[0m InsulinKit.strings[0m
Build	Fastlane Build & Archive	2026-07-20T11:23:27.1972840Z [11:23:26]: ▸ [35m[[36mLoopKitUI[0m] [1mCompiling[0m EmojiInputController.storyboard[0m
Build	Fastlane Build & Archive	2026-07-20T11:23:27.1974090Z [11:23:26]: ▸ [35m[[36mLoopKitUI[0m] [1mCompiling[0m LegacyInsulinDeliveryTableViewController.storyboard[0m
Build	Fastlane Build & Archive	2026-07-20T11:23:27.1974760Z [11:23:26]: ▸ [35m[[36mLoopKitUI[0m] [1mCompiling[0m InsulinKit.storyboard[0m
Build	Fastlane Build & Archive	2026-07-20T11:23:27.1978970Z [11:23:26]: ▸ [35m[[36mFirebaseCrashlytics[0m] [1mCompiling[0m FIRStackFrame.m[0m
Build	Fastlane Build & Archive	2026-07-20T11:23:27.1988480Z [11:23:26]: ▸ [35m[[36mFirebaseCrashlytics[0m] [1mCompiling[0m FIRExceptionModel.m[0m
Build	Fastlane Build & Archive	2026-07-20T11:23:27.2008500Z [11:23:26]: ▸ [35m[[36mLoopKitUI[0m] [1mProcessing[0m Info.plist[0m
Build	Fastlane Build & Archive	2026-07-20T11:23:27.2015950Z [11:23:26]: ▸ [35m[[36mFirebaseCrashlytics[0m] [1mCompiling[0m FIRCrashlyticsReport.m[0m
Build	Fastlane Build & Archive	2026-07-20T11:23:27.2016530Z [11:23:26]: ▸ [35m[[36mFirebaseCrashlytics[0m] [1mCompiling[0m FIRCLSdSYM.m[0m
Build	Fastlane Build & Archive	2026-07-20T11:23:27.2045020Z [11:23:26]: ▸ [35m[[36mFirebaseCrashlytics[0m] [1mCompiling[0m FIRCLSUtility.m[0m
Build	Fastlane Build & Archive	2026-07-20T11:23:27.2058990Z [11:23:26]: ▸ [35m[[36mFirebaseCrashlytics[0m] [1mCompiling[0m FIRCLSUserLogging.m[0m
Build	Fastlane Build & Archive	2026-07-20T11:23:27.2059690Z [11:23:26]: ▸ [35m[[36mFirebaseCrashlytics[0m] [1mCompiling[0m FIRCLSUserDefaults.m[0m
Build	Fastlane Build & Archive	2026-07-20T11:23:27.2060240Z [11:23:26]: ▸ [35m[[36mFirebaseCrashlytics[0m] [1mCompiling[0m FIRCrashlytics.m[0m
Build	Fastlane Build & Archive	2026-07-20T11:23:27.2060770Z [11:23:26]: ▸ [35m[[36mFirebaseCrashlytics[0m] [1mCompiling[0m FIRCLSUUID.m[0m
Build	Fastlane Build & Archive	2026-07-20T11:23:27.2061290Z [11:23:26]: ▸ [35m[[36mFirebaseCrashlytics[0m] [1mCompiling[0m FIRCLSURLBuilder.m[0m
Build	Fastlane Build & Archive	2026-07-20T11:23:27.2061880Z [11:23:26]: ▸ [35m[[36mFirebaseCrashlytics[0m] [1mCompiling[0m FIRCLSThreadArrayOperation.m[0m
Build	Fastlane Build & Archive	2026-07-20T11:23:27.2062510Z [11:23:26]: ▸ [35m[[36mFirebaseCrashlytics[0m] [1mCompiling[0m FIRCLSSymbolicationOperation.m[0m
Build	Fastlane Build & Archive	2026-07-20T11:23:27.2063100Z [11:23:26]: ▸ [35m[[36mFirebaseCrashlytics[0m] [1mCompiling[0m FIRCLSUnwind_x86.c[0m
Build	Fastlane Build & Archive	2026-07-20T11:23:27.2063640Z [11:23:26]: ▸ [35m[[36mFirebaseCrashlytics[0m] [1mCompiling[0m FIRCLSUnwind_arm.c[0m
Build	Fastlane Build & Archive	2026-07-20T11:23:27.2064180Z [11:23:26]: ▸ [35m[[36mFirebaseCrashlytics[0m] [1mCompiling[0m FIRCLSUnwind.c[0m
Build	Fastlane Build & Archive	2026-07-20T11:23:27.2065260Z [11:23:26]: ▸ [35m[[36mFirebaseCrashlytics[0m] [1mCompiling[0m FIRCLSThreadState.c[0m
Build	Fastlane Build & Archive	2026-07-20T11:23:27.2066030Z [11:23:26]: ▸ [35m[[36mFirebaseCrashlytics[0m] [1mCompiling[0m FIRCLSSymbolResolver.m[0m
Build	Fastlane Build & Archive	2026-07-20T11:23:27.2066570Z [11:23:26]: ▸ [35m[[36mFirebaseCrashlytics[0m] [1mCompiling[0m FIRCLSSignal.c[0m
Build	Fastlane Build & Archive	2026-07-20T11:23:27.2067120Z [11:23:26]: ▸ [35m[[36mFirebaseCrashlytics[0m] [1mCompiling[0m FIRCLSSettingsManager.m[0m
Build	Fastlane Build & Archive	2026-07-20T11:23:27.2067670Z [11:23:26]: ▸ [35m[[36mFirebaseCrashlytics[0m] [1mCompiling[0m FIRCLSSettings.m[0m
Build	Fastlane Build & Archive	2026-07-20T11:23:27.2068310Z [11:23:26]: ▸ [35m[[36mFirebaseCrashlytics[0m] [1mCompiling[0m FIRCLSSerializeSymbolicatedFramesOperation.m[0m
Build	Fastlane Build & Archive	2026-07-20T11:23:27.2069000Z [11:23:26]: ▸ [35m[[36mFirebaseCrashlytics[0m] [1mCompiling[0m FIRCLSRolloutsPersistenceManager.m[0m
Build	Fastlane Build & Archive	2026-07-20T11:23:27.2069600Z [11:23:26]: ▸ [35m[[36mFirebaseCrashlytics[0m] [1mCompiling[0m FIRCLSReportUploader.m[0m
Build	Fastlane Build & Archive	2026-07-20T11:23:27.2070170Z [11:23:26]: ▸ [35m[[36mFirebaseCrashlytics[0m] [1mCompiling[0m FIRCLSReportAdapter.m[0m
Build	Fastlane Build & Archive	2026-07-20T11:23:27.2070850Z [11:23:26]: ▸ [35m[[36mFirebaseCrashlytics[0m] [1mCompiling[0m FIRCLSReportManager.m[0m
Build	Fastlane Build & Archive	2026-07-20T11:23:27.2071420Z [11:23:26]: ▸ [35m[[36mFirebaseCrashlytics[0m] [1mCompiling[0m FIRCLSRecordIdentity.m[0m
Build	Fastlane Build & Archive	2026-07-20T11:23:27.2071970Z [11:23:26]: ▸ [35m[[36mFirebaseCrashlytics[0m] [1mCompiling[0m FIRCLSRecordHost.m[0m
Build	Fastlane Build & Archive	2026-07-20T11:23:27.2072520Z [11:23:26]: ▸ [35m[[36mFirebaseCrashlytics[0m] [1mCompiling[0m FIRCLSRecordBase.m[0m
Build	Fastlane Build & Archive	2026-07-20T11:23:27.2073080Z [11:23:26]: ▸ [35m[[36mFirebaseCrashlytics[0m] [1mCompiling[0m FIRCLSRecordApplication.m[0m
Build	Fastlane Build & Archive	2026-07-20T11:23:27.2073680Z [11:23:26]: ▸ [35m[[36mFirebaseCrashlytics[0m] [1mCompiling[0m FIRCLSProcessReportOperation.m[0m
Build	Fastlane Build & Archive	2026-07-20T11:23:27.2074270Z [11:23:26]: ▸ [35m[[36mFirebaseCrashlytics[0m] [1mCompiling[0m FIRCLSOnDemandModel.m[0m
Build	Fastlane Build & Archive	2026-07-20T11:23:27.2074820Z [11:23:26]: ▸ [35m[[36mFirebaseCrashlytics[0m] [1mCompiling[0m FIRCLSProcess.c[0m
Build	Fastlane Build & Archive	2026-07-20T11:23:27.2075380Z [11:23:26]: ▸ [35m[[36mFirebaseCrashlytics[0m] [1mCompiling[0m FIRCLSNotificationManager.m[0m
Build	Fastlane Build & Archive	2026-07-20T11:23:27.2075990Z [11:23:26]: ▸ [35m[[36mFirebaseCrashlytics[0m] [1mCompiling[0m FIRCLSNetworkResponseHandler.m[0m
Build	Fastlane Build & Archive	2026-07-20T11:23:27.2076580Z [11:23:26]: ▸ [35m[[36mFirebaseCrashlytics[0m] [1mCompiling[0m FIRCLSNetworkOperation.m[0m
Build	Fastlane Build & Archive	2026-07-20T11:23:27.2077150Z [11:23:26]: ▸ [35m[[36mFirebaseCrashlytics[0m] [1mCompiling[0m FIRCLSMetricKitManager.m[0m
Build	Fastlane Build & Archive	2026-07-20T11:23:27.2077710Z [11:23:26]: ▸ [35m[[36mFirebaseCrashlytics[0m] [1mCompiling[0m FIRCLSManagerData.m[0m
Build	Fastlane Build & Archive	2026-07-20T11:23:27.2078240Z [11:23:26]: ▸ [35m[[36mFirebaseCrashlytics[0m] [1mCompiling[0m FIRCLSMachOSlice.m[0m
Build	Fastlane Build & Archive	2026-07-20T11:23:27.2078780Z [11:23:26]: ▸ [35m[[36mFirebaseCrashlytics[0m] [1mCompiling[0m FIRCLSMachOBinary.m[0m
Build	Fastlane Build & Archive	2026-07-20T11:23:27.2079400Z [11:23:26]: ▸ [35m[[36mFirebaseCrashlytics[0m] [1mCompiling[0m FIRCLSMachO.m[0m
Build	Fastlane Build & Archive	2026-07-20T11:23:27.2080020Z [11:23:26]: ▸ [35m[[36mFirebaseCrashlytics[0m] [1mCompiling[0m FIRCLSMachException.c[0m
Build	Fastlane Build & Archive	2026-07-20T11:23:27.2080560Z [11:23:26]: ▸ [35m[[36mFirebaseCrashlytics[0m] [1mCompiling[0m FIRCLSLogger.m[0m
Build	Fastlane Build & Archive	2026-07-20T11:23:27.2081110Z [11:23:26]: ▸ [35m[[36mFirebaseCrashlytics[0m] [1mCompiling[0m FIRCLSLaunchMarkerModel.m[0m
Build	Fastlane Build & Archive	2026-07-20T11:23:27.2084090Z [11:23:26]: ▸ [35m[[36mFirebaseCrashlytics[0m] [1mCompiling[0m FIRCLSInternalReport.m[0m
Build	Fastlane Build & Archive	2026-07-20T11:23:27.2113370Z [11:23:26]: ▸ [35m[[36mFirebaseCrashlytics[0m] [1mCompiling[0m FIRCLSInternalLogging.c[0m
Build	Fastlane Build & Archive	2026-07-20T11:23:27.2121760Z [11:23:26]: ▸ [35m[[36mFirebaseCrashlytics[0m] [1mCompiling[0m FIRCLSInstallIdentifierModel.m[0m
Build	Fastlane Build & Archive	2026-07-20T11:23:27.2129950Z [11:23:26]: ▸ [35m[[36mFirebaseCrashlytics[0m] [1mCompiling[0m FIRCLSHandler.m[0m
Build	Fastlane Build & Archive	2026-07-20T11:23:27.2135210Z [11:23:26]: ▸ [35m[[36mFirebaseCrashlytics[0m] [1mCompiling[0m FIRCLSHost.m[0m
Build	Fastlane Build & Archive	2026-07-20T11:23:27.2138630Z [11:23:26]: ▸ [35m[[36mFirebaseCrashlytics[0m] [1mCompiling[0m FIRCLSFileManager.m[0m
Build	Fastlane Build & Archive	2026-07-20T11:23:27.2139400Z [11:23:26]: ▸ [35m[[36mFirebaseCrashlytics[0m] [1mCompiling[0m FIRCLSFile.m[0m
Build	Fastlane Build & Archive	2026-07-20T11:23:27.2141890Z [11:23:26]: ▸ [35m[[36mFirebaseCrashlytics[0m] [1mCompiling[0m FIRCLSFABNetworkClient.m[0m
Build	Fastlane Build & Archive	2026-07-20T11:23:27.2142470Z [11:23:26]: ▸ [35m[[36mFirebaseCrashlytics[0m] [1mCompiling[0m FIRCLSFABHost.m[0m
Build	Fastlane Build & Archive	2026-07-20T11:23:27.2143030Z [11:23:26]: ▸ [35m[[36mFirebaseCrashlytics[0m] [1mCompiling[0m FIRCLSFABAsyncOperation.m[0m
Build	Fastlane Build & Archive	2026-07-20T11:23:27.2143670Z [11:23:26]: ▸ [35m[[36mFirebaseCrashlytics[0m] [1mCompiling[0m FIRCLSExistingReportManager.m[0m
Build	Fastlane Build & Archive	2026-07-20T11:23:27.2144300Z [11:23:26]: ▸ [35m[[36mFirebaseCrashlytics[0m] [1mCompiling[0m FIRCLSExecutionIdentifierModel.m[0m
Build	Fastlane Build & Archive	2026-07-20T11:23:27.2146540Z [11:23:26]: ▸ [35m[[36mFirebaseCrashlytics[0m] [1mCompiling[0m FIRCLSDwarfUnwind.c[0m
Build	Fastlane Build & Archive	2026-07-20T11:23:27.2147870Z [11:23:26]: ▸ [35m[[36mFirebaseCrashlytics[0m] [1mCompiling[0m FIRCLSDwarfExpressionMachine.c[0m
Build	Fastlane Build & Archive	2026-07-20T11:23:27.2149370Z [11:23:26]: ▸ [35m[[36mFirebaseCrashlytics[0m] [1mCompiling[0m FIRCLSDownloadAndSaveSettingsOperation.m[0m
Build	Fastlane Build & Archive	2026-07-20T11:23:27.2154700Z [11:23:26]: ▸ [35m[[36mFirebaseCrashlytics[0m] [1mCompiling[0m FIRCLSDataParsing.c[0m
Build	Fastlane Build & Archive	2026-07-20T11:23:27.2156300Z [11:23:26]: ▸ [35m[[36mFirebaseCrashlytics[0m] [1mCompiling[0m FIRCLSDataCollectionToken.m[0m
Build	Fastlane Build & Archive	2026-07-20T11:23:27.2160440Z [11:23:26]: ▸ [35m[[36mFirebaseCrashlytics[0m] [1mCompiling[0m FIRCLSDataCollectionArbiter.m[0m
Build	Fastlane Build & Archive	2026-07-20T11:23:27.2161130Z [11:23:26]: ▸ [35m[[36mFirebaseCrashlytics[0m] [1mCompiling[0m FIRCLSCrashedMarkerFile.c[0m
Build	Fastlane Build & Archive	2026-07-20T11:23:27.2161710Z [11:23:26]: ▸ [35m[[36mFirebaseCrashlytics[0m] [1mCompiling[0m FIRCLSContextManager.m[0m
Build	Fastlane Build & Archive	2026-07-20T11:23:27.2162290Z [11:23:26]: ▸ [35m[[36mFirebaseCrashlytics[0m] [1mCompiling[0m FIRCLSContextInitData.m[0m
Build	Fastlane Build & Archive	2026-07-20T11:23:27.2167730Z [11:23:26]: ▸ [35m[[36mFirebaseCrashlytics[0m] [1mCompiling[0m FIRCLSContext.m[0m
Build	Fastlane Build & Archive	2026-07-20T11:23:27.2170540Z [11:23:26]: ▸ [35m[[36mFirebaseCrashlytics[0m] [1mCompiling[0m FIRCLSConstants.m[0m
Build	Fastlane Build & Archive	2026-07-20T11:23:27.2171160Z [11:23:26]: ▸ [35m[[36mFirebaseCrashlytics[0m] [1mCompiling[0m FIRCLSCompoundOperation.m[0m
Build	Fastlane Build & Archive	2026-07-20T11:23:27.2171740Z [11:23:26]: ▸ [35m[[36mFirebaseCrashlytics[0m] [1mCompiling[0m FIRCLSCompactUnwind.c[0m
Build	Fastlane Build & Archive	2026-07-20T11:23:27.2172300Z [11:23:26]: ▸ [35m[[36mFirebaseCrashlytics[0m] [1mCompiling[0m FIRCLSCodeMapping.m[0m
Build	Fastlane Build & Archive	2026-07-20T11:23:27.2173030Z [11:23:26]: ▸ [35m[[36mFirebaseCrashlytics[0m] [1mCompiling[0m FIRCLSCallStackTree.m[0m
Build	Fastlane Build & Archive	2026-07-20T11:23:27.2174330Z [11:23:26]: ▸ [35m[[36mFirebaseCrashlytics[0m] [1mCompiling[0m FIRCLSByteUtility.m[0m
Build	Fastlane Build & Archive	2026-07-20T11:23:27.2176280Z [11:23:26]: ▸ [35m[[36mFirebaseCrashlytics[0m] [1mCompiling[0m FIRCLSBinaryImage.m[0m
Build	Fastlane Build & Archive	2026-07-20T11:23:27.2177500Z [11:23:26]: ▸ [35m[[36mFirebaseCrashlytics[0m] [1mCompiling[0m FIRCLSAsyncOperation.m[0m
Build	Fastlane Build & Archive	2026-07-20T11:23:27.2178150Z [11:23:26]: ▸ [35m[[36mFirebaseCrashlytics[0m] [1mCompiling[0m FIRCLSApplicationIdentifierModel.m[0m
Build	Fastlane Build & Archive	2026-07-20T11:23:27.2179180Z [11:23:26]: ▸ [35m[[36mFirebaseCrashlytics[0m] [1mCompiling[0m FIRCLSApplication.m[0m
Build	Fastlane Build & Archive	2026-07-20T11:23:27.2179830Z [11:23:26]: ▸ [35m[[36mFirebaseCrashlytics[0m] [1mCompiling[0m FIRCLSAnalyticsManager.m[0m
Build	Fastlane Build & Archive	2026-07-20T11:23:27.2200250Z [11:23:26]: ▸ [35m[[36mShareClient[0m] [1mExtract App Intents Metadata[0m
Build	Fastlane Build & Archive	2026-07-20T11:23:27.2202340Z [11:23:26]: ▸ [35m[[36mTidepoolServiceKit[0m] [1mExtract App Intents Metadata[0m
Build	Fastlane Build & Archive	2026-07-20T11:23:27.2203640Z [11:23:26]: ▸ [35m[[36mRileyLinkBLEKit[0m] [1mExtract App Intents Metadata[0m
Build	Fastlane Build & Archive	2026-07-20T11:23:27.2205020Z [11:23:26]: ▸ [35m[[36mFirebaseCrashlytics[0m] [1mCompiling[0m FIRCLSAllocate.c[0m
Build	Fastlane Build & Archive	2026-07-20T11:23:27.2206340Z [11:23:26]: ▸ [35m[[36mLoopTestingKit[0m] [1mExtract App Intents Metadata[0m
Build	Fastlane Build & Archive	2026-07-20T11:23:27.2208960Z [11:23:26]: ▸ [35m[[36mFirebase[0m] [1mRegisterExecutionPolicyException[0m Firebase.o[0m
Build	Fastlane Build & Archive	2026-07-20T11:23:27.2210460Z [11:23:26]: ▸ [35m[[36mFBLPromises[0m] [1mRegisterExecutionPolicyException[0m FBLPromises.o[0m
Build	Fastlane Build & Archive	2026-07-20T11:23:27.2213440Z [11:23:26]: ▸ [35m[[36mAlgorithms[0m] [1mExtract App Intents Metadata[0m
Build	Fastlane Build & Archive	2026-07-20T11:23:27.2215100Z [11:23:26]: ▸ [35m[[36mTidepoolServiceKit[0m] [1mRegisterExecutionPolicyException[0m TidepoolServiceKit.framework[0m
Build	Fastlane Build & Archive	2026-07-20T11:23:27.2217640Z [11:23:26]: ▸ [35m[[36mTidepoolServiceKit[0m] [1mTouching[0m TidepoolServiceKit.framework[0m
Build	Fastlane Build & Archive	2026-07-20T11:23:27.2218870Z [11:23:26]: ▸ [35m[[36mShareClient[0m] [1mRegisterExecutionPolicyException[0m ShareClient.framework[0m
Build	Fastlane Build & Archive	2026-07-20T11:23:27.2219670Z [11:23:26]: ▸ [35m[[36mShareClient[0m] [1mTouching[0m ShareClient.framework[0m
Build	Fastlane Build & Archive	2026-07-20T11:23:27.2220460Z [11:23:26]: ▸ [35m[[36mRileyLinkBLEKit[0m] [1mRegisterExecutionPolicyException[0m RileyLinkBLEKit.framework[0m
Build	Fastlane Build & Archive	2026-07-20T11:23:27.2221150Z [11:23:26]: ▸ [35m[[36mRileyLinkBLEKit[0m] [1mTouching[0m RileyLinkBLEKit.framework[0m
Build	Fastlane Build & Archive	2026-07-20T11:23:27.2221790Z [11:23:26]: ▸ [35m[[36mLoopTestingKit[0m] [1mRegisterExecutionPolicyException[0m LoopTestingKit.framework[0m
Build	Fastlane Build & Archive	2026-07-20T11:23:27.2222560Z [11:23:26]: ▸ [35m[[36mFirebaseCrashlyticsSwift[0m] [1mRegisterExecutionPolicyException[0m FirebaseCrashlyticsSwift.o[0m
Build	Fastlane Build & Archive	2026-07-20T11:23:27.2223710Z [11:23:26]: ▸ [35m[[36mLoopTestingKit[0m] [1mTouching[0m LoopTestingKit.framework[0m
Build	Fastlane Build & Archive	2026-07-20T11:23:27.2224280Z [11:23:26]: ▸ [35m[[36mFirebaseCore[0m] [1mLinking[0m FirebaseCore.o[0m
Build	Fastlane Build & Archive	2026-07-20T11:23:27.2224700Z [11:23:26]: ▸ [35m[[36mPromises[0m] [1mLinking[0m Promises.o[0m
Build	Fastlane Build & Archive	2026-07-20T11:23:27.2225220Z [11:23:26]: ▸ [35m[[36mGoogleDataTransport[0m] [1mLinking[0m GoogleDataTransport.o[0m
Build	Fastlane Build & Archive	2026-07-20T11:23:27.2225900Z [11:23:26]: ▸ [35m[[36mCryptorRSA[0m] [1mRegisterExecutionPolicyException[0m CryptorRSA.o[0m
Build	Fastlane Build & Archive	2026-07-20T11:23:27.2226440Z [11:23:26]: ▸ [35m[[36mPromises[0m] [1mExtract App Intents Metadata[0m
Build	Fastlane Build & Archive	2026-07-20T11:23:27.2226960Z [11:23:26]: ▸ [35m[[36mCryptorECC[0m] [1mRegisterExecutionPolicyException[0m CryptorECC.o[0m
Build	Fastlane Build & Archive	2026-07-20T11:23:27.2227610Z [11:23:26]: ▸ [35m[[36mCryptor[0m] [1mRegisterExecutionPolicyException[0m Cryptor.o[0m
Build	Fastlane Build & Archive	2026-07-20T11:23:27.2228450Z [11:23:26]: ▸ [35m[[36mCryptoSwift_CryptoSwift[0m] [1mRegisterExecutionPolicyException[0m CryptoSwift_CryptoSwift.bundle[0m
Build	Fastlane Build & Archive	2026-07-20T11:23:27.2229170Z [11:23:26]: ▸ [35m[[36mCGMBLEKit[0m] [1mProcessing[0m Info.plist[0m
Build	Fastlane Build & Archive	2026-07-20T11:23:27.2229700Z [11:23:26]: ▸ [35m[[36mCGMBLEKit[0m] [1mCompile XCStrings[0m Localizable.xcstrings[0m
Build	Fastlane Build & Archive	2026-07-20T11:23:27.2230250Z [11:23:26]: ▸ [35m[[36mCGMBLEKit[0m] [1mCopying[0m Localizable.strings[0m
Build	Fastlane Build & Archive	2026-07-20T11:23:27.2230750Z [11:23:26]: ▸ [35m[[36mCGMBLEKit[0m] [1mCopying[0m Localizable.strings[0m
Build	Fastlane Build & Archive	2026-07-20T11:23:27.2231210Z [11:23:26]: ▸ [35m[[36mCGMBLEKit[0m] [1mCopying[0m Localizable.strings[0m
Build	Fastlane Build & Archive	2026-07-20T11:23:27.2231770Z [11:23:26]: ▸ [35m[[36mCGMBLEKit[0m] [1mCopying[0m Localizable.strings[0m
Build	Fastlane Build & Archive	2026-07-20T11:23:27.2232220Z [11:23:26]: ▸ [35m[[36mCGMBLEKit[0m] [1mCopying[0m Localizable.strings[0m
Build	Fastlane Build & Archive	2026-07-20T11:23:27.2232690Z [11:23:26]: ▸ [35m[[36mCGMBLEKit[0m] [1mCopying[0m Localizable.strings[0m
Build	Fastlane Build & Archive	2026-07-20T11:23:27.2233140Z [11:23:26]: ▸ [35m[[36mCGMBLEKit[0m] [1mCopying[0m Localizable.strings[0m
Build	Fastlane Build & Archive	2026-07-20T11:23:27.2503550Z [11:23:26]: ▸ [35m[[36mCGMBLEKit[0m] [1mCopying[0m Localizable.strings[0m
Build	Fastlane Build & Archive	2026-07-20T11:23:27.2504090Z [11:23:26]: ▸ [35m[[36mCGMBLEKit[0m] [1mCopying[0m Localizable.strings[0m
Build	Fastlane Build & Archive	2026-07-20T11:23:27.2504560Z [11:23:26]: ▸ [35m[[36mCGMBLEKit[0m] [1mCopying[0m Localizable.strings[0m
Build	Fastlane Build & Archive	2026-07-20T11:23:27.2505010Z [11:23:26]: ▸ [35m[[36mCGMBLEKit[0m] [1mCopying[0m Localizable.strings[0m
Build	Fastlane Build & Archive	2026-07-20T11:23:27.2505460Z [11:23:26]: ▸ [35m[[36mCGMBLEKit[0m] [1mCopying[0m Localizable.strings[0m
Build	Fastlane Build & Archive	2026-07-20T11:23:27.2506210Z [11:23:26]: ▸ [35m[[36mCGMBLEKit[0m] [1mCopying[0m Localizable.strings[0m
Build	Fastlane Build & Archive	2026-07-20T11:23:27.2506680Z [11:23:27]: ▸ [35m[[36mCGMBLEKit[0m] [1mCopying[0m Localizable.strings[0m
Build	Fastlane Build & Archive	2026-07-20T11:23:27.2507280Z [11:23:27]: ▸ [35m[[36mCGMBLEKit[0m] [1mCopying[0m Localizable.strings[0m
Build	Fastlane Build & Archive	2026-07-20T11:23:27.2507750Z [11:23:27]: ▸ [35m[[36mCGMBLEKit[0m] [1mCopying[0m Localizable.strings[0m
Build	Fastlane Build & Archive	2026-07-20T11:23:27.2508240Z [11:23:27]: ▸ [35m[[36mCGMBLEKit[0m] [1mCopying[0m Localizable.strings[0m
Build	Fastlane Build & Archive	2026-07-20T11:23:27.2508680Z [11:23:27]: ▸ [35m[[36mCGMBLEKit[0m] [1mCopying[0m Localizable.strings[0m
Build	Fastlane Build & Archive	2026-07-20T11:23:27.2509130Z [11:23:27]: ▸ [35m[[36mCGMBLEKit[0m] [1mCopying[0m Localizable.strings[0m
Build	Fastlane Build & Archive	2026-07-20T11:23:27.2509570Z [11:23:27]: ▸ [35m[[36mCGMBLEKit[0m] [1mCopying[0m Localizable.strings[0m
Build	Fastlane Build & Archive	2026-07-20T11:23:27.2510010Z [11:23:27]: ▸ [35m[[36mCGMBLEKit[0m] [1mCopying[0m Localizable.strings[0m
Build	Fastlane Build & Archive	2026-07-20T11:23:27.2510470Z [11:23:27]: ▸ [35m[[36mCGMBLEKit[0m] [1mCopying[0m Localizable.strings[0m
Build	Fastlane Build & Archive	2026-07-20T11:23:27.2510920Z [11:23:27]: ▸ [35m[[36mCGMBLEKit[0m] [1mCopying[0m Localizable.strings[0m
Build	Fastlane Build & Archive	2026-07-20T11:23:27.2511370Z [11:23:27]: ▸ [35m[[36mCGMBLEKit[0m] [1mCopying[0m Localizable.strings[0m
Build	Fastlane Build & Archive	2026-07-20T11:23:27.2511810Z [11:23:27]: ▸ [35m[[36mCGMBLEKit[0m] [1mCopying[0m Localizable.strings[0m
Build	Fastlane Build & Archive	2026-07-20T11:23:27.2512290Z [11:23:27]: ▸ [35m[[36mCGMBLEKit[0m] [1mCopying[0m Localizable.strings[0m
Build	Fastlane Build & Archive	2026-07-20T11:23:27.2512870Z [11:23:27]: ▸ [35m[[36mCryptoSwift_CryptoSwift[0m] [1mTouching[0m CryptoSwift_CryptoSwift.bundle[0m
Build	Fastlane Build & Archive	2026-07-20T11:23:27.2513490Z [11:23:27]: ▸ [35m[[36mPromises[0m] [1mRegisterExecutionPolicyException[0m Promises.o[0m
Build	Fastlane Build & Archive	2026-07-20T11:23:27.2514150Z [11:23:27]: ▸ [35m[[36mGoogleDataTransport[0m] [1mRegisterExecutionPolicyException[0m GoogleDataTransport.o[0m
Build	Fastlane Build & Archive	2026-07-20T11:23:27.2514710Z [11:23:27]: ▸ [35m[[36mSwiftJWT[0m] [1mLinking[0m SwiftJWT.o[0m
Build	Fastlane Build & Archive	2026-07-20T11:23:27.2515140Z [11:23:27]: ▸ [35m[[36mSwiftJWT[0m] [1mExtract App Intents Metadata[0m
Build	Fastlane Build & Archive	2026-07-20T11:23:27.2515670Z [11:23:27]: ▸ [35m[[36mFirebaseCore[0m] [1mRegisterExecutionPolicyException[0m FirebaseCore.o[0m
Build	Fastlane Build & Archive	2026-07-20T11:23:27.2516280Z [11:23:27]: ▸ [35m[[36mFirebaseSessionsObjC[0m] [1mLinking[0m FirebaseSessionsObjC.o[0m
Build	Fastlane Build & Archive	2026-07-20T11:23:27.2516850Z [11:23:27]: ▸ [35m[[36mFirebaseInstallations[0m] [1mLinking[0m FirebaseInstallations.o[0m
Build	Fastlane Build & Archive	2026-07-20T11:23:27.2517410Z [11:23:27]: ▸ [35m[[36mSwiftJWT[0m] [1mRegisterExecutionPolicyException[0m SwiftJWT.o[0m
Build	Fastlane Build & Archive	2026-07-20T11:23:27.2517930Z [11:23:27]: ▸ [35m[[36mCryptoSwift[0m] [1mLinking[0m CryptoSwift.o[0m
Build	Fastlane Build & Archive	2026-07-20T11:23:27.2518530Z [11:23:27]: ▸ [35m[[36mFirebaseSessionsObjC[0m] [1mRegisterExecutionPolicyException[0m FirebaseSessionsObjC.o[0m
Build	Fastlane Build & Archive	2026-07-20T11:23:27.2519110Z [11:23:27]: ▸ [35m[[36mCryptoSwift[0m] [1mExtract App Intents Metadata[0m
Build	Fastlane Build & Archive	2026-07-20T11:23:27.2862350Z [11:23:27]: ▸ [35m[[36mFirebaseInstallations[0m] [1mRegisterExecutionPolicyException[0m FirebaseInstallations.o[0m
Build	Fastlane Build & Archive	2026-07-20T11:23:27.2867510Z [11:23:27]: ▸ [35m[[36mFirebaseSessions[0m] [1mLinking[0m FirebaseSessions.o[0m
Build	Fastlane Build & Archive	2026-07-20T11:23:27.2868120Z [11:23:27]: ▸ [35m[[36mFirebaseSessions[0m] [1mExtract App Intents Metadata[0m
Build	Fastlane Build & Archive	2026-07-20T11:23:27.2870130Z [11:23:27]: ▸ [35m[[36mCryptoSwift[0m] [1mRegisterExecutionPolicyException[0m CryptoSwift.o[0m
Build	Fastlane Build & Archive	2026-07-20T11:23:27.2870930Z [11:23:27]: ▸ [35m[[36mCryptoSwift[0m] [1mLinking[0m CryptoSwift_-360922625E627667_PackageProduct[0m
Build	Fastlane Build & Archive	2026-07-20T11:23:27.2871640Z [11:23:27]: ▸ [35m[[36mCryptoSwift[0m] [1mProcessing[0m empty-CryptoSwift_-360922625E627667_PackageProduct.plist[0m
Build	Fastlane Build & Archive	2026-07-20T11:23:27.2873850Z [11:23:27]: ▸ [35m[[36mCryptoSwift[0m] [1mGenerating[0m CryptoSwift_-360922625E627667_PackageProduct.framework.dSYM[0m
Build	Fastlane Build & Archive	2026-07-20T11:23:27.2874570Z [11:23:27]: ▸ [35m[[36mCryptoSwift[0m] [1mCopying[0m CryptoSwift_CryptoSwift.bundle[0m
Build	Fastlane Build & Archive	2026-07-20T11:23:27.2875560Z [11:23:27]: ▸ [35m[[36mAlgorithms[0m] [1mRegisterExecutionPolicyException[0m Algorithms.o[0m
Build	Fastlane Build & Archive	2026-07-20T11:23:27.2876240Z [11:23:27]: ▸ [35m[[36mFirebaseSessions[0m] [1mRegisterExecutionPolicyException[0m FirebaseSessions.o[0m
Build	Fastlane Build & Archive	2026-07-20T11:23:27.2877050Z [11:23:27]: ▸ [35m[[36mFirebaseCrashlytics[0m] [1mLinking[0m FirebaseCrashlytics.o[0m
Build	Fastlane Build & Archive	2026-07-20T11:23:27.2877800Z [11:23:27]: ▸ [35m[[36mCryptoSwift[0m] [1mRegisterExecutionPolicyException[0m CryptoSwift_-360922625E627667_PackageProduct.framework[0m
Build	Fastlane Build & Archive	2026-07-20T11:23:27.2878670Z [11:23:27]: ▸ [35m[[36mCryptoSwift[0m] [1mTouching[0m CryptoSwift_-360922625E627667_PackageProduct.framework[0m
Build	Fastlane Build & Archive	2026-07-20T11:23:27.2879420Z [11:23:27]: ▸ [35m[[36mFirebaseCrashlytics[0m] [1mRegisterExecutionPolicyException[0m FirebaseCrashlytics.o[0m
Build	Fastlane Build & Archive	2026-07-20T11:23:27.2880140Z [11:23:27]: ▸ [35m[[36mCGMBLEKit[0m] [1mCopy[0m arm64-apple-ios.swiftmodule -> CGMBLEKit.swiftmodule[0m
Build	Fastlane Build & Archive	2026-07-20T11:23:27.2880790Z [11:23:27]: ▸ [35m[[36mCGMBLEKit[0m] [1mCopy[0m arm64-apple-ios.swiftdoc -> CGMBLEKit.swiftdoc[0m
Build	Fastlane Build & Archive	2026-07-20T11:23:27.2881430Z [11:23:27]: ▸ [35m[[36mCGMBLEKit[0m] [1mCopy[0m arm64-apple-ios.abi.json -> CGMBLEKit.abi.json[0m
Build	Fastlane Build & Archive	2026-07-20T11:23:27.2881990Z [11:23:27]: ▸ [35m[[36mCGMBLEKit[0m] [1mCompiling[0m CGMBLEKit_vers.c[0m
Build	Fastlane Build & Archive	2026-07-20T11:23:27.2882450Z [11:23:27]: ▸ [35m[[36mCGMBLEKit[0m] [1mCompiling[0m AESCrypt.m[0m
Build	Fastlane Build & Archive	2026-07-20T11:23:27.2882880Z [11:23:27]: ▸ [35m[[36mCGMBLEKit[0m] [1mLinking[0m CGMBLEKit[0m
Build	Fastlane Build & Archive	2026-07-20T11:23:27.2884550Z [11:23:27]: ▸ [35m[[36mCGMBLEKit[0m] [1mExtract App Intents Metadata[0m
Build	Fastlane Build & Archive	2026-07-20T11:23:27.2910780Z [11:23:27]: ▸ [35m[[36mCGMBLEKit[0m] [1mGenerating[0m CGMBLEKit.framework.dSYM[0m
Build	Fastlane Build & Archive	2026-07-20T11:23:27.2911730Z [11:23:27]: ▸ [35m[[36mCGMBLEKit[0m] [1mRegisterExecutionPolicyException[0m CGMBLEKit.framework[0m
Build	Fastlane Build & Archive	2026-07-20T11:23:27.2912290Z [11:23:27]: ▸ [35m[[36mCGMBLEKit[0m] [1mTouching[0m CGMBLEKit.framework[0m
Build	Fastlane Build & Archive	2026-07-20T11:23:27.2912900Z [11:23:27]: ▸ [35m[[36mLoopKitUI[0m] [1mCopy[0m arm64-apple-ios.swiftmodule -> LoopKitUI.swiftmodule[0m
Build	Fastlane Build & Archive	2026-07-20T11:23:27.2913530Z [11:23:27]: ▸ [35m[[36mLoopKitUI[0m] [1mCopy[0m arm64-apple-ios.swiftdoc -> LoopKitUI.swiftdoc[0m
Build	Fastlane Build & Archive	2026-07-20T11:23:27.2914470Z [11:23:27]: ▸ [35m[[36mLoopKitUI[0m] [1mCopy[0m arm64-apple-ios.abi.json -> LoopKitUI.abi.json[0m
Build	Fastlane Build & Archive	2026-07-20T11:23:27.2924430Z [11:23:27]: ▸ [35m[[36mLoopKitUI[0m] [1mCompiling[0m LoopKitUI_vers.c[0m
Build	Fastlane Build & Archive	2026-07-20T11:23:31.2073440Z [11:23:31]: ▸ [35m[[36mTidepoolServiceKitUI[0m] [1mGenerate Asset Symbols[0m Assets.xcassets[0m
Build	Fastlane Build & Archive	2026-07-20T11:23:31.2183090Z [11:23:31]: ▸ [35m[[36mLoopKitUI[0m] [1mLinking[0m LoopKitUI[0m
Build	Fastlane Build & Archive	2026-07-20T11:23:35.8802010Z [11:23:35]: ▸ [35m[[36mLoopKitUI[0m] [1mGenerating[0m LoopKitUI.framework.dSYM[0m
Build	Fastlane Build & Archive	2026-07-20T11:23:35.9908830Z [11:23:35]: ▸ [35m::warning file=/Users/runner/work/Trio/Trio/TidepoolService/TidepoolServiceKitUI/TidepoolService+UI.swift,line=32,col=1::extension declares a conformance of imported type 'TidepoolService' to imported protocol 'ServiceUI'; this will not behave correctly if the owners of 'TidepoolServiceKit' introduce this conformance in the future[0m
Build	Fastlane Build & Archive	2026-07-20T11:23:35.9937420Z [11:23:35]: ▸ [35mextension TidepoolService: ServiceUI {[0m
Build	Fastlane Build & Archive	2026-07-20T11:23:35.9938120Z [11:23:35]: ▸ [35m^[0m
Build	Fastlane Build & Archive	2026-07-20T11:23:35.9940830Z [11:23:35]: ▸ [35m::warning file=/Users/runner/work/Trio/Trio/TidepoolService/TidepoolServiceKitUI/TidepoolService+UI.swift,line=47,col=36::no 'async' operations occur within 'await' expression[0m
Build	Fastlane Build & Archive	2026-07-20T11:23:35.9944220Z [11:23:35]: ▸ [35m                guard let window = await navController.view.window else {[0m
Build	Fastlane Build & Archive	2026-07-20T11:23:35.9948110Z [11:23:35]: ▸ [35m                                   ^[0m
Build	Fastlane Build & Archive	2026-07-20T11:23:35.9955040Z [11:23:35]: ▸ [35m::warning file=/Users/runner/work/Trio/Trio/TidepoolService/TidepoolServiceKitUI/TidepoolService+UI.swift,line=56,col=17::no 'async' operations occur within 'await' expression[0m
Build	Fastlane Build & Archive	2026-07-20T11:23:35.9963210Z [11:23:35]: ▸ [35m                await navController.notifyServiceCreatedAndOnboarded(service)[0m
Build	Fastlane Build & Archive	2026-07-20T11:23:35.9969330Z [11:23:35]: ▸ [35m                ^[0m
Build	Fastlane Build & Archive	2026-07-20T11:23:35.9983150Z [11:23:35]: ▸ [35m::warning file=/Users/runner/work/Trio/Trio/TidepoolService/TidepoolServiceKitUI/TidepoolService+UI.swift,line=78,col=40::no 'async' operations occur within 'await' expression[0m
Build	Fastlane Build & Archive	2026-07-20T11:23:35.9991590Z [11:23:35]: ▸ [35m                    guard let window = await navController.view.window else {[0m
Build	Fastlane Build & Archive	2026-07-20T11:23:36.0002220Z [11:23:35]: ▸ [35m                                       ^[0m
Build	Fastlane Build & Archive	2026-07-20T11:23:36.2311300Z [11:23:36]: ▸ [35m[36;1mnote: [0mEmplaced /Users/runner/Library/Developer/Xcode/DerivedData/Trio-bovmnxebschsylahdeysnjjqdcte/Build/Intermediates.noindex/ArchiveIntermediates/Trio/IntermediateBuildFilesPath/UninstalledProducts/iphoneos/TidepoolServiceKitUI.framework/Assets.car (in target 'TidepoolServiceKitUI' from project 'TidepoolService')[0m
Build	Fastlane Build & Archive	2026-07-20T11:23:36.6854560Z [11:23:36]: ▸ [35m[[36mLoopKitUI[0m] [1mExtract App Intents Metadata[0m
Build	Fastlane Build & Archive	2026-07-20T11:23:36.6855730Z [11:23:36]: ▸ [35m[[36mTidepoolServiceKitUI[0m] [1mCopy[0m arm64-apple-ios.swiftmodule -> TidepoolServiceKitUI.swiftmodule[0m
Build	Fastlane Build & Archive	2026-07-20T11:23:36.6888670Z [11:23:36]: ▸ [35m[[36mTidepoolServiceKitUI[0m] [1mCopy[0m arm64-apple-ios.swiftdoc -> TidepoolServiceKitUI.swiftdoc[0m
Build	Fastlane Build & Archive	2026-07-20T11:23:36.6906190Z [11:23:36]: ▸ [35m[[36mTidepoolServiceKitUI[0m] [1mCopy[0m arm64-apple-ios.abi.json -> TidepoolServiceKitUI.abi.json[0m
Build	Fastlane Build & Archive	2026-07-20T11:23:36.6990210Z [11:23:36]: ▸ [35m[[36mTidepoolServiceKitUI[0m] [1mCompiling[0m TidepoolServiceKitUI_vers.c[0m
Build	Fastlane Build & Archive	2026-07-20T11:23:37.9197040Z [11:23:37]: ▸ [35m[[36mMockKit[0m] [1mGenerate Asset Symbols[0m Assets.xcassets[0m
Build	Fastlane Build & Archive	2026-07-20T11:23:48.1749430Z [11:23:48]: ▸ [35m[[36mRileyLinkKit[0m] [1mCopy[0m arm64-apple-ios.swiftmodule -> RileyLinkKit.swiftmodule[0m
Build	Fastlane Build & Archive	2026-07-20T11:23:48.1854940Z [11:23:48]: ▸ [35m[[36mRileyLinkKit[0m] [1mCopy[0m arm64-apple-ios.swiftdoc -> RileyLinkKit.swiftdoc[0m
Build	Fastlane Build & Archive	2026-07-20T11:23:48.1960090Z [11:23:48]: ▸ [35m[[36mRileyLinkKit[0m] [1mCopy[0m arm64-apple-ios.abi.json -> RileyLinkKit.abi.json[0m
Build	Fastlane Build & Archive	2026-07-20T11:23:48.2044800Z [11:23:48]: ▸ [35m[36;1mnote: [0mEmplaced /Users/runner/Library/Developer/Xcode/DerivedData/Trio-bovmnxebschsylahdeysnjjqdcte/Build/Intermediates.noindex/ArchiveIntermediates/Trio/IntermediateBuildFilesPath/UninstalledProducts/iphoneos/MockKit.framework/Assets.car (in target 'MockKit' from project 'LoopKit')[0m
Build	Fastlane Build & Archive	2026-07-20T11:23:48.2048400Z [11:23:48]: ▸ [35m[[36mRileyLinkKit[0m] [1mCompiling[0m RileyLinkKit_vers.c[0m
Build	Fastlane Build & Archive	2026-07-20T11:23:48.2049580Z [11:23:48]: ▸ [35m[[36mRileyLinkKitUI[0m] [1mGenerate Asset Symbols[0m RileyLinkKitUI.xcassets[0m
Build	Fastlane Build & Archive	2026-07-20T11:23:48.2052660Z [11:23:48]: ▸ [35m::warning file=/Users/runner/work/Trio/Trio/dexcom-share-client-swift/ShareClientUI/ShareService+UI.swift,line=12,col=1::extension declares a conformance of imported type 'ShareService' to imported protocol 'ServiceAuthenticationUI'; this will not behave correctly if the owners of 'ShareClient' introduce this conformance in the future[0m
Build	Fastlane Build & Archive	2026-07-20T11:23:48.2056040Z [11:23:48]: ▸ [35mextension ShareService: ServiceAuthenticationUI {[0m
Build	Fastlane Build & Archive	2026-07-20T11:23:48.2057140Z [11:23:48]: ▸ [35m^[0m
Build	Fastlane Build & Archive	2026-07-20T11:23:48.2059350Z [11:23:48]: ▸ [35m::warning file=/Users/runner/work/Trio/Trio/dexcom-share-client-swift/ShareClientUI/ShareClientManager+UI.swift,line=14,col=1::extension declares a conformance of imported type 'ShareClientManager' to imported protocols 'CGMManagerUI', 'DeviceManagerUI', 'DisplayGlucoseUnitObserver', 'CGMStatusIndicator'; this will not behave correctly if the owners of 'ShareClient' introduce this conformance in the future[0m
Build	Fastlane Build & Archive	2026-07-20T11:23:48.2061660Z [11:23:48]: ▸ [35mextension ShareClientManager: CGMManagerUI {[0m
Build	Fastlane Build & Archive	2026-07-20T11:23:48.2062240Z [11:23:48]: ▸ [35m^[0m
Build	Fastlane Build & Archive	2026-07-20T11:23:48.2063740Z [11:23:48]: ▸ [35m[36;1mnote: [0mEmplaced /Users/runner/Library/Developer/Xcode/DerivedData/Trio-bovmnxebschsylahdeysnjjqdcte/Build/Intermediates.noindex/ArchiveIntermediates/Trio/IntermediateBuildFilesPath/UninstalledProducts/iphoneos/RileyLinkKitUI.framework/Assets.car (in target 'RileyLinkKitUI' from project 'RileyLinkKit')[0m
Build	Fastlane Build & Archive	2026-07-20T11:23:48.2072630Z [11:23:48]: ▸ [35m[[36mShareClientUI[0m] [1mCopy[0m arm64-apple-ios.swiftmodule -> ShareClientUI.swiftmodule[0m
Build	Fastlane Build & Archive	2026-07-20T11:23:48.2073420Z [11:23:48]: ▸ [35m[[36mShareClientUI[0m] [1mCopy[0m arm64-apple-ios.swiftdoc -> ShareClientUI.swiftdoc[0m
Build	Fastlane Build & Archive	2026-07-20T11:23:48.2074200Z [11:23:48]: ▸ [35m[[36mShareClientUI[0m] [1mCopy[0m arm64-apple-ios.abi.json -> ShareClientUI.abi.json[0m
Build	Fastlane Build & Archive	2026-07-20T11:23:48.2074920Z [11:23:48]: ▸ [35m[[36mShareClientUI[0m] [1mCompiling[0m ShareClientUI_vers.c[0m
Build	Fastlane Build & Archive	2026-07-20T11:23:48.2075610Z [11:23:48]: ▸ [35m[[36mMedtrumKit[0m] [1mGenerate Asset Symbols[0m MedtrumUI.xcassets[0m
Build	Fastlane Build & Archive	2026-07-20T11:23:48.4948450Z [11:23:48]: ▸ [35m[36;1mnote: [0mEmplaced /Users/runner/Library/Developer/Xcode/DerivedData/Trio-bovmnxebschsylahdeysnjjqdcte/Build/Intermediates.noindex/ArchiveIntermediates/Trio/IntermediateBuildFilesPath/UninstalledProducts/iphoneos/MedtrumKit.framework/Assets.car (in target 'MedtrumKit' from project 'MedtrumKit')[0m
Build	Fastlane Build & Archive	2026-07-20T11:23:48.5055380Z [11:23:48]: ▸ [35m[[36mMockKit[0m] [1mCopy[0m arm64-apple-ios.swiftmodule -> MockKit.swiftmodule[0m
Build	Fastlane Build & Archive	2026-07-20T11:23:48.5120620Z [11:23:48]: ▸ [35m[[36mMockKit[0m] [1mCopy[0m arm64-apple-ios.swiftdoc -> MockKit.swiftdoc[0m
Build	Fastlane Build & Archive	2026-07-20T11:23:48.5127350Z [11:23:48]: ▸ [35m[[36mMockKit[0m] [1mCopy[0m arm64-apple-ios.abi.json -> MockKit.abi.json[0m
Build	Fastlane Build & Archive	2026-07-20T11:23:48.5135560Z [11:23:48]: ▸ [35m[[36mMockKit[0m] [1mCompiling[0m MockKit_vers.c[0m
Build	Fastlane Build & Archive	2026-07-20T11:24:17.1831420Z [11:24:17]: ▸ [35m[[36mRileyLinkKitUI[0m] [1mCopy[0m arm64-apple-ios.swiftmodule -> RileyLinkKitUI.swiftmodule[0m
Build	Fastlane Build & Archive	2026-07-20T11:24:17.1939790Z [11:24:17]: ▸ [35m[[36mRileyLinkKitUI[0m] [1mCopy[0m arm64-apple-ios.swiftdoc -> RileyLinkKitUI.swiftdoc[0m
Build	Fastlane Build & Archive	2026-07-20T11:24:17.1987350Z [11:24:17]: ▸ [35m[[36mRileyLinkKitUI[0m] [1mCopy[0m arm64-apple-ios.abi.json -> RileyLinkKitUI.abi.json[0m
Build	Fastlane Build & Archive	2026-07-20T11:24:17.1989740Z [11:24:17]: ▸ [35m[[36mMockKitUI[0m] [1mGenerate Asset Symbols[0m Assets.xcassets[0m
Build	Fastlane Build & Archive	2026-07-20T11:24:17.1992290Z [11:24:17]: ▸ [35m[36;1mnote: [0mEmplaced /Users/runner/Library/Developer/Xcode/DerivedData/Trio-bovmnxebschsylahdeysnjjqdcte/Build/Intermediates.noindex/ArchiveIntermediates/Trio/IntermediateBuildFilesPath/UninstalledProducts/iphoneos/MockKitUI.framework/Assets.car (in target 'MockKitUI' from project 'LoopKit')[0m
Build	Fastlane Build & Archive	2026-07-20T11:24:17.1995290Z [11:24:17]: ▸ [35m[[36mRileyLinkKitUI[0m] [1mCompiling[0m RileyLinkKitUI_vers.c[0m
Build	Fastlane Build & Archive	2026-07-20T11:24:17.2010020Z [11:24:17]: ▸ [35m::warning file=/Users/runner/work/Trio/Trio/LoopKit/MockKitUI/MockCGMManager+UI.swift,line=17,col=1::extension declares a conformance of imported type 'MockCGMManager' to imported protocols 'CGMManagerUI', 'DeviceManagerUI', 'DisplayGlucoseUnitObserver', 'CGMStatusIndicator'; this will not behave correctly if the owners of 'MockKit' introduce this conformance in the future[0m
Build	Fastlane Build & Archive	2026-07-20T11:24:17.2076970Z [11:24:17]: ▸ [35mextension MockCGMManager: CGMManagerUI {[0m
Build	Fastlane Build & Archive	2026-07-20T11:24:17.2077680Z [11:24:17]: ▸ [35m^[0m
Build	Fastlane Build & Archive	2026-07-20T11:24:17.2080520Z [11:24:17]: ▸ [35m::warning file=/Users/runner/work/Trio/Trio/LoopKit/MockKitUI/MockPumpManager+UI.swift,line=16,col=1::extension declares a conformance of imported type 'MockPumpManager' to imported protocols 'PumpManagerUI', 'DeviceManagerUI', 'PumpStatusIndicator'; this will not behave correctly if the owners of 'MockKit' introduce this conformance in the future[0m
Build	Fastlane Build & Archive	2026-07-20T11:24:17.2082160Z [11:24:17]: ▸ [35mextension MockPumpManager: PumpManagerUI {[0m
Build	Fastlane Build & Archive	2026-07-20T11:24:17.2082850Z [11:24:17]: ▸ [35m^[0m
Build	Fastlane Build & Archive	2026-07-20T11:24:17.2088090Z [11:24:17]: ▸ [35m::warning file=/Users/runner/work/Trio/Trio/LoopKit/MockKitUI/ViewModel/MockCGMManagerSettingsViewModel.swift,line=93,col=13::initialization of immutable value 'glucoseUnitPerMinute' was never used; consider replacing with assignment to '_' or removing it[0m
Build	Fastlane Build & Archive	2026-07-20T11:24:17.2115300Z [11:24:17]: ▸ [35m        let glucoseUnitPerMinute = displayGlucosePreference.unit.unitDivided(by: .minute())[0m
Build	Fastlane Build & Archive	2026-07-20T11:24:17.2124810Z [11:24:17]: ▸ [35m        ~~~~^~~~~~~~~~~~~~~~~~~~[0m
Build	Fastlane Build & Archive	2026-07-20T11:24:17.2126200Z [11:24:17]: ▸ [35m::warning file=/Users/runner/work/Trio/Trio/LoopKit/MockKitUI/MockService+UI.swift,line=15,col=1::extension declares a conformance of imported type 'MockService' to imported protocol 'ServiceUI'; this will not behave correctly if the owners of 'MockKit' introduce this conformance in the future[0m
Build	Fastlane Build & Archive	2026-07-20T11:24:17.2127450Z [11:24:17]: ▸ [35mextension MockService: ServiceUI {[0m
Build	Fastlane Build & Archive	2026-07-20T11:24:17.2127850Z [11:24:17]: ▸ [35m^[0m
Build	Fastlane Build & Archive	2026-07-20T11:24:17.2128500Z [11:24:17]: ▸ [35m[[36mMockKitUI[0m] [1mCopy[0m arm64-apple-ios.swiftmodule -> MockKitUI.swiftmodule[0m
Build	Fastlane Build & Archive	2026-07-20T11:24:17.2129820Z [11:24:17]: ▸ [35m[[36mMockKitUI[0m] [1mCopy[0m arm64-apple-ios.swiftdoc -> MockKitUI.swiftdoc[0m
Build	Fastlane Build & Archive	2026-07-20T11:24:17.2130560Z [11:24:17]: ▸ [35m[[36mMockKitUI[0m] [1mCopy[0m arm64-apple-ios.abi.json -> MockKitUI.abi.json[0m
Build	Fastlane Build & Archive	2026-07-20T11:24:22.2481380Z [11:24:22]: ▸ [35m/Users/runner/work/Trio/Trio/OmnipodKit/OmnipodKitPlugin/OmnipodKitPlugin.swift:11:8: warning: file 'OmnipodKitPlugin.swift' is part of module 'OmnipodKit'; ignoring import[0m
Build	Fastlane Build & Archive	2026-07-20T11:24:22.2591700Z [11:24:22]: ▸ [35mimport OmnipodKit[0m
Build	Fastlane Build & Archive	2026-07-20T11:24:22.2937340Z [11:24:22]: ▸ [35m       ^[0m
Build	Fastlane Build & Archive	2026-07-20T11:24:42.0304130Z [11:24:42]: ▸ [35m::warning file=/Users/runner/work/Trio/Trio/LibreTransmitter/Bluetooth/Transmitter/Libre2DirectTransmitter.swift,line=63,col=66::string interpolation produces a debug description for an optional value; did you mean to make this explicit?[0m
Build	Fastlane Build & Archive	2026-07-20T11:24:42.0308190Z [11:24:42]: ▸ [35m        print("Libre 2 detection using MAC address as matcher: \(UserDefaults.standard.preSelectedSensor?.macAddress?.lowercased()) vs \(name.lowercased())")[0m
Build	Fastlane Build & Archive	2026-07-20T11:24:42.0411720Z [11:24:42]: ▸ [35m                                                                 ^~~~~~~~~~~~~~~~~~~~~~~~~~~~~~~~~~~~~~~~~~~~~~~~~~~~~~~~~~~~~~~~~[0m
Build	Fastlane Build & Archive	2026-07-20T11:24:42.0622070Z [11:24:42]: ▸ [35m::warning file=/Users/runner/work/Trio/Trio/LibreTransmitter/LibreSensor/SensorPairing/SensorPairingService.swift,line=184,col=125::string interpolation produces a debug description for an optional value; did you mean to make this explicit?[0m
Build	Fastlane Build & Archive	2026-07-20T11:24:42.0727730Z [11:24:42]: ▸ [35m                                        print("got patchhex: \(patchHex) and sensorType: \(sensorType), with mac address: \(macAddress)")[0m
Build	Fastlane Build & Archive	2026-07-20T11:24:42.0742090Z [11:24:42]: ▸ [35m                                                                                                                            ^~~~~~~~~~[0m
Build	Fastlane Build & Archive	2026-07-20T11:24:42.1484780Z [11:24:42]: ▸ [35m[[36mMinimedKit[0m] [1mCopy[0m arm64-apple-ios.swiftmodule -> MinimedKit.swiftmodule[0m
Build	Fastlane Build & Archive	2026-07-20T11:24:42.1590100Z [11:24:42]: ▸ [35m[[36mMinimedKit[0m] [1mCopy[0m arm64-apple-ios.swiftdoc -> MinimedKit.swiftdoc[0m
Build	Fastlane Build & Archive	2026-07-20T11:24:42.1694190Z [11:24:42]: ▸ [35m[[36mMinimedKit[0m] [1mCopy[0m arm64-apple-ios.abi.json -> MinimedKit.abi.json[0m
Build	Fastlane Build & Archive	2026-07-20T11:24:42.1800310Z [11:24:42]: ▸ [35m[[36mMedtrumKit[0m] [1mCopy[0m arm64-apple-ios.swiftmodule -> MedtrumKit.swiftmodule[0m
Build	Fastlane Build & Archive	2026-07-20T11:24:42.1904250Z [11:24:42]: ▸ [35m[[36mMedtrumKit[0m] [1mCopy[0m arm64-apple-ios.swiftdoc -> MedtrumKit.swiftdoc[0m
Build	Fastlane Build & Archive	2026-07-20T11:24:42.2007080Z [11:24:42]: ▸ [35m[[36mMedtrumKit[0m] [1mCopy[0m arm64-apple-ios.abi.json -> MedtrumKit.abi.json[0m
Build	Fastlane Build & Archive	2026-07-20T11:24:42.2113240Z [11:24:42]: ▸ [35m[[36mOmnipodKit[0m] [1mGenerate Asset Symbols[0m OmniUI.xcassets[0m
Build	Fastlane Build & Archive	2026-07-20T11:24:42.2131570Z [11:24:42]: ▸ [35m[[36mMockKitUI[0m] [1mCompiling[0m MockKitUI_vers.c[0m
Build	Fastlane Build & Archive	2026-07-20T11:24:42.2141240Z [11:24:42]: ▸ [35m::warning file=/Users/runner/work/Trio/Trio/OmnipodKit/OmnipodKitPlugin/OmnipodKitPlugin.swift,line=11,col=8::File 'OmnipodKitPlugin.swift' is part of module 'OmnipodKit'; ignoring import[0m
Build	Fastlane Build & Archive	2026-07-20T11:24:42.2242570Z [11:24:42]: ▸ [35mimport OmnipodKit[0m
Build	Fastlane Build & Archive	2026-07-20T11:24:42.2268330Z [11:24:42]: ▸ [35m       ^ (in target 'OmnipodKit' from project 'OmnipodKit')[0m
Build	Fastlane Build & Archive	2026-07-20T11:25:45.9387440Z [11:25:45]: ▸ [35m::warning file=/Users/runner/work/Trio/Trio/OmnipodKit/OmnipodKitPlugin/OmnipodKitPlugin.swift,line=11,col=8::file 'OmnipodKitPlugin.swift' is part of module 'OmnipodKit'; ignoring import[0m
Build	Fastlane Build & Archive	2026-07-20T11:25:45.9389090Z [11:25:45]: ▸ [35mimport OmnipodKit[0m
Build	Fastlane Build & Archive	2026-07-20T11:25:45.9389660Z [11:25:45]: ▸ [35m       ^[0m
Build	Fastlane Build & Archive	2026-07-20T11:25:46.0664380Z [11:25:46]: ▸ [35m[36;1mnote: [0mEmplaced /Users/runner/Library/Developer/Xcode/DerivedData/Trio-bovmnxebschsylahdeysnjjqdcte/Build/Intermediates.noindex/ArchiveIntermediates/Trio/IntermediateBuildFilesPath/UninstalledProducts/iphoneos/OmnipodKit.framework/Assets.car (in target 'OmnipodKit' from project 'OmnipodKit')[0m
Build	Fastlane Build & Archive	2026-07-20T11:25:46.0748690Z [11:25:46]: ▸ [35m[[36mMinimedKit[0m] [1mCompiling[0m MinimedKit_vers.c[0m
Build	Fastlane Build & Archive	2026-07-20T11:25:46.0752760Z [11:25:46]: ▸ [35m[[36mMedtrumKit[0m] [1mCompiling[0m MedtrumKit_vers.c[0m
Build	Fastlane Build & Archive	2026-07-20T11:25:46.0760030Z [11:25:46]: ▸ [35m[[36mG7SensorKit[0m] [1mCopy[0m arm64-apple-ios.swiftmodule -> G7SensorKit.swiftmodule[0m
Build	Fastlane Build & Archive	2026-07-20T11:25:46.0790460Z [11:25:46]: ▸ [35m[[36mG7SensorKit[0m] [1mCopy[0m arm64-apple-ios.swiftdoc -> G7SensorKit.swiftdoc[0m
Build	Fastlane Build & Archive	2026-07-20T11:25:46.0791560Z [11:25:46]: ▸ [35m[[36mG7SensorKit[0m] [1mCopy[0m arm64-apple-ios.abi.json -> G7SensorKit.abi.json[0m
Build	Fastlane Build & Archive	2026-07-20T11:25:46.0793440Z [11:25:46]: ▸ [35m[[36mDanaKit[0m] [1mGenerate Asset Symbols[0m DanaKitUI.xcassets[0m
Build	Fastlane Build & Archive	2026-07-20T11:25:46.0795080Z [11:25:46]: ▸ [35m[36;1mnote: [0mEmplaced /Users/runner/Library/Developer/Xcode/DerivedData/Trio-bovmnxebschsylahdeysnjjqdcte/Build/Intermediates.noindex/ArchiveIntermediates/Trio/IntermediateBuildFilesPath/UninstalledProducts/iphoneos/DanaKit.framework/Assets.car (in target 'DanaKit' from project 'DanaKit')[0m
Build	Fastlane Build & Archive	2026-07-20T11:25:46.0799690Z [11:25:46]: ▸ [35m[[36mG7SensorKit[0m] [1mCompiling[0m G7SensorKit_vers.c[0m
Build	Fastlane Build & Archive	2026-07-20T11:25:46.0803720Z [11:25:46]: ▸ [35m::warning file=/Users/runner/work/Trio/Trio/DanaKit/DanaKit/Packets/DanaLoopSetEventHistory.swift,line=32,col=9::variable 'param1' was never mutated; consider changing to 'let' constant[0m
Build	Fastlane Build & Archive	2026-07-20T11:25:46.0818780Z [11:25:46]: ▸ [35m    var param1 = options.param1[0m
Build	Fastlane Build & Archive	2026-07-20T11:25:46.0828220Z [11:25:46]: ▸ [35m    ~~~ ^[0m
Build	Fastlane Build & Archive	2026-07-20T11:25:46.0831450Z [11:25:46]: ▸ [35m::warning file=/Users/runner/work/Trio/Trio/DanaKit/DanaKit/PumpManager/DanaKitPumpManagerState.swift,line=433,col=31::string interpolation produces a debug description for an optional value; did you mean to make this explicit?[0m
Build	Fastlane Build & Archive	2026-07-20T11:25:46.0834800Z [11:25:46]: ▸ [35m            "* insulinType: \(insulinType ?? .none)",[0m
Build	Fastlane Build & Archive	2026-07-20T11:25:46.0864370Z [11:25:46]: ▸ [35m                              ^~~~~~~~~~~~~~~~~~~~[0m
Build	Fastlane Build & Archive	2026-07-20T11:25:46.0866030Z [11:25:46]: ▸ [35m[[36mLoopKitUI[0m] [1mRegisterExecutionPolicyException[0m LoopKitUI.framework[0m
Build	Fastlane Build & Archive	2026-07-20T11:25:46.0878080Z [11:25:46]: ▸ [35m[[36mLibreTransmitter[0m] [1mCopy[0m arm64-apple-ios.swiftmodule -> LibreTransmitter.swiftmodule[0m
Build	Fastlane Build & Archive	2026-07-20T11:25:46.0880260Z [11:25:46]: ▸ [35m[[36mLibreTransmitter[0m] [1mCopy[0m arm64-apple-ios.swiftdoc -> LibreTransmitter.swiftdoc[0m
Build	Fastlane Build & Archive	2026-07-20T11:25:46.0882350Z [11:25:46]: ▸ [35m[[36mLibreTransmitter[0m] [1mCopy[0m arm64-apple-ios.abi.json -> LibreTransmitter.abi.json[0m
Build	Fastlane Build & Archive	2026-07-20T11:25:46.0884260Z [11:25:46]: ▸ [35m[[36mCGMBLEKitUI[0m] [1mGenerate Asset Symbols[0m Assets.xcassets[0m
Build	Fastlane Build & Archive	2026-07-20T11:25:46.0888270Z [11:25:46]: ▸ [35m[36;1mnote: [0mEmplaced /Users/runner/Library/Developer/Xcode/DerivedData/Trio-bovmnxebschsylahdeysnjjqdcte/Build/Intermediates.noindex/ArchiveIntermediates/Trio/IntermediateBuildFilesPath/UninstalledProducts/iphoneos/CGMBLEKitUI.framework/Assets.car (in target 'CGMBLEKitUI' from project 'CGMBLEKit')[0m
Build	Fastlane Build & Archive	2026-07-20T11:25:46.0892290Z [11:25:46]: ▸ [35m[[36mLoopKitUI[0m] [1mTouching[0m LoopKitUI.framework[0m
Build	Fastlane Build & Archive	2026-07-20T11:25:46.0894050Z [11:25:46]: ▸ [35m[[36mMinimedKitUI[0m] [1mGenerate Asset Symbols[0m MinimedKitUI.xcassets[0m
Build	Fastlane Build & Archive	2026-07-20T11:25:46.0898060Z [11:25:46]: ▸ [35m[36;1mnote: [0mEmplaced /Users/runner/Library/Developer/Xcode/DerivedData/Trio-bovmnxebschsylahdeysnjjqdcte/Build/Intermediates.noindex/ArchiveIntermediates/Trio/IntermediateBuildFilesPath/UninstalledProducts/iphoneos/MinimedKitUI.framework/Assets.car (in target 'MinimedKitUI' from project 'MinimedKit')[0m
Build	Fastlane Build & Archive	2026-07-20T11:25:46.0995050Z [11:25:46]: ▸ [35m::warning file=/Users/runner/work/Trio/Trio/MinimedKit/MinimedKitUI/MinimedPumpManager+UI.swift,line=16,col=1::extension declares a conformance of imported type 'MinimedPumpManager' to imported protocols 'PumpManagerUI', 'DeviceManagerUI', 'PumpStatusIndicator'; this will not behave correctly if the owners of 'MinimedKit' introduce this conformance in the future[0m
Build	Fastlane Build & Archive	2026-07-20T11:25:46.1105560Z [11:25:46]: ▸ [35mextension MinimedPumpManager: PumpManagerUI {[0m
Build	Fastlane Build & Archive	2026-07-20T11:25:46.1170540Z [11:25:46]: ▸ [35m^[0m
Build	Fastlane Build & Archive	2026-07-20T11:25:46.1173260Z [11:25:46]: ▸ [35m::warning file=/Users/runner/work/Trio/Trio/CGMBLEKit/CGMBLEKitUI/TransmitterManager+UI.swift,line=15,col=1::extension declares a conformance of imported type 'G5CGMManager' to imported protocols 'CGMManagerUI', 'DeviceManagerUI', 'DisplayGlucoseUnitObserver', 'CGMStatusIndicator'; this will not behave correctly if the owners of 'CGMBLEKit' introduce this conformance in the future[0m
Build	Fastlane Build & Archive	2026-07-20T11:25:46.1178410Z [11:25:46]: ▸ [35mextension G5CGMManager: CGMManagerUI {[0m
Build	Fastlane Build & Archive	2026-07-20T11:25:46.1179070Z [11:25:46]: ▸ [35m^[0m
Build	Fastlane Build & Archive	2026-07-20T11:25:46.1180600Z [11:25:46]: ▸ [35m::warning file=/Users/runner/work/Trio/Trio/CGMBLEKit/CGMBLEKitUI/TransmitterManager+UI.swift,line=52,col=1::extension declares a conformance of imported type 'G6CGMManager' to imported protocols 'CGMManagerUI', 'DeviceManagerUI', 'DisplayGlucoseUnitObserver', 'CGMStatusIndicator'; this will not behave correctly if the owners of 'CGMBLEKit' introduce this conformance in the future[0m
Build	Fastlane Build & Archive	2026-07-20T11:25:46.1184640Z [11:25:46]: ▸ [35mextension G6CGMManager: CGMManagerUI {[0m
Build	Fastlane Build & Archive	2026-07-20T11:25:46.1186180Z [11:25:46]: ▸ [35m^[0m
Build	Fastlane Build & Archive	2026-07-20T11:25:46.1188090Z [11:25:46]: ▸ [35m[[36mMinimedKitUI[0m] [1mCopy[0m arm64-apple-ios.swiftmodule -> MinimedKitUI.swiftmodule[0m
Build	Fastlane Build & Archive	2026-07-20T11:25:46.1190430Z [11:25:46]: ▸ [35m[[36mMinimedKitUI[0m] [1mCopy[0m arm64-apple-ios.swiftdoc -> MinimedKitUI.swiftdoc[0m
Build	Fastlane Build & Archive	2026-07-20T11:25:46.1192660Z [11:25:46]: ▸ [35m[[36mMinimedKitUI[0m] [1mCopy[0m arm64-apple-ios.abi.json -> MinimedKitUI.abi.json[0m
Build	Fastlane Build & Archive	2026-07-20T11:25:46.1194930Z [11:25:46]: ▸ [35m[[36mCGMBLEKitUI[0m] [1mCopy[0m arm64-apple-ios.swiftmodule -> CGMBLEKitUI.swiftmodule[0m
Build	Fastlane Build & Archive	2026-07-20T11:25:46.1200250Z [11:25:46]: ▸ [35m[[36mCGMBLEKitUI[0m] [1mCopy[0m arm64-apple-ios.swiftdoc -> CGMBLEKitUI.swiftdoc[0m
Build	Fastlane Build & Archive	2026-07-20T11:25:46.1201620Z [11:25:46]: ▸ [35m[[36mCGMBLEKitUI[0m] [1mCopy[0m arm64-apple-ios.abi.json -> CGMBLEKitUI.abi.json[0m
Build	Fastlane Build & Archive	2026-07-20T11:25:46.1202890Z [11:25:46]: ▸ [35m[[36mLibreTransmitter[0m] [1mCompiling[0m LibreTransmitter_vers.c[0m
Build	Fastlane Build & Archive	2026-07-20T11:25:46.1204040Z [11:25:46]: ▸ [35m[[36mTidepoolServiceKitUI[0m] [1mProcessing[0m Info.plist[0m
Build	Fastlane Build & Archive	2026-07-20T11:25:46.1204810Z [11:25:46]: ▸ [35m[[36mTidepoolServiceKitUI[0m] [1mCompile XCStrings[0m Localizable.xcstrings[0m
Build	Fastlane Build & Archive	2026-07-20T11:25:46.1207430Z [11:25:46]: ▸ [35m[[36mTidepoolServiceKitUI[0m] [1mLinking[0m TidepoolServiceKitUI[0m
Build	Fastlane Build & Archive	2026-07-20T11:25:46.1208320Z [11:25:46]: ▸ [35m[[36mTidepoolServiceKitUI[0m] [1mCopying[0m Localizable.strings[0m
Build	Fastlane Build & Archive	2026-07-20T11:25:46.1209090Z [11:25:46]: ▸ [35m[[36mTidepoolServiceKitUI[0m] [1mGenerating[0m TidepoolServiceKitUI.framework.dSYM[0m
Build	Fastlane Build & Archive	2026-07-20T11:25:46.1209860Z [11:25:46]: ▸ [35m[[36mTidepoolServiceKitUI[0m] [1mCopying[0m Localizable.strings[0m
Build	Fastlane Build & Archive	2026-07-20T11:25:46.1210720Z [11:25:46]: ▸ [35m[[36mTidepoolServiceKitUI[0m] [1mCopying[0m Localizable.strings[0m
Build	Fastlane Build & Archive	2026-07-20T11:25:46.1214990Z [11:25:46]: ▸ [35m[[36mTidepoolServiceKitUI[0m] [1mCopying[0m Localizable.strings[0m
Build	Fastlane Build & Archive	2026-07-20T11:25:46.1215760Z [11:25:46]: ▸ [35m[[36mTidepoolServiceKitUI[0m] [1mCopying[0m Localizable.strings[0m
Build	Fastlane Build & Archive	2026-07-20T11:25:46.1217030Z [11:25:46]: ▸ [35m[[36mTidepoolServiceKitUI[0m] [1mCopying[0m Localizable.strings[0m
Build	Fastlane Build & Archive	2026-07-20T11:25:46.1217850Z [11:25:46]: ▸ [35m[[36mTidepoolServiceKitUI[0m] [1mCopying[0m Localizable.strings[0m
Build	Fastlane Build & Archive	2026-07-20T11:25:46.1218710Z [11:25:46]: ▸ [35m[[36mTidepoolServiceKitUI[0m] [1mCopying[0m Localizable.strings[0m
Build	Fastlane Build & Archive	2026-07-20T11:25:46.1219450Z [11:25:46]: ▸ [35m[[36mTidepoolServiceKitUI[0m] [1mCopying[0m Localizable.strings[0m
Build	Fastlane Build & Archive	2026-07-20T11:25:46.1220200Z [11:25:46]: ▸ [35m[[36mTidepoolServiceKitUI[0m] [1mCopying[0m Localizable.strings[0m
Build	Fastlane Build & Archive	2026-07-20T11:25:46.1222100Z [11:25:46]: ▸ [35m[[36mTidepoolServiceKitUI[0m] [1mCopying[0m Localizable.strings[0m
Build	Fastlane Build & Archive	2026-07-20T11:25:46.1222810Z [11:25:46]: ▸ [35m[[36mTidepoolServiceKitUI[0m] [1mCopying[0m Localizable.strings[0m
Build	Fastlane Build & Archive	2026-07-20T11:25:46.1226330Z [11:25:46]: ▸ [35m[[36mTidepoolServiceKitUI[0m] [1mCopying[0m Localizable.strings[0m
Build	Fastlane Build & Archive	2026-07-20T11:25:46.1227040Z [11:25:46]: ▸ [35m[[36mTidepoolServiceKitUI[0m] [1mCopying[0m Localizable.strings[0m
Build	Fastlane Build & Archive	2026-07-20T11:25:46.1227750Z [11:25:46]: ▸ [35m[[36mTidepoolServiceKitUI[0m] [1mCopying[0m Localizable.strings[0m
Build	Fastlane Build & Archive	2026-07-20T11:25:46.1228420Z [11:25:46]: ▸ [35m[[36mTidepoolServiceKitUI[0m] [1mCopying[0m Localizable.strings[0m
Build	Fastlane Build & Archive	2026-07-20T11:25:46.1229060Z [11:25:46]: ▸ [35m[[36mTidepoolServiceKitUI[0m] [1mCopying[0m Localizable.strings[0m
Build	Fastlane Build & Archive	2026-07-20T11:25:46.1231730Z [11:25:46]: ▸ [35m[[36mTidepoolServiceKitUI[0m] [1mCopying[0m Localizable.strings[0m
Build	Fastlane Build & Archive	2026-07-20T11:25:46.1232640Z [11:25:46]: ▸ [35m[[36mTidepoolServiceKitUI[0m] [1mCopying[0m Localizable.strings[0m
Build	Fastlane Build & Archive	2026-07-20T11:25:46.1233320Z [11:25:46]: ▸ [35m[[36mTidepoolServiceKitUI[0m] [1mCopying[0m Localizable.strings[0m
Build	Fastlane Build & Archive	2026-07-20T11:25:46.1234000Z [11:25:46]: ▸ [35m[[36mTidepoolServiceKitUI[0m] [1mCopying[0m Localizable.strings[0m
Build	Fastlane Build & Archive	2026-07-20T11:25:46.1234650Z [11:25:46]: ▸ [35m[[36mTidepoolServiceKitUI[0m] [1mCopying[0m Localizable.strings[0m
Build	Fastlane Build & Archive	2026-07-20T11:25:46.1235300Z [11:25:46]: ▸ [35m[[36mTidepoolServiceKitUI[0m] [1mCopying[0m Localizable.strings[0m
Build	Fastlane Build & Archive	2026-07-20T11:25:46.1235980Z [11:25:46]: ▸ [35m[[36mTidepoolServiceKitUI[0m] [1mCopying[0m Localizable.strings[0m
Build	Fastlane Build & Archive	2026-07-20T11:25:46.1236640Z [11:25:46]: ▸ [35m[[36mTidepoolServiceKitUI[0m] [1mCopying[0m Localizable.strings[0m
Build	Fastlane Build & Archive	2026-07-20T11:25:46.1237260Z [11:25:46]: ▸ [35m[[36mShareClientUI[0m] [1mProcessing[0m Info.plist[0m
Build	Fastlane Build & Archive	2026-07-20T11:25:46.1237840Z [11:25:46]: ▸ [35m[[36mShareClientUI[0m] [1mLinking[0m ShareClientUI[0m
Build	Fastlane Build & Archive	2026-07-20T11:25:46.1238730Z [11:25:46]: ▸ [35m[[36mShareClientUI[0m] [1mCompile XCStrings[0m Localizable.xcstrings[0m
Build	Fastlane Build & Archive	2026-07-20T11:25:46.1239400Z [11:25:46]: ▸ [35m[[36mShareClientUI[0m] [1mGenerating[0m ShareClientUI.framework.dSYM[0m
Build	Fastlane Build & Archive	2026-07-20T11:25:46.1240250Z [11:25:46]: ▸ [35m[[36mShareClientUI[0m] [1mCopying[0m Localizable.strings[0m
Build	Fastlane Build & Archive	2026-07-20T11:25:46.1240930Z [11:25:46]: ▸ [35m[[36mShareClientUI[0m] [1mCopying[0m Localizable.strings[0m
Build	Fastlane Build & Archive	2026-07-20T11:25:46.1241500Z [11:25:46]: ▸ [35m[[36mShareClientUI[0m] [1mCopying[0m Localizable.strings[0m
Build	Fastlane Build & Archive	2026-07-20T11:25:46.1242060Z [11:25:46]: ▸ [35m[[36mShareClientUI[0m] [1mCopying[0m Localizable.strings[0m
Build	Fastlane Build & Archive	2026-07-20T11:25:46.1242630Z [11:25:46]: ▸ [35m[[36mShareClientUI[0m] [1mCopying[0m Localizable.strings[0m
Build	Fastlane Build & Archive	2026-07-20T11:25:46.1243230Z [11:25:46]: ▸ [35m[[36mShareClientUI[0m] [1mCopying[0m Localizable.strings[0m
Build	Fastlane Build & Archive	2026-07-20T11:25:46.1243800Z [11:25:46]: ▸ [35m[[36mShareClientUI[0m] [1mCopying[0m Localizable.strings[0m
Build	Fastlane Build & Archive	2026-07-20T11:25:46.1244390Z [11:25:46]: ▸ [35m[[36mShareClientUI[0m] [1mCopying[0m Localizable.strings[0m
Build	Fastlane Build & Archive	2026-07-20T11:25:46.1244960Z [11:25:46]: ▸ [35m[[36mShareClientUI[0m] [1mCopying[0m Localizable.strings[0m
Build	Fastlane Build & Archive	2026-07-20T11:25:46.1245530Z [11:25:46]: ▸ [35m[[36mShareClientUI[0m] [1mCopying[0m Localizable.strings[0m
Build	Fastlane Build & Archive	2026-07-20T11:25:46.1246120Z [11:25:46]: ▸ [35m[[36mShareClientUI[0m] [1mCopying[0m Localizable.strings[0m
Build	Fastlane Build & Archive	2026-07-20T11:25:46.1246780Z [11:25:46]: ▸ [35m[[36mShareClientUI[0m] [1mCopying[0m Localizable.strings[0m
Build	Fastlane Build & Archive	2026-07-20T11:25:46.1247370Z [11:25:46]: ▸ [35m[[36mShareClientUI[0m] [1mCopying[0m Localizable.strings[0m
Build	Fastlane Build & Archive	2026-07-20T11:25:46.1247950Z [11:25:46]: ▸ [35m[[36mShareClientUI[0m] [1mCopying[0m Localizable.strings[0m
Build	Fastlane Build & Archive	2026-07-20T11:25:46.1248560Z [11:25:46]: ▸ [35m[[36mShareClientUI[0m] [1mCopying[0m Localizable.strings[0m
Build	Fastlane Build & Archive	2026-07-20T11:25:46.1250630Z [11:25:46]: ▸ [35m[[36mShareClientUI[0m] [1mCopying[0m Localizable.strings[0m
Build	Fastlane Build & Archive	2026-07-20T11:25:46.1272320Z [11:25:46]: ▸ [35m[[36mShareClientUI[0m] [1mCopying[0m Localizable.strings[0m
Build	Fastlane Build & Archive	2026-07-20T11:25:46.1274420Z [11:25:46]: ▸ [35m[[36mShareClientUI[0m] [1mCopying[0m Localizable.strings[0m
Build	Fastlane Build & Archive	2026-07-20T11:25:46.1275640Z [11:25:46]: ▸ [35m[[36mShareClientUI[0m] [1mCopying[0m Localizable.strings[0m
Build	Fastlane Build & Archive	2026-07-20T11:25:46.1276260Z [11:25:46]: ▸ [35m[[36mShareClientUI[0m] [1mCopying[0m Localizable.strings[0m
Build	Fastlane Build & Archive	2026-07-20T11:25:46.1276870Z [11:25:46]: ▸ [35m[[36mShareClientUI[0m] [1mCopying[0m Localizable.strings[0m
Build	Fastlane Build & Archive	2026-07-20T11:25:46.1277470Z [11:25:46]: ▸ [35m[[36mShareClientUI[0m] [1mCopying[0m Localizable.strings[0m
Build	Fastlane Build & Archive	2026-07-20T11:25:46.1278010Z [11:25:46]: ▸ [35m[[36mShareClientUI[0m] [1mCopying[0m Localizable.strings[0m
Build	Fastlane Build & Archive	2026-07-20T11:25:46.1278590Z [11:25:46]: ▸ [35m[[36mRileyLinkKit[0m] [1mProcessing[0m Info.plist[0m
Build	Fastlane Build & Archive	2026-07-20T11:25:46.1279200Z [11:25:46]: ▸ [35m[[36mRileyLinkKit[0m] [1mLinking[0m RileyLinkKit[0m
Build	Fastlane Build & Archive	2026-07-20T11:25:46.1279800Z [11:25:46]: ▸ [35m[[36mMockKit[0m] [1mLinking[0m MockKit[0m
Build	Fastlane Build & Archive	2026-07-20T11:25:46.1282120Z [11:25:46]: ▸ [35m[[36mRileyLinkKit[0m] [1mGenerating[0m RileyLinkKit.framework.dSYM[0m
Build	Fastlane Build & Archive	2026-07-20T11:25:46.1284250Z [11:25:46]: ▸ [35m[[36mMockKit[0m] [1mProcessing[0m Info.plist[0m
Build	Fastlane Build & Archive	2026-07-20T11:25:46.1285770Z [11:25:46]: ▸ [35m[[36mMockKit[0m] [1mGenerating[0m MockKit.framework.dSYM[0m
Build	Fastlane Build & Archive	2026-07-20T11:25:46.1287550Z [11:25:46]: ▸ [35m[[36mMockKit[0m] [1mCopying[0m sub.caf[0m
Build	Fastlane Build & Archive	2026-07-20T11:25:46.1289430Z [11:25:46]: ▸ [35m[[36mMockKit[0m] [1mCopying[0m critical.caf[0m
Build	Fastlane Build & Archive	2026-07-20T11:25:46.1291330Z [11:25:46]: ▸ [35m[[36mMockKit[0m] [1mCompile XCStrings[0m Localizable.xcstrings[0m
Build	Fastlane Build & Archive	2026-07-20T11:25:46.1293040Z [11:25:46]: ▸ [35m[[36mMockKit[0m] [1mCopying[0m Localizable.strings[0m
Build	Fastlane Build & Archive	2026-07-20T11:25:46.1294660Z [11:25:46]: ▸ [35m[[36mMockKit[0m] [1mCopying[0m Localizable.strings[0m
Build	Fastlane Build & Archive	2026-07-20T11:25:46.1295500Z [11:25:46]: ▸ [35m[[36mMockKit[0m] [1mCopying[0m Localizable.strings[0m
Build	Fastlane Build & Archive	2026-07-20T11:25:46.1296560Z [11:25:46]: ▸ [35m[[36mMockKit[0m] [1mCopying[0m Localizable.strings[0m
Build	Fastlane Build & Archive	2026-07-20T11:25:46.1297200Z [11:25:46]: ▸ [35m[[36mMockKit[0m] [1mCopying[0m Localizable.strings[0m
Build	Fastlane Build & Archive	2026-07-20T11:25:46.1300370Z [11:25:46]: ▸ [35m[[36mMockKit[0m] [1mCopying[0m Localizable.strings[0m
Build	Fastlane Build & Archive	2026-07-20T11:25:46.1301940Z [11:25:46]: ▸ [35m[[36mMockKit[0m] [1mCopying[0m Localizable.strings[0m
Build	Fastlane Build & Archive	2026-07-20T11:25:46.1323060Z [11:25:46]: ▸ [35m[[36mMockKit[0m] [1mCopying[0m Localizable.strings[0m
Build	Fastlane Build & Archive	2026-07-20T11:25:46.1323770Z [11:25:46]: ▸ [35m[[36mMockKit[0m] [1mCopying[0m Localizable.strings[0m
Build	Fastlane Build & Archive	2026-07-20T11:25:46.1324370Z [11:25:46]: ▸ [35m[[36mMockKit[0m] [1mCopying[0m Localizable.strings[0m
Build	Fastlane Build & Archive	2026-07-20T11:25:46.1325080Z [11:25:46]: ▸ [35m[[36mMockKit[0m] [1mCopying[0m Localizable.strings[0m
Build	Fastlane Build & Archive	2026-07-20T11:25:46.1325710Z [11:25:46]: ▸ [35m[[36mMockKit[0m] [1mCopying[0m Localizable.strings[0m
Build	Fastlane Build & Archive	2026-07-20T11:25:46.1326370Z [11:25:46]: ▸ [35m[[36mMockKit[0m] [1mCopying[0m Localizable.strings[0m
Build	Fastlane Build & Archive	2026-07-20T11:25:46.1326920Z [11:25:46]: ▸ [35m[[36mMockKit[0m] [1mCopying[0m Localizable.strings[0m
Build	Fastlane Build & Archive	2026-07-20T11:25:46.1327600Z [11:25:46]: ▸ [35m[[36mMockKit[0m] [1mCopying[0m Localizable.strings[0m
Build	Fastlane Build & Archive	2026-07-20T11:25:46.1328220Z [11:25:46]: ▸ [35m[[36mMockKit[0m] [1mCopying[0m Localizable.strings[0m
Build	Fastlane Build & Archive	2026-07-20T11:25:46.1328830Z [11:25:46]: ▸ [35m[[36mMockKit[0m] [1mCopying[0m Localizable.strings[0m
Build	Fastlane Build & Archive	2026-07-20T11:25:46.1329400Z [11:25:46]: ▸ [35m[[36mMockKit[0m] [1mCopying[0m Localizable.strings[0m
Build	Fastlane Build & Archive	2026-07-20T11:25:46.1329980Z [11:25:46]: ▸ [35m[[36mMockKit[0m] [1mCopying[0m Localizable.strings[0m
Build	Fastlane Build & Archive	2026-07-20T11:25:46.1335200Z [11:25:46]: ▸ [35m[[36mMockKit[0m] [1mCopying[0m Localizable.strings[0m
Build	Fastlane Build & Archive	2026-07-20T11:25:46.1336710Z [11:25:46]: ▸ [35m[[36mMockKit[0m] [1mCopying[0m Localizable.strings[0m
Build	Fastlane Build & Archive	2026-07-20T11:25:46.1338180Z [11:25:46]: ▸ [35m[[36mMockKit[0m] [1mCopying[0m Localizable.strings[0m
Build	Fastlane Build & Archive	2026-07-20T11:25:46.1339570Z [11:25:46]: ▸ [35m[[36mMockKit[0m] [1mCopying[0m Localizable.strings[0m
Build	Fastlane Build & Archive	2026-07-20T11:25:46.1340890Z [11:25:46]: ▸ [35m[[36mMockKit[0m] [1mCopying[0m Localizable.strings[0m
Build	Fastlane Build & Archive	2026-07-20T11:25:46.1342250Z [11:25:46]: ▸ [35m[[36mMockKit[0m] [1mCopying[0m Localizable.strings[0m
Build	Fastlane Build & Archive	2026-07-20T11:25:46.1343710Z [11:25:46]: ▸ [35m[[36mMedtrumKit[0m] [1mCompiling[0m MedtrumReservoirView.xib[0m
Build	Fastlane Build & Archive	2026-07-20T11:25:46.1345070Z [11:25:46]: ▸ [35m[[36mMedtrumKit[0m] [1mLinking[0m MedtrumKit[0m
Build	Fastlane Build & Archive	2026-07-20T11:25:46.1346700Z [11:25:46]: ▸ [35m[[36mMedtrumKit[0m] [1mProcessing[0m Info.plist[0m
Build	Fastlane Build & Archive	2026-07-20T11:25:46.1348230Z [11:25:46]: ▸ [35m[[36mMedtrumKit[0m] [1mGenerating[0m MedtrumKit.framework.dSYM[0m
Build	Fastlane Build & Archive	2026-07-20T11:25:46.1350100Z [11:25:46]: ▸ [35m[[36mMedtrumKit[0m] [1mCompile XCStrings[0m Localizable.xcstrings[0m
Build	Fastlane Build & Archive	2026-07-20T11:25:46.1351850Z [11:25:46]: ▸ [35m[[36mLibreTransmitter[0m] [1mLinking[0m LibreTransmitter[0m
Build	Fastlane Build & Archive	2026-07-20T11:25:46.1353280Z [11:25:46]: ▸ [35m[[36mG7SensorKit[0m] [1mLinking[0m G7SensorKit[0m
Build	Fastlane Build & Archive	2026-07-20T11:25:46.1354580Z [11:25:46]: ▸ [35m[[36mMedtrumKit[0m] [1mCopying[0m Localizable.strings[0m
Build	Fastlane Build & Archive	2026-07-20T11:25:46.1355930Z [11:25:46]: ▸ [35m[[36mMedtrumKit[0m] [1mCopying[0m Localizable.strings[0m
Build	Fastlane Build & Archive	2026-07-20T11:25:46.1357520Z [11:25:46]: ▸ [35m[[36mMedtrumKit[0m] [1mCopying[0m Localizable.strings[0m
Build	Fastlane Build & Archive	2026-07-20T11:25:46.1358920Z [11:25:46]: ▸ [35m[[36mMedtrumKit[0m] [1mCopying[0m Localizable.strings[0m
Build	Fastlane Build & Archive	2026-07-20T11:25:46.1360320Z [11:25:46]: ▸ [35m[[36mMedtrumKit[0m] [1mCopying[0m Localizable.strings[0m
Build	Fastlane Build & Archive	2026-07-20T11:25:46.1361650Z [11:25:46]: ▸ [35m[[36mMedtrumKit[0m] [1mCopying[0m Localizable.strings[0m
Build	Fastlane Build & Archive	2026-07-20T11:25:46.1363040Z [11:25:46]: ▸ [35m[[36mMedtrumKit[0m] [1mCopying[0m Localizable.strings[0m
Build	Fastlane Build & Archive	2026-07-20T11:25:46.1390660Z [11:25:46]: ▸ [35m[[36mMedtrumKit[0m] [1mCopying[0m Localizable.strings[0m
Build	Fastlane Build & Archive	2026-07-20T11:25:46.1391560Z [11:25:46]: ▸ [35m[[36mMedtrumKit[0m] [1mCopying[0m Localizable.strings[0m
Build	Fastlane Build & Archive	2026-07-20T11:25:46.1392450Z [11:25:46]: ▸ [35m[[36mMedtrumKit[0m] [1mCopying[0m Localizable.strings[0m
Build	Fastlane Build & Archive	2026-07-20T11:25:46.1393060Z [11:25:46]: ▸ [35m[[36mMedtrumKit[0m] [1mCopying[0m Localizable.strings[0m
Build	Fastlane Build & Archive	2026-07-20T11:25:46.1393870Z [11:25:46]: ▸ [35m[[36mMedtrumKit[0m] [1mCopying[0m Localizable.strings[0m
Build	Fastlane Build & Archive	2026-07-20T11:25:46.1394510Z [11:25:46]: ▸ [35m[[36mMedtrumKit[0m] [1mCopying[0m Localizable.strings[0m
Build	Fastlane Build & Archive	2026-07-20T11:25:46.1395090Z [11:25:46]: ▸ [35m[[36mMedtrumKit[0m] [1mCopying[0m Localizable.strings[0m
Build	Fastlane Build & Archive	2026-07-20T11:25:46.1395670Z [11:25:46]: ▸ [35m[[36mMedtrumKit[0m] [1mCopying[0m Localizable.strings[0m
Build	Fastlane Build & Archive	2026-07-20T11:25:46.1396300Z [11:25:46]: ▸ [35m[[36mMedtrumKit[0m] [1mCopying[0m Localizable.strings[0m
Build	Fastlane Build & Archive	2026-07-20T11:25:46.1396860Z [11:25:46]: ▸ [35m[[36mMedtrumKit[0m] [1mCopying[0m Localizable.strings[0m
Build	Fastlane Build & Archive	2026-07-20T11:25:46.1397430Z [11:25:46]: ▸ [35m[[36mMedtrumKit[0m] [1mCopying[0m Localizable.strings[0m
Build	Fastlane Build & Archive	2026-07-20T11:25:46.1397980Z [11:25:46]: ▸ [35m[[36mMedtrumKit[0m] [1mCopying[0m Localizable.strings[0m
Build	Fastlane Build & Archive	2026-07-20T11:25:46.1398510Z [11:25:46]: ▸ [35m[[36mMedtrumKit[0m] [1mCopying[0m Localizable.strings[0m
Build	Fastlane Build & Archive	2026-07-20T11:25:46.1399140Z [11:25:46]: ▸ [35m[[36mMedtrumKit[0m] [1mCopying[0m Localizable.strings[0m
Build	Fastlane Build & Archive	2026-07-20T11:25:46.1399690Z [11:25:46]: ▸ [35m[[36mMedtrumKit[0m] [1mCopying[0m Localizable.strings[0m
Build	Fastlane Build & Archive	2026-07-20T11:25:46.1400220Z [11:25:46]: ▸ [35m[[36mMedtrumKit[0m] [1mCopying[0m Localizable.strings[0m
Build	Fastlane Build & Archive	2026-07-20T11:25:46.1400760Z [11:25:46]: ▸ [35m[[36mMedtrumKit[0m] [1mCopying[0m Localizable.strings[0m
Build	Fastlane Build & Archive	2026-07-20T11:25:46.1401340Z [11:25:46]: ▸ [35m[[36mMedtrumKit[0m] [1mCopying[0m Localizable.strings[0m
Build	Fastlane Build & Archive	2026-07-20T11:25:46.1401890Z [11:25:46]: ▸ [35m[[36mMedtrumKit[0m] [1mCopying[0m Localizable.strings[0m
Build	Fastlane Build & Archive	2026-07-20T11:25:46.1402440Z [11:25:46]: ▸ [35m[[36mLibreTransmitter[0m] [1mProcessing[0m Info.plist[0m
Build	Fastlane Build & Archive	2026-07-20T11:25:46.1403100Z [11:25:46]: ▸ [35m[[36mLibreTransmitter[0m] [1mGenerating[0m LibreTransmitter.framework.dSYM[0m
Build	Fastlane Build & Archive	2026-07-20T11:25:46.1403780Z [11:25:46]: ▸ [35m[[36mLibreTransmitter[0m] [1mCompile XCStrings[0m Localizable.xcstrings[0m
Build	Fastlane Build & Archive	2026-07-20T11:25:46.1404480Z [11:25:46]: ▸ [35m[[36mG7SensorKit[0m] [1mProcessing[0m empty-G7SensorKit.plist[0m
Build	Fastlane Build & Archive	2026-07-20T11:25:46.1405040Z [11:25:46]: ▸ [35m[[36mLibreTransmitter[0m] [1mCopying[0m Localizable.strings[0m
Build	Fastlane Build & Archive	2026-07-20T11:25:46.1405630Z [11:25:46]: ▸ [35m[[36mLibreTransmitter[0m] [1mCopying[0m Localizable.strings[0m
Build	Fastlane Build & Archive	2026-07-20T11:25:46.1406210Z [11:25:46]: ▸ [35m[[36mLibreTransmitter[0m] [1mCopying[0m Localizable.strings[0m
Build	Fastlane Build & Archive	2026-07-20T11:25:46.1406840Z [11:25:46]: ▸ [35m[[36mLibreTransmitter[0m] [1mCopying[0m Localizable.strings[0m
Build	Fastlane Build & Archive	2026-07-20T11:25:46.1407380Z [11:25:46]: ▸ [35m[[36mLibreTransmitter[0m] [1mCopying[0m Localizable.strings[0m
Build	Fastlane Build & Archive	2026-07-20T11:25:46.1408030Z [11:25:46]: ▸ [35m[[36mLibreTransmitter[0m] [1mCopying[0m Localizable.strings[0m
Build	Fastlane Build & Archive	2026-07-20T11:25:46.1408640Z [11:25:46]: ▸ [35m[[36mLibreTransmitter[0m] [1mCopying[0m Localizable.strings[0m
Build	Fastlane Build & Archive	2026-07-20T11:25:46.1409260Z [11:25:46]: ▸ [35m[[36mLibreTransmitter[0m] [1mCopying[0m Localizable.strings[0m
Build	Fastlane Build & Archive	2026-07-20T11:25:46.1409800Z [11:25:46]: ▸ [35m[[36mLibreTransmitter[0m] [1mCopying[0m Localizable.strings[0m
Build	Fastlane Build & Archive	2026-07-20T11:25:46.1415470Z [11:25:46]: ▸ [35m[[36mLibreTransmitter[0m] [1mCopying[0m Localizable.strings[0m
Build	Fastlane Build & Archive	2026-07-20T11:25:46.1416250Z [11:25:46]: ▸ [35m[[36mLibreTransmitter[0m] [1mCopying[0m Localizable.strings[0m
Build	Fastlane Build & Archive	2026-07-20T11:25:46.1416950Z [11:25:46]: ▸ [35m[[36mLibreTransmitter[0m] [1mCopying[0m Localizable.strings[0m
Build	Fastlane Build & Archive	2026-07-20T11:25:46.1417560Z [11:25:46]: ▸ [35m[[36mLibreTransmitter[0m] [1mCopying[0m Localizable.strings[0m
Build	Fastlane Build & Archive	2026-07-20T11:25:46.1418090Z [11:25:46]: ▸ [35m[[36mLibreTransmitter[0m] [1mCopying[0m Localizable.strings[0m
Build	Fastlane Build & Archive	2026-07-20T11:25:46.1418750Z [11:25:46]: ▸ [35m[[36mLibreTransmitter[0m] [1mCopying[0m Localizable.strings[0m
Build	Fastlane Build & Archive	2026-07-20T11:25:46.1419600Z [11:25:46]: ▸ [35m[[36mLibreTransmitter[0m] [1mCopying[0m Localizable.strings[0m
Build	Fastlane Build & Archive	2026-07-20T11:25:46.1420560Z [11:25:46]: ▸ [35m[[36mLibreTransmitter[0m] [1mCopying[0m Localizable.strings[0m
Build	Fastlane Build & Archive	2026-07-20T11:25:46.1421110Z [11:25:46]: ▸ [35m[[36mLibreTransmitter[0m] [1mCopying[0m Localizable.strings[0m
Build	Fastlane Build & Archive	2026-07-20T11:25:46.1421680Z [11:25:46]: ▸ [35m[[36mLibreTransmitter[0m] [1mCopying[0m Localizable.strings[0m
Build	Fastlane Build & Archive	2026-07-20T11:25:46.1422300Z [11:25:46]: ▸ [35m[[36mLibreTransmitter[0m] [1mCopying[0m Localizable.strings[0m
Build	Fastlane Build & Archive	2026-07-20T11:25:46.1422920Z [11:25:46]: ▸ [35m[[36mLibreTransmitter[0m] [1mCopying[0m Localizable.strings[0m
Build	Fastlane Build & Archive	2026-07-20T11:25:46.1423500Z [11:25:46]: ▸ [35m[[36mLibreTransmitter[0m] [1mCopying[0m Localizable.strings[0m
Build	Fastlane Build & Archive	2026-07-20T11:25:46.1424070Z [11:25:46]: ▸ [35m[[36mLibreTransmitter[0m] [1mCopying[0m Localizable.strings[0m
Build	Fastlane Build & Archive	2026-07-20T11:25:46.1424620Z [11:25:46]: ▸ [35m[[36mLibreTransmitter[0m] [1mCopying[0m Localizable.strings[0m
Build	Fastlane Build & Archive	2026-07-20T11:25:46.1425210Z [11:25:46]: ▸ [35m[[36mLibreTransmitter[0m] [1mCopying[0m Localizable.strings[0m
Build	Fastlane Build & Archive	2026-07-20T11:25:46.1425750Z [11:25:46]: ▸ [35m[[36mLibreTransmitter[0m] [1mCopying[0m Localizable.strings[0m
Build	Fastlane Build & Archive	2026-07-20T11:25:46.1426380Z [11:25:46]: ▸ [35m[[36mG7SensorKit[0m] [1mGenerating[0m G7SensorKit.framework.dSYM[0m
Build	Fastlane Build & Archive	2026-07-20T11:25:46.1427040Z [11:25:46]: ▸ [35m[[36mG7SensorKit[0m] [1mCompile XCStrings[0m Localizable.xcstrings[0m
Build	Fastlane Build & Archive	2026-07-20T11:25:46.1427590Z [11:25:46]: ▸ [35m[[36mDanaKit[0m] [1mCopying[0m blank.wav[0m
Build	Fastlane Build & Archive	2026-07-20T11:25:46.1428060Z [11:25:46]: ▸ [35m[[36mG7SensorKit[0m] [1mCopying[0m Localizable.strings[0m
Build	Fastlane Build & Archive	2026-07-20T11:25:46.1428550Z [11:25:46]: ▸ [35m[[36mG7SensorKit[0m] [1mCopying[0m Localizable.strings[0m
Build	Fastlane Build & Archive	2026-07-20T11:25:46.1429060Z [11:25:46]: ▸ [35m[[36mG7SensorKit[0m] [1mCopying[0m Localizable.strings[0m
Build	Fastlane Build & Archive	2026-07-20T11:25:46.1429630Z [11:25:46]: ▸ [35m[[36mG7SensorKit[0m] [1mCopying[0m Localizable.strings[0m
Build	Fastlane Build & Archive	2026-07-20T11:25:46.1430190Z [11:25:46]: ▸ [35m[[36mG7SensorKit[0m] [1mCopying[0m Localizable.strings[0m
Build	Fastlane Build & Archive	2026-07-20T11:25:46.1430760Z [11:25:46]: ▸ [35m[[36mG7SensorKit[0m] [1mCopying[0m Localizable.strings[0m
Build	Fastlane Build & Archive	2026-07-20T11:25:46.1431310Z [11:25:46]: ▸ [35m[[36mG7SensorKit[0m] [1mCopying[0m Localizable.strings[0m
Build	Fastlane Build & Archive	2026-07-20T11:25:46.1431820Z [11:25:46]: ▸ [35m[[36mG7SensorKit[0m] [1mCopying[0m Localizable.strings[0m
Build	Fastlane Build & Archive	2026-07-20T11:25:46.1432340Z [11:25:46]: ▸ [35m[[36mG7SensorKit[0m] [1mCopying[0m Localizable.strings[0m
Build	Fastlane Build & Archive	2026-07-20T11:25:46.1432810Z [11:25:46]: ▸ [35m[[36mG7SensorKit[0m] [1mCopying[0m Localizable.strings[0m
Build	Fastlane Build & Archive	2026-07-20T11:25:46.1433310Z [11:25:46]: ▸ [35m[[36mG7SensorKit[0m] [1mCopying[0m Localizable.strings[0m
Build	Fastlane Build & Archive	2026-07-20T11:25:46.1433940Z [11:25:46]: ▸ [35m[[36mG7SensorKit[0m] [1mCopying[0m Localizable.strings[0m
Build	Fastlane Build & Archive	2026-07-20T11:25:46.1434470Z [11:25:46]: ▸ [35m[[36mG7SensorKit[0m] [1mCopying[0m Localizable.strings[0m
Build	Fastlane Build & Archive	2026-07-20T11:25:46.1435060Z [11:25:46]: ▸ [35m[[36mG7SensorKit[0m] [1mCopying[0m Localizable.strings[0m
Build	Fastlane Build & Archive	2026-07-20T11:25:46.1435630Z [11:25:46]: ▸ [35m[[36mG7SensorKit[0m] [1mCopying[0m Localizable.strings[0m
Build	Fastlane Build & Archive	2026-07-20T11:25:46.1436210Z [11:25:46]: ▸ [35m[[36mG7SensorKit[0m] [1mCopying[0m Localizable.strings[0m
Build	Fastlane Build & Archive	2026-07-20T11:25:46.1436770Z [11:25:46]: ▸ [35m[[36mG7SensorKit[0m] [1mCopying[0m Localizable.strings[0m
Build	Fastlane Build & Archive	2026-07-20T11:25:46.1437410Z [11:25:46]: ▸ [35m[[36mG7SensorKit[0m] [1mCopying[0m Localizable.strings[0m
Build	Fastlane Build & Archive	2026-07-20T11:25:46.1440540Z [11:25:46]: ▸ [35m[[36mG7SensorKit[0m] [1mCopying[0m Localizable.strings[0m
Build	Fastlane Build & Archive	2026-07-20T11:25:46.1442320Z [11:25:46]: ▸ [35m[[36mG7SensorKit[0m] [1mCopying[0m Localizable.strings[0m
Build	Fastlane Build & Archive	2026-07-20T11:25:46.1443940Z [11:25:46]: ▸ [35m[[36mG7SensorKit[0m] [1mCopying[0m Localizable.strings[0m
Build	Fastlane Build & Archive	2026-07-20T11:25:46.1445490Z [11:25:46]: ▸ [35m[[36mG7SensorKit[0m] [1mCopying[0m Localizable.strings[0m
Build	Fastlane Build & Archive	2026-07-20T11:25:46.1447750Z [11:25:46]: ▸ [35m[[36mG7SensorKit[0m] [1mCopying[0m Localizable.strings[0m
Build	Fastlane Build & Archive	2026-07-20T11:25:46.1449420Z [11:25:46]: ▸ [35m[[36mG7SensorKit[0m] [1mCopying[0m Localizable.strings[0m
Build	Fastlane Build & Archive	2026-07-20T11:25:46.1452140Z [11:25:46]: ▸ [35m[[36mG7SensorKit[0m] [1mCopying[0m Localizable.strings[0m
Build	Fastlane Build & Archive	2026-07-20T11:25:46.1453900Z [11:25:46]: ▸ [35m[[36mDanaKit[0m] [1mCopying[0m README.md[0m
Build	Fastlane Build & Archive	2026-07-20T11:25:46.1473910Z [11:25:46]: ▸ [35m[[36mDanaKit[0m] [1mCompiling[0m DanaKitReservoirView.xib[0m
Build	Fastlane Build & Archive	2026-07-20T11:25:46.1474670Z [11:25:46]: ▸ [35m[[36mDanaKit[0m] [1mCompile XCStrings[0m Localizable.xcstrings[0m
Build	Fastlane Build & Archive	2026-07-20T11:25:46.1475160Z [11:25:46]: ▸ [35m[[36mDanaKit[0m] [1mProcessing[0m Info.plist[0m
Build	Fastlane Build & Archive	2026-07-20T11:25:46.1475600Z [11:25:46]: ▸ [35m[[36mDanaKit[0m] [1mCopying[0m Localizable.strings[0m
Build	Fastlane Build & Archive	2026-07-20T11:25:46.1476050Z [11:25:46]: ▸ [35m[[36mDanaKit[0m] [1mCopying[0m Localizable.strings[0m
Build	Fastlane Build & Archive	2026-07-20T11:25:46.1476510Z [11:25:46]: ▸ [35m[[36mDanaKit[0m] [1mCopying[0m Localizable.strings[0m
Build	Fastlane Build & Archive	2026-07-20T11:25:46.1485090Z [11:25:46]: ▸ [35m[[36mDanaKit[0m] [1mCopying[0m Localizable.strings[0m
Build	Fastlane Build & Archive	2026-07-20T11:25:46.1592300Z [11:25:46]: ▸ [35m[[36mDanaKit[0m] [1mCopying[0m Localizable.strings[0m
Build	Fastlane Build & Archive	2026-07-20T11:25:46.1604720Z [11:25:46]: ▸ [35m[[36mDanaKit[0m] [1mCopying[0m Localizable.strings[0m
Build	Fastlane Build & Archive	2026-07-20T11:25:46.1605260Z [11:25:46]: ▸ [35m[[36mDanaKit[0m] [1mCopying[0m Localizable.strings[0m
Build	Fastlane Build & Archive	2026-07-20T11:25:46.1605780Z [11:25:46]: ▸ [35m[[36mDanaKit[0m] [1mCopying[0m Localizable.strings[0m
Build	Fastlane Build & Archive	2026-07-20T11:25:46.1606300Z [11:25:46]: ▸ [35m[[36mDanaKit[0m] [1mCopying[0m Localizable.strings[0m
Build	Fastlane Build & Archive	2026-07-20T11:25:46.1606810Z [11:25:46]: ▸ [35m[[36mDanaKit[0m] [1mCopying[0m Localizable.strings[0m
Build	Fastlane Build & Archive	2026-07-20T11:25:46.1607320Z [11:25:46]: ▸ [35m[[36mDanaKit[0m] [1mCopying[0m Localizable.strings[0m
Build	Fastlane Build & Archive	2026-07-20T11:25:46.1607830Z [11:25:46]: ▸ [35m[[36mDanaKit[0m] [1mCopying[0m Localizable.strings[0m
Build	Fastlane Build & Archive	2026-07-20T11:25:46.1608370Z [11:25:46]: ▸ [35m[[36mDanaKit[0m] [1mCopying[0m Localizable.strings[0m
Build	Fastlane Build & Archive	2026-07-20T11:25:46.1608890Z [11:25:46]: ▸ [35m[[36mDanaKit[0m] [1mCopying[0m Localizable.strings[0m
Build	Fastlane Build & Archive	2026-07-20T11:25:46.1609410Z [11:25:46]: ▸ [35m[[36mDanaKit[0m] [1mCopying[0m Localizable.strings[0m
Build	Fastlane Build & Archive	2026-07-20T11:25:46.1609920Z [11:25:46]: ▸ [35m[[36mDanaKit[0m] [1mCopying[0m Localizable.strings[0m
Build	Fastlane Build & Archive	2026-07-20T11:25:46.1610420Z [11:25:46]: ▸ [35m[[36mDanaKit[0m] [1mCopying[0m Localizable.strings[0m
Build	Fastlane Build & Archive	2026-07-20T11:25:46.1610930Z [11:25:46]: ▸ [35m[[36mDanaKit[0m] [1mCopying[0m Localizable.strings[0m
Build	Fastlane Build & Archive	2026-07-20T11:25:46.1611430Z [11:25:46]: ▸ [35m[[36mDanaKit[0m] [1mCopying[0m Localizable.strings[0m
Build	Fastlane Build & Archive	2026-07-20T11:25:46.1612000Z [11:25:46]: ▸ [35m[[36mDanaKit[0m] [1mCopying[0m Localizable.strings[0m
Build	Fastlane Build & Archive	2026-07-20T11:25:46.1612500Z [11:25:46]: ▸ [35m[[36mDanaKit[0m] [1mCopying[0m Localizable.strings[0m
Build	Fastlane Build & Archive	2026-07-20T11:25:46.1613010Z [11:25:46]: ▸ [35m[[36mDanaKit[0m] [1mCopying[0m Localizable.strings[0m
Build	Fastlane Build & Archive	2026-07-20T11:25:46.1613580Z [11:25:46]: ▸ [35m[[36mDanaKit[0m] [1mCopying[0m Localizable.strings[0m
Build	Fastlane Build & Archive	2026-07-20T11:25:46.1614110Z [11:25:46]: ▸ [35m[[36mDanaKit[0m] [1mCopying[0m Localizable.strings[0m
Build	Fastlane Build & Archive	2026-07-20T11:25:46.1614660Z [11:25:46]: ▸ [35m[[36mDanaKit[0m] [1mCopying[0m Localizable.strings[0m
Build	Fastlane Build & Archive	2026-07-20T11:25:46.1615180Z [11:25:46]: ▸ [35m[[36mDanaKit[0m] [1mCopying[0m Localizable.strings[0m
Build	Fastlane Build & Archive	2026-07-20T11:25:46.1615780Z [11:25:46]: ▸ [35m[[36mTidepoolServiceKitUI[0m] [1mExtract App Intents Metadata[0m
Build	Fastlane Build & Archive	2026-07-20T11:25:46.1616370Z [11:25:46]: ▸ [35m[[36mShareClientUI[0m] [1mExtract App Intents Metadata[0m
Build	Fastlane Build & Archive	2026-07-20T11:25:46.1616940Z [11:25:46]: ▸ [35m[[36mRileyLinkKit[0m] [1mExtract App Intents Metadata[0m
Build	Fastlane Build & Archive	2026-07-20T11:25:46.1617450Z [11:25:46]: ▸ [35m[[36mMockKit[0m] [1mExtract App Intents Metadata[0m
Build	Fastlane Build & Archive	2026-07-20T11:25:46.1617960Z [11:25:46]: ▸ [35m[[36mMedtrumKit[0m] [1mExtract App Intents Metadata[0m
Build	Fastlane Build & Archive	2026-07-20T11:25:46.1627640Z [11:25:46]: ▸ [35m[[36mMinimedKitUI[0m] [1mCompiling[0m MinimedKitUI_vers.c[0m
Build	Fastlane Build & Archive	2026-07-20T11:25:46.1631190Z [11:25:46]: ▸ [35m[[36mLibreTransmitter[0m] [1mExtract App Intents Metadata[0m
Build	Fastlane Build & Archive	2026-07-20T11:25:46.1633320Z [11:25:46]: ▸ [35m[[36mG7SensorKit[0m] [1mExtract App Intents Metadata[0m
Build	Fastlane Build & Archive	2026-07-20T11:25:46.1634780Z [11:25:46]: ▸ [35m[[36mCGMBLEKitUI[0m] [1mCompiling[0m CGMBLEKitUI_vers.c[0m
Build	Fastlane Build & Archive	2026-07-20T11:25:46.1650400Z [11:25:46]: ▸ [35m::warning file=/Users/runner/work/Trio/Trio/LibreTransmitter/LibreTransmitterUI/LibreTransmitterManager+UI.swift,line=21,col=1::extension declares a conformance of imported type 'LibreTransmitterManagerV3' to imported protocols 'CGMManagerUI', 'CGMStatusIndicator'; this will not behave correctly if the owners of 'LibreTransmitter' introduce this conformance in the future[0m
Build	Fastlane Build & Archive	2026-07-20T11:25:46.1655740Z [11:25:46]: ▸ [35mextension LibreTransmitterManagerV3: CGMManagerUI {[0m
Build	Fastlane Build & Archive	2026-07-20T11:25:46.1656220Z [11:25:46]: ▸ [35m^[0m
Build	Fastlane Build & Archive	2026-07-20T11:25:46.1657740Z [11:25:46]: ▸ [35m::warning file=/Users/runner/work/Trio/Trio/LibreTransmitter/LibreTransmitterUI/LibreTransmitterManager+UI.swift,line=129,col=1::extension declares a conformance of imported type 'LibreTransmitterManagerV3' to imported protocol 'DeviceManagerUI'; this will not behave correctly if the owners of 'LibreTransmitter' introduce this conformance in the future[0m
Build	Fastlane Build & Archive	2026-07-20T11:25:46.1659200Z [11:25:46]: ▸ [35mextension LibreTransmitterManagerV3: DeviceManagerUI {[0m
Build	Fastlane Build & Archive	2026-07-20T11:25:46.1659640Z [11:25:46]: ▸ [35m^[0m
Build	Fastlane Build & Archive	2026-07-20T11:25:46.1688200Z [11:25:46]: ▸ [35m[[36mG7SensorKitUI[0m] [1mGenerate Asset Symbols[0m Assets.xcassets[0m
Build	Fastlane Build & Archive	2026-07-20T11:25:46.1704830Z [11:25:46]: ▸ [35m[[36mDanaKit[0m] [1mCopy[0m arm64-apple-ios.swiftmodule -> DanaKit.swiftmodule[0m
Build	Fastlane Build & Archive	2026-07-20T11:25:46.1705590Z [11:25:46]: ▸ [35m[[36mDanaKit[0m] [1mCopy[0m arm64-apple-ios.swiftdoc -> DanaKit.swiftdoc[0m
Build	Fastlane Build & Archive	2026-07-20T11:25:46.1706230Z [11:25:46]: ▸ [35m[[36mDanaKit[0m] [1mCopy[0m arm64-apple-ios.abi.json -> DanaKit.abi.json[0m
Build	Fastlane Build & Archive	2026-07-20T11:25:46.1735230Z [11:25:46]: ▸ [35m[36;1mnote: [0mEmplaced /Users/runner/Library/Developer/Xcode/DerivedData/Trio-bovmnxebschsylahdeysnjjqdcte/Build/Intermediates.noindex/ArchiveIntermediates/Trio/IntermediateBuildFilesPath/UninstalledProducts/iphoneos/G7SensorKitUI.framework/Assets.car (in target 'G7SensorKitUI' from project 'G7SensorKit')[0m
Build	Fastlane Build & Archive	2026-07-20T11:25:46.1740840Z [11:25:46]: ▸ [35m[[36mTidepoolServiceKitUI[0m] [1mRegisterExecutionPolicyException[0m TidepoolServiceKitUI.framework[0m
Build	Fastlane Build & Archive	2026-07-20T11:25:46.1745930Z [11:25:46]: ▸ [35m[[36mShareClientUI[0m] [1mRegisterExecutionPolicyException[0m ShareClientUI.framework[0m
Build	Fastlane Build & Archive	2026-07-20T11:25:46.1746670Z [11:25:46]: ▸ [35m[[36mRileyLinkKit[0m] [1mRegisterExecutionPolicyException[0m RileyLinkKit.framework[0m
Build	Fastlane Build & Archive	2026-07-20T11:25:46.1747380Z [11:25:46]: ▸ [35m[[36mTidepoolServiceKitUI[0m] [1mTouching[0m TidepoolServiceKitUI.framework[0m
Build	Fastlane Build & Archive	2026-07-20T11:25:46.1748050Z [11:25:46]: ▸ [35m[[36mShareClientUI[0m] [1mTouching[0m ShareClientUI.framework[0m
Build	Fastlane Build & Archive	2026-07-20T11:25:46.1748710Z [11:25:46]: ▸ [35m[[36mMockKit[0m] [1mRegisterExecutionPolicyException[0m MockKit.framework[0m
Build	Fastlane Build & Archive	2026-07-20T11:25:46.1784950Z [11:25:46]: ▸ [35m::warning file=/Users/runner/work/Trio/Trio/G7SensorKit/G7SensorKitUI/G7CGMManager/G7CGMManager+UI.swift,line=25,col=1::extension declares a conformance of imported type 'G7CGMManager' to imported protocols 'CGMManagerUI', 'DeviceManagerUI', 'DisplayGlucoseUnitObserver', 'CGMStatusIndicator'; this will not behave correctly if the owners of 'G7SensorKit' introduce this conformance in the future[0m
Build	Fastlane Build & Archive	2026-07-20T11:25:46.1786600Z [11:25:46]: ▸ [35mextension G7CGMManager: CGMManagerUI {[0m
Build	Fastlane Build & Archive	2026-07-20T11:25:46.1786970Z [11:25:46]: ▸ [35m^[0m
Build	Fastlane Build & Archive	2026-07-20T11:25:46.1814130Z [11:25:46]: ▸ [35m[[36mLibreTransmitterUI[0m] [1mCopy[0m arm64-apple-ios.swiftmodule -> LibreTransmitterUI.swiftmodule[0m
Build	Fastlane Build & Archive	2026-07-20T11:25:46.1836610Z [11:25:46]: ▸ [35m[[36mLibreTransmitterUI[0m] [1mCopy[0m arm64-apple-ios.swiftdoc -> LibreTransmitterUI.swiftdoc[0m
Build	Fastlane Build & Archive	2026-07-20T11:25:46.1837630Z [11:25:46]: ▸ [35m[[36mLibreTransmitterUI[0m] [1mCopy[0m arm64-apple-ios.abi.json -> LibreTransmitterUI.abi.json[0m
Build	Fastlane Build & Archive	2026-07-20T11:25:46.1838590Z [11:25:46]: ▸ [35m[[36mDanaKit[0m] [1mCompiling[0m DanaKit_vers.c[0m
Build	Fastlane Build & Archive	2026-07-20T11:25:46.1839060Z [11:25:46]: ▸ [35m[[36mDanaKit[0m] [1mLinking[0m DanaKit[0m
Build	Fastlane Build & Archive	2026-07-20T11:25:46.1839570Z [11:25:46]: ▸ [35m[[36mCGMBLEKitUI[0m] [1mLinking[0m CGMBLEKitUI[0m
Build	Fastlane Build & Archive	2026-07-20T11:25:46.1840130Z [11:25:46]: ▸ [35m[[36mDanaKit[0m] [1mGenerating[0m DanaKit.framework.dSYM[0m
Build	Fastlane Build & Archive	2026-07-20T11:25:46.1840750Z [11:25:46]: ▸ [35m[[36mCGMBLEKitUI[0m] [1mCompile XCStrings[0m TransmitterManagerSetup.xcstrings[0m
Build	Fastlane Build & Archive	2026-07-20T11:25:46.1841390Z [11:25:46]: ▸ [35m[[36mCGMBLEKitUI[0m] [1mCompile XCStrings[0m Localizable.xcstrings[0m
Build	Fastlane Build & Archive	2026-07-20T11:25:46.1841990Z [11:25:46]: ▸ [35m[[36mCGMBLEKitUI[0m] [1mCopying[0m TransmitterManagerSetup.strings[0m
Build	Fastlane Build & Archive	2026-07-20T11:25:46.1854810Z [11:25:46]: ▸ [35m[[36mCGMBLEKitUI[0m] [1mCopying[0m Localizable.strings[0m
Build	Fastlane Build & Archive	2026-07-20T11:25:46.1855450Z [11:25:46]: ▸ [35m[[36mCGMBLEKitUI[0m] [1mCopying[0m TransmitterManagerSetup.strings[0m
Build	Fastlane Build & Archive	2026-07-20T11:25:46.1856020Z [11:25:46]: ▸ [35m[[36mCGMBLEKitUI[0m] [1mCopying[0m Localizable.strings[0m
Build	Fastlane Build & Archive	2026-07-20T11:25:46.1856550Z [11:25:46]: ▸ [35m[[36mCGMBLEKitUI[0m] [1mCopying[0m Localizable.strings[0m
Build	Fastlane Build & Archive	2026-07-20T11:25:46.1857150Z [11:25:46]: ▸ [35m[[36mCGMBLEKitUI[0m] [1mCopying[0m TransmitterManagerSetup.strings[0m
Build	Fastlane Build & Archive	2026-07-20T11:25:46.1857770Z [11:25:46]: ▸ [35m[[36mCGMBLEKitUI[0m] [1mCopying[0m Localizable.strings[0m
Build	Fastlane Build & Archive	2026-07-20T11:25:46.1858380Z [11:25:46]: ▸ [35m[[36mCGMBLEKitUI[0m] [1mCopying[0m TransmitterManagerSetup.strings[0m
Build	Fastlane Build & Archive	2026-07-20T11:25:46.1858940Z [11:25:46]: ▸ [35m[[36mCGMBLEKitUI[0m] [1mCopying[0m Localizable.strings[0m
Build	Fastlane Build & Archive	2026-07-20T11:25:46.1859650Z [11:25:46]: ▸ [35m[[36mCGMBLEKitUI[0m] [1mCopying[0m TransmitterManagerSetup.strings[0m
Build	Fastlane Build & Archive	2026-07-20T11:25:46.1924970Z [11:25:46]: ▸ [35m[[36mCGMBLEKitUI[0m] [1mCopying[0m Localizable.strings[0m
Build	Fastlane Build & Archive	2026-07-20T11:25:46.1958790Z [11:25:46]: ▸ [35m[[36mCGMBLEKitUI[0m] [1mCopying[0m TransmitterManagerSetup.strings[0m
Build	Fastlane Build & Archive	2026-07-20T11:25:46.1960910Z [11:25:46]: ▸ [35m[[36mCGMBLEKitUI[0m] [1mCopying[0m Localizable.strings[0m
Build	Fastlane Build & Archive	2026-07-20T11:25:46.1962640Z [11:25:46]: ▸ [35m[[36mCGMBLEKitUI[0m] [1mCopying[0m TransmitterManagerSetup.strings[0m
Build	Fastlane Build & Archive	2026-07-20T11:25:46.1963360Z [11:25:46]: ▸ [35m[[36mCGMBLEKitUI[0m] [1mCopying[0m Localizable.strings[0m
Build	Fastlane Build & Archive	2026-07-20T11:25:46.1964040Z [11:25:46]: ▸ [35m[[36mCGMBLEKitUI[0m] [1mCopying[0m Localizable.strings[0m
Build	Fastlane Build & Archive	2026-07-20T11:25:46.1964750Z [11:25:46]: ▸ [35m[[36mCGMBLEKitUI[0m] [1mCopying[0m TransmitterManagerSetup.strings[0m
Build	Fastlane Build & Archive	2026-07-20T11:25:46.1965440Z [11:25:46]: ▸ [35m[[36mCGMBLEKitUI[0m] [1mCopying[0m Localizable.strings[0m
Build	Fastlane Build & Archive	2026-07-20T11:25:46.1966200Z [11:25:46]: ▸ [35m[[36mCGMBLEKitUI[0m] [1mCopying[0m TransmitterManagerSetup.strings[0m
Build	Fastlane Build & Archive	2026-07-20T11:25:46.1966850Z [11:25:46]: ▸ [35m[[36mCGMBLEKitUI[0m] [1mCopying[0m Localizable.strings[0m
Build	Fastlane Build & Archive	2026-07-20T11:25:46.1967440Z [11:25:46]: ▸ [35m[[36mCGMBLEKitUI[0m] [1mCopying[0m TransmitterManagerSetup.strings[0m
Build	Fastlane Build & Archive	2026-07-20T11:25:46.1968010Z [11:25:46]: ▸ [35m[[36mCGMBLEKitUI[0m] [1mCopying[0m Localizable.strings[0m
Build	Fastlane Build & Archive	2026-07-20T11:25:46.1968740Z [11:25:46]: ▸ [35m[[36mCGMBLEKitUI[0m] [1mCopying[0m TransmitterManagerSetup.strings[0m
Build	Fastlane Build & Archive	2026-07-20T11:25:46.1971960Z [11:25:46]: ▸ [35m[[36mCGMBLEKitUI[0m] [1mCopying[0m Localizable.strings[0m
Build	Fastlane Build & Archive	2026-07-20T11:25:46.1973990Z [11:25:46]: ▸ [35m[[36mCGMBLEKitUI[0m] [1mCopying[0m Localizable.strings[0m
Build	Fastlane Build & Archive	2026-07-20T11:25:46.1976130Z [11:25:46]: ▸ [35m[[36mCGMBLEKitUI[0m] [1mCopying[0m TransmitterManagerSetup.strings[0m
Build	Fastlane Build & Archive	2026-07-20T11:25:46.1978090Z [11:25:46]: ▸ [35m[[36mCGMBLEKitUI[0m] [1mCopying[0m Localizable.strings[0m
Build	Fastlane Build & Archive	2026-07-20T11:25:46.1981130Z [11:25:46]: ▸ [35m[[36mCGMBLEKitUI[0m] [1mCopying[0m TransmitterManagerSetup.strings[0m
Build	Fastlane Build & Archive	2026-07-20T11:25:46.1982040Z [11:25:46]: ▸ [35m[[36mCGMBLEKitUI[0m] [1mCopying[0m Localizable.strings[0m
Build	Fastlane Build & Archive	2026-07-20T11:25:46.1983850Z [11:25:46]: ▸ [35m[[36mCGMBLEKitUI[0m] [1mCopying[0m Localizable.strings[0m
Build	Fastlane Build & Archive	2026-07-20T11:25:46.1984590Z [11:25:46]: ▸ [35m[[36mCGMBLEKitUI[0m] [1mCopying[0m Localizable.strings[0m
Build	Fastlane Build & Archive	2026-07-20T11:25:46.1985360Z [11:25:46]: ▸ [35m[[36mCGMBLEKitUI[0m] [1mCopying[0m TransmitterManagerSetup.strings[0m
Build	Fastlane Build & Archive	2026-07-20T11:25:46.1986130Z [11:25:46]: ▸ [35m[[36mCGMBLEKitUI[0m] [1mCopying[0m Localizable.strings[0m
Build	Fastlane Build & Archive	2026-07-20T11:25:46.1986970Z [11:25:46]: ▸ [35m[[36mCGMBLEKitUI[0m] [1mCopying[0m TransmitterManagerSetup.strings[0m
Build	Fastlane Build & Archive	2026-07-20T11:25:46.1987750Z [11:25:46]: ▸ [35m[[36mCGMBLEKitUI[0m] [1mCopying[0m Localizable.strings[0m
Build	Fastlane Build & Archive	2026-07-20T11:25:46.1988460Z [11:25:46]: ▸ [35m[[36mCGMBLEKitUI[0m] [1mCopying[0m TransmitterManagerSetup.strings[0m
Build	Fastlane Build & Archive	2026-07-20T11:25:46.1989330Z [11:25:46]: ▸ [35m[[36mCGMBLEKitUI[0m] [1mCopying[0m Localizable.strings[0m
Build	Fastlane Build & Archive	2026-07-20T11:25:46.1990120Z [11:25:46]: ▸ [35m[[36mCGMBLEKitUI[0m] [1mCopying[0m TransmitterManagerSetup.strings[0m
Build	Fastlane Build & Archive	2026-07-20T11:25:46.1990940Z [11:25:46]: ▸ [35m[[36mCGMBLEKitUI[0m] [1mCopying[0m Localizable.strings[0m
Build	Fastlane Build & Archive	2026-07-20T11:25:46.1991690Z [11:25:46]: ▸ [35m[[36mCGMBLEKitUI[0m] [1mCopying[0m Localizable.strings[0m
Build	Fastlane Build & Archive	2026-07-20T11:25:46.1992450Z [11:25:46]: ▸ [35m[[36mCGMBLEKitUI[0m] [1mCopying[0m TransmitterManagerSetup.strings[0m
Build	Fastlane Build & Archive	2026-07-20T11:25:46.1993150Z [11:25:46]: ▸ [35m[[36mCGMBLEKitUI[0m] [1mCopying[0m Localizable.strings[0m
Build	Fastlane Build & Archive	2026-07-20T11:25:46.1994480Z [11:25:46]: ▸ [35m[[36mCGMBLEKitUI[0m] [1mCopying[0m TransmitterManagerSetup.strings[0m
Build	Fastlane Build & Archive	2026-07-20T11:25:46.1995240Z [11:25:46]: ▸ [35m[[36mCGMBLEKitUI[0m] [1mCopying[0m Localizable.strings[0m
Build	Fastlane Build & Archive	2026-07-20T11:25:46.1996240Z [11:25:46]: ▸ [35m[[36mCGMBLEKitUI[0m] [1mCopying[0m Localizable.strings[0m
Build	Fastlane Build & Archive	2026-07-20T11:25:46.1997320Z [11:25:46]: ▸ [35m[[36mCGMBLEKitUI[0m] [1mCopying[0m TransmitterManagerSetup.strings[0m
Build	Fastlane Build & Archive	2026-07-20T11:25:46.2006420Z [11:25:46]: ▸ [35m[[36mCGMBLEKitUI[0m] [1mCopying[0m Localizable.strings[0m
Build	Fastlane Build & Archive	2026-07-20T11:25:46.2008350Z [11:25:46]: ▸ [35m[[36mCGMBLEKitUI[0m] [1mCompiling[0m TransmitterManagerSetup.storyboard[0m
Build	Fastlane Build & Archive	2026-07-20T11:25:46.2009160Z [11:25:46]: ▸ [35m[[36mRileyLinkKit[0m] [1mTouching[0m RileyLinkKit.framework[0m
Build	Fastlane Build & Archive	2026-07-20T11:25:46.2009980Z [11:25:46]: ▸ [35m[[36mG7SensorKitUI[0m] [1mCopy[0m arm64-apple-ios.swiftmodule -> G7SensorKitUI.swiftmodule[0m
Build	Fastlane Build & Archive	2026-07-20T11:25:46.2010820Z [11:25:46]: ▸ [35m[[36mG7SensorKitUI[0m] [1mCopy[0m arm64-apple-ios.swiftdoc -> G7SensorKitUI.swiftdoc[0m
Build	Fastlane Build & Archive	2026-07-20T11:25:46.2011620Z [11:25:46]: ▸ [35m[[36mG7SensorKitUI[0m] [1mCopy[0m arm64-apple-ios.abi.json -> G7SensorKitUI.abi.json[0m
Build	Fastlane Build & Archive	2026-07-20T11:25:46.2012470Z [11:25:46]: ▸ [35m[[36mMedtrumKit[0m] [1mRegisterExecutionPolicyException[0m MedtrumKit.framework[0m
Build	Fastlane Build & Archive	2026-07-20T11:25:46.2016900Z [11:25:46]: ▸ [35m[[36mLibreTransmitterUI[0m] [1mCompiling[0m LibreTransmitterUI_vers.c[0m
Build	Fastlane Build & Archive	2026-07-20T11:25:46.2018720Z [11:25:46]: ▸ [35m[[36mMockKit[0m] [1mTouching[0m MockKit.framework[0m
Build	Fastlane Build & Archive	2026-07-20T11:25:46.2020260Z [11:25:46]: ▸ [35m[[36mRileyLinkKitUI[0m] [1mLinking[0m RileyLinkKitUI[0m
Build	Fastlane Build & Archive	2026-07-20T11:25:46.2022090Z [11:25:46]: ▸ [35m[[36mRileyLinkKitUI[0m] [1mCompiling[0m SetupImageTableViewCell.xib[0m
Build	Fastlane Build & Archive	2026-07-20T11:25:46.2023750Z [11:25:46]: ▸ [35m[[36mRileyLinkKitUI[0m] [1mCompile XCStrings[0m Localizable.xcstrings[0m
Build	Fastlane Build & Archive	2026-07-20T11:25:46.2025300Z [11:25:46]: ▸ [35m[[36mRileyLinkKitUI[0m] [1mProcessing[0m Info.plist[0m
Build	Fastlane Build & Archive	2026-07-20T11:25:46.2026780Z [11:25:46]: ▸ [35m[[36mRileyLinkKitUI[0m] [1mCopying[0m Localizable.strings[0m
Build	Fastlane Build & Archive	2026-07-20T11:25:46.2030260Z [11:25:46]: ▸ [35m[[36mRileyLinkKitUI[0m] [1mCopying[0m Localizable.strings[0m
Build	Fastlane Build & Archive	2026-07-20T11:25:46.2030950Z [11:25:46]: ▸ [35m[[36mRileyLinkKitUI[0m] [1mCopying[0m Localizable.strings[0m
Build	Fastlane Build & Archive	2026-07-20T11:25:46.2032070Z [11:25:46]: ▸ [35m[[36mRileyLinkKitUI[0m] [1mCopying[0m Localizable.strings[0m
Build	Fastlane Build & Archive	2026-07-20T11:25:46.2032880Z [11:25:46]: ▸ [35m[[36mRileyLinkKitUI[0m] [1mCopying[0m Localizable.strings[0m
Build	Fastlane Build & Archive	2026-07-20T11:25:46.2033480Z [11:25:46]: ▸ [35m[[36mRileyLinkKitUI[0m] [1mCopying[0m Localizable.strings[0m
Build	Fastlane Build & Archive	2026-07-20T11:25:46.2034080Z [11:25:46]: ▸ [35m[[36mRileyLinkKitUI[0m] [1mCopying[0m Localizable.strings[0m
Build	Fastlane Build & Archive	2026-07-20T11:25:46.2034710Z [11:25:46]: ▸ [35m[[36mRileyLinkKitUI[0m] [1mCopying[0m Localizable.strings[0m
Build	Fastlane Build & Archive	2026-07-20T11:25:46.2035880Z [11:25:46]: ▸ [35m[[36mRileyLinkKitUI[0m] [1mCopying[0m Localizable.strings[0m
Build	Fastlane Build & Archive	2026-07-20T11:25:46.2100850Z [11:25:46]: ▸ [35m[[36mRileyLinkKitUI[0m] [1mCopying[0m Localizable.strings[0m
Build	Fastlane Build & Archive	2026-07-20T11:25:46.2104450Z [11:25:46]: ▸ [35m[[36mRileyLinkKitUI[0m] [1mCopying[0m Localizable.strings[0m
Build	Fastlane Build & Archive	2026-07-20T11:25:46.2106870Z [11:25:46]: ▸ [35m[[36mRileyLinkKitUI[0m] [1mCopying[0m Localizable.strings[0m
Build	Fastlane Build & Archive	2026-07-20T11:25:46.2126830Z [11:25:46]: ▸ [35m[[36mRileyLinkKitUI[0m] [1mCopying[0m Localizable.strings[0m
Build	Fastlane Build & Archive	2026-07-20T11:25:46.2127570Z [11:25:46]: ▸ [35m[[36mRileyLinkKitUI[0m] [1mCopying[0m Localizable.strings[0m
Build	Fastlane Build & Archive	2026-07-20T11:25:46.2128120Z [11:25:46]: ▸ [35m[[36mRileyLinkKitUI[0m] [1mCopying[0m Localizable.strings[0m
Build	Fastlane Build & Archive	2026-07-20T11:25:46.2128670Z [11:25:46]: ▸ [35m[[36mRileyLinkKitUI[0m] [1mCopying[0m Localizable.strings[0m
Build	Fastlane Build & Archive	2026-07-20T11:25:46.2157230Z [11:25:46]: ▸ [35m[[36mRileyLinkKitUI[0m] [1mCopying[0m Localizable.strings[0m
Build	Fastlane Build & Archive	2026-07-20T11:25:46.2159760Z [11:25:46]: ▸ [35m[[36mRileyLinkKitUI[0m] [1mCopying[0m Localizable.strings[0m
Build	Fastlane Build & Archive	2026-07-20T11:25:46.2160690Z [11:25:46]: ▸ [35m[[36mRileyLinkKitUI[0m] [1mCopying[0m Localizable.strings[0m
Build	Fastlane Build & Archive	2026-07-20T11:25:46.2163450Z [11:25:46]: ▸ [35m[[36mRileyLinkKitUI[0m] [1mCopying[0m Localizable.strings[0m
Build	Fastlane Build & Archive	2026-07-20T11:25:46.2212690Z [11:25:46]: ▸ [35m[[36mRileyLinkKitUI[0m] [1mCopying[0m Localizable.strings[0m
Build	Fastlane Build & Archive	2026-07-20T11:25:46.2216130Z [11:25:46]: ▸ [35m[[36mRileyLinkKitUI[0m] [1mCopying[0m Localizable.strings[0m
Build	Fastlane Build & Archive	2026-07-20T11:25:46.2216780Z [11:25:46]: ▸ [35m[[36mRileyLinkKitUI[0m] [1mCopying[0m Localizable.strings[0m
Build	Fastlane Build & Archive	2026-07-20T11:25:46.2217340Z [11:25:46]: ▸ [35m[[36mRileyLinkKitUI[0m] [1mCopying[0m Localizable.strings[0m
Build	Fastlane Build & Archive	2026-07-20T11:25:46.2217890Z [11:25:46]: ▸ [35m[[36mRileyLinkKitUI[0m] [1mCopying[0m Localizable.strings[0m
Build	Fastlane Build & Archive	2026-07-20T11:25:46.2218420Z [11:25:46]: ▸ [35m[[36mRileyLinkKitUI[0m] [1mCopying[0m Localizable.strings[0m
Build	Fastlane Build & Archive	2026-07-20T11:25:46.2219360Z [11:25:46]: ▸ [35m[[36mRileyLinkKitUI[0m] [1mCopying[0m Localizable.strings[0m
Build	Fastlane Build & Archive	2026-07-20T11:25:46.2219910Z [11:25:46]: ▸ [35m[[36mRileyLinkKitUI[0m] [1mCopying[0m Localizable.strings[0m
Build	Fastlane Build & Archive	2026-07-20T11:25:46.2272560Z [11:25:46]: ▸ [35m[[36mMinimedKit[0m] [1mProcessing[0m empty-MinimedKit.plist[0m
Build	Fastlane Build & Archive	2026-07-20T11:25:46.2273520Z [11:25:46]: ▸ [35m[[36mMinimedKit[0m] [1mCompile XCStrings[0m Localizable.xcstrings[0m
Build	Fastlane Build & Archive	2026-07-20T11:25:46.2274190Z [11:25:46]: ▸ [35m[[36mMinimedKit[0m] [1mLinking[0m MinimedKit[0m
Build	Fastlane Build & Archive	2026-07-20T11:25:46.2274760Z [11:25:46]: ▸ [35m[[36mMinimedKit[0m] [1mCopying[0m Localizable.strings[0m
Build	Fastlane Build & Archive	2026-07-20T11:25:46.2275450Z [11:25:46]: ▸ [35m[[36mRileyLinkKitUI[0m] [1mGenerating[0m RileyLinkKitUI.framework.dSYM[0m
Build	Fastlane Build & Archive	2026-07-20T11:25:46.2276100Z [11:25:46]: ▸ [35m[[36mMinimedKit[0m] [1mCopying[0m Localizable.strings[0m
Build	Fastlane Build & Archive	2026-07-20T11:25:46.2276610Z [11:25:46]: ▸ [35m[[36mMinimedKit[0m] [1mCopying[0m Localizable.strings[0m
Build	Fastlane Build & Archive	2026-07-20T11:25:46.2284900Z [11:25:46]: ▸ [35m[[36mMinimedKit[0m] [1mCopying[0m Localizable.strings[0m
Build	Fastlane Build & Archive	2026-07-20T11:25:46.2310500Z [11:25:46]: ▸ [35m[[36mMinimedKit[0m] [1mCopying[0m Localizable.strings[0m
Build	Fastlane Build & Archive	2026-07-20T11:25:46.2311280Z [11:25:46]: ▸ [35m[[36mMinimedKit[0m] [1mCopying[0m Localizable.strings[0m
Build	Fastlane Build & Archive	2026-07-20T11:25:46.2312660Z [11:25:46]: ▸ [35m[[36mMinimedKit[0m] [1mCopying[0m Localizable.strings[0m
Build	Fastlane Build & Archive	2026-07-20T11:25:46.2313570Z [11:25:46]: ▸ [35m[[36mMinimedKit[0m] [1mCopying[0m Localizable.strings[0m
Build	Fastlane Build & Archive	2026-07-20T11:25:46.2314550Z [11:25:46]: ▸ [35m[[36mMinimedKit[0m] [1mCopying[0m Localizable.strings[0m
Build	Fastlane Build & Archive	2026-07-20T11:25:46.2315220Z [11:25:46]: ▸ [35m[[36mMinimedKit[0m] [1mCopying[0m Localizable.strings[0m
Build	Fastlane Build & Archive	2026-07-20T11:25:46.2316050Z [11:25:46]: ▸ [35m[[36mMinimedKit[0m] [1mCopying[0m Localizable.strings[0m
Build	Fastlane Build & Archive	2026-07-20T11:25:46.2316850Z [11:25:46]: ▸ [35m[[36mMinimedKit[0m] [1mCopying[0m Localizable.strings[0m
Build	Fastlane Build & Archive	2026-07-20T11:25:46.2317380Z [11:25:46]: ▸ [35m[[36mMinimedKit[0m] [1mCopying[0m Localizable.strings[0m
Build	Fastlane Build & Archive	2026-07-20T11:25:46.2317900Z [11:25:46]: ▸ [35m[[36mMinimedKit[0m] [1mCopying[0m Localizable.strings[0m
Build	Fastlane Build & Archive	2026-07-20T11:25:46.2318420Z [11:25:46]: ▸ [35m[[36mMinimedKit[0m] [1mCopying[0m Localizable.strings[0m
Build	Fastlane Build & Archive	2026-07-20T11:25:46.2319000Z [11:25:46]: ▸ [35m[[36mMinimedKit[0m] [1mCopying[0m Localizable.strings[0m
Build	Fastlane Build & Archive	2026-07-20T11:25:46.2319600Z [11:25:46]: ▸ [35m[[36mMinimedKit[0m] [1mCopying[0m Localizable.strings[0m
Build	Fastlane Build & Archive	2026-07-20T11:25:46.2364710Z [11:25:46]: ▸ [35m[[36mMinimedKit[0m] [1mCopying[0m Localizable.strings[0m
Build	Fastlane Build & Archive	2026-07-20T11:25:46.2366500Z [11:25:46]: ▸ [35m[[36mMinimedKit[0m] [1mCopying[0m Localizable.strings[0m
Build	Fastlane Build & Archive	2026-07-20T11:25:46.2367720Z [11:25:46]: ▸ [35m[[36mMinimedKit[0m] [1mCopying[0m Localizable.strings[0m
Build	Fastlane Build & Archive	2026-07-20T11:25:46.2368860Z [11:25:46]: ▸ [35m[[36mMinimedKit[0m] [1mCopying[0m Localizable.strings[0m
Build	Fastlane Build & Archive	2026-07-20T11:25:46.2380170Z [11:25:46]: ▸ [35m[[36mMinimedKit[0m] [1mCopying[0m Localizable.strings[0m
Build	Fastlane Build & Archive	2026-07-20T11:25:46.2380770Z [11:25:46]: ▸ [35m[[36mMinimedKit[0m] [1mCopying[0m Localizable.strings[0m
Build	Fastlane Build & Archive	2026-07-20T11:25:46.2381310Z [11:25:46]: ▸ [35m[[36mMinimedKit[0m] [1mCopying[0m Localizable.strings[0m
Build	Fastlane Build & Archive	2026-07-20T11:25:46.2381990Z [11:25:46]: ▸ [35m[[36mMinimedKit[0m] [1mCopying[0m Localizable.strings[0m
Build	Fastlane Build & Archive	2026-07-20T11:25:46.2510830Z [11:25:46]: ▸ [35m[[36mMinimedKit[0m] [1mCopying[0m Localizable.strings[0m
Build	Fastlane Build & Archive	2026-07-20T11:25:46.2511460Z [11:25:46]: ▸ [35m[[36mMinimedKit[0m] [1mCopying[0m Localizable.strings[0m
Build	Fastlane Build & Archive	2026-07-20T11:25:46.2613710Z [11:25:46]: ▸ [35m[[36mCGMBLEKitUI[0m] [1mProcessing[0m Info.plist[0m
Build	Fastlane Build & Archive	2026-07-20T11:25:46.2717100Z [11:25:46]: ▸ [35m[[36mCGMBLEKitUI[0m] [1mGenerating[0m CGMBLEKitUI.framework.dSYM[0m
Build	Fastlane Build & Archive	2026-07-20T11:25:46.2755480Z [11:25:46]: ▸ [35m[[36mRileyLinkKitUI[0m] [1mExtract App Intents Metadata[0m
Build	Fastlane Build & Archive	2026-07-20T11:25:46.2756070Z [11:25:46]: ▸ [35m[[36mMockKitUI[0m] [1mProcessing[0m Info.plist[0m
Build	Fastlane Build & Archive	2026-07-20T11:25:46.2756560Z [11:25:46]: ▸ [35m[[36mMockKitUI[0m] [1mLinking[0m MockKitUI[0m
Build	Fastlane Build & Archive	2026-07-20T11:25:46.2757200Z [11:25:46]: ▸ [35m[[36mMockKitUI[0m] [1mCompile XCStrings[0m Localizable.xcstrings[0m
Build	Fastlane Build & Archive	2026-07-20T11:25:46.2757860Z [11:25:46]: ▸ [35m[[36mMinimedKit[0m] [1mGenerating[0m MinimedKit.framework.dSYM[0m
Build	Fastlane Build & Archive	2026-07-20T11:25:46.2758880Z [11:25:46]: ▸ [35m[[36mMockKitUI[0m] [1mCopying[0m Localizable.strings[0m
Build	Fastlane Build & Archive	2026-07-20T11:25:46.2764320Z [11:25:46]: ▸ [35m[[36mMockKitUI[0m] [1mCopying[0m Localizable.strings[0m
Build	Fastlane Build & Archive	2026-07-20T11:25:46.2783900Z [11:25:46]: ▸ [35m[[36mMockKitUI[0m] [1mCopying[0m Localizable.strings[0m
Build	Fastlane Build & Archive	2026-07-20T11:25:46.2812820Z [11:25:46]: ▸ [35m[[36mMockKitUI[0m] [1mCopying[0m Localizable.strings[0m
Build	Fastlane Build & Archive	2026-07-20T11:25:46.2915660Z [11:25:46]: ▸ [35m[[36mMockKitUI[0m] [1mCopying[0m Localizable.strings[0m
Build	Fastlane Build & Archive	2026-07-20T11:25:46.2952180Z [11:25:46]: ▸ [35m[[36mMockKitUI[0m] [1mCopying[0m Localizable.strings[0m
Build	Fastlane Build & Archive	2026-07-20T11:25:46.2953740Z [11:25:46]: ▸ [35m[[36mMockKitUI[0m] [1mCopying[0m Localizable.strings[0m
Build	Fastlane Build & Archive	2026-07-20T11:25:46.2955190Z [11:25:46]: ▸ [35m[[36mMockKitUI[0m] [1mCopying[0m Localizable.strings[0m
Build	Fastlane Build & Archive	2026-07-20T11:25:46.2956070Z [11:25:46]: ▸ [35m[[36mMockKitUI[0m] [1mCopying[0m Localizable.strings[0m
Build	Fastlane Build & Archive	2026-07-20T11:25:46.2956690Z [11:25:46]: ▸ [35m[[36mMockKitUI[0m] [1mCopying[0m Localizable.strings[0m
Build	Fastlane Build & Archive	2026-07-20T11:25:46.2957480Z [11:25:46]: ▸ [35m[[36mMockKitUI[0m] [1mCopying[0m Localizable.strings[0m
Build	Fastlane Build & Archive	2026-07-20T11:25:46.2957990Z [11:25:46]: ▸ [35m[[36mMockKitUI[0m] [1mCopying[0m Localizable.strings[0m
Build	Fastlane Build & Archive	2026-07-20T11:25:46.2958640Z [11:25:46]: ▸ [35m[[36mMockKitUI[0m] [1mCopying[0m Localizable.strings[0m
Build	Fastlane Build & Archive	2026-07-20T11:25:46.2959160Z [11:25:46]: ▸ [35m[[36mMockKitUI[0m] [1mCopying[0m Localizable.strings[0m
Build	Fastlane Build & Archive	2026-07-20T11:25:46.2959670Z [11:25:46]: ▸ [35m[[36mMockKitUI[0m] [1mCopying[0m Localizable.strings[0m
Build	Fastlane Build & Archive	2026-07-20T11:25:46.2960170Z [11:25:46]: ▸ [35m[[36mMockKitUI[0m] [1mCopying[0m Localizable.strings[0m
Build	Fastlane Build & Archive	2026-07-20T11:25:46.2960680Z [11:25:46]: ▸ [35m[[36mMockKitUI[0m] [1mCopying[0m Localizable.strings[0m
Build	Fastlane Build & Archive	2026-07-20T11:25:46.2961180Z [11:25:46]: ▸ [35m[[36mMockKitUI[0m] [1mCopying[0m Localizable.strings[0m
Build	Fastlane Build & Archive	2026-07-20T11:25:46.2961700Z [11:25:46]: ▸ [35m[[36mMockKitUI[0m] [1mCopying[0m Localizable.strings[0m
Build	Fastlane Build & Archive	2026-07-20T11:25:46.2962250Z [11:25:46]: ▸ [35m[[36mMockKitUI[0m] [1mCopying[0m Localizable.strings[0m
Build	Fastlane Build & Archive	2026-07-20T11:25:46.2962750Z [11:25:46]: ▸ [35m[[36mMockKitUI[0m] [1mCopying[0m Localizable.strings[0m
Build	Fastlane Build & Archive	2026-07-20T11:25:46.2963250Z [11:25:46]: ▸ [35m[[36mMockKitUI[0m] [1mCopying[0m Localizable.strings[0m
Build	Fastlane Build & Archive	2026-07-20T11:25:46.2963750Z [11:25:46]: ▸ [35m[[36mMockKitUI[0m] [1mCopying[0m Localizable.strings[0m
Build	Fastlane Build & Archive	2026-07-20T11:25:46.2964270Z [11:25:46]: ▸ [35m[[36mMedtrumKit[0m] [1mTouching[0m MedtrumKit.framework[0m
Build	Fastlane Build & Archive	2026-07-20T11:25:46.2964800Z [11:25:46]: ▸ [35m[[36mG7SensorKitUI[0m] [1mCompiling[0m G7SensorKitUI_vers.c[0m
Build	Fastlane Build & Archive	2026-07-20T11:25:46.2965330Z [11:25:46]: ▸ [35m[[36mDanaKit[0m] [1mExtract App Intents Metadata[0m
Build	Fastlane Build & Archive	2026-07-20T11:25:46.2965810Z [11:25:46]: ▸ [35m[[36mCGMBLEKitUI[0m] [1mExtract App Intents Metadata[0m
Build	Fastlane Build & Archive	2026-07-20T11:25:46.2966320Z [11:25:46]: ▸ [35m[[36mMinimedKit[0m] [1mExtract App Intents Metadata[0m
Build	Fastlane Build & Archive	2026-07-20T11:25:46.2966840Z [11:25:46]: ▸ [35m[[36mMockKitUI[0m] [1mGenerating[0m MockKitUI.framework.dSYM[0m
Build	Fastlane Build & Archive	2026-07-20T11:25:46.2967370Z [11:25:46]: ▸ [35m[[36mMockKitUI[0m] [1mExtract App Intents Metadata[0m
Build	Fastlane Build & Archive	2026-07-20T11:25:46.2968030Z [11:25:46]: ▸ [35m[[36mLibreTransmitter[0m] [1mRegisterExecutionPolicyException[0m LibreTransmitter.framework[0m
Build	Fastlane Build & Archive	2026-07-20T11:25:46.2968810Z [11:25:46]: ▸ [35m[[36mRileyLinkKitUI[0m] [1mRegisterExecutionPolicyException[0m RileyLinkKitUI.framework[0m
Build	Fastlane Build & Archive	2026-07-20T11:25:46.2969470Z [11:25:46]: ▸ [35m[[36mRileyLinkKitUI[0m] [1mTouching[0m RileyLinkKitUI.framework[0m
Build	Fastlane Build & Archive	2026-07-20T11:25:46.2970000Z [11:25:46]: ▸ [35m[[36mOmnipodKit[0m] [1mCopying[0m heartbeat.wav[0m
Build	Fastlane Build & Archive	2026-07-20T11:25:46.2970460Z [11:25:46]: ▸ [35m[[36mOmnipodKit[0m] [1mCopying[0m blank.wav[0m
Build	Fastlane Build & Archive	2026-07-20T11:25:46.2970960Z [11:25:46]: ▸ [35m[[36mOmnipodKit[0m] [1mCompiling[0m OmniReservoirView.xib[0m
Build	Fastlane Build & Archive	2026-07-20T11:25:46.2971530Z [11:25:46]: ▸ [35m[[36mOmnipodKit[0m] [1mCompile XCStrings[0m Localizable.xcstrings[0m
Build	Fastlane Build & Archive	2026-07-20T11:25:46.2972140Z [11:25:46]: ▸ [35m[[36mOmnipodKit[0m] [1mProcessing[0m Info.plist[0m
Build	Fastlane Build & Archive	2026-07-20T11:25:46.2972750Z [11:25:46]: ▸ [35m[[36mMockKitUI[0m] [1mRegisterExecutionPolicyException[0m MockKitUI.framework[0m
Build	Fastlane Build & Archive	2026-07-20T11:25:46.2973400Z [11:25:46]: ▸ [35m[[36mMockKitUI[0m] [1mTouching[0m MockKitUI.framework[0m
Build	Fastlane Build & Archive	2026-07-20T11:25:46.2974020Z [11:25:46]: ▸ [35m[[36mMinimedKit[0m] [1mRegisterExecutionPolicyException[0m MinimedKit.framework[0m
Build	Fastlane Build & Archive	2026-07-20T11:25:46.3039940Z [11:25:46]: ▸ [35m[[36mMinimedKit[0m] [1mTouching[0m MinimedKit.framework[0m
Build	Fastlane Build & Archive	2026-07-20T11:25:46.3146580Z [11:25:46]: ▸ [35m[[36mLibreTransmitter[0m] [1mTouching[0m LibreTransmitter.framework[0m
Build	Fastlane Build & Archive	2026-07-20T11:25:46.3149910Z [11:25:46]: ▸ [35m[[36mMinimedKitUI[0m] [1mLinking[0m MinimedKitUI[0m
Build	Fastlane Build & Archive	2026-07-20T11:25:46.3151440Z [11:25:46]: ▸ [35m[[36mMinimedKitUI[0m] [1mCompiling[0m ReservoirHUDView.xib[0m
Build	Fastlane Build & Archive	2026-07-20T11:25:46.3153170Z [11:25:46]: ▸ [35m[[36mMinimedKitUI[0m] [1mCompile XCStrings[0m MinimedPumpManager.xcstrings[0m
Build	Fastlane Build & Archive	2026-07-20T11:25:46.3156180Z [11:25:46]: ▸ [35m[[36mMinimedKitUI[0m] [1mCompile XCStrings[0m Localizable.xcstrings[0m
Build	Fastlane Build & Archive	2026-07-20T11:25:46.3157850Z [11:25:46]: ▸ [35m[[36mMinimedKitUI[0m] [1mCopying[0m MinimedPumpManager.strings[0m
Build	Fastlane Build & Archive	2026-07-20T11:25:46.3160190Z [11:25:46]: ▸ [35m[[36mMinimedKitUI[0m] [1mCopying[0m Localizable.strings[0m
Build	Fastlane Build & Archive	2026-07-20T11:25:46.3161660Z [11:25:46]: ▸ [35m[[36mMinimedKitUI[0m] [1mCopying[0m MinimedPumpManager.strings[0m
Build	Fastlane Build & Archive	2026-07-20T11:25:46.3163500Z [11:25:46]: ▸ [35m[[36mMinimedKitUI[0m] [1mCopying[0m Localizable.strings[0m
Build	Fastlane Build & Archive	2026-07-20T11:25:46.3164940Z [11:25:46]: ▸ [35m[[36mMinimedKitUI[0m] [1mCopying[0m Localizable.strings[0m
Build	Fastlane Build & Archive	2026-07-20T11:25:46.3166530Z [11:25:46]: ▸ [35m[[36mMinimedKitUI[0m] [1mCopying[0m MinimedPumpManager.strings[0m
Build	Fastlane Build & Archive	2026-07-20T11:25:46.3168080Z [11:25:46]: ▸ [35m[[36mMinimedKitUI[0m] [1mCopying[0m Localizable.strings[0m
Build	Fastlane Build & Archive	2026-07-20T11:25:46.3170420Z [11:25:46]: ▸ [35m[[36mMinimedKitUI[0m] [1mCopying[0m MinimedPumpManager.strings[0m
Build	Fastlane Build & Archive	2026-07-20T11:25:46.3172280Z [11:25:46]: ▸ [35m[[36mMinimedKitUI[0m] [1mCopying[0m Localizable.strings[0m
Build	Fastlane Build & Archive	2026-07-20T11:25:46.3173780Z [11:25:46]: ▸ [35m[[36mMinimedKitUI[0m] [1mCopying[0m MinimedPumpManager.strings[0m
Build	Fastlane Build & Archive	2026-07-20T11:25:46.3175330Z [11:25:46]: ▸ [35m[[36mMinimedKitUI[0m] [1mCopying[0m Localizable.strings[0m
Build	Fastlane Build & Archive	2026-07-20T11:25:46.3177240Z [11:25:46]: ▸ [35m[[36mMinimedKitUI[0m] [1mCopying[0m MinimedPumpManager.strings[0m
Build	Fastlane Build & Archive	2026-07-20T11:25:46.3179060Z [11:25:46]: ▸ [35m[[36mMinimedKitUI[0m] [1mCopying[0m Localizable.strings[0m
Build	Fastlane Build & Archive	2026-07-20T11:25:46.3180610Z [11:25:46]: ▸ [35m[[36mMinimedKitUI[0m] [1mCopying[0m MinimedPumpManager.strings[0m
Build	Fastlane Build & Archive	2026-07-20T11:25:46.3182140Z [11:25:46]: ▸ [35m[[36mMinimedKitUI[0m] [1mCopying[0m Localizable.strings[0m
Build	Fastlane Build & Archive	2026-07-20T11:25:46.3183540Z [11:25:46]: ▸ [35m[[36mMinimedKitUI[0m] [1mCopying[0m Localizable.strings[0m
Build	Fastlane Build & Archive	2026-07-20T11:25:46.3184980Z [11:25:46]: ▸ [35m[[36mMinimedKitUI[0m] [1mCopying[0m MinimedPumpManager.strings[0m
Build	Fastlane Build & Archive	2026-07-20T11:25:46.3186580Z [11:25:46]: ▸ [35m[[36mMinimedKitUI[0m] [1mCopying[0m Localizable.strings[0m
Build	Fastlane Build & Archive	2026-07-20T11:25:46.3188050Z [11:25:46]: ▸ [35m[[36mMinimedKitUI[0m] [1mCopying[0m MinimedPumpManager.strings[0m
Build	Fastlane Build & Archive	2026-07-20T11:25:46.3189820Z [11:25:46]: ▸ [35m[[36mMinimedKitUI[0m] [1mCopying[0m Localizable.strings[0m
Build	Fastlane Build & Archive	2026-07-20T11:25:46.3230390Z [11:25:46]: ▸ [35m[[36mMinimedKitUI[0m] [1mCopying[0m MinimedPumpManager.strings[0m
Build	Fastlane Build & Archive	2026-07-20T11:25:46.3231130Z [11:25:46]: ▸ [35m[[36mMinimedKitUI[0m] [1mCopying[0m Localizable.strings[0m
Build	Fastlane Build & Archive	2026-07-20T11:25:46.3231700Z [11:25:46]: ▸ [35m[[36mMinimedKitUI[0m] [1mCopying[0m MinimedPumpManager.strings[0m
Build	Fastlane Build & Archive	2026-07-20T11:25:46.3232340Z [11:25:46]: ▸ [35m[[36mMinimedKitUI[0m] [1mCopying[0m Localizable.strings[0m
Build	Fastlane Build & Archive	2026-07-20T11:25:46.3232910Z [11:25:46]: ▸ [35m[[36mMinimedKitUI[0m] [1mCopying[0m Localizable.strings[0m
Build	Fastlane Build & Archive	2026-07-20T11:25:46.3233520Z [11:25:46]: ▸ [35m[[36mMinimedKitUI[0m] [1mCopying[0m MinimedPumpManager.strings[0m
Build	Fastlane Build & Archive	2026-07-20T11:25:46.3234120Z [11:25:46]: ▸ [35m[[36mMinimedKitUI[0m] [1mCopying[0m Localizable.strings[0m
Build	Fastlane Build & Archive	2026-07-20T11:25:46.3234730Z [11:25:46]: ▸ [35m[[36mMinimedKitUI[0m] [1mCopying[0m MinimedPumpManager.strings[0m
Build	Fastlane Build & Archive	2026-07-20T11:25:46.3235320Z [11:25:46]: ▸ [35m[[36mMinimedKitUI[0m] [1mCopying[0m Localizable.strings[0m
Build	Fastlane Build & Archive	2026-07-20T11:25:46.3235900Z [11:25:46]: ▸ [35m[[36mMinimedKitUI[0m] [1mCopying[0m Localizable.strings[0m
Build	Fastlane Build & Archive	2026-07-20T11:25:46.3236490Z [11:25:46]: ▸ [35m[[36mMinimedKitUI[0m] [1mCopying[0m Localizable.strings[0m
Build	Fastlane Build & Archive	2026-07-20T11:25:46.3237040Z [11:25:46]: ▸ [35m[[36mMinimedKitUI[0m] [1mCopying[0m MinimedPumpManager.strings[0m
Build	Fastlane Build & Archive	2026-07-20T11:25:46.3237590Z [11:25:46]: ▸ [35m[[36mMinimedKitUI[0m] [1mCopying[0m Localizable.strings[0m
Build	Fastlane Build & Archive	2026-07-20T11:25:46.3238150Z [11:25:46]: ▸ [35m[[36mMinimedKitUI[0m] [1mCopying[0m MinimedPumpManager.strings[0m
Build	Fastlane Build & Archive	2026-07-20T11:25:46.3238970Z [11:25:46]: ▸ [35m[[36mMinimedKitUI[0m] [1mCopying[0m Localizable.strings[0m
Build	Fastlane Build & Archive	2026-07-20T11:25:46.3239510Z [11:25:46]: ▸ [35m[[36mMinimedKitUI[0m] [1mCopying[0m MinimedPumpManager.strings[0m
Build	Fastlane Build & Archive	2026-07-20T11:25:46.3240220Z [11:25:46]: ▸ [35m[[36mMinimedKitUI[0m] [1mCopying[0m Localizable.strings[0m
Build	Fastlane Build & Archive	2026-07-20T11:25:46.3240790Z [11:25:46]: ▸ [35m[[36mMinimedKitUI[0m] [1mCopying[0m MinimedPumpManager.strings[0m
Build	Fastlane Build & Archive	2026-07-20T11:25:46.3241360Z [11:25:46]: ▸ [35m[[36mMinimedKitUI[0m] [1mCopying[0m Localizable.strings[0m
Build	Fastlane Build & Archive	2026-07-20T11:25:46.3242780Z [11:25:46]: ▸ [35m[[36mMinimedKitUI[0m] [1mCopying[0m MinimedPumpManager.strings[0m
Build	Fastlane Build & Archive	2026-07-20T11:25:46.3243470Z [11:25:46]: ▸ [35m[[36mMinimedKitUI[0m] [1mCopying[0m MinimedPumpManager.strings[0m
Build	Fastlane Build & Archive	2026-07-20T11:25:46.3244040Z [11:25:46]: ▸ [35m[[36mMinimedKitUI[0m] [1mCopying[0m Localizable.strings[0m
Build	Fastlane Build & Archive	2026-07-20T11:25:46.3244630Z [11:25:46]: ▸ [35m[[36mMinimedKitUI[0m] [1mCopying[0m MinimedPumpManager.strings[0m
Build	Fastlane Build & Archive	2026-07-20T11:25:46.3245180Z [11:25:46]: ▸ [35m[[36mMinimedKitUI[0m] [1mCopying[0m Localizable.strings[0m
Build	Fastlane Build & Archive	2026-07-20T11:25:46.3245720Z [11:25:46]: ▸ [35m[[36mMinimedKitUI[0m] [1mCopying[0m MinimedPumpManager.strings[0m
Build	Fastlane Build & Archive	2026-07-20T11:25:46.3246280Z [11:25:46]: ▸ [35m[[36mMinimedKitUI[0m] [1mCopying[0m Localizable.strings[0m
Build	Fastlane Build & Archive	2026-07-20T11:25:46.3246790Z [11:25:46]: ▸ [35m[[36mMinimedKitUI[0m] [1mCopying[0m Localizable.strings[0m
Build	Fastlane Build & Archive	2026-07-20T11:25:46.3247340Z [11:25:46]: ▸ [35m[[36mMinimedKitUI[0m] [1mCopying[0m MinimedPumpManager.strings[0m
Build	Fastlane Build & Archive	2026-07-20T11:25:46.3247900Z [11:25:46]: ▸ [35m[[36mMinimedKitUI[0m] [1mCopying[0m Localizable.strings[0m
Build	Fastlane Build & Archive	2026-07-20T11:25:46.3248510Z [11:25:46]: ▸ [35m[[36mMinimedKitUI[0m] [1mCompiling[0m MinimedPumpManager.storyboard[0m
Build	Fastlane Build & Archive	2026-07-20T11:25:46.3249070Z [11:25:46]: ▸ [35m[[36mOmnipodKit[0m] [1mCopying[0m Localizable.strings[0m
Build	Fastlane Build & Archive	2026-07-20T11:25:46.3249640Z [11:25:46]: ▸ [35m[[36mOmnipodKit[0m] [1mCopying[0m Localizable.strings[0m
Build	Fastlane Build & Archive	2026-07-20T11:25:46.3250360Z [11:25:46]: ▸ [35m[[36mOmnipodKit[0m] [1mCopying[0m Localizable.strings[0m
Build	Fastlane Build & Archive	2026-07-20T11:25:46.3267270Z [11:25:46]: ▸ [35m[[36mOmnipodKit[0m] [1mCopying[0m Localizable.strings[0m
Build	Fastlane Build & Archive	2026-07-20T11:25:46.3269010Z [11:25:46]: ▸ [35m[[36mOmnipodKit[0m] [1mCopying[0m Localizable.strings[0m
Build	Fastlane Build & Archive	2026-07-20T11:25:46.3270580Z [11:25:46]: ▸ [35m[[36mOmnipodKit[0m] [1mCopying[0m Localizable.strings[0m
Build	Fastlane Build & Archive	2026-07-20T11:25:46.3272030Z [11:25:46]: ▸ [35m[[36mOmnipodKit[0m] [1mCopying[0m Localizable.strings[0m
Build	Fastlane Build & Archive	2026-07-20T11:25:46.3273930Z [11:25:46]: ▸ [35m[[36mOmnipodKit[0m] [1mCopying[0m Localizable.strings[0m
Build	Fastlane Build & Archive	2026-07-20T11:25:46.3276310Z [11:25:46]: ▸ [35m[[36mOmnipodKit[0m] [1mCopying[0m Localizable.strings[0m
Build	Fastlane Build & Archive	2026-07-20T11:25:46.3278910Z [11:25:46]: ▸ [35m[[36mOmnipodKit[0m] [1mCopying[0m Localizable.strings[0m
Build	Fastlane Build & Archive	2026-07-20T11:25:46.3280770Z [11:25:46]: ▸ [35m[[36mOmnipodKit[0m] [1mCopying[0m Localizable.strings[0m
Build	Fastlane Build & Archive	2026-07-20T11:25:46.3282370Z [11:25:46]: ▸ [35m[[36mOmnipodKit[0m] [1mCopying[0m Localizable.strings[0m
Build	Fastlane Build & Archive	2026-07-20T11:25:46.3283830Z [11:25:46]: ▸ [35m[[36mOmnipodKit[0m] [1mCopying[0m Localizable.strings[0m
Build	Fastlane Build & Archive	2026-07-20T11:25:46.3285220Z [11:25:46]: ▸ [35m[[36mOmnipodKit[0m] [1mCopying[0m Localizable.strings[0m
Build	Fastlane Build & Archive	2026-07-20T11:25:46.3286570Z [11:25:46]: ▸ [35m[[36mOmnipodKit[0m] [1mCopying[0m Localizable.strings[0m
Build	Fastlane Build & Archive	2026-07-20T11:25:46.3289590Z [11:25:46]: ▸ [35m[[36mOmnipodKit[0m] [1mCopying[0m Localizable.strings[0m
Build	Fastlane Build & Archive	2026-07-20T11:25:46.3307540Z [11:25:46]: ▸ [35m[[36mOmnipodKit[0m] [1mCopying[0m Localizable.strings[0m
Build	Fastlane Build & Archive	2026-07-20T11:25:46.3309210Z [11:25:46]: ▸ [35m[[36mOmnipodKit[0m] [1mCopying[0m Localizable.strings[0m
Build	Fastlane Build & Archive	2026-07-20T11:25:46.3310550Z [11:25:46]: ▸ [35m[[36mOmnipodKit[0m] [1mCopying[0m Localizable.strings[0m
Build	Fastlane Build & Archive	2026-07-20T11:25:46.3311890Z [11:25:46]: ▸ [35m[[36mOmnipodKit[0m] [1mCopying[0m Localizable.strings[0m
Build	Fastlane Build & Archive	2026-07-20T11:25:46.3313210Z [11:25:46]: ▸ [35m[[36mOmnipodKit[0m] [1mCopying[0m Localizable.strings[0m
Build	Fastlane Build & Archive	2026-07-20T11:25:46.3315890Z [11:25:46]: ▸ [35m[[36mOmnipodKit[0m] [1mCopying[0m Localizable.strings[0m
Build	Fastlane Build & Archive	2026-07-20T11:25:46.3342700Z [11:25:46]: ▸ [35m[[36mOmnipodKit[0m] [1mCopying[0m Localizable.strings[0m
Build	Fastlane Build & Archive	2026-07-20T11:25:46.3345140Z [11:25:46]: ▸ [35m[[36mOmnipodKit[0m] [1mCopying[0m Localizable.strings[0m
Build	Fastlane Build & Archive	2026-07-20T11:25:46.3346520Z [11:25:46]: ▸ [35m[[36mOmnipodKit[0m] [1mCopying[0m Localizable.strings[0m
Build	Fastlane Build & Archive	2026-07-20T11:25:46.3347830Z [11:25:46]: ▸ [35m[[36mOmnipodKit[0m] [1mCopying[0m Localizable.strings[0m
Build	Fastlane Build & Archive	2026-07-20T11:25:46.3349540Z [11:25:46]: ▸ [35m[[36mG7SensorKit[0m] [1mRegisterExecutionPolicyException[0m G7SensorKit.framework[0m
Build	Fastlane Build & Archive	2026-07-20T11:25:46.3351170Z [11:25:46]: ▸ [35m[[36mLibreTransmitterUI[0m] [1mProcessing[0m Info.plist[0m
Build	Fastlane Build & Archive	2026-07-20T11:25:46.3352690Z [11:25:46]: ▸ [35m[[36mLibreTransmitterUI[0m] [1mLinking[0m LibreTransmitterUI[0m
Build	Fastlane Build & Archive	2026-07-20T11:25:46.3354350Z [11:25:46]: ▸ [35m[[36mLibreTransmitterUI[0m] [1mGenerating[0m LibreTransmitterUI.framework.dSYM[0m
Build	Fastlane Build & Archive	2026-07-20T11:25:46.3356120Z [11:25:46]: ▸ [35m[[36mLibreTransmitterUI[0m] [1mCompile XCStrings[0m Localizable.xcstrings[0m
Build	Fastlane Build & Archive	2026-07-20T11:25:46.3357840Z [11:25:46]: ▸ [35m[[36mMinimedKitUI[0m] [1mProcessing[0m empty-MinimedKitUI.plist[0m
Build	Fastlane Build & Archive	2026-07-20T11:25:46.3359420Z [11:25:46]: ▸ [35m[[36mMinimedKitUI[0m] [1mGenerating[0m MinimedKitUI.framework.dSYM[0m
Build	Fastlane Build & Archive	2026-07-20T11:25:46.3407210Z [11:25:46]: ▸ [35m[[36mLibreTransmitterUI[0m] [1mCopying[0m Localizable.strings[0m
Build	Fastlane Build & Archive	2026-07-20T11:25:46.3407920Z [11:25:46]: ▸ [35m[[36mLibreTransmitterUI[0m] [1mCopying[0m Localizable.strings[0m
Build	Fastlane Build & Archive	2026-07-20T11:25:46.3408500Z [11:25:46]: ▸ [35m[[36mLibreTransmitterUI[0m] [1mCopying[0m Localizable.strings[0m
Build	Fastlane Build & Archive	2026-07-20T11:25:46.3409070Z [11:25:46]: ▸ [35m[[36mLibreTransmitterUI[0m] [1mCopying[0m Localizable.strings[0m
Build	Fastlane Build & Archive	2026-07-20T11:25:46.3409640Z [11:25:46]: ▸ [35m[[36mLibreTransmitterUI[0m] [1mCopying[0m Localizable.strings[0m
Build	Fastlane Build & Archive	2026-07-20T11:25:46.3421620Z [11:25:46]: ▸ [35m[[36mLibreTransmitterUI[0m] [1mCopying[0m Localizable.strings[0m
Build	Fastlane Build & Archive	2026-07-20T11:25:46.3423000Z [11:25:46]: ▸ [35m[[36mLibreTransmitterUI[0m] [1mCopying[0m Localizable.strings[0m
Build	Fastlane Build & Archive	2026-07-20T11:25:46.3423670Z [11:25:46]: ▸ [35m[[36mLibreTransmitterUI[0m] [1mCopying[0m Localizable.strings[0m
Build	Fastlane Build & Archive	2026-07-20T11:25:46.3424260Z [11:25:46]: ▸ [35m[[36mLibreTransmitterUI[0m] [1mCopying[0m Localizable.strings[0m
Build	Fastlane Build & Archive	2026-07-20T11:25:46.3424910Z [11:25:46]: ▸ [35m[[36mLibreTransmitterUI[0m] [1mCopying[0m Localizable.strings[0m
Build	Fastlane Build & Archive	2026-07-20T11:25:46.3426990Z [11:25:46]: ▸ [35m[[36mLibreTransmitterUI[0m] [1mCopying[0m Localizable.strings[0m
Build	Fastlane Build & Archive	2026-07-20T11:25:46.3429480Z [11:25:46]: ▸ [35m[[36mLibreTransmitterUI[0m] [1mCopying[0m Localizable.strings[0m
Build	Fastlane Build & Archive	2026-07-20T11:25:46.3430140Z [11:25:46]: ▸ [35m[[36mLibreTransmitterUI[0m] [1mCopying[0m Localizable.strings[0m
Build	Fastlane Build & Archive	2026-07-20T11:25:46.3430750Z [11:25:46]: ▸ [35m[[36mLibreTransmitterUI[0m] [1mCopying[0m Localizable.strings[0m
Build	Fastlane Build & Archive	2026-07-20T11:25:46.3435670Z [11:25:46]: ▸ [35m[[36mLibreTransmitterUI[0m] [1mCopying[0m Localizable.strings[0m
Build	Fastlane Build & Archive	2026-07-20T11:25:46.3437620Z [11:25:46]: ▸ [35m[[36mLibreTransmitterUI[0m] [1mCopying[0m Localizable.strings[0m
Build	Fastlane Build & Archive	2026-07-20T11:25:46.3440200Z [11:25:46]: ▸ [35m[[36mLibreTransmitterUI[0m] [1mCopying[0m Localizable.strings[0m
Build	Fastlane Build & Archive	2026-07-20T11:25:46.3441950Z [11:25:46]: ▸ [35m[[36mLibreTransmitterUI[0m] [1mCopying[0m Localizable.strings[0m
Build	Fastlane Build & Archive	2026-07-20T11:25:46.3444430Z [11:25:46]: ▸ [35m[[36mLibreTransmitterUI[0m] [1mCopying[0m Localizable.strings[0m
Build	Fastlane Build & Archive	2026-07-20T11:25:46.3445990Z [11:25:46]: ▸ [35m[[36mLibreTransmitterUI[0m] [1mCopying[0m Localizable.strings[0m
Build	Fastlane Build & Archive	2026-07-20T11:25:46.3447910Z [11:25:46]: ▸ [35m[[36mLibreTransmitterUI[0m] [1mCopying[0m Localizable.strings[0m
Build	Fastlane Build & Archive	2026-07-20T11:25:46.3449600Z [11:25:46]: ▸ [35m[[36mLibreTransmitterUI[0m] [1mCopying[0m Localizable.strings[0m
Build	Fastlane Build & Archive	2026-07-20T11:25:46.3450360Z [11:25:46]: ▸ [35m[[36mLibreTransmitterUI[0m] [1mCopying[0m Localizable.strings[0m
Build	Fastlane Build & Archive	2026-07-20T11:25:46.3450890Z [11:25:46]: ▸ [35m[[36mLibreTransmitterUI[0m] [1mCopying[0m Localizable.strings[0m
Build	Fastlane Build & Archive	2026-07-20T11:25:46.3451410Z [11:25:46]: ▸ [35m[[36mLibreTransmitterUI[0m] [1mCopying[0m Localizable.strings[0m
Build	Fastlane Build & Archive	2026-07-20T11:25:46.3452040Z [11:25:46]: ▸ [35m[[36mLibreTransmitterUI[0m] [1mCopying[0m Localizable.strings[0m
Build	Fastlane Build & Archive	2026-07-20T11:25:46.3452590Z [11:25:46]: ▸ [35m[[36mLibreTransmitterUI[0m] [1mCopying[0m Localizable.strings[0m
Build	Fastlane Build & Archive	2026-07-20T11:25:46.3453120Z [11:25:46]: ▸ [35m[[36mLibreTransmitterUI[0m] [1mExtract App Intents Metadata[0m
Build	Fastlane Build & Archive	2026-07-20T11:25:46.3453640Z [11:25:46]: ▸ [35m[[36mG7SensorKit[0m] [1mTouching[0m G7SensorKit.framework[0m
Build	Fastlane Build & Archive	2026-07-20T11:25:46.3454210Z [11:25:46]: ▸ [35m[[36mG7SensorKitUI[0m] [1mProcessing[0m empty-G7SensorKitUI.plist[0m
Build	Fastlane Build & Archive	2026-07-20T11:25:46.3454740Z [11:25:46]: ▸ [35m[[36mG7SensorKitUI[0m] [1mLinking[0m G7SensorKitUI[0m
Build	Fastlane Build & Archive	2026-07-20T11:25:46.3455250Z [11:25:46]: ▸ [35m[[36mG7SensorKitUI[0m] [1mCompile XCStrings[0m Localizable.xcstrings[0m
Build	Fastlane Build & Archive	2026-07-20T11:25:46.3455870Z [11:25:46]: ▸ [35m[[36mG7SensorKitUI[0m] [1mGenerating[0m G7SensorKitUI.framework.dSYM[0m
Build	Fastlane Build & Archive	2026-07-20T11:25:46.3456440Z [11:25:46]: ▸ [35m[[36mG7SensorKitUI[0m] [1mCopying[0m Localizable.strings[0m
Build	Fastlane Build & Archive	2026-07-20T11:25:46.3456970Z [11:25:46]: ▸ [35m[[36mG7SensorKitUI[0m] [1mCopying[0m Localizable.strings[0m
Build	Fastlane Build & Archive	2026-07-20T11:25:46.3457550Z [11:25:46]: ▸ [35m[[36mG7SensorKitUI[0m] [1mCopying[0m Localizable.strings[0m
Build	Fastlane Build & Archive	2026-07-20T11:25:46.3458090Z [11:25:46]: ▸ [35m[[36mG7SensorKitUI[0m] [1mCopying[0m Localizable.strings[0m
Build	Fastlane Build & Archive	2026-07-20T11:25:46.3459150Z [11:25:46]: ▸ [35m[[36mG7SensorKitUI[0m] [1mCopying[0m Localizable.strings[0m
Build	Fastlane Build & Archive	2026-07-20T11:25:46.3459640Z [11:25:46]: ▸ [35m[[36mG7SensorKitUI[0m] [1mCopying[0m Localizable.strings[0m
Build	Fastlane Build & Archive	2026-07-20T11:25:46.3460150Z [11:25:46]: ▸ [35m[[36mG7SensorKitUI[0m] [1mCopying[0m Localizable.strings[0m
Build	Fastlane Build & Archive	2026-07-20T11:25:46.3460690Z [11:25:46]: ▸ [35m[[36mG7SensorKitUI[0m] [1mCopying[0m Localizable.strings[0m
Build	Fastlane Build & Archive	2026-07-20T11:25:46.3461170Z [11:25:46]: ▸ [35m[[36mG7SensorKitUI[0m] [1mCopying[0m Localizable.strings[0m
Build	Fastlane Build & Archive	2026-07-20T11:25:46.3462030Z [11:25:46]: ▸ [35m[[36mG7SensorKitUI[0m] [1mCopying[0m Localizable.strings[0m
Build	Fastlane Build & Archive	2026-07-20T11:25:46.3463910Z [11:25:46]: ▸ [35m[[36mG7SensorKitUI[0m] [1mCopying[0m Localizable.strings[0m
Build	Fastlane Build & Archive	2026-07-20T11:25:46.3465320Z [11:25:46]: ▸ [35m[[36mG7SensorKitUI[0m] [1mCopying[0m Localizable.strings[0m
Build	Fastlane Build & Archive	2026-07-20T11:25:46.3466800Z [11:25:46]: ▸ [35m[[36mG7SensorKitUI[0m] [1mCopying[0m Localizable.strings[0m
Build	Fastlane Build & Archive	2026-07-20T11:25:46.3468190Z [11:25:46]: ▸ [35m[[36mG7SensorKitUI[0m] [1mCopying[0m Localizable.strings[0m
Build	Fastlane Build & Archive	2026-07-20T11:25:46.3469810Z [11:25:46]: ▸ [35m[[36mG7SensorKitUI[0m] [1mCopying[0m Localizable.strings[0m
Build	Fastlane Build & Archive	2026-07-20T11:25:46.3471340Z [11:25:46]: ▸ [35m[[36mG7SensorKitUI[0m] [1mCopying[0m Localizable.strings[0m
Build	Fastlane Build & Archive	2026-07-20T11:25:46.3474070Z [11:25:46]: ▸ [35m[[36mG7SensorKitUI[0m] [1mCopying[0m Localizable.strings[0m
Build	Fastlane Build & Archive	2026-07-20T11:25:46.3480070Z [11:25:46]: ▸ [35m[[36mG7SensorKitUI[0m] [1mCopying[0m Localizable.strings[0m
Build	Fastlane Build & Archive	2026-07-20T11:25:46.3584700Z [11:25:46]: ▸ [35m[[36mG7SensorKitUI[0m] [1mCopying[0m Localizable.strings[0m
Build	Fastlane Build & Archive	2026-07-20T11:25:46.3596490Z [11:25:46]: ▸ [35m[[36mG7SensorKitUI[0m] [1mCopying[0m Localizable.strings[0m
Build	Fastlane Build & Archive	2026-07-20T11:25:46.3597170Z [11:25:46]: ▸ [35m[[36mG7SensorKitUI[0m] [1mCopying[0m Localizable.strings[0m
Build	Fastlane Build & Archive	2026-07-20T11:25:46.3597720Z [11:25:46]: ▸ [35m[[36mG7SensorKitUI[0m] [1mCopying[0m Localizable.strings[0m
Build	Fastlane Build & Archive	2026-07-20T11:25:46.3598340Z [11:25:46]: ▸ [35m[[36mG7SensorKitUI[0m] [1mCopying[0m Localizable.strings[0m
Build	Fastlane Build & Archive	2026-07-20T11:25:46.3598910Z [11:25:46]: ▸ [35m[[36mG7SensorKitUI[0m] [1mCopying[0m Localizable.strings[0m
Build	Fastlane Build & Archive	2026-07-20T11:25:46.3599520Z [11:25:46]: ▸ [35m[[36mG7SensorKitUI[0m] [1mCopying[0m Localizable.strings[0m
Build	Fastlane Build & Archive	2026-07-20T11:25:46.3600190Z [11:25:46]: ▸ [35m[[36mG7SensorKitUI[0m] [1mCopying[0m Localizable.strings[0m
Build	Fastlane Build & Archive	2026-07-20T11:25:46.3600770Z [11:25:46]: ▸ [35m[[36mG7SensorKitUI[0m] [1mExtract App Intents Metadata[0m
Build	Fastlane Build & Archive	2026-07-20T11:25:46.3601460Z [11:25:46]: ▸ [35m[[36mLibreTransmitterUI[0m] [1mRegisterExecutionPolicyException[0m LibreTransmitterUI.framework[0m
Build	Fastlane Build & Archive	2026-07-20T11:25:46.3602190Z [11:25:46]: ▸ [35m[[36mLibreTransmitterUI[0m] [1mTouching[0m LibreTransmitterUI.framework[0m
Build	Fastlane Build & Archive	2026-07-20T11:25:46.3863330Z [11:25:46]: ▸ [35m[[36mDanaKit[0m] [1mRegisterExecutionPolicyException[0m DanaKit.framework[0m
Build	Fastlane Build & Archive	2026-07-20T11:25:46.3865520Z [11:25:46]: ▸ [35m[[36mG7SensorKitUI[0m] [1mRegisterExecutionPolicyException[0m G7SensorKitUI.framework[0m
Build	Fastlane Build & Archive	2026-07-20T11:25:46.3867160Z [11:25:46]: ▸ [35m[[36mDanaKit[0m] [1mTouching[0m DanaKit.framework[0m
Build	Fastlane Build & Archive	2026-07-20T11:25:46.3868530Z [11:25:46]: ▸ [35m[[36mG7SensorKitUI[0m] [1mTouching[0m G7SensorKitUI.framework[0m
Build	Fastlane Build & Archive	2026-07-20T11:25:46.3870270Z [11:25:46]: ▸ [35m[[36mCGMBLEKitUI[0m] [1mRegisterExecutionPolicyException[0m CGMBLEKitUI.framework[0m
Build	Fastlane Build & Archive	2026-07-20T11:25:46.3872000Z [11:25:46]: ▸ [35m[[36mCGMBLEKitUI[0m] [1mTouching[0m CGMBLEKitUI.framework[0m
Build	Fastlane Build & Archive	2026-07-20T11:25:46.3873540Z [11:25:46]: ▸ [35m[[36mMinimedKitUI[0m] [1mExtract App Intents Metadata[0m
Build	Fastlane Build & Archive	2026-07-20T11:25:46.3875200Z [11:25:46]: ▸ [35m[[36mMinimedKitUI[0m] [1mRegisterExecutionPolicyException[0m MinimedKitUI.framework[0m
Build	Fastlane Build & Archive	2026-07-20T11:25:46.3876750Z [11:25:46]: ▸ [35m[[36mMinimedKitUI[0m] [1mTouching[0m MinimedKitUI.framework[0m
Build	Fastlane Build & Archive	2026-07-20T11:25:46.3878260Z [11:25:46]: ▸ [35m[[36mOmnipodKit[0m] [1mCopy[0m arm64-apple-ios.swiftdoc -> OmnipodKit.swiftdoc[0m
Build	Fastlane Build & Archive	2026-07-20T11:25:46.3879640Z [11:25:46]: ▸ [35m[[36mOmnipodKit[0m] [1mCopy[0m arm64-apple-ios.swiftmodule -> OmnipodKit.swiftmodule[0m
Build	Fastlane Build & Archive	2026-07-20T11:25:46.3880340Z [11:25:46]: ▸ [35m[[36mOmnipodKit[0m] [1mCopy[0m arm64-apple-ios.abi.json -> OmnipodKit.abi.json[0m
Build	Fastlane Build & Archive	2026-07-20T11:25:46.3880910Z [11:25:46]: ▸ [35m[[36mOmnipodKit[0m] [1mCompiling[0m OmnipodKit_vers.c[0m
Build	Fastlane Build & Archive	2026-07-20T11:25:46.3881360Z [11:25:46]: ▸ [35m[[36mOmnipodKit[0m] [1mLinking[0m OmnipodKit[0m
Build	Fastlane Build & Archive	2026-07-20T11:25:46.8383420Z [11:25:46]: ▸ [35m[[36mOmnipodKit[0m] [1mGenerating[0m OmnipodKit.framework.dSYM[0m
Build	Fastlane Build & Archive	2026-07-20T11:25:47.2833690Z [11:25:47]: ▸ [35m[[36mOmnipodKit[0m] [1mExtract App Intents Metadata[0m
Build	Fastlane Build & Archive	2026-07-20T11:25:47.3191630Z [11:25:47]: ▸ [35m[[36mOmnipodKit[0m] [1mRegisterExecutionPolicyException[0m OmnipodKit.framework[0m
Build	Fastlane Build & Archive	2026-07-20T11:25:47.3253870Z [11:25:47]: ▸ [35m[[36mOmnipodKit[0m] [1mTouching[0m OmnipodKit.framework[0m
Build	Fastlane Build & Archive	2026-07-20T11:25:47.4044800Z [11:25:47]: ▸ [35m[[36mTrio[0m] [1mRunning script[0m Swiftformat[0m
Build	Fastlane Build & Archive	2026-07-20T11:27:18.4200440Z [11:27:18]: ▸ [35m[[36mTrio[0m] [1mCopy[0m nanopb_nanopb.bundle -> nanopb_nanopb.bundle[0m
Build	Fastlane Build & Archive	2026-07-20T11:27:18.4304960Z [11:27:18]: ▸ [35m[[36mTrio[0m] [1mCopy[0m TidepoolKit_TidepoolKit.bundle -> TidepoolKit_TidepoolKit.bundle[0m
Build	Fastlane Build & Archive	2026-07-20T11:27:18.4410310Z [11:27:18]: ▸ [35m[[36mTrio[0m] [1mCopy[0m SwiftMessages_SwiftMessages.bundle -> SwiftMessages_SwiftMessages.bundle[0m
Build	Fastlane Build & Archive	2026-07-20T11:27:18.4518950Z [11:27:18]: ▸ [35m[[36mTrio[0m] [1mCopy[0m SwiftDate_SwiftDate.bundle -> SwiftDate_SwiftDate.bundle[0m
Build	Fastlane Build & Archive	2026-07-20T11:27:18.4615400Z [11:27:18]: ▸ [35m[[36mTrio[0m] [1mCopy[0m Promises_Promises.bundle -> Promises_Promises.bundle[0m
Build	Fastlane Build & Archive	2026-07-20T11:27:18.4698600Z [11:27:18]: ▸ [35m[[36mTrio[0m] [1mCopy[0m Promises_FBLPromises.bundle -> Promises_FBLPromises.bundle[0m
Build	Fastlane Build & Archive	2026-07-20T11:27:18.4802980Z [11:27:18]: ▸ [35m[[36mTrio[0m] [1mCopy[0m GoogleUtilities_GoogleUtilities-UserDefaults.bundle -> GoogleUtilities_GoogleUtilities-UserDefaults.bundle[0m
Build	Fastlane Build & Archive	2026-07-20T11:27:18.4827830Z [11:27:18]: ▸ [35m[[36mTrio[0m] [1mCopy[0m GoogleUtilities_GoogleUtilities-NSData.bundle -> GoogleUtilities_GoogleUtilities-NSData.bundle[0m
Build	Fastlane Build & Archive	2026-07-20T11:27:18.4830350Z [11:27:18]: ▸ [35m[[36mTrio[0m] [1mCopy[0m GoogleUtilities_GoogleUtilities-Logger.bundle -> GoogleUtilities_GoogleUtilities-Logger.bundle[0m
Build	Fastlane Build & Archive	2026-07-20T11:27:18.4832280Z [11:27:18]: ▸ [35m[[36mTrio[0m] [1mCopy[0m GoogleUtilities_GoogleUtilities-Environment.bundle -> GoogleUtilities_GoogleUtilities-Environment.bundle[0m
Build	Fastlane Build & Archive	2026-07-20T11:27:18.4835870Z [11:27:18]: ▸ [35m[[36mTrio[0m] [1mCopy[0m GoogleDataTransport_GoogleDataTransport.bundle -> GoogleDataTransport_GoogleDataTransport.bundle[0m
Build	Fastlane Build & Archive	2026-07-20T11:27:18.4837200Z [11:27:18]: ▸ [35m[[36mTrio[0m] [1mCopy[0m SlideButton_1E408AF8C9CA7A78_PackageProduct.framework -> SlideButton_1E408AF8C9CA7A78_PackageProduct.framework[0m
Build	Fastlane Build & Archive	2026-07-20T11:27:18.4838410Z [11:27:18]: ▸ [35m[[36mTrio[0m] [1mCopy[0m CryptoSwift_-360922625E627667_PackageProduct.framework -> CryptoSwift_-360922625E627667_PackageProduct.framework[0m
Build	Fastlane Build & Archive	2026-07-20T11:27:18.4839400Z [11:27:18]: ▸ [35m[[36mTrio[0m] [1mCopy[0m ConnectIQ.framework -> ConnectIQ.framework[0m
Build	Fastlane Build & Archive	2026-07-20T11:27:18.4840240Z [11:27:18]: ▸ [35m[[36mTrio[0m] [1mCopy[0m Firebase_FirebaseInstallations.bundle -> Firebase_FirebaseInstallations.bundle[0m
Build	Fastlane Build & Archive	2026-07-20T11:27:18.4842670Z [11:27:18]: ▸ [35m[[36mTrio[0m] [1mCopy[0m Firebase_FirebaseCrashlytics.bundle -> Firebase_FirebaseCrashlytics.bundle[0m
Build	Fastlane Build & Archive	2026-07-20T11:27:18.4847480Z [11:27:18]: ▸ [35m[[36mTrio[0m] [1mCopy[0m Firebase_FirebaseCoreInternal.bundle -> Firebase_FirebaseCoreInternal.bundle[0m
Build	Fastlane Build & Archive	2026-07-20T11:27:18.4850340Z [11:27:18]: ▸ [35m[[36mTrio[0m] [1mCopy[0m Firebase_FirebaseCoreExtension.bundle -> Firebase_FirebaseCoreExtension.bundle[0m
Build	Fastlane Build & Archive	2026-07-20T11:27:18.4851720Z [11:27:18]: ▸ [35m[[36mTrio[0m] [1mCopy[0m Firebase_FirebaseCore.bundle -> Firebase_FirebaseCore.bundle[0m
Build	Fastlane Build & Archive	2026-07-20T11:27:18.4854160Z [11:27:18]: ▸ [35m[[36mTrio[0m] [1mCopy[0m CryptoSwift_CryptoSwift.bundle -> CryptoSwift_CryptoSwift.bundle[0m
Build	Fastlane Build & Archive	2026-07-20T11:27:18.4855080Z [11:27:18]: ▸ [35m[1mSigning[0m SlideButton_1E408AF8C9CA7A78_PackageProduct.framework (in target 'Trio' from project 'Trio')[0m
Build	Fastlane Build & Archive	2026-07-20T11:27:18.4856080Z [11:27:18]: ▸ [35m[1mSigning[0m CryptoSwift_-360922625E627667_PackageProduct.framework (in target 'Trio' from project 'Trio')[0m
Build	Fastlane Build & Archive	2026-07-20T11:27:18.4856940Z [11:27:18]: ▸ [35m[1mSigning[0m ConnectIQ.framework (in target 'Trio' from project 'Trio')[0m
Build	Fastlane Build & Archive	2026-07-20T11:27:18.4858220Z [11:27:18]: ▸ [35m[[36mTrio[0m] [1mGenerate Asset Symbols[0m Assets.xcassets[0m
Build	Fastlane Build & Archive	2026-07-20T11:27:18.7173880Z [11:27:18]: ▸ [35m[[36mTrio[0m] [1mDataModelCodegen[0m /Users/runner/work/Trio/Trio/Model/TrioCoreDataPersistentContainer.xcdatamodeld[0m
Build	Fastlane Build & Archive	2026-07-20T11:27:18.7174960Z [11:27:18]: ▸ [35m[[36mTrio[0m] [1mCopying[0m snow.sks[0m
Build	Fastlane Build & Archive	2026-07-20T11:27:18.7175810Z [11:27:18]: ▸ [35m[[36mTrio[0m] [1mCopying[0m json[0m
Build	Fastlane Build & Archive	2026-07-20T11:27:18.7176730Z [11:27:18]: ▸ [35m[[36mTrio[0m] [1mCopying[0m javascript[0m
Build	Fastlane Build & Archive	2026-07-20T11:27:18.7178830Z [11:27:18]: ▸ [35m::error ::error: lstat(/Users/runner/work/Trio/Trio/Trio/Resources/javascript): No such file or directory (2) (in target 'Trio' from project 'Trio')[0m
Build	Fastlane Build & Archive	2026-07-20T11:27:18.7182500Z [11:27:18]: ▸ [35m[[36mTrio[0m] [1mCopying[0m GoogleService-Info.plist[0m
Build	Fastlane Build & Archive	2026-07-20T11:27:19.0180200Z [11:27:19]: ▸ [35m[36;1mnote: [0mRun script build phase 'Swiftformat' will be run during every build because the option to run the script phase "Based on dependency analysis" is unchecked. (in target 'Trio' from project 'Trio')[0m
Build	Fastlane Build & Archive	2026-07-20T11:27:19.0182940Z [11:27:19]: ▸ [35m[36;1mnote: [0mRun script build phase 'Run Script: Capture Build Details' will be run during every build because the option to run the script phase "Based on dependency analysis" is unchecked. (in target 'Trio' from project 'Trio')[0m
Build	Fastlane Build & Archive	2026-07-20T11:27:19.0185220Z [11:27:19]: ▸ [35m::warning ::Run script build phase 'Run Script: Copy dSYM to Crashlytics' will be run during every build because it does not specify any outputs. To address this issue, either add output dependencies to the script phase, or configure it to run in every build by unchecking "Based on dependency analysis" in the script phase. (in target 'Trio' from project 'Trio')[0m
Build	Fastlane Build & Archive	2026-07-20T11:27:19.0187240Z [11:27:19]: ▸ [35m::warning ::Skipping duplicate build file in Compile Sources build phase: /Users/runner/work/Trio/Trio/Trio/Sources/Modules/WatchConfig/View/WatchConfigRootView.swift (in target 'Trio' from project 'Trio')[0m
Build	Fastlane Build & Archive	2026-07-20T11:27:19.0226940Z [11:27:19]: ▸ [35m** ARCHIVE FAILED **[0m
Build	Fastlane Build & Archive	2026-07-20T11:27:19.0263200Z [11:27:19]: ▸ [35mThe following build commands failed:[0m
Build	Fastlane Build & Archive	2026-07-20T11:27:19.0267080Z [11:27:19]: ▸ [35m	CpResource /Users/runner/Library/Developer/Xcode/DerivedData/Trio-bovmnxebschsylahdeysnjjqdcte/Build/Intermediates.noindex/ArchiveIntermediates/Trio/InstallationBuildProductsLocation/Applications/Trio.app/javascript /Users/runner/work/Trio/Trio/Trio/Resources/javascript (in target 'Trio' from project 'Trio')[0m
Build	Fastlane Build & Archive	2026-07-20T11:27:19.1531170Z [11:27:19]: ▸ [35m	Archiving workspace Trio with scheme Trio[0m
Build	Fastlane Build & Archive	2026-07-20T11:27:19.1532720Z [11:27:19]: ▸ [35m(2 failures)[0m
Build	Fastlane Build & Archive	2026-07-20T11:27:19.2111270Z [11:27:19]: [31mExit status: 65[0m
Build	Fastlane Build & Archive	2026-07-20T11:27:19.2344930Z [11:27:19]: 
Build	Fastlane Build & Archive	2026-07-20T11:27:19.2346870Z [11:27:19]: [33mMaybe the error shown is caused by using the wrong version of Xcode[0m
Build	Fastlane Build & Archive	2026-07-20T11:27:19.2347720Z [11:27:19]: [33mFound multiple versions of Xcode in '/Applications/'[0m
Build	Fastlane Build & Archive	2026-07-20T11:27:19.2348420Z [11:27:19]: [33mMake sure you selected the right version for your project[0m
Build	Fastlane Build & Archive	2026-07-20T11:27:19.2349160Z [11:27:19]: [33mThis build process was executed using '/Applications/Xcode_26.2.app'[0m
Build	Fastlane Build & Archive	2026-07-20T11:27:19.2349900Z [11:27:19]: [33mIf you want to update your Xcode path, either[0m
Build	Fastlane Build & Archive	2026-07-20T11:27:19.2350510Z [11:27:19]: 
Build	Fastlane Build & Archive	2026-07-20T11:27:19.2351040Z [11:27:19]: - Specify the Xcode version in your Fastfile
Build	Fastlane Build & Archive	2026-07-20T11:27:19.2388010Z [11:27:19]: ▸ [35mxcversion(version: "8.1") # Selects Xcode 8.1.0[0m
Build	Fastlane Build & Archive	2026-07-20T11:27:19.2388660Z [11:27:19]: 
Build	Fastlane Build & Archive	2026-07-20T11:27:19.2389450Z [11:27:19]: - Specify an absolute path to your Xcode installation in your Fastfile
Build	Fastlane Build & Archive	2026-07-20T11:27:19.2390650Z [11:27:19]: ▸ [35mxcode_select "/Applications/Xcode8.app"[0m
Build	Fastlane Build & Archive	2026-07-20T11:27:19.2392600Z [11:27:19]: 
Build	Fastlane Build & Archive	2026-07-20T11:27:19.2393260Z [11:27:19]: - Manually update the path using
Build	Fastlane Build & Archive	2026-07-20T11:27:19.2394620Z [11:27:19]: ▸ [35msudo xcode-select -s /Applications/Xcode.app[0m
Build	Fastlane Build & Archive	2026-07-20T11:27:19.2395550Z [11:27:19]: 
Build	Fastlane Build & Archive	2026-07-20T11:27:19.2549850Z 
Build	Fastlane Build & Archive	2026-07-20T11:27:19.2575930Z +----------------------------------------------+
Build	Fastlane Build & Archive	2026-07-20T11:27:19.2578970Z |              [32m[33mBuild environment[0m               |
Build	Fastlane Build & Archive	2026-07-20T11:27:19.2580190Z +---------------+------------------------------+
Build	Fastlane Build & Archive	2026-07-20T11:27:19.2580860Z | xcode_path    | /Applications/Xcode_26.2.app |
Build	Fastlane Build & Archive	2026-07-20T11:27:19.2581500Z | gym_version   | 2.235.0                      |
Build	Fastlane Build & Archive	2026-07-20T11:27:19.2582110Z | export_method | app-store                    |
Build	Fastlane Build & Archive	2026-07-20T11:27:19.2583150Z | sdk           | iPhoneOS26.2.sdk             |
Build	Fastlane Build & Archive	2026-07-20T11:27:19.2585160Z +---------------+------------------------------+
Build	Fastlane Build & Archive	2026-07-20T11:27:19.2587510Z 
Build	Fastlane Build & Archive	2026-07-20T11:27:19.2928780Z [11:27:19]: ▸ [35mnote: Run script build phase 'Swiftformat' will be run during every build because the option to run the script phase "Based on dependency analysis" is unchecked. (in target 'Trio' from project 'Trio')[0m
Build	Fastlane Build & Archive	2026-07-20T11:27:19.2932190Z [11:27:19]: ▸ [35mnote: Run script build phase 'Run Script: Capture Build Details' will be run during every build because the option to run the script phase "Based on dependency analysis" is unchecked. (in target 'Trio' from project 'Trio')[0m
Build	Fastlane Build & Archive	2026-07-20T11:27:19.2936570Z [11:27:19]: ▸ [35mwarning: Run script build phase 'Run Script: Copy dSYM to Crashlytics' will be run during every build because it does not specify any outputs. To address this issue, either add output dependencies to the script phase, or configure it to run in every build by unchecking "Based on dependency analysis" in the script phase. (in target 'Trio' from project 'Trio')[0m
Build	Fastlane Build & Archive	2026-07-20T11:27:19.2942120Z [11:27:19]: ▸ [35mwarning: Skipping duplicate build file in Compile Sources build phase: /Users/runner/work/Trio/Trio/Trio/Sources/Modules/WatchConfig/View/WatchConfigRootView.swift (in target 'Trio' from project 'Trio')[0m
Build	Fastlane Build & Archive	2026-07-20T11:27:19.2945060Z [11:27:19]: 
Build	Fastlane Build & Archive	2026-07-20T11:27:19.2967490Z [11:27:19]: [31m⬆️  Check out the few lines of raw `xcodebuild` output above for potential hints on how to solve this error[0m
Build	Fastlane Build & Archive	2026-07-20T11:27:19.2968500Z [11:27:19]: [33m📋  For the complete and more detailed error log, check the full log at:[0m
Build	Fastlane Build & Archive	2026-07-20T11:27:19.2969290Z [11:27:19]: [33m📋  /Users/runner/work/Trio/Trio/buildlog/LoopKit-Trio.log[0m
Build	Fastlane Build & Archive	2026-07-20T11:27:19.2971240Z [11:27:19]: 
Build	Fastlane Build & Archive	2026-07-20T11:27:19.2972860Z [11:27:19]: [31mLooks like fastlane ran into a build/archive error with your project[0m
Build	Fastlane Build & Archive	2026-07-20T11:27:19.2975200Z [11:27:19]: [31mIt's hard to tell what's causing the error, so we wrote some guides on how[0m
Build	Fastlane Build & Archive	2026-07-20T11:27:19.2979100Z [11:27:19]: [31mto troubleshoot build and signing issues: https://docs.fastlane.tools/codesigning/getting-started/[0m
Build	Fastlane Build & Archive	2026-07-20T11:27:19.2982480Z [11:27:19]: [31mBefore submitting an issue on GitHub, please follow the guide above and make[0m
Build	Fastlane Build & Archive	2026-07-20T11:27:19.2984730Z [11:27:19]: [31msure your project is set up correctly.[0m
Build	Fastlane Build & Archive	2026-07-20T11:27:19.2985490Z [11:27:19]: [31mfastlane uses `xcodebuild` commands to generate your binary, you can see the[0m
Build	Fastlane Build & Archive	2026-07-20T11:27:19.2988340Z [11:27:19]: [31mthe full commands printed out in yellow in the above log.[0m
Build	Fastlane Build & Archive	2026-07-20T11:27:19.2991960Z [11:27:19]: [31mMake sure to inspect the output above, as usually you'll find more error information there[0m
Build	Fastlane Build & Archive	2026-07-20T11:27:19.2993840Z [11:27:19]: 
Build	Fastlane Build & Archive	2026-07-20T11:27:19.3035750Z +-----------------------------------------------------------------------------------------------------------------------------------------------------------------------------------------------------------------------------------------------------------------------------------------------------------------------------------------------------------------------------------------------------------------------------------------------------------------------------------------------------------------+
Build	Fastlane Build & Archive	2026-07-20T11:27:19.3044300Z |                                                                                                                                                                                                                                                  [33mLane Context[0m                                                                                                                                                                                                                                                   |
Build	Fastlane Build & Archive	2026-07-20T11:27:19.3049980Z +------------------------------------+----------------------------------------------------------------------------------------------------------------------------------------------------------------------------------------------------------------------------------------------------------------------------------------------------------------------------------------------------------------------------------------------------------------------------------------------------------------------------+
Build	Fastlane Build & Archive	2026-07-20T11:27:19.3058050Z | DEFAULT_PLATFORM                   | ios                                                                                                                                                                                                                                                                                                                                                                                                                                                                        |
Build	Fastlane Build & Archive	2026-07-20T11:27:19.3059690Z | PLATFORM_NAME                      | ios                                                                                                                                                                                                                                                                                                                                                                                                                                                                        |
Build	Fastlane Build & Archive	2026-07-20T11:27:19.3061230Z | LANE_NAME                          | ios build_trio                                                                                                                                                                                                                                                                                                                                                                                                                                                             |
Build	Fastlane Build & Archive	2026-07-20T11:27:19.3062870Z | KEYCHAIN_PATH                      | ~/Library/Keychains/fastlane_tmp_keychain                                                                                                                                                                                                                                                                                                                                                                                                                                  |
Build	Fastlane Build & Archive	2026-07-20T11:27:19.3064600Z | ORIGINAL_DEFAULT_KEYCHAIN          | "/Users/runner/Library/Keychains/login.keychain-db"                                                                                                                                                                                                                                                                                                                                                                                                                        |
Build	Fastlane Build & Archive	2026-07-20T11:27:19.3066370Z | LATEST_TESTFLIGHT_BUILD_NUMBER     | 59                                                                                                                                                                                                                                                                                                                                                                                                                                                                         |
Build	Fastlane Build & Archive	2026-07-20T11:27:19.3067970Z | LATEST_TESTFLIGHT_VERSION          | 0.8.3                                                                                                                                                                                                                                                                                                                                                                                                                                                                      |
Build	Fastlane Build & Archive	2026-07-20T11:27:19.3069470Z | BUILD_NUMBER                       | 60                                                                                                                                                                                                                                                                                                                                                                                                                                                                         |
Build	Fastlane Build & Archive	2026-07-20T11:27:19.3071940Z | SIGH_PROFILE_TYPE                  | app-store                                                                                                                                                                                                                                                                                                                                                                                                                                                                  |
Build	Fastlane Build & Archive	2026-07-20T11:27:19.3076750Z | MATCH_PROVISIONING_PROFILE_MAPPING | {"org.nightscout.***.trio" => "match AppStore org.nightscout.***.trio", "org.nightscout.***.trio.watchkitapp" => "match AppStore org.nightscout.***.trio.watchkitapp", "org.nightscout.***.trio.watchkitapp.TrioWatchComplication" => "match AppStore org.nightscout.***.trio.watchkitapp.TrioWatchComplication", "org.nightscout.***.trio.LiveActivity" => "match AppStore org.nightscout.***.trio.LiveActivity"} |
Build	Fastlane Build & Archive	2026-07-20T11:27:19.3079460Z +------------------------------------+----------------------------------------------------------------------------------------------------------------------------------------------------------------------------------------------------------------------------------------------------------------------------------------------------------------------------------------------------------------------------------------------------------------------------------------------------------------------------+
Build	Fastlane Build & Archive	2026-07-20T11:27:19.3081140Z [11:27:19]: [31mCalled from Fastfile at line 126[0m
Build	Fastlane Build & Archive	2026-07-20T11:27:19.3082040Z [11:27:19]: [31m```[0m
Build	Fastlane Build & Archive	2026-07-20T11:27:19.3082620Z [11:27:19]: [31m    124:	    )[0m
Build	Fastlane Build & Archive	2026-07-20T11:27:19.3083220Z [11:27:19]: [31m    125:	[0m
Build	Fastlane Build & Archive	2026-07-20T11:27:19.3083810Z [11:27:19]: [31m => 126:	    gym([0m
Build	Fastlane Build & Archive	2026-07-20T11:27:19.3084480Z [11:27:19]: [31m    127:	      export_method: "app-store",[0m
Build	Fastlane Build & Archive	2026-07-20T11:27:19.3085090Z [11:27:19]: [31m    128:	      scheme: "Trio",[0m
Build	Fastlane Build & Archive	2026-07-20T11:27:19.3085670Z [11:27:19]: [31m```[0m
Build	Fastlane Build & Archive	2026-07-20T11:27:19.3086200Z [11:27:19]: [31mError building the application - see the log above[0m
Build	Fastlane Build & Archive	2026-07-20T11:27:19.4126620Z 
Build	Fastlane Build & Archive	2026-07-20T11:27:19.4156840Z +-----------------------------------------------------+
Build	Fastlane Build & Archive	2026-07-20T11:27:19.4161740Z [31m
Build	Fastlane Build & Archive	2026-07-20T11:27:19.4162110Z |                  [32mfastlane summary[0m                   |
Build	Fastlane Build & Archive	2026-07-20T11:27:19.4162990Z [!] Error building the application - see the log above[0m
Build	Fastlane Build & Archive	2026-07-20T11:27:19.4163660Z +------+--------------------------------+-------------+
Build	Fastlane Build & Archive	2026-07-20T11:27:19.4164430Z | Step | Action                         | Time (in s) |
Build	Fastlane Build & Archive	2026-07-20T11:27:19.4165090Z +------+--------------------------------+-------------+
Build	Fastlane Build & Archive	2026-07-20T11:27:19.4165660Z | 1    | default_platform               | 0           |
Build	Fastlane Build & Archive	2026-07-20T11:27:19.4166310Z | 2    | setup_ci                       | 0           |
Build	Fastlane Build & Archive	2026-07-20T11:27:19.4166980Z | 3    | update_project_team            | 0           |
Build	Fastlane Build & Archive	2026-07-20T11:27:19.4169040Z | 4    | app_store_connect_api_key      | 0           |
Build	Fastlane Build & Archive	2026-07-20T11:27:19.4169710Z | 5    | latest_testflight_build_number | 0           |
Build	Fastlane Build & Archive	2026-07-20T11:27:19.4170310Z | 6    | increment_build_number         | 1           |
Build	Fastlane Build & Archive	2026-07-20T11:27:19.4170920Z | 7    | match                          | 3           |
Build	Fastlane Build & Archive	2026-07-20T11:27:19.4171530Z | 8    | update_code_signing_settings   | 0           |
Build	Fastlane Build & Archive	2026-07-20T11:27:19.4172110Z | 9    | update_code_signing_settings   | 0           |
Build	Fastlane Build & Archive	2026-07-20T11:27:19.4172760Z | 10   | update_code_signing_settings   | 0           |
Build	Fastlane Build & Archive	2026-07-20T11:27:19.4173370Z | 11   | update_code_signing_settings   | 0           |
Build	Fastlane Build & Archive	2026-07-20T11:27:19.4174760Z | 💥   | [31mgym[0m                            | 749         |
Build	Fastlane Build & Archive	2026-07-20T11:27:19.4175360Z +------+--------------------------------+-------------+
Build	Fastlane Build & Archive	2026-07-20T11:27:19.4175750Z 
Build	Fastlane Build & Archive	2026-07-20T11:27:19.4176380Z [11:27:19]: [31mfastlane finished with errors[0m
Build	Fastlane Build & Archive	2026-07-20T11:27:19.4176740Z 
Build	Fastlane Build & Archive	2026-07-20T11:27:19.4177010Z #######################################################################
Build	Fastlane Build & Archive	2026-07-20T11:27:19.4177460Z # fastlane 2.237.0 is available. You are on 2.235.0.
Build	Fastlane Build & Archive	2026-07-20T11:27:19.4177850Z # You should use the latest version.
Build	Fastlane Build & Archive	2026-07-20T11:27:19.4178220Z # Please update using `bundle update fastlane`.
Build	Fastlane Build & Archive	2026-07-20T11:27:19.4178620Z #######################################################################
Build	Fastlane Build & Archive	2026-07-20T11:27:19.6272430Z 
Build	Fastlane Build & Archive	2026-07-20T11:27:19.6273480Z [32m2.237.0 Improvements[0m
Build	Fastlane Build & Archive	2026-07-20T11:27:19.6275330Z * [ci] drop CircleCI for GHA (#30108) via Connor Tumbleson (@iBotPeaches)
Build	Fastlane Build & Archive	2026-07-20T11:27:19.6276260Z * [fastlane_core] Restore altool -f flag, keep -assetFile only for iTMSTransporter (#30106) via Roman Gardukevich (@OdNairy)
Build	Fastlane Build & Archive	2026-07-20T11:27:19.6277140Z * [gym] handle xcpretty errors cleaner & promote xcbeautify (#30099) via Connor Tumbleson (@iBotPeaches)
Build	Fastlane Build & Archive	2026-07-20T11:27:19.6277940Z * [docs] Reflect specification changes regarding iPad Pro 12.9-inch screenshots in `deliver` (#30103) via 417-72KI (@417-72KI)
Build	Fastlane Build & Archive	2026-07-20T11:27:19.6278730Z * [core] Reduce duplication on output and noise during failure. (#30097) via Connor Tumbleson (@iBotPeaches)
Build	Fastlane Build & Archive	2026-07-20T11:27:19.6280090Z * Bump actions/checkout from 6 to 7 (#30100) via dependabot[bot] (@dependabot[bot])
Build	Fastlane Build & Archive	2026-07-20T11:27:19.6280740Z * [match] Restore renew expired certs (opt in) (#30096) via Roman Gardukevich (@OdNairy)
Build	Fastlane Build & Archive	2026-07-20T11:27:19.6281460Z * [match] fail fast for SSH authentication prompts in non-interactive shell (#30078) via Pratik Patil (@PratikPatil131)
Build	Fastlane Build & Archive	2026-07-20T11:27:19.6282230Z * [gem] move to faraday 1.10.6 (#30095) via Connor Tumbleson (@iBotPeaches)
Build	Fastlane Build & Archive	2026-07-20T11:27:19.6283040Z * [core] Skip repeating the output again when an sh command fails (#19545) via Peter Tutervai (@tutipeti)
Build	Fastlane Build & Archive	2026-07-20T11:27:19.6283910Z * [scan] Forward force_legacy_xcresulttool to trainer (#30092) via Eyüp Can Akman (@eyupcanakman)
Build	Fastlane Build & Archive	2026-07-20T11:27:19.6285180Z * [trainer] Fix output_remove_retry_attempts not stripping failures for skipped-on-retry tests (modern xcresult parser) (#30081) via Oliver Fox (@foxware00)
Build	Fastlane Build & Archive	2026-07-20T11:27:19.6286090Z * [scan] Handle array destination in xcodebuild_destination_parameter (#30069) via Ricardo Sawir (@sawirricardo)
Build	Fastlane Build & Archive	2026-07-20T11:27:19.6286960Z * [action][swiftlint] Fix path option for SwiftLint 0.48.0 and above (#30080) via Augusto Xavier (@augustocbx)
Build	Fastlane Build & Archive	2026-07-20T11:27:19.6287680Z * [ci] move more workflows from CircleCI -> GHA (#30090) via Connor Tumbleson (@iBotPeaches)
Build	Fastlane Build & Archive	2026-07-20T11:27:19.6288370Z * [core] remove upper bound on excon (#30085) via Connor Tumbleson (@iBotPeaches)
Build	Fastlane Build & Archive	2026-07-20T11:27:19.6288980Z * Bump actions/checkout from 6 to 7 (#30091) via dependabot[bot] (@dependabot[bot])
Build	Fastlane Build & Archive	2026-07-20T11:27:19.6289750Z * [spaceship] Fix appInfoLocalizations create/delete on the Tunes API (#30084) via Marcel Hoppe (@hoppsen)
Build	Fastlane Build & Archive	2026-07-20T11:27:19.6290540Z * [match] Fix keychain import path escaping (#30072) via Ricardo Sawir (@sawirricardo)
Build	Fastlane Build & Archive	2026-07-20T11:27:19.6291280Z * [precheck] Fix copyright year check to allow past years (#30076) via Augusto Xavier (@augustocbx)
Build	Fastlane Build & Archive	2026-07-20T11:27:19.6292250Z * [supply] Fix version_codes_to_retain causing promote-only flow to use… (#30073) via Pratik Patil (@PratikPatil131)
Build	Fastlane Build & Archive	2026-07-20T11:27:19.6293150Z * Bump rubygems/configure-rubygems-credentials from 2.0.0 to 2.1.0 (#30074) via dependabot[bot] (@dependabot[bot])
Build	Fastlane Build & Archive	2026-07-20T11:27:19.6294060Z * [fastlane_core] Fix deprecated Transporter -f flag, use -assetFile fo… (#30061) via Pratik Patil (@PratikPatil131)
Build	Fastlane Build & Archive	2026-07-20T11:27:19.6294840Z * [core] fix: update addressable to 2.9.0 min for CVE-2026-35611 (#30060) via OrbisAI Security (@orbisai0security)
Build	Fastlane Build & Archive	2026-07-20T11:27:19.6295880Z 
Build	Fastlane Build & Archive	2026-07-20T11:27:19.6296100Z [32m2.236.1 Improvements[0m
Build	Fastlane Build & Archive	2026-07-20T11:27:19.6297410Z * Revert "[transporter] Decode Base64 key content for .p8 file generation in Al…" (#30066) via Connor Tumbleson (@iBotPeaches)
Build	Fastlane Build & Archive	2026-07-20T11:27:19.6297980Z 
Build	Fastlane Build & Archive	2026-07-20T11:27:19.6298100Z [32m2.236.0 Improvements[0m
Build	Fastlane Build & Archive	2026-07-20T11:27:19.6298640Z * [ci] fix: add 'multi_json' as direct dep due to upstream googleapis bug. (#30062) via Connor Tumbleson (@iBotPeaches)
Build	Fastlane Build & Archive	2026-07-20T11:27:19.6299400Z * Fix --copy_to_clipboard flag for spaceauth command (#29888) via owurman (@owurman)
Build	Fastlane Build & Archive	2026-07-20T11:27:19.6300230Z * [transporter] Decode Base64 key content for .p8 file generation in Al… (#30057) via Kaan Çembertaş (@kaancembertas)
Build	Fastlane Build & Archive	2026-07-20T11:27:19.6300970Z * [ci] remove xcode 16.3 as CircleCI dropped it (#30058) via Connor Tumbleson (@iBotPeaches)
Build	Fastlane Build & Archive	2026-07-20T11:27:19.6301670Z * [action] Add update_app_age_rating action for standalone age rating updates (#30025) via Pratik Patil (@PratikPatil131)
Build	Fastlane Build & Archive	2026-07-20T11:27:19.6302400Z * [core] Set ruby-jwt gem to v2.10.3 minimum.  (#30056) via Nakshatra Singh (@nakshatrasinghh)
Build	Fastlane Build & Archive	2026-07-20T11:27:19.6303100Z * [snapshot] run simulator using Rosetta2 for Apple Silicon (#21559) via Iceman (@sidepelican)
Build	Fastlane Build & Archive	2026-07-20T11:27:19.6303800Z * [snapshot] use simulator UDIDs for destinations (#30054) via Philip Niedertscheider (@philprime)
Build	Fastlane Build & Archive	2026-07-20T11:27:19.6304400Z * [spaceship] remove dots from names (#30052) via Tim Shedor (@tshedor)
Build	Fastlane Build & Archive	2026-07-20T11:27:19.6305080Z * [docs] keep docs assets moving along during update_docs (#30051) via Connor Tumbleson (@iBotPeaches)
Build	Fastlane Build & Archive	2026-07-20T11:27:19.6305500Z 
Build	Fastlane Build & Archive	2026-07-20T11:27:19.6305860Z [32mTo see all new releases, open https://github.com/fastlane/fastlane/releases[0m
Build	Fastlane Build & Archive	2026-07-20T11:27:19.6306210Z 
Build	Fastlane Build & Archive	2026-07-20T11:27:19.6306420Z [32mPlease update using `bundle update fastlane`[0m
Build	Fastlane Build & Archive	2026-07-20T11:27:20.1963320Z ##[error]Process completed with exit code 1.
