Check status to decide whether to build	Set up job	﻿2026-07-20T11:31:26.1421765Z Current runner version: '2.335.1'
Check status to decide whether to build	Set up job	2026-07-20T11:31:26.1456095Z ##[group]Runner Image Provisioner
Check status to decide whether to build	Set up job	2026-07-20T11:31:26.1457491Z Hosted Compute Agent
Check status to decide whether to build	Set up job	2026-07-20T11:31:26.1458379Z Version: 20260707.563
Check status to decide whether to build	Set up job	2026-07-20T11:31:26.1459290Z Commit: 02667638d2b423fbc733a8e32a88b44996a3ba6e
Check status to decide whether to build	Set up job	2026-07-20T11:31:26.1460494Z Build Date: 2026-07-07T19:33:50Z
Check status to decide whether to build	Set up job	2026-07-20T11:31:26.1461539Z Worker ID: {6f936b94-1b83-4a57-b288-bebd375fd321}
Check status to decide whether to build	Set up job	2026-07-20T11:31:26.1462695Z Azure Region: eastus
Check status to decide whether to build	Set up job	2026-07-20T11:31:26.1463561Z ##[endgroup]
Check status to decide whether to build	Set up job	2026-07-20T11:31:26.1465758Z ##[group]Operating System
Check status to decide whether to build	Set up job	2026-07-20T11:31:26.1466976Z Ubuntu
Check status to decide whether to build	Set up job	2026-07-20T11:31:26.1467756Z 24.04.4
Check status to decide whether to build	Set up job	2026-07-20T11:31:26.1468575Z LTS
Check status to decide whether to build	Set up job	2026-07-20T11:31:26.1469345Z ##[endgroup]
Check status to decide whether to build	Set up job	2026-07-20T11:31:26.1470244Z ##[group]Runner Image
Check status to decide whether to build	Set up job	2026-07-20T11:31:26.1471222Z Image: ubuntu-24.04
Check status to decide whether to build	Set up job	2026-07-20T11:31:26.1472060Z Version: 20260714.240.1
Check status to decide whether to build	Set up job	2026-07-20T11:31:26.1474222Z Included Software: https://github.com/actions/runner-images/blob/ubuntu24/20260714.240/images/ubuntu/Ubuntu2404-Readme.md
Check status to decide whether to build	Set up job	2026-07-20T11:31:26.1477338Z Image Release: https://github.com/actions/runner-images/releases/tag/ubuntu24%2F20260714.240
Check status to decide whether to build	Set up job	2026-07-20T11:31:26.1478965Z ##[endgroup]
Check status to decide whether to build	Set up job	2026-07-20T11:31:26.1480630Z ##[group]GITHUB_TOKEN Permissions
Check status to decide whether to build	Set up job	2026-07-20T11:31:26.1483515Z Contents: write
Check status to decide whether to build	Set up job	2026-07-20T11:31:26.1484510Z Metadata: read
Check status to decide whether to build	Set up job	2026-07-20T11:31:26.1485592Z ##[endgroup]
Check status to decide whether to build	Set up job	2026-07-20T11:31:26.1488330Z Secret source: Actions
Check status to decide whether to build	Set up job	2026-07-20T11:31:26.1489825Z Prepare workflow directory
Check status to decide whether to build	Set up job	2026-07-20T11:31:26.2184223Z Prepare all required actions
Check status to decide whether to build	Set up job	2026-07-20T11:31:26.2237490Z Getting action download info
Check status to decide whether to build	Set up job	2026-07-20T11:31:26.4008241Z Download action repository 'actions/checkout@v5' (SHA:93cb6efe18208431cddfb8368fd83d5badbf9bfd)
Check status to decide whether to build	Set up job	2026-07-20T11:31:26.4897905Z Download action repository 'aormsby/Fork-Sync-With-Upstream-action@v3.4.2' (SHA:c935fe4428607f3f2bf10da49281044bbfcc9037)
Check status to decide whether to build	Set up job	2026-07-20T11:31:26.7275252Z Complete job name: Check status to decide whether to build
Check status to decide whether to build	Access	﻿2026-07-20T11:31:26.7863048Z ##[group]Run # Validate Access Token
Check status to decide whether to build	Access	2026-07-20T11:31:26.7863820Z [36;1m# Validate Access Token[0m
Check status to decide whether to build	Access	2026-07-20T11:31:26.7864345Z [36;1m[0m
Check status to decide whether to build	Access	2026-07-20T11:31:26.7864932Z [36;1m# Ensure that gh exit codes are handled when output is piped.[0m
Check status to decide whether to build	Access	2026-07-20T11:31:26.7865855Z [36;1mset -o pipefail[0m
Check status to decide whether to build	Access	2026-07-20T11:31:26.7866339Z [36;1m[0m
Check status to decide whether to build	Access	2026-07-20T11:31:26.7867188Z [36;1m# Define patterns to validate the access token (GH_PAT) and distinguish between classic and fine-grained tokens.[0m
Check status to decide whether to build	Access	2026-07-20T11:31:26.7868231Z [36;1mGH_PAT_CLASSIC_PATTERN='^ghp_[a-zA-Z0-9]{36}$'[0m
Check status to decide whether to build	Access	2026-07-20T11:31:26.7869070Z [36;1mGH_PAT_FINE_GRAINED_PATTERN='^github_pat_[a-zA-Z0-9]{22}_[a-zA-Z0-9]{59}$'[0m
Check status to decide whether to build	Access	2026-07-20T11:31:26.7869825Z [36;1m[0m
Check status to decide whether to build	Access	2026-07-20T11:31:26.7870264Z [36;1m# Validate Access Token (GH_PAT)[0m
Check status to decide whether to build	Access	2026-07-20T11:31:26.7870828Z [36;1mif [ -z "$GH_PAT" ]; then[0m
Check status to decide whether to build	Access	2026-07-20T11:31:26.7871349Z [36;1m  failed=true[0m
Check status to decide whether to build	Access	2026-07-20T11:31:26.7872013Z [36;1m  echo "::error::The GH_PAT secret is unset or empty. Set it and try again."[0m
Check status to decide whether to build	Access	2026-07-20T11:31:26.7872783Z [36;1melse[0m
Check status to decide whether to build	Access	2026-07-20T11:31:26.7873297Z [36;1m  if [[ $GH_PAT =~ $GH_PAT_CLASSIC_PATTERN ]]; then[0m
Check status to decide whether to build	Access	2026-07-20T11:31:26.7873927Z [36;1m    provides_scopes=true[0m
Check status to decide whether to build	Access	2026-07-20T11:31:26.7874600Z [36;1m    echo "The GH_PAT secret is a structurally valid classic token."[0m
Check status to decide whether to build	Access	2026-07-20T11:31:26.7875501Z [36;1m  elif [[ $GH_PAT =~ $GH_PAT_FINE_GRAINED_PATTERN ]]; then[0m
Check status to decide whether to build	Access	2026-07-20T11:31:26.7876328Z [36;1m    echo "The GH_PAT secret is a structurally valid fine-grained token."[0m
Check status to decide whether to build	Access	2026-07-20T11:31:26.7877041Z [36;1m  else[0m
Check status to decide whether to build	Access	2026-07-20T11:31:26.7877499Z [36;1m    unknown_format=true[0m
Check status to decide whether to build	Access	2026-07-20T11:31:26.7878169Z [36;1m    echo "The GH_PAT secret does not have a known token format."[0m
Check status to decide whether to build	Access	2026-07-20T11:31:26.7878843Z [36;1m  fi[0m
Check status to decide whether to build	Access	2026-07-20T11:31:26.7879254Z [36;1m  [0m
Check status to decide whether to build	Access	2026-07-20T11:31:26.7879816Z [36;1m  # Attempt to capture the x-oauth-scopes scopes of the token.[0m
Check status to decide whether to build	Access	2026-07-20T11:31:26.7881157Z [36;1m  if ! scopes=$(curl -sS -f -I -H "Authorization: token $GH_PAT" https://api.github.com | { grep -i '^x-oauth-scopes:' || true; } | cut -d ' ' -f2- | tr -d '\r'); then[0m
Check status to decide whether to build	Access	2026-07-20T11:31:26.7882628Z [36;1m    failed=true[0m
Check status to decide whether to build	Access	2026-07-20T11:31:26.7883134Z [36;1m    if [ $unknown_format ]; then[0m
Check status to decide whether to build	Access	2026-07-20T11:31:26.7884355Z [36;1m      echo "::error::Unable to connect to GitHub using the GH_PAT secret. Verify that it is set correctly (including the 'ghp_' or 'github_pat_' prefix) and try again."[0m
Check status to decide whether to build	Access	2026-07-20T11:31:26.7885638Z [36;1m    else[0m
Check status to decide whether to build	Access	2026-07-20T11:31:26.7887152Z [36;1m      echo "::error::Unable to connect to GitHub using the GH_PAT secret. Verify that the token exists and has not expired at https://github.com/settings/tokens. If necessary, regenerate or create a new token (and update the secret), then try again."[0m
Check status to decide whether to build	Access	2026-07-20T11:31:26.7888896Z [36;1m    fi[0m
Check status to decide whether to build	Access	2026-07-20T11:31:26.7889361Z [36;1m  elif [[ $scopes =~ workflow ]]; then[0m
Check status to decide whether to build	Access	2026-07-20T11:31:26.7890070Z [36;1m    echo "The GH_PAT secret has repo and workflow permissions."[0m
Check status to decide whether to build	Access	2026-07-20T11:31:26.7890834Z [36;1m    echo "has_permission=true" >> $GITHUB_OUTPUT[0m
Check status to decide whether to build	Access	2026-07-20T11:31:26.7891474Z [36;1m  elif [[ $scopes =~ repo ]]; then[0m
Check status to decide whether to build	Access	2026-07-20T11:31:26.7892191Z [36;1m    echo "The GH_PAT secret has repo (but not workflow) permissions."[0m
Check status to decide whether to build	Access	2026-07-20T11:31:26.7892918Z [36;1m  elif [ $provides_scopes ]; then[0m
Check status to decide whether to build	Access	2026-07-20T11:31:26.7893469Z [36;1m    failed=true[0m
Check status to decide whether to build	Access	2026-07-20T11:31:26.7893952Z [36;1m    if [ -z "$scopes" ]; then[0m
Check status to decide whether to build	Access	2026-07-20T11:31:26.7894916Z [36;1m      echo "The GH_PAT secret is valid and can be used to connect to GitHub, but it does not provide any permission scopes."[0m
Check status to decide whether to build	Access	2026-07-20T11:31:26.7896237Z [36;1m    else[0m
Check status to decide whether to build	Access	2026-07-20T11:31:26.7897154Z [36;1m      echo "The GH_PAT secret is valid and can be used to connect to GitHub, but it only provides the following permission scopes: $scopes"[0m
Check status to decide whether to build	Access	2026-07-20T11:31:26.7898168Z [36;1m    fi[0m
Check status to decide whether to build	Access	2026-07-20T11:31:26.7899800Z [36;1m    echo "::error::The GH_PAT secret is lacking at least the 'repo' permission scope required to access the Match-Secrets repository. Update the token permissions at https://github.com/settings/tokens (to include the 'repo' and 'workflow' scopes) and try again."[0m
Check status to decide whether to build	Access	2026-07-20T11:31:26.7901706Z [36;1m  else[0m
Check status to decide whether to build	Access	2026-07-20T11:31:26.7903307Z [36;1m    echo "The GH_PAT secret is valid and can be used to connect to GitHub, but it does not provide inspectable scopes. Assuming that the 'repo' and 'workflow' permission scopes required to access the Match-Secrets repository and perform automations are present."[0m
Check status to decide whether to build	Access	2026-07-20T11:31:26.7905242Z [36;1m    echo "has_permission=true" >> $GITHUB_OUTPUT[0m
Check status to decide whether to build	Access	2026-07-20T11:31:26.7905843Z [36;1m  fi[0m
Check status to decide whether to build	Access	2026-07-20T11:31:26.7906249Z [36;1mfi[0m
Check status to decide whether to build	Access	2026-07-20T11:31:26.7906647Z [36;1m[0m
Check status to decide whether to build	Access	2026-07-20T11:31:26.7907142Z [36;1m# Exit unsuccessfully if secret validation failed.[0m
Check status to decide whether to build	Access	2026-07-20T11:31:26.7907767Z [36;1mif [ $failed ]; then[0m
Check status to decide whether to build	Access	2026-07-20T11:31:26.7908244Z [36;1m  exit 2[0m
Check status to decide whether to build	Access	2026-07-20T11:31:26.7908660Z [36;1mfi[0m
Check status to decide whether to build	Access	2026-07-20T11:31:26.7994141Z shell: /usr/bin/bash -e {0}
Check status to decide whether to build	Access	2026-07-20T11:31:26.7994917Z env:
Check status to decide whether to build	Access	2026-07-20T11:31:26.7995793Z   GH_PAT: ***
Check status to decide whether to build	Access	2026-07-20T11:31:26.7996248Z   UPSTREAM_REPO: nightscout/Trio
Check status to decide whether to build	Access	2026-07-20T11:31:26.7996850Z   UPSTREAM_BRANCH: merge/sync-upstream-dev-20260720
Check status to decide whether to build	Access	2026-07-20T11:31:26.7997518Z   TARGET_BRANCH: merge/sync-upstream-dev-20260720
Check status to decide whether to build	Access	2026-07-20T11:31:26.7998102Z ##[endgroup]
Check status to decide whether to build	Access	2026-07-20T11:31:26.8158244Z The GH_PAT secret is a structurally valid classic token.
Check status to decide whether to build	Access	2026-07-20T11:31:26.9120770Z The GH_PAT secret has repo and workflow permissions.
Check status to decide whether to build	Checkout target repo	﻿2026-07-20T11:31:26.9456951Z ##[group]Run actions/checkout@v5
Check status to decide whether to build	Checkout target repo	2026-07-20T11:31:26.9457807Z with:
Check status to decide whether to build	Checkout target repo	2026-07-20T11:31:26.9458691Z   token: ***
Check status to decide whether to build	Checkout target repo	2026-07-20T11:31:26.9459333Z   repository: pov-it/Trio
Check status to decide whether to build	Checkout target repo	2026-07-20T11:31:26.9460054Z   ssh-strict: true
Check status to decide whether to build	Checkout target repo	2026-07-20T11:31:26.9460689Z   ssh-user: git
Check status to decide whether to build	Checkout target repo	2026-07-20T11:31:26.9461348Z   persist-credentials: true
Check status to decide whether to build	Checkout target repo	2026-07-20T11:31:26.9462072Z   clean: true
Check status to decide whether to build	Checkout target repo	2026-07-20T11:31:26.9462739Z   sparse-checkout-cone-mode: true
Check status to decide whether to build	Checkout target repo	2026-07-20T11:31:26.9463532Z   fetch-depth: 1
Check status to decide whether to build	Checkout target repo	2026-07-20T11:31:26.9464414Z   fetch-tags: false
Check status to decide whether to build	Checkout target repo	2026-07-20T11:31:26.9465229Z   show-progress: true
Check status to decide whether to build	Checkout target repo	2026-07-20T11:31:26.9465878Z   lfs: false
Check status to decide whether to build	Checkout target repo	2026-07-20T11:31:26.9466476Z   submodules: false
Check status to decide whether to build	Checkout target repo	2026-07-20T11:31:26.9467126Z   set-safe-directory: true
Check status to decide whether to build	Checkout target repo	2026-07-20T11:31:26.9467838Z env:
Check status to decide whether to build	Checkout target repo	2026-07-20T11:31:26.9468579Z   GH_PAT: ***
Check status to decide whether to build	Checkout target repo	2026-07-20T11:31:26.9469273Z   UPSTREAM_REPO: nightscout/Trio
Check status to decide whether to build	Checkout target repo	2026-07-20T11:31:26.9470135Z   UPSTREAM_BRANCH: merge/sync-upstream-dev-20260720
Check status to decide whether to build	Checkout target repo	2026-07-20T11:31:26.9471135Z   TARGET_BRANCH: merge/sync-upstream-dev-20260720
Check status to decide whether to build	Checkout target repo	2026-07-20T11:31:26.9472075Z ##[endgroup]
Check status to decide whether to build	Checkout target repo	2026-07-20T11:31:27.0824758Z Syncing repository: pov-it/Trio
Check status to decide whether to build	Checkout target repo	2026-07-20T11:31:27.0827566Z ##[group]Getting Git version info
Check status to decide whether to build	Checkout target repo	2026-07-20T11:31:27.0828574Z Working directory is '/home/runner/work/Trio/Trio'
Check status to decide whether to build	Checkout target repo	2026-07-20T11:31:27.0830030Z [command]/usr/bin/git version
Check status to decide whether to build	Checkout target repo	2026-07-20T11:31:27.3257469Z git version 2.54.0
Check status to decide whether to build	Checkout target repo	2026-07-20T11:31:27.3311939Z ##[endgroup]
Check status to decide whether to build	Checkout target repo	2026-07-20T11:31:27.3327192Z Temporarily overriding HOME='/home/runner/work/_temp/6fcc74d3-b840-418a-aeeb-8c6b195bde8c' before making global git config changes
Check status to decide whether to build	Checkout target repo	2026-07-20T11:31:27.3332690Z Adding repository directory to the temporary git global config as a safe directory
Check status to decide whether to build	Checkout target repo	2026-07-20T11:31:27.3334024Z [command]/usr/bin/git config --global --add safe.directory /home/runner/work/Trio/Trio
Check status to decide whether to build	Checkout target repo	2026-07-20T11:31:27.3381969Z Deleting the contents of '/home/runner/work/Trio/Trio'
Check status to decide whether to build	Checkout target repo	2026-07-20T11:31:27.3386352Z ##[group]Initializing the repository
Check status to decide whether to build	Checkout target repo	2026-07-20T11:31:27.3390664Z [command]/usr/bin/git init /home/runner/work/Trio/Trio
Check status to decide whether to build	Checkout target repo	2026-07-20T11:31:27.3467987Z hint: Using 'master' as the name for the initial branch. This default branch name
Check status to decide whether to build	Checkout target repo	2026-07-20T11:31:27.3469533Z hint: will change to "main" in Git 3.0. To configure the initial branch name
Check status to decide whether to build	Checkout target repo	2026-07-20T11:31:27.3471037Z hint: to use in all of your new repositories, which will suppress this warning,
Check status to decide whether to build	Checkout target repo	2026-07-20T11:31:27.3472197Z hint: call:
Check status to decide whether to build	Checkout target repo	2026-07-20T11:31:27.3472692Z hint:
Check status to decide whether to build	Checkout target repo	2026-07-20T11:31:27.3473198Z hint: 	git config --global init.defaultBranch <name>
Check status to decide whether to build	Checkout target repo	2026-07-20T11:31:27.3473865Z hint:
Check status to decide whether to build	Checkout target repo	2026-07-20T11:31:27.3474450Z hint: Names commonly chosen instead of 'master' are 'main', 'trunk' and
Check status to decide whether to build	Checkout target repo	2026-07-20T11:31:27.3475889Z hint: 'development'. The just-created branch can be renamed via this command:
Check status to decide whether to build	Checkout target repo	2026-07-20T11:31:27.3477021Z hint:
Check status to decide whether to build	Checkout target repo	2026-07-20T11:31:27.3477627Z hint: 	git branch -m <name>
Check status to decide whether to build	Checkout target repo	2026-07-20T11:31:27.3478111Z hint:
Check status to decide whether to build	Checkout target repo	2026-07-20T11:31:27.3478721Z hint: Disable this message with "git config set advice.defaultBranchName false"
Check status to decide whether to build	Checkout target repo	2026-07-20T11:31:27.3479707Z Initialized empty Git repository in /home/runner/work/Trio/Trio/.git/
Check status to decide whether to build	Checkout target repo	2026-07-20T11:31:27.3482030Z [command]/usr/bin/git remote add origin https://github.com/pov-it/Trio
Check status to decide whether to build	Checkout target repo	2026-07-20T11:31:27.3525592Z ##[endgroup]
Check status to decide whether to build	Checkout target repo	2026-07-20T11:31:27.3526529Z ##[group]Disabling automatic garbage collection
Check status to decide whether to build	Checkout target repo	2026-07-20T11:31:27.3529171Z [command]/usr/bin/git config --local gc.auto 0
Check status to decide whether to build	Checkout target repo	2026-07-20T11:31:27.3563983Z ##[endgroup]
Check status to decide whether to build	Checkout target repo	2026-07-20T11:31:27.3564975Z ##[group]Setting up auth
Check status to decide whether to build	Checkout target repo	2026-07-20T11:31:27.3570833Z [command]/usr/bin/git config --local --name-only --get-regexp core\.sshCommand
Check status to decide whether to build	Checkout target repo	2026-07-20T11:31:27.3609156Z [command]/usr/bin/git submodule foreach --recursive sh -c "git config --local --name-only --get-regexp 'core\.sshCommand' && git config --local --unset-all 'core.sshCommand' || :"
Check status to decide whether to build	Checkout target repo	2026-07-20T11:31:27.4071605Z [command]/usr/bin/git config --local --name-only --get-regexp http\.https\:\/\/github\.com\/\.extraheader
Check status to decide whether to build	Checkout target repo	2026-07-20T11:31:27.4109449Z [command]/usr/bin/git submodule foreach --recursive sh -c "git config --local --name-only --get-regexp 'http\.https\:\/\/github\.com\/\.extraheader' && git config --local --unset-all 'http.https://github.com/.extraheader' || :"
Check status to decide whether to build	Checkout target repo	2026-07-20T11:31:27.4349073Z [command]/usr/bin/git config --local --name-only --get-regexp ^includeIf\.gitdir:
Check status to decide whether to build	Checkout target repo	2026-07-20T11:31:27.4388070Z [command]/usr/bin/git submodule foreach --recursive git config --local --show-origin --name-only --get-regexp remote.origin.url
Check status to decide whether to build	Checkout target repo	2026-07-20T11:31:27.4628150Z [command]/usr/bin/git config --local http.https://github.com/.extraheader AUTHORIZATION: basic ***
Check status to decide whether to build	Checkout target repo	2026-07-20T11:31:27.4668496Z ##[endgroup]
Check status to decide whether to build	Checkout target repo	2026-07-20T11:31:27.4669692Z ##[group]Fetching the repository
Check status to decide whether to build	Checkout target repo	2026-07-20T11:31:27.4679616Z [command]/usr/bin/git -c protocol.version=2 fetch --no-tags --prune --no-recurse-submodules --depth=1 origin +72181272cf387d97ab337f1bd473218426a99d34:refs/remotes/origin/merge/sync-upstream-dev-20260720
Check status to decide whether to build	Checkout target repo	2026-07-20T11:31:28.2199526Z From https://github.com/pov-it/Trio
Check status to decide whether to build	Checkout target repo	2026-07-20T11:31:28.2202062Z  * [new ref]         72181272cf387d97ab337f1bd473218426a99d34 -> origin/merge/sync-upstream-dev-20260720
Check status to decide whether to build	Checkout target repo	2026-07-20T11:31:28.2231059Z ##[endgroup]
Check status to decide whether to build	Checkout target repo	2026-07-20T11:31:28.2232169Z ##[group]Determining the checkout info
Check status to decide whether to build	Checkout target repo	2026-07-20T11:31:28.2233573Z ##[endgroup]
Check status to decide whether to build	Checkout target repo	2026-07-20T11:31:28.2239578Z [command]/usr/bin/git sparse-checkout disable
Check status to decide whether to build	Checkout target repo	2026-07-20T11:31:28.2289346Z [command]/usr/bin/git config --local --unset-all extensions.worktreeConfig
Check status to decide whether to build	Checkout target repo	2026-07-20T11:31:28.2322912Z ##[group]Checking out the ref
Check status to decide whether to build	Checkout target repo	2026-07-20T11:31:28.2329283Z [command]/usr/bin/git checkout --progress --force -B merge/sync-upstream-dev-20260720 refs/remotes/origin/merge/sync-upstream-dev-20260720
Check status to decide whether to build	Checkout target repo	2026-07-20T11:31:28.4349026Z Switched to a new branch 'merge/sync-upstream-dev-20260720'
Check status to decide whether to build	Checkout target repo	2026-07-20T11:31:28.4358144Z branch 'merge/sync-upstream-dev-20260720' set up to track 'origin/merge/sync-upstream-dev-20260720'.
Check status to decide whether to build	Checkout target repo	2026-07-20T11:31:28.4367512Z ##[endgroup]
Check status to decide whether to build	Checkout target repo	2026-07-20T11:31:28.4421882Z [command]/usr/bin/git log -1 --format=%H
Check status to decide whether to build	Checkout target repo	2026-07-20T11:31:28.4450318Z 72181272cf387d97ab337f1bd473218426a99d34
Check status to decide whether to build	Sync upstream changes	﻿2026-07-20T11:31:28.4822610Z ##[group]Run aormsby/Fork-Sync-With-Upstream-action@v3.4.2
Check status to decide whether to build	Sync upstream changes	2026-07-20T11:31:28.4824038Z with:
Check status to decide whether to build	Sync upstream changes	2026-07-20T11:31:28.4825150Z   target_sync_branch: merge/sync-upstream-dev-20260720
Check status to decide whether to build	Sync upstream changes	2026-07-20T11:31:28.4826492Z   shallow_since: 6 months ago
Check status to decide whether to build	Sync upstream changes	2026-07-20T11:31:28.4828047Z   target_repo_token: ***
Check status to decide whether to build	Sync upstream changes	2026-07-20T11:31:28.4829232Z   upstream_sync_branch: merge/sync-upstream-dev-20260720
Check status to decide whether to build	Sync upstream changes	2026-07-20T11:31:28.4830615Z   upstream_sync_repo: nightscout/Trio
Check status to decide whether to build	Sync upstream changes	2026-07-20T11:31:28.4831807Z   git_log_format_args: --pretty=oneline
Check status to decide whether to build	Sync upstream changes	2026-07-20T11:31:28.4833020Z   git_config_user: GH Action - Upstream Sync
Check status to decide whether to build	Sync upstream changes	2026-07-20T11:31:28.4834240Z   git_config_email: action@github.com
Check status to decide whether to build	Sync upstream changes	2026-07-20T11:31:28.4835522Z   git_config_pull_rebase: false
Check status to decide whether to build	Sync upstream changes	2026-07-20T11:31:28.4836524Z   test_mode: false
Check status to decide whether to build	Sync upstream changes	2026-07-20T11:31:28.4837395Z   host_domain: github.com
Check status to decide whether to build	Sync upstream changes	2026-07-20T11:31:28.4838322Z env:
Check status to decide whether to build	Sync upstream changes	2026-07-20T11:31:28.4839280Z   GH_PAT: ***
Check status to decide whether to build	Sync upstream changes	2026-07-20T11:31:28.4840158Z   UPSTREAM_REPO: nightscout/Trio
Check status to decide whether to build	Sync upstream changes	2026-07-20T11:31:28.4841404Z   UPSTREAM_BRANCH: merge/sync-upstream-dev-20260720
Check status to decide whether to build	Sync upstream changes	2026-07-20T11:31:28.4842867Z   TARGET_BRANCH: merge/sync-upstream-dev-20260720
Check status to decide whether to build	Sync upstream changes	2026-07-20T11:31:28.4844086Z ##[endgroup]
Check status to decide whether to build	Sync upstream changes	2026-07-20T11:31:28.5229995Z [command]/usr/bin/sh /home/runner/work/_actions/aormsby/Fork-Sync-With-Upstream-action/v3.4.2/entry/config_and_run.sh
Check status to decide whether to build	Sync upstream changes	2026-07-20T11:31:28.5298432Z [1m[96mRunning ACTION...
Check status to decide whether to build	Sync upstream changes	2026-07-20T11:31:28.5300049Z [m
Check status to decide whether to build	Sync upstream changes	2026-07-20T11:31:28.5302146Z Setting git config from input vars. (Skips config for all inputs set to 'null'.)
Check status to decide whether to build	Sync upstream changes	2026-07-20T11:31:28.5371308Z [1m[32mSUCCESS
Check status to decide whether to build	Sync upstream changes	2026-07-20T11:31:28.5372492Z [m
Check status to decide whether to build	Sync upstream changes	2026-07-20T11:31:28.5373783Z Checking out target branch 'merge/sync-upstream-dev-20260720' for sync.
Check status to decide whether to build	Sync upstream changes	2026-07-20T11:31:28.6975825Z Already on 'merge/sync-upstream-dev-20260720'
Check status to decide whether to build	Sync upstream changes	2026-07-20T11:31:28.6977330Z Your branch is up to date with 'origin/merge/sync-upstream-dev-20260720'.
Check status to decide whether to build	Sync upstream changes	2026-07-20T11:31:28.6980634Z Target branch checked out
Check status to decide whether to build	Sync upstream changes	2026-07-20T11:31:28.6981481Z [1m[32mSUCCESS
Check status to decide whether to build	Sync upstream changes	2026-07-20T11:31:28.6981940Z [m
Check status to decide whether to build	Sync upstream changes	2026-07-20T11:31:28.6982675Z Setting upstream repo to 'nightscout/Trio'.
Check status to decide whether to build	Sync upstream changes	2026-07-20T11:31:28.7004923Z [1m[32mSUCCESS
Check status to decide whether to build	Sync upstream changes	2026-07-20T11:31:28.7006198Z [m
Check status to decide whether to build	Sync upstream changes	2026-07-20T11:31:28.7006684Z Checking for new commits on upstream branch.
Check status to decide whether to build	Sync upstream changes	2026-07-20T11:31:28.7007012Z 
Check status to decide whether to build	Sync upstream changes	2026-07-20T11:31:28.8431362Z fatal: couldn't find remote ref merge/sync-upstream-dev-20260720
Check status to decide whether to build	Sync upstream changes	2026-07-20T11:31:28.8446244Z 
Check status to decide whether to build	Sync upstream changes	2026-07-20T11:31:28.8446683Z No new commits to sync. Finishing sync action gracefully.
Check status to decide whether to build	Sync upstream changes	2026-07-20T11:31:28.8447664Z [1m[32mSAFE EXIT[m
Check status to decide whether to build	Sync upstream changes	2026-07-20T11:31:28.8448318Z Resetting git config to previous settings.
Check status to decide whether to build	Sync upstream changes	2026-07-20T11:31:28.8493662Z [1m[96mReset Complete
Check status to decide whether to build	Sync upstream changes	2026-07-20T11:31:28.8494322Z [m
Check status to decide whether to build	No new commits	﻿2026-07-20T11:31:28.8624501Z ##[group]Run echo "There were no new commits."
Check status to decide whether to build	No new commits	2026-07-20T11:31:28.8625366Z [36;1mecho "There were no new commits."[0m
Check status to decide whether to build	No new commits	2026-07-20T11:31:28.8689806Z shell: /usr/bin/bash -e {0}
Check status to decide whether to build	No new commits	2026-07-20T11:31:28.8690271Z env:
Check status to decide whether to build	No new commits	2026-07-20T11:31:28.8691001Z   GH_PAT: ***
Check status to decide whether to build	No new commits	2026-07-20T11:31:28.8691418Z   UPSTREAM_REPO: nightscout/Trio
Check status to decide whether to build	No new commits	2026-07-20T11:31:28.8691945Z   UPSTREAM_BRANCH: merge/sync-upstream-dev-20260720
Check status to decide whether to build	No new commits	2026-07-20T11:31:28.8692526Z   TARGET_BRANCH: merge/sync-upstream-dev-20260720
Check status to decide whether to build	No new commits	2026-07-20T11:31:28.8693035Z ##[endgroup]
Check status to decide whether to build	No new commits	2026-07-20T11:31:28.8775799Z There were no new commits.
Check status to decide whether to build	Show value of 'has_new_commits'	﻿2026-07-20T11:31:28.8836677Z ##[group]Run echo false
Check status to decide whether to build	Show value of 'has_new_commits'	2026-07-20T11:31:28.8837144Z [36;1mecho false[0m
Check status to decide whether to build	Show value of 'has_new_commits'	2026-07-20T11:31:28.8837593Z [36;1mecho "NEW_COMMITS=false" >> $GITHUB_OUTPUT[0m
Check status to decide whether to build	Show value of 'has_new_commits'	2026-07-20T11:31:28.8896394Z shell: /usr/bin/bash -e {0}
Check status to decide whether to build	Show value of 'has_new_commits'	2026-07-20T11:31:28.8896887Z env:
Check status to decide whether to build	Show value of 'has_new_commits'	2026-07-20T11:31:28.8897492Z   GH_PAT: ***
Check status to decide whether to build	Show value of 'has_new_commits'	2026-07-20T11:31:28.8897952Z   UPSTREAM_REPO: nightscout/Trio
Check status to decide whether to build	Show value of 'has_new_commits'	2026-07-20T11:31:28.8898510Z   UPSTREAM_BRANCH: merge/sync-upstream-dev-20260720
Check status to decide whether to build	Show value of 'has_new_commits'	2026-07-20T11:31:28.8899151Z   TARGET_BRANCH: merge/sync-upstream-dev-20260720
Check status to decide whether to build	Show value of 'has_new_commits'	2026-07-20T11:31:28.8899692Z ##[endgroup]
Check status to decide whether to build	Show value of 'has_new_commits'	2026-07-20T11:31:28.8981304Z false
Check status to decide whether to build	Check if this is the second time this day-of-week happens this month	﻿2026-07-20T11:31:28.9025740Z ##[group]Run DAY_OF_MONTH=$(date +%-d)
Check status to decide whether to build	Check if this is the second time this day-of-week happens this month	2026-07-20T11:31:28.9026319Z [36;1mDAY_OF_MONTH=$(date +%-d)[0m
Check status to decide whether to build	Check if this is the second time this day-of-week happens this month	2026-07-20T11:31:28.9026861Z [36;1mWEEK_OF_MONTH=$(( ($(date +%-d) - 1) / 7 + 1 ))[0m
Check status to decide whether to build	Check if this is the second time this day-of-week happens this month	2026-07-20T11:31:28.9027452Z [36;1mif [[ $WEEK_OF_MONTH -eq 2 ]]; then[0m
Check status to decide whether to build	Check if this is the second time this day-of-week happens this month	2026-07-20T11:31:28.9028040Z [36;1m  echo "is_second_instance=true" >> "$GITHUB_OUTPUT"[0m
Check status to decide whether to build	Check if this is the second time this day-of-week happens this month	2026-07-20T11:31:28.9028596Z [36;1melse[0m
Check status to decide whether to build	Check if this is the second time this day-of-week happens this month	2026-07-20T11:31:28.9029111Z [36;1m  echo "is_second_instance=false" >> "$GITHUB_OUTPUT"[0m
Check status to decide whether to build	Check if this is the second time this day-of-week happens this month	2026-07-20T11:31:28.9029660Z [36;1mfi[0m
Check status to decide whether to build	Check if this is the second time this day-of-week happens this month	2026-07-20T11:31:28.9088629Z shell: /usr/bin/bash -e {0}
Check status to decide whether to build	Check if this is the second time this day-of-week happens this month	2026-07-20T11:31:28.9089101Z env:
Check status to decide whether to build	Check if this is the second time this day-of-week happens this month	2026-07-20T11:31:28.9089692Z   GH_PAT: ***
Check status to decide whether to build	Check if this is the second time this day-of-week happens this month	2026-07-20T11:31:28.9090145Z   UPSTREAM_REPO: nightscout/Trio
Check status to decide whether to build	Check if this is the second time this day-of-week happens this month	2026-07-20T11:31:28.9090683Z   UPSTREAM_BRANCH: merge/sync-upstream-dev-20260720
Check status to decide whether to build	Check if this is the second time this day-of-week happens this month	2026-07-20T11:31:28.9091271Z   TARGET_BRANCH: merge/sync-upstream-dev-20260720
Check status to decide whether to build	Check if this is the second time this day-of-week happens this month	2026-07-20T11:31:28.9091794Z ##[endgroup]
Check status to decide whether to build	Post Checkout target repo	﻿2026-07-20T11:31:28.9319036Z Post job cleanup.
Check status to decide whether to build	Post Checkout target repo	2026-07-20T11:31:29.0178088Z [command]/usr/bin/git version
Check status to decide whether to build	Post Checkout target repo	2026-07-20T11:31:29.0222082Z git version 2.54.0
Check status to decide whether to build	Post Checkout target repo	2026-07-20T11:31:29.0260714Z Temporarily overriding HOME='/home/runner/work/_temp/95f563cf-d8e3-4c4f-ae40-60fded417604' before making global git config changes
Check status to decide whether to build	Post Checkout target repo	2026-07-20T11:31:29.0262922Z Adding repository directory to the temporary git global config as a safe directory
Check status to decide whether to build	Post Checkout target repo	2026-07-20T11:31:29.0267175Z [command]/usr/bin/git config --global --add safe.directory /home/runner/work/Trio/Trio
Check status to decide whether to build	Post Checkout target repo	2026-07-20T11:31:29.0309335Z [command]/usr/bin/git config --local --name-only --get-regexp core\.sshCommand
Check status to decide whether to build	Post Checkout target repo	2026-07-20T11:31:29.0346275Z [command]/usr/bin/git submodule foreach --recursive sh -c "git config --local --name-only --get-regexp 'core\.sshCommand' && git config --local --unset-all 'core.sshCommand' || :"
Check status to decide whether to build	Post Checkout target repo	2026-07-20T11:31:29.0602507Z [command]/usr/bin/git config --local --name-only --get-regexp http\.https\:\/\/github\.com\/\.extraheader
Check status to decide whether to build	Post Checkout target repo	2026-07-20T11:31:29.0631510Z http.https://github.com/.extraheader
Check status to decide whether to build	Post Checkout target repo	2026-07-20T11:31:29.0643605Z [command]/usr/bin/git config --local --unset-all http.https://github.com/.extraheader
Check status to decide whether to build	Post Checkout target repo	2026-07-20T11:31:29.0680571Z [command]/usr/bin/git submodule foreach --recursive sh -c "git config --local --name-only --get-regexp 'http\.https\:\/\/github\.com\/\.extraheader' && git config --local --unset-all 'http.https://github.com/.extraheader' || :"
Check status to decide whether to build	Post Checkout target repo	2026-07-20T11:31:29.0940181Z [command]/usr/bin/git config --local --name-only --get-regexp ^includeIf\.gitdir:
Check status to decide whether to build	Post Checkout target repo	2026-07-20T11:31:29.0980498Z [command]/usr/bin/git submodule foreach --recursive git config --local --show-origin --name-only --get-regexp remote.origin.url
Check status to decide whether to build	Complete job	﻿2026-07-20T11:31:29.1448579Z Evaluate and set job outputs
Check status to decide whether to build	Complete job	2026-07-20T11:31:29.1455565Z Set output 'NEW_COMMITS'
Check status to decide whether to build	Complete job	2026-07-20T11:31:29.1457737Z Set output 'IS_SECOND_IN_MONTH'
Check status to decide whether to build	Complete job	2026-07-20T11:31:29.1459077Z Cleaning up orphan processes
Build	Set up job	﻿2026-07-20T11:33:10.9334020Z Current runner version: '2.335.1'
Build	Set up job	2026-07-20T11:33:10.9360000Z ##[group]Runner Image Provisioner
Build	Set up job	2026-07-20T11:33:10.9360850Z Hosted Compute Agent
Build	Set up job	2026-07-20T11:33:10.9361330Z Version: 20260707.563
Build	Set up job	2026-07-20T11:33:10.9361840Z Commit: 02667638d2b423fbc733a8e32a88b44996a3ba6e
Build	Set up job	2026-07-20T11:33:10.9362420Z Build Date: 2026-07-07T19:33:50Z
Build	Set up job	2026-07-20T11:33:10.9362980Z Worker ID: {9c2a1ffa-0c9e-4564-8792-03d93b119e34}
Build	Set up job	2026-07-20T11:33:10.9363540Z Azure Region: westus
Build	Set up job	2026-07-20T11:33:10.9364010Z ##[endgroup]
Build	Set up job	2026-07-20T11:33:10.9365070Z ##[group]Operating System
Build	Set up job	2026-07-20T11:33:10.9365570Z macOS
Build	Set up job	2026-07-20T11:33:10.9366000Z 26.4
Build	Set up job	2026-07-20T11:33:10.9366420Z 25E246
Build	Set up job	2026-07-20T11:33:10.9366850Z ##[endgroup]
Build	Set up job	2026-07-20T11:33:10.9367370Z ##[group]Runner Image
Build	Set up job	2026-07-20T11:33:10.9367910Z Image: macos-26-arm64
Build	Set up job	2026-07-20T11:33:10.9368380Z Version: 20260715.0248.1
Build	Set up job	2026-07-20T11:33:10.9369250Z Included Software: https://github.com/actions/runner-images/blob/macos-26-arm64/20260715.0248/images/macos/macos-26-arm64-Readme.md
Build	Set up job	2026-07-20T11:33:10.9370700Z Image Release: https://github.com/actions/runner-images/releases/tag/macos-26-arm64%2F20260715.0248
Build	Set up job	2026-07-20T11:33:10.9371460Z ##[endgroup]
Build	Set up job	2026-07-20T11:33:10.9372400Z ##[group]GITHUB_TOKEN Permissions
Build	Set up job	2026-07-20T11:33:10.9374740Z Contents: write
Build	Set up job	2026-07-20T11:33:10.9375220Z Metadata: read
Build	Set up job	2026-07-20T11:33:10.9375660Z ##[endgroup]
Build	Set up job	2026-07-20T11:33:10.9377590Z Secret source: Actions
Build	Set up job	2026-07-20T11:33:10.9378170Z Prepare workflow directory
Build	Set up job	2026-07-20T11:33:10.9912020Z Prepare all required actions
Build	Set up job	2026-07-20T11:33:10.9947030Z Getting action download info
Build	Set up job	2026-07-20T11:33:11.4564840Z Download action repository 'actions/checkout@v5' (SHA:93cb6efe18208431cddfb8368fd83d5badbf9bfd)
Build	Set up job	2026-07-20T11:33:11.8053300Z Download action repository 'actions/upload-artifact@v6' (SHA:b7c566a772e6b6bfb58ed0dc250532a479d7789f)
Build	Set up job	2026-07-20T11:33:12.0414900Z Complete job name: Build
Build	Select Xcode version	﻿2026-07-20T11:33:12.1421190Z ##[group]Run sudo xcode-select --switch /Applications/Xcode_26.2.app/Contents/Developer
Build	Select Xcode version	2026-07-20T11:33:12.1422300Z [36;1msudo xcode-select --switch /Applications/Xcode_26.2.app/Contents/Developer[0m
Build	Select Xcode version	2026-07-20T11:33:12.1478470Z shell: /bin/bash -e {0}
Build	Select Xcode version	2026-07-20T11:33:12.1479270Z env:
Build	Select Xcode version	2026-07-20T11:33:12.1479960Z   GH_PAT: ***
Build	Select Xcode version	2026-07-20T11:33:12.1480520Z   UPSTREAM_REPO: nightscout/Trio
Build	Select Xcode version	2026-07-20T11:33:12.1481040Z   UPSTREAM_BRANCH: merge/sync-upstream-dev-20260720
Build	Select Xcode version	2026-07-20T11:33:12.1481590Z   TARGET_BRANCH: merge/sync-upstream-dev-20260720
Build	Select Xcode version	2026-07-20T11:33:12.1482090Z ##[endgroup]
Build	Checkout Repo for building	﻿2026-07-20T11:33:12.2829390Z ##[group]Run actions/checkout@v5
Build	Checkout Repo for building	2026-07-20T11:33:12.2829960Z with:
Build	Checkout Repo for building	2026-07-20T11:33:12.2830740Z   token: ***
Build	Checkout Repo for building	2026-07-20T11:33:12.2831160Z   submodules: recursive
Build	Checkout Repo for building	2026-07-20T11:33:12.2831630Z   ref: merge/sync-upstream-dev-20260720
Build	Checkout Repo for building	2026-07-20T11:33:12.2832780Z   repository: pov-it/Trio
Build	Checkout Repo for building	2026-07-20T11:33:12.2833260Z   ssh-strict: true
Build	Checkout Repo for building	2026-07-20T11:33:12.2833670Z   ssh-user: git
Build	Checkout Repo for building	2026-07-20T11:33:12.2834080Z   persist-credentials: true
Build	Checkout Repo for building	2026-07-20T11:33:12.2834540Z   clean: true
Build	Checkout Repo for building	2026-07-20T11:33:12.2835050Z   sparse-checkout-cone-mode: true
Build	Checkout Repo for building	2026-07-20T11:33:12.2835510Z   fetch-depth: 1
Build	Checkout Repo for building	2026-07-20T11:33:12.2835890Z   fetch-tags: false
Build	Checkout Repo for building	2026-07-20T11:33:12.2836360Z   show-progress: true
Build	Checkout Repo for building	2026-07-20T11:33:12.2836780Z   lfs: false
Build	Checkout Repo for building	2026-07-20T11:33:12.2837200Z   set-safe-directory: true
Build	Checkout Repo for building	2026-07-20T11:33:12.2837600Z env:
Build	Checkout Repo for building	2026-07-20T11:33:12.2838120Z   GH_PAT: ***
Build	Checkout Repo for building	2026-07-20T11:33:12.2838530Z   UPSTREAM_REPO: nightscout/Trio
Build	Checkout Repo for building	2026-07-20T11:33:12.2839080Z   UPSTREAM_BRANCH: merge/sync-upstream-dev-20260720
Build	Checkout Repo for building	2026-07-20T11:33:12.2839720Z   TARGET_BRANCH: merge/sync-upstream-dev-20260720
Build	Checkout Repo for building	2026-07-20T11:33:12.2840210Z ##[endgroup]
Build	Checkout Repo for building	2026-07-20T11:33:12.7561530Z Syncing repository: pov-it/Trio
Build	Checkout Repo for building	2026-07-20T11:33:12.7563740Z ##[group]Getting Git version info
Build	Checkout Repo for building	2026-07-20T11:33:12.7564370Z Working directory is '/Users/runner/work/Trio/Trio'
Build	Checkout Repo for building	2026-07-20T11:33:12.7565930Z [command]/opt/homebrew/bin/git version
Build	Checkout Repo for building	2026-07-20T11:33:12.7915010Z git version 2.55.0
Build	Checkout Repo for building	2026-07-20T11:33:12.7947810Z ##[endgroup]
Build	Checkout Repo for building	2026-07-20T11:33:12.7955050Z Copying '/Users/runner/.gitconfig' to '/Users/runner/work/_temp/f4adcb6a-17b3-4452-916c-0b1fa9adfca4/.gitconfig'
Build	Checkout Repo for building	2026-07-20T11:33:12.7959200Z Temporarily overriding HOME='/Users/runner/work/_temp/f4adcb6a-17b3-4452-916c-0b1fa9adfca4' before making global git config changes
Build	Checkout Repo for building	2026-07-20T11:33:12.7960580Z Adding repository directory to the temporary git global config as a safe directory
Build	Checkout Repo for building	2026-07-20T11:33:12.7968720Z [command]/opt/homebrew/bin/git config --global --add safe.directory /Users/runner/work/Trio/Trio
Build	Checkout Repo for building	2026-07-20T11:33:12.8114580Z Deleting the contents of '/Users/runner/work/Trio/Trio'
Build	Checkout Repo for building	2026-07-20T11:33:12.8119080Z ##[group]Initializing the repository
Build	Checkout Repo for building	2026-07-20T11:33:12.8122900Z [command]/opt/homebrew/bin/git init /Users/runner/work/Trio/Trio
Build	Checkout Repo for building	2026-07-20T11:33:12.8394340Z hint: Using 'master' as the name for the initial branch. This default branch name
Build	Checkout Repo for building	2026-07-20T11:33:12.8396760Z hint: will change to "main" in Git 3.0. To configure the initial branch name
Build	Checkout Repo for building	2026-07-20T11:33:12.8398500Z hint: to use in all of your new repositories, which will suppress this warning,
Build	Checkout Repo for building	2026-07-20T11:33:12.8399710Z hint: call:
Build	Checkout Repo for building	2026-07-20T11:33:12.8401470Z hint:
Build	Checkout Repo for building	2026-07-20T11:33:12.8402120Z hint: 	git config --global init.defaultBranch <name>
Build	Checkout Repo for building	2026-07-20T11:33:12.8402760Z hint:
Build	Checkout Repo for building	2026-07-20T11:33:12.8403350Z hint: Names commonly chosen instead of 'master' are 'main', 'trunk' and
Build	Checkout Repo for building	2026-07-20T11:33:12.8404210Z hint: 'development'. The just-created branch can be renamed via this command:
Build	Checkout Repo for building	2026-07-20T11:33:12.8404910Z hint:
Build	Checkout Repo for building	2026-07-20T11:33:12.8405360Z hint: 	git branch -m <name>
Build	Checkout Repo for building	2026-07-20T11:33:12.8405890Z hint:
Build	Checkout Repo for building	2026-07-20T11:33:12.8407910Z hint: Disable this message with "git config set advice.defaultBranchName false"
Build	Checkout Repo for building	2026-07-20T11:33:12.8408900Z Initialized empty Git repository in /Users/runner/work/Trio/Trio/.git/
Build	Checkout Repo for building	2026-07-20T11:33:12.8411190Z [command]/opt/homebrew/bin/git remote add origin https://github.com/pov-it/Trio
Build	Checkout Repo for building	2026-07-20T11:33:12.8518700Z ##[endgroup]
Build	Checkout Repo for building	2026-07-20T11:33:12.8520250Z ##[group]Disabling automatic garbage collection
Build	Checkout Repo for building	2026-07-20T11:33:12.8521270Z [command]/opt/homebrew/bin/git config --local gc.auto 0
Build	Checkout Repo for building	2026-07-20T11:33:12.8595530Z ##[endgroup]
Build	Checkout Repo for building	2026-07-20T11:33:12.8596460Z ##[group]Setting up auth
Build	Checkout Repo for building	2026-07-20T11:33:12.8600470Z [command]/opt/homebrew/bin/git config --local --name-only --get-regexp core\.sshCommand
Build	Checkout Repo for building	2026-07-20T11:33:12.8725620Z [command]/opt/homebrew/bin/git submodule foreach --recursive sh -c "git config --local --name-only --get-regexp 'core\.sshCommand' && git config --local --unset-all 'core.sshCommand' || :"
Build	Checkout Repo for building	2026-07-20T11:33:13.0209190Z [command]/opt/homebrew/bin/git config --local --name-only --get-regexp http\.https\:\/\/github\.com\/\.extraheader
Build	Checkout Repo for building	2026-07-20T11:33:13.0291850Z [command]/opt/homebrew/bin/git submodule foreach --recursive sh -c "git config --local --name-only --get-regexp 'http\.https\:\/\/github\.com\/\.extraheader' && git config --local --unset-all 'http.https://github.com/.extraheader' || :"
Build	Checkout Repo for building	2026-07-20T11:33:13.1797150Z [command]/opt/homebrew/bin/git config --local --name-only --get-regexp ^includeIf\.gitdir:
Build	Checkout Repo for building	2026-07-20T11:33:13.1912970Z [command]/opt/homebrew/bin/git submodule foreach --recursive git config --local --show-origin --name-only --get-regexp remote.origin.url
Build	Checkout Repo for building	2026-07-20T11:33:13.3693230Z [command]/opt/homebrew/bin/git config --local http.https://github.com/.extraheader AUTHORIZATION: basic ***
Build	Checkout Repo for building	2026-07-20T11:33:13.3771130Z ##[endgroup]
Build	Checkout Repo for building	2026-07-20T11:33:13.3797140Z ##[group]Fetching the repository
Build	Checkout Repo for building	2026-07-20T11:33:13.3904730Z [command]/opt/homebrew/bin/git -c protocol.version=2 fetch --no-tags --prune --no-recurse-submodules --depth=1 origin +refs/heads/merge/sync-upstream-dev-20260720*:refs/remotes/origin/merge/sync-upstream-dev-20260720* +refs/tags/merge/sync-upstream-dev-20260720*:refs/tags/merge/sync-upstream-dev-20260720*
Build	Checkout Repo for building	2026-07-20T11:33:14.8339930Z From https://github.com/pov-it/Trio
Build	Checkout Repo for building	2026-07-20T11:33:14.8343010Z  * [new branch]      merge/sync-upstream-dev-20260720 -> origin/merge/sync-upstream-dev-20260720
Build	Checkout Repo for building	2026-07-20T11:33:14.8348010Z ##[endgroup]
Build	Checkout Repo for building	2026-07-20T11:33:14.8350050Z ##[group]Determining the checkout info
Build	Checkout Repo for building	2026-07-20T11:33:14.8361350Z [command]/opt/homebrew/bin/git branch --list --remote origin/merge/sync-upstream-dev-20260720
Build	Checkout Repo for building	2026-07-20T11:33:14.8490490Z   origin/merge/sync-upstream-dev-20260720
Build	Checkout Repo for building	2026-07-20T11:33:14.8501680Z ##[endgroup]
Build	Checkout Repo for building	2026-07-20T11:33:14.8509060Z [command]/opt/homebrew/bin/git sparse-checkout disable
Build	Checkout Repo for building	2026-07-20T11:33:14.8689760Z [command]/opt/homebrew/bin/git config --local --unset-all extensions.worktreeConfig
Build	Checkout Repo for building	2026-07-20T11:33:14.8834790Z ##[group]Checking out the ref
Build	Checkout Repo for building	2026-07-20T11:33:14.8847100Z [command]/opt/homebrew/bin/git checkout --progress --force -B merge/sync-upstream-dev-20260720 refs/remotes/origin/merge/sync-upstream-dev-20260720
Build	Checkout Repo for building	2026-07-20T11:33:15.3727970Z Switched to a new branch 'merge/sync-upstream-dev-20260720'
Build	Checkout Repo for building	2026-07-20T11:33:15.3771870Z branch 'merge/sync-upstream-dev-20260720' set up to track 'origin/merge/sync-upstream-dev-20260720'.
Build	Checkout Repo for building	2026-07-20T11:33:15.3791990Z ##[endgroup]
Build	Checkout Repo for building	2026-07-20T11:33:15.3827990Z ##[group]Setting up auth for fetching submodules
Build	Checkout Repo for building	2026-07-20T11:33:15.3863410Z [command]/opt/homebrew/bin/git config --global http.https://github.com/.extraheader AUTHORIZATION: basic ***
Build	Checkout Repo for building	2026-07-20T11:33:15.3894660Z [command]/opt/homebrew/bin/git config --global --unset-all url.https://github.com/.insteadOf
Build	Checkout Repo for building	2026-07-20T11:33:15.4097840Z [command]/opt/homebrew/bin/git config --global --add url.https://github.com/.insteadOf git@github.com:
Build	Checkout Repo for building	2026-07-20T11:33:15.4522160Z [command]/opt/homebrew/bin/git config --global --add url.https://github.com/.insteadOf org-276942296@github.com:
Build	Checkout Repo for building	2026-07-20T11:33:15.4658720Z ##[endgroup]
Build	Checkout Repo for building	2026-07-20T11:33:15.4660350Z ##[group]Fetching submodules
Build	Checkout Repo for building	2026-07-20T11:33:15.4661630Z [command]/opt/homebrew/bin/git submodule sync --recursive
Build	Checkout Repo for building	2026-07-20T11:33:15.6210220Z [command]/opt/homebrew/bin/git -c protocol.version=2 submodule update --init --force --depth=1 --recursive
Build	Checkout Repo for building	2026-07-20T11:33:15.7429090Z Submodule 'CGMBLEKit' (https://github.com/loopandlearn/CGMBLEKit.git) registered for path 'CGMBLEKit'
Build	Checkout Repo for building	2026-07-20T11:33:15.7441200Z Submodule 'DanaKit' (https://github.com/loopandlearn/DanaKit) registered for path 'DanaKit'
Build	Checkout Repo for building	2026-07-20T11:33:15.7446950Z Submodule 'EversenseKit' (https://github.com/loopandlearn/EversenseKit) registered for path 'EversenseKit'
Build	Checkout Repo for building	2026-07-20T11:33:15.7449130Z Submodule 'G7SensorKit' (https://github.com/loopandlearn/G7SensorKit.git) registered for path 'G7SensorKit'
Build	Checkout Repo for building	2026-07-20T11:33:15.7457670Z Submodule 'LibreTransmitter' (https://github.com/loopandlearn/LibreTransmitter.git) registered for path 'LibreTransmitter'
Build	Checkout Repo for building	2026-07-20T11:33:15.7492470Z Submodule 'LoopKit' (https://github.com/loopandlearn/LoopKit.git) registered for path 'LoopKit'
Build	Checkout Repo for building	2026-07-20T11:33:15.7500410Z Submodule 'MedtrumKit' (https://github.com/loopandlearn/MedtrumKit) registered for path 'MedtrumKit'
Build	Checkout Repo for building	2026-07-20T11:33:15.7501420Z Submodule 'MinimedKit' (https://github.com/loopandlearn/MinimedKit.git) registered for path 'MinimedKit'
Build	Checkout Repo for building	2026-07-20T11:33:15.7502530Z Submodule 'OmnipodKit' (https://github.com/loopandlearn/OmnipodKit) registered for path 'OmnipodKit'
Build	Checkout Repo for building	2026-07-20T11:33:15.7521010Z Submodule 'RileyLinkKit' (https://github.com/loopandlearn/RileyLinkKit) registered for path 'RileyLinkKit'
Build	Checkout Repo for building	2026-07-20T11:33:15.7535440Z Submodule 'TidepoolService' (https://github.com/loopandlearn/TidepoolService.git) registered for path 'TidepoolService'
Build	Checkout Repo for building	2026-07-20T11:33:15.7541420Z Submodule 'dexcom-share-client-swift' (https://github.com/loopandlearn/dexcom-share-client-swift.git) registered for path 'dexcom-share-client-swift'
Build	Checkout Repo for building	2026-07-20T11:33:15.7707710Z Cloning into '/Users/runner/work/Trio/Trio/CGMBLEKit'...
Build	Checkout Repo for building	2026-07-20T11:33:16.8381680Z Cloning into '/Users/runner/work/Trio/Trio/DanaKit'...
Build	Checkout Repo for building	2026-07-20T11:33:17.5246020Z Cloning into '/Users/runner/work/Trio/Trio/EversenseKit'...
Build	Checkout Repo for building	2026-07-20T11:33:18.4135930Z Cloning into '/Users/runner/work/Trio/Trio/G7SensorKit'...
Build	Checkout Repo for building	2026-07-20T11:33:19.1275140Z Cloning into '/Users/runner/work/Trio/Trio/LibreTransmitter'...
Build	Checkout Repo for building	2026-07-20T11:33:19.8550800Z Cloning into '/Users/runner/work/Trio/Trio/LoopKit'...
Build	Checkout Repo for building	2026-07-20T11:33:20.8955180Z Cloning into '/Users/runner/work/Trio/Trio/MedtrumKit'...
Build	Checkout Repo for building	2026-07-20T11:33:21.8790740Z Cloning into '/Users/runner/work/Trio/Trio/MinimedKit'...
Build	Checkout Repo for building	2026-07-20T11:33:22.5201440Z Cloning into '/Users/runner/work/Trio/Trio/OmnipodKit'...
Build	Checkout Repo for building	2026-07-20T11:33:23.2517520Z Cloning into '/Users/runner/work/Trio/Trio/RileyLinkKit'...
Build	Checkout Repo for building	2026-07-20T11:33:24.0894790Z Cloning into '/Users/runner/work/Trio/Trio/TidepoolService'...
Build	Checkout Repo for building	2026-07-20T11:33:24.7148710Z Cloning into '/Users/runner/work/Trio/Trio/dexcom-share-client-swift'...
Build	Checkout Repo for building	2026-07-20T11:33:26.5073670Z From https://github.com/loopandlearn/CGMBLEKit
Build	Checkout Repo for building	2026-07-20T11:33:26.5074490Z  * branch            26ad72115d3b98b05668d57b817b1bf961f8a721 -> FETCH_HEAD
Build	Checkout Repo for building	2026-07-20T11:33:26.5583160Z Submodule path 'CGMBLEKit': checked out '26ad72115d3b98b05668d57b817b1bf961f8a721'
Build	Checkout Repo for building	2026-07-20T11:33:27.8127250Z From https://github.com/loopandlearn/DanaKit
Build	Checkout Repo for building	2026-07-20T11:33:27.8128880Z  * branch            de8ef83124230bb43b3937041538bba1f5e38cec -> FETCH_HEAD
Build	Checkout Repo for building	2026-07-20T11:33:27.8802760Z Submodule path 'DanaKit': checked out 'de8ef83124230bb43b3937041538bba1f5e38cec'
Build	Checkout Repo for building	2026-07-20T11:33:27.9971670Z Submodule path 'EversenseKit': checked out '66979665bc73137b0a70e9b4f6f88f21558fa4c9'
Build	Checkout Repo for building	2026-07-20T11:33:28.1234700Z Submodule path 'G7SensorKit': checked out '0c87905297b70a7f0fa41e87fa0fbe1efff6c29f'
Build	Checkout Repo for building	2026-07-20T11:33:29.2853230Z From https://github.com/loopandlearn/LibreTransmitter
Build	Checkout Repo for building	2026-07-20T11:33:29.2855460Z  * branch            20f6d0e171450b294b202cefa8edaf2c5e4a5150 -> FETCH_HEAD
Build	Checkout Repo for building	2026-07-20T11:33:29.3442620Z Submodule path 'LibreTransmitter': checked out '20f6d0e171450b294b202cefa8edaf2c5e4a5150'
Build	Checkout Repo for building	2026-07-20T11:33:30.5417640Z From https://github.com/loopandlearn/LoopKit
Build	Checkout Repo for building	2026-07-20T11:33:30.5419890Z  * branch            0229bb18d30b095420aae1e8fa04c37794e0a378 -> FETCH_HEAD
Build	Checkout Repo for building	2026-07-20T11:33:30.8483280Z Submodule path 'LoopKit': checked out '0229bb18d30b095420aae1e8fa04c37794e0a378'
Build	Checkout Repo for building	2026-07-20T11:33:30.9457410Z Submodule path 'MedtrumKit': checked out '9914b18c05e9d1064756eaf76a975ea02790e199'
Build	Checkout Repo for building	2026-07-20T11:33:32.1374280Z From https://github.com/loopandlearn/MinimedKit
Build	Checkout Repo for building	2026-07-20T11:33:32.1456040Z  * branch            ba80a8f46aa6582818289e7457574017281351e6 -> FETCH_HEAD
Build	Checkout Repo for building	2026-07-20T11:33:32.2448630Z Submodule path 'MinimedKit': checked out 'ba80a8f46aa6582818289e7457574017281351e6'
Build	Checkout Repo for building	2026-07-20T11:33:33.7200190Z From https://github.com/loopandlearn/OmnipodKit
Build	Checkout Repo for building	2026-07-20T11:33:33.7311700Z  * branch            b5b95562f73e6d3627e3e20ffe31f8d7f6a4639e -> FETCH_HEAD
Build	Checkout Repo for building	2026-07-20T11:33:33.9004900Z Submodule path 'OmnipodKit': checked out 'b5b95562f73e6d3627e3e20ffe31f8d7f6a4639e'
Build	Checkout Repo for building	2026-07-20T11:33:35.5882340Z From https://github.com/loopandlearn/RileyLinkKit
Build	Checkout Repo for building	2026-07-20T11:33:35.5883170Z  * branch            8dad76d15295e13e091be74f6f47dbca5f0eb022 -> FETCH_HEAD
Build	Checkout Repo for building	2026-07-20T11:33:35.7449820Z Submodule path 'RileyLinkKit': checked out '8dad76d15295e13e091be74f6f47dbca5f0eb022'
Build	Checkout Repo for building	2026-07-20T11:33:37.1492980Z From https://github.com/loopandlearn/TidepoolService
Build	Checkout Repo for building	2026-07-20T11:33:37.1494380Z  * branch            5f4927dcac2b17276776b83016896997001b1a67 -> FETCH_HEAD
Build	Checkout Repo for building	2026-07-20T11:33:37.1992840Z Submodule path 'TidepoolService': checked out '5f4927dcac2b17276776b83016896997001b1a67'
Build	Checkout Repo for building	2026-07-20T11:33:38.4220680Z From https://github.com/loopandlearn/dexcom-share-client-swift
Build	Checkout Repo for building	2026-07-20T11:33:38.4224020Z  * branch            875faf232bb3f13d619512f9e8b47a2d5acac433 -> FETCH_HEAD
Build	Checkout Repo for building	2026-07-20T11:33:38.4561090Z Submodule path 'dexcom-share-client-swift': checked out '875faf232bb3f13d619512f9e8b47a2d5acac433'
Build	Checkout Repo for building	2026-07-20T11:33:38.4726960Z [command]/opt/homebrew/bin/git submodule foreach --recursive git config --local gc.auto 0
Build	Checkout Repo for building	2026-07-20T11:33:38.6105460Z Entering 'CGMBLEKit'
Build	Checkout Repo for building	2026-07-20T11:33:38.6388500Z Entering 'DanaKit'
Build	Checkout Repo for building	2026-07-20T11:33:38.6680710Z Entering 'EversenseKit'
Build	Checkout Repo for building	2026-07-20T11:33:38.6937130Z Entering 'G7SensorKit'
Build	Checkout Repo for building	2026-07-20T11:33:38.7177340Z Entering 'LibreTransmitter'
Build	Checkout Repo for building	2026-07-20T11:33:38.7380560Z Entering 'LoopKit'
Build	Checkout Repo for building	2026-07-20T11:33:38.7757530Z Entering 'MedtrumKit'
Build	Checkout Repo for building	2026-07-20T11:33:38.8009010Z Entering 'MinimedKit'
Build	Checkout Repo for building	2026-07-20T11:33:38.8227310Z Entering 'OmnipodKit'
Build	Checkout Repo for building	2026-07-20T11:33:38.8465900Z Entering 'RileyLinkKit'
Build	Checkout Repo for building	2026-07-20T11:33:38.8685500Z Entering 'TidepoolService'
Build	Checkout Repo for building	2026-07-20T11:33:38.9038720Z Entering 'dexcom-share-client-swift'
Build	Checkout Repo for building	2026-07-20T11:33:38.9294500Z ##[endgroup]
Build	Checkout Repo for building	2026-07-20T11:33:38.9295100Z ##[group]Persisting credentials for submodules
Build	Checkout Repo for building	2026-07-20T11:33:38.9305600Z [command]/opt/homebrew/bin/git submodule foreach --recursive sh -c "git config --local --name-only --get-regexp 'url\.https\:\/\/github\.com\/\.insteadOf' && git config --local --unset-all 'url.https://github.com/.insteadOf' || :"
Build	Checkout Repo for building	2026-07-20T11:33:39.0713290Z Entering 'CGMBLEKit'
Build	Checkout Repo for building	2026-07-20T11:33:39.1215930Z Entering 'DanaKit'
Build	Checkout Repo for building	2026-07-20T11:33:39.1721080Z Entering 'EversenseKit'
Build	Checkout Repo for building	2026-07-20T11:33:39.2201780Z Entering 'G7SensorKit'
Build	Checkout Repo for building	2026-07-20T11:33:39.2614710Z Entering 'LibreTransmitter'
Build	Checkout Repo for building	2026-07-20T11:33:39.3017070Z Entering 'LoopKit'
Build	Checkout Repo for building	2026-07-20T11:33:39.3421100Z Entering 'MedtrumKit'
Build	Checkout Repo for building	2026-07-20T11:33:39.3824220Z Entering 'MinimedKit'
Build	Checkout Repo for building	2026-07-20T11:33:39.4432540Z Entering 'OmnipodKit'
Build	Checkout Repo for building	2026-07-20T11:33:39.5041240Z Entering 'RileyLinkKit'
Build	Checkout Repo for building	2026-07-20T11:33:39.5655280Z Entering 'TidepoolService'
Build	Checkout Repo for building	2026-07-20T11:33:39.6160040Z Entering 'dexcom-share-client-swift'
Build	Checkout Repo for building	2026-07-20T11:33:39.6844040Z [command]/opt/homebrew/bin/git submodule foreach --recursive sh -c "git config --local 'http.https://github.com/.extraheader' 'AUTHORIZATION: basic ***' && git config --local --show-origin --name-only --get-regexp remote.origin.url"
Build	Checkout Repo for building	2026-07-20T11:33:39.8540070Z Entering 'CGMBLEKit'
Build	Checkout Repo for building	2026-07-20T11:33:39.8901660Z file:/Users/runner/work/Trio/Trio/.git/modules/CGMBLEKit/config	remote.origin.url
Build	Checkout Repo for building	2026-07-20T11:33:39.9039450Z Entering 'DanaKit'
Build	Checkout Repo for building	2026-07-20T11:33:39.9384240Z file:/Users/runner/work/Trio/Trio/.git/modules/DanaKit/config	remote.origin.url
Build	Checkout Repo for building	2026-07-20T11:33:39.9445760Z Entering 'EversenseKit'
Build	Checkout Repo for building	2026-07-20T11:33:39.9745400Z file:/Users/runner/work/Trio/Trio/.git/modules/EversenseKit/config	remote.origin.url
Build	Checkout Repo for building	2026-07-20T11:33:39.9852100Z Entering 'G7SensorKit'
Build	Checkout Repo for building	2026-07-20T11:33:40.0121750Z file:/Users/runner/work/Trio/Trio/.git/modules/G7SensorKit/config	remote.origin.url
Build	Checkout Repo for building	2026-07-20T11:33:40.0192690Z Entering 'LibreTransmitter'
Build	Checkout Repo for building	2026-07-20T11:33:40.0447950Z file:/Users/runner/work/Trio/Trio/.git/modules/LibreTransmitter/config	remote.origin.url
Build	Checkout Repo for building	2026-07-20T11:33:40.0522670Z Entering 'LoopKit'
Build	Checkout Repo for building	2026-07-20T11:33:40.0769290Z file:/Users/runner/work/Trio/Trio/.git/modules/LoopKit/config	remote.origin.url
Build	Checkout Repo for building	2026-07-20T11:33:40.0846170Z Entering 'MedtrumKit'
Build	Checkout Repo for building	2026-07-20T11:33:40.1076560Z file:/Users/runner/work/Trio/Trio/.git/modules/MedtrumKit/config	remote.origin.url
Build	Checkout Repo for building	2026-07-20T11:33:40.1153640Z Entering 'MinimedKit'
Build	Checkout Repo for building	2026-07-20T11:33:40.1361760Z file:/Users/runner/work/Trio/Trio/.git/modules/MinimedKit/config	remote.origin.url
Build	Checkout Repo for building	2026-07-20T11:33:40.1436740Z Entering 'OmnipodKit'
Build	Checkout Repo for building	2026-07-20T11:33:40.1661060Z file:/Users/runner/work/Trio/Trio/.git/modules/OmnipodKit/config	remote.origin.url
Build	Checkout Repo for building	2026-07-20T11:33:40.1755510Z Entering 'RileyLinkKit'
Build	Checkout Repo for building	2026-07-20T11:33:40.2000190Z file:/Users/runner/work/Trio/Trio/.git/modules/RileyLinkKit/config	remote.origin.url
Build	Checkout Repo for building	2026-07-20T11:33:40.2075800Z Entering 'TidepoolService'
Build	Checkout Repo for building	2026-07-20T11:33:40.2284120Z file:/Users/runner/work/Trio/Trio/.git/modules/TidepoolService/config	remote.origin.url
Build	Checkout Repo for building	2026-07-20T11:33:40.2355680Z Entering 'dexcom-share-client-swift'
Build	Checkout Repo for building	2026-07-20T11:33:40.2575280Z file:/Users/runner/work/Trio/Trio/.git/modules/dexcom-share-client-swift/config	remote.origin.url
Build	Checkout Repo for building	2026-07-20T11:33:40.2728840Z [command]/opt/homebrew/bin/git submodule foreach --recursive git config --local --add 'url.https://github.com/.insteadOf' 'git@github.com:'
Build	Checkout Repo for building	2026-07-20T11:33:40.3672190Z Entering 'CGMBLEKit'
Build	Checkout Repo for building	2026-07-20T11:33:40.3845750Z Entering 'DanaKit'
Build	Checkout Repo for building	2026-07-20T11:33:40.4004450Z Entering 'EversenseKit'
Build	Checkout Repo for building	2026-07-20T11:33:40.4157890Z Entering 'G7SensorKit'
Build	Checkout Repo for building	2026-07-20T11:33:40.4316840Z Entering 'LibreTransmitter'
Build	Checkout Repo for building	2026-07-20T11:33:40.4518170Z Entering 'LoopKit'
Build	Checkout Repo for building	2026-07-20T11:33:40.4847450Z Entering 'MedtrumKit'
Build	Checkout Repo for building	2026-07-20T11:33:40.5161130Z Entering 'MinimedKit'
Build	Checkout Repo for building	2026-07-20T11:33:40.5446020Z Entering 'OmnipodKit'
Build	Checkout Repo for building	2026-07-20T11:33:40.5665110Z Entering 'RileyLinkKit'
Build	Checkout Repo for building	2026-07-20T11:33:40.5906490Z Entering 'TidepoolService'
Build	Checkout Repo for building	2026-07-20T11:33:40.6080800Z Entering 'dexcom-share-client-swift'
Build	Checkout Repo for building	2026-07-20T11:33:40.6267160Z [command]/opt/homebrew/bin/git submodule foreach --recursive git config --local --add 'url.https://github.com/.insteadOf' 'org-276942296@github.com:'
Build	Checkout Repo for building	2026-07-20T11:33:40.7090070Z Entering 'CGMBLEKit'
Build	Checkout Repo for building	2026-07-20T11:33:40.7364690Z Entering 'DanaKit'
Build	Checkout Repo for building	2026-07-20T11:33:40.7652110Z Entering 'EversenseKit'
Build	Checkout Repo for building	2026-07-20T11:33:40.7886910Z Entering 'G7SensorKit'
Build	Checkout Repo for building	2026-07-20T11:33:40.8139040Z Entering 'LibreTransmitter'
Build	Checkout Repo for building	2026-07-20T11:33:40.8498920Z Entering 'LoopKit'
Build	Checkout Repo for building	2026-07-20T11:33:40.8747810Z Entering 'MedtrumKit'
Build	Checkout Repo for building	2026-07-20T11:33:40.8945170Z Entering 'MinimedKit'
Build	Checkout Repo for building	2026-07-20T11:33:40.9177960Z Entering 'OmnipodKit'
Build	Checkout Repo for building	2026-07-20T11:33:40.9380220Z Entering 'RileyLinkKit'
Build	Checkout Repo for building	2026-07-20T11:33:40.9565740Z Entering 'TidepoolService'
Build	Checkout Repo for building	2026-07-20T11:33:40.9742060Z Entering 'dexcom-share-client-swift'
Build	Checkout Repo for building	2026-07-20T11:33:41.0096550Z ##[endgroup]
Build	Checkout Repo for building	2026-07-20T11:33:41.0304050Z [command]/opt/homebrew/bin/git log -1 --format=%H
Build	Checkout Repo for building	2026-07-20T11:33:41.0404790Z 72181272cf387d97ab337f1bd473218426a99d34
Build	Customize Trio	﻿2026-07-20T11:33:41.0832860Z ##[group]Run # Trio workspace patches
Build	Customize Trio	2026-07-20T11:33:41.0833310Z [36;1m[0m
Build	Customize Trio	2026-07-20T11:33:41.0833550Z [36;1m# Trio workspace patches[0m
Build	Customize Trio	2026-07-20T11:33:41.0834020Z [36;1m# -applies any patches located in the Trio/patches/ directory[0m
Build	Customize Trio	2026-07-20T11:33:41.0834450Z [36;1mif $(ls ./patches/* &> /dev/null); then[0m
Build	Customize Trio	2026-07-20T11:33:41.0834890Z [36;1mgit apply ./patches/* --allow-empty -v --whitespace=fix[0m
Build	Customize Trio	2026-07-20T11:33:41.0835290Z [36;1mfi[0m
Build	Customize Trio	2026-07-20T11:33:41.0835550Z [36;1m[0m
Build	Customize Trio	2026-07-20T11:33:41.0836040Z [36;1m# Download and apply Trio patches from GitHub:[0m
Build	Customize Trio	2026-07-20T11:33:41.0836530Z [36;1m# Template for customizing Trio code (as opposed to submodule code)[0m
Build	Customize Trio	2026-07-20T11:33:41.0837070Z [36;1m# Remove the "#" sign from the beginning of the line below to activate[0m
Build	Customize Trio	2026-07-20T11:33:41.0839460Z [36;1m#   and then replace the alphanumeric string with your SHA, this SHA is NOT valid[0m
Build	Customize Trio	2026-07-20T11:33:41.0840260Z [36;1m#curl https://github.com/nightscout/Trio/commit/d206432b024279ef710df462b20bd464cd9682d4.patch | git apply -v --whitespace=fix[0m
Build	Customize Trio	2026-07-20T11:33:41.0840960Z [36;1m[0m
Build	Customize Trio	2026-07-20T11:33:41.0841260Z [36;1m# Download and apply Submodule patches from GitHub:[0m
Build	Customize Trio	2026-07-20T11:33:41.0841790Z [36;1m# Template for customizing submodules (you must edit the submodule name)[0m
Build	Customize Trio	2026-07-20T11:33:41.0842410Z [36;1m# This example is for G7SensorKit showing you can apply multiple commits, in the proper order[0m
Build	Customize Trio	2026-07-20T11:33:41.0843010Z [36;1m# Remove the "#" sign from the beginning of the lines below to activate[0m
Build	Customize Trio	2026-07-20T11:33:41.0843630Z [36;1m# This example applies 3 commits from the scan-fix folder; valid only when these are not already in Trio[0m
Build	Customize Trio	2026-07-20T11:33:41.0846040Z [36;1m#curl https://github.com/loopandlearn/G7SensorKit/commit/ba44beb3d1491c453f4f438443c3f8ba29146ab3.patch | git apply --directory=G7SensorKit -v --whitespace=fix[0m
Build	Customize Trio	2026-07-20T11:33:41.0848960Z [36;1m#curl https://github.com/loopandlearn/G7SensorKit/commit/d86ac8e9cd523d1267587dd70c96597125eef7ab.patch | git apply --directory=G7SensorKit -v --whitespace=fix[0m
Build	Customize Trio	2026-07-20T11:33:41.0851930Z [36;1m#curl https://github.com/loopandlearn/G7SensorKit/commit/205054e7537723c2aec58d807634b4853f687244.patch | git apply --directory=G7SensorKit -v --whitespace=fix[0m
Build	Customize Trio	2026-07-20T11:33:41.0853710Z [36;1m[0m
Build	Customize Trio	2026-07-20T11:33:41.0854640Z [36;1m# Add patches for additional customization by following the templates above,[0m
Build	Customize Trio	2026-07-20T11:33:41.0856090Z [36;1m# and make sure to specify the submodule by setting "--directory=(submodule_name)".[0m
Build	Customize Trio	2026-07-20T11:33:41.0857440Z [36;1m# Several patches may be added per submodule.[0m
Build	Customize Trio	2026-07-20T11:33:41.0858690Z [36;1m# Adding comments (#) is strongly recommended to easily tell the individual patches apart.[0m
Build	Customize Trio	2026-07-20T11:33:41.0935530Z shell: /bin/bash -e {0}
Build	Customize Trio	2026-07-20T11:33:41.0935890Z env:
Build	Customize Trio	2026-07-20T11:33:41.0936980Z   GH_PAT: ***
Build	Customize Trio	2026-07-20T11:33:41.0937290Z   UPSTREAM_REPO: nightscout/Trio
Build	Customize Trio	2026-07-20T11:33:41.0937700Z   UPSTREAM_BRANCH: merge/sync-upstream-dev-20260720
Build	Customize Trio	2026-07-20T11:33:41.0938120Z   TARGET_BRANCH: merge/sync-upstream-dev-20260720
Build	Customize Trio	2026-07-20T11:33:41.0938480Z ##[endgroup]
Build	Customize Trio	2026-07-20T11:33:41.2199120Z ./patches/LibreTransmitter_localization.patch:15: trailing whitespace.
Build	Customize Trio	2026-07-20T11:33:41.2200140Z                 
Build	Customize Trio	2026-07-20T11:33:41.2200490Z ./patches/LibreTransmitter_localization.patch:20: trailing whitespace.
Build	Customize Trio	2026-07-20T11:33:41.2200920Z                 
Build	Customize Trio	2026-07-20T11:33:41.2201240Z ./patches/LibreTransmitter_localization.patch:47: trailing whitespace.
Build	Customize Trio	2026-07-20T11:33:41.2201600Z                 
Build	Customize Trio	2026-07-20T11:33:41.2201910Z ./patches/LibreTransmitter_localization.patch:60: trailing whitespace.
Build	Customize Trio	2026-07-20T11:33:41.2202660Z                 
Build	Customize Trio	2026-07-20T11:33:41.2203030Z ./patches/LibreTransmitter_localization.patch:65: trailing whitespace.
Build	Customize Trio	2026-07-20T11:33:41.2203490Z                 
Build	Customize Trio	2026-07-20T11:33:41.2203890Z Checking patch LibreTransmitter/LibreTransmitterUI/Views/Settings/SettingsView.swift...
Build	Customize Trio	2026-07-20T11:33:41.2210180Z Applied patch LibreTransmitter/LibreTransmitterUI/Views/Settings/SettingsView.swift cleanly.
Build	Customize Trio	2026-07-20T11:33:41.2218220Z Checking patch TidepoolService/TidepoolServiceKit/TidepoolService.swift...
Build	Customize Trio	2026-07-20T11:33:41.2223120Z Applied patch TidepoolService/TidepoolServiceKit/TidepoolService.swift cleanly.
Build	Customize Trio	2026-07-20T11:33:41.2224620Z warning: squelched 5 whitespace errors
Build	Customize Trio	2026-07-20T11:33:41.2226030Z warning: 10 lines add whitespace errors.
Build	Patch Match Tables	﻿2026-07-20T11:33:41.2279970Z ##[group]Run TABLE_PRINTER_PATH=$(ruby -e 'puts Gem::Specification.find_by_name("fastlane").gem_dir')/match/lib/match/table_printer.rb
Build	Patch Match Tables	2026-07-20T11:33:41.2280870Z [36;1mTABLE_PRINTER_PATH=$(ruby -e 'puts Gem::Specification.find_by_name("fastlane").gem_dir')/match/lib/match/table_printer.rb[0m
Build	Patch Match Tables	2026-07-20T11:33:41.2281430Z [36;1mif [ -f "$TABLE_PRINTER_PATH" ]; then[0m
Build	Patch Match Tables	2026-07-20T11:33:41.2281840Z [36;1m  sed -i "" "/puts(Terminal::Table.new(params))/d" "$TABLE_PRINTER_PATH"[0m
Build	Patch Match Tables	2026-07-20T11:33:41.2282200Z [36;1melse[0m
Build	Patch Match Tables	2026-07-20T11:33:41.2282450Z [36;1m  echo "table_printer.rb not found"[0m
Build	Patch Match Tables	2026-07-20T11:33:41.2282720Z [36;1m  exit 1[0m
Build	Patch Match Tables	2026-07-20T11:33:41.2282910Z [36;1mfi[0m
Build	Patch Match Tables	2026-07-20T11:33:41.2322460Z shell: /bin/bash -e {0}
Build	Patch Match Tables	2026-07-20T11:33:41.2322760Z env:
Build	Patch Match Tables	2026-07-20T11:33:41.2323300Z   GH_PAT: ***
Build	Patch Match Tables	2026-07-20T11:33:41.2323510Z   UPSTREAM_REPO: nightscout/Trio
Build	Patch Match Tables	2026-07-20T11:33:41.2324210Z   UPSTREAM_BRANCH: merge/sync-upstream-dev-20260720
Build	Patch Match Tables	2026-07-20T11:33:41.2324580Z   TARGET_BRANCH: merge/sync-upstream-dev-20260720
Build	Patch Match Tables	2026-07-20T11:33:41.2324960Z ##[endgroup]
Build	Install Project Dependencies	﻿2026-07-20T11:33:41.4948020Z ##[group]Run bundle install
Build	Install Project Dependencies	2026-07-20T11:33:41.4948360Z [36;1mbundle install[0m
Build	Install Project Dependencies	2026-07-20T11:33:41.5014590Z shell: /bin/bash -e {0}
Build	Install Project Dependencies	2026-07-20T11:33:41.5014900Z env:
Build	Install Project Dependencies	2026-07-20T11:33:41.5015550Z   GH_PAT: ***
Build	Install Project Dependencies	2026-07-20T11:33:41.5015850Z   UPSTREAM_REPO: nightscout/Trio
Build	Install Project Dependencies	2026-07-20T11:33:41.5016200Z   UPSTREAM_BRANCH: merge/sync-upstream-dev-20260720
Build	Install Project Dependencies	2026-07-20T11:33:41.5016560Z   TARGET_BRANCH: merge/sync-upstream-dev-20260720
Build	Install Project Dependencies	2026-07-20T11:33:41.5016860Z ##[endgroup]
Build	Install Project Dependencies	2026-07-20T11:33:41.8035440Z Bundler 4.0.16 is running, but your lockfile was generated with 4.0.4. Installing Bundler 4.0.4 and restarting using that version.
Build	Install Project Dependencies	2026-07-20T11:33:42.9271780Z Fetching gem metadata from https://rubygems.org/.
Build	Install Project Dependencies	2026-07-20T11:33:42.9373820Z Fetching bundler 4.0.4
Build	Install Project Dependencies	2026-07-20T11:33:43.0953350Z Installing bundler 4.0.4
Build	Install Project Dependencies	2026-07-20T11:33:49.9550660Z Fetching gem metadata from https://rubygems.org/........
Build	Install Project Dependencies	2026-07-20T11:33:50.0149280Z Fetching rake 13.4.2
Build	Install Project Dependencies	2026-07-20T11:33:50.1111800Z Installing rake 13.4.2
Build	Install Project Dependencies	2026-07-20T11:33:50.2548680Z Fetching public_suffix 7.0.5
Build	Install Project Dependencies	2026-07-20T11:33:50.2978950Z Fetching aws-partitions 1.1254.0
Build	Install Project Dependencies	2026-07-20T11:33:50.3019220Z Fetching base64 0.3.0
Build	Install Project Dependencies	2026-07-20T11:33:50.3716560Z Installing base64 0.3.0
Build	Install Project Dependencies	2026-07-20T11:33:50.3908530Z Installing public_suffix 7.0.5
Build	Install Project Dependencies	2026-07-20T11:33:50.3948270Z Installing aws-partitions 1.1254.0
Build	Install Project Dependencies	2026-07-20T11:33:50.4220280Z Fetching bigdecimal 4.1.2
Build	Install Project Dependencies	2026-07-20T11:33:50.4909480Z Fetching logger 1.7.0
Build	Install Project Dependencies	2026-07-20T11:33:50.5008820Z Fetching benchmark 0.5.0
Build	Install Project Dependencies	2026-07-20T11:33:50.5014820Z Installing bigdecimal 4.1.2 with native extensions
Build	Install Project Dependencies	2026-07-20T11:33:50.5165180Z Installing logger 1.7.0
Build	Install Project Dependencies	2026-07-20T11:33:50.5257190Z Installing benchmark 0.5.0
Build	Install Project Dependencies	2026-07-20T11:33:50.5603660Z Fetching csv 3.3.5
Build	Install Project Dependencies	2026-07-20T11:33:50.5763490Z Fetching excon 0.112.0
Build	Install Project Dependencies	2026-07-20T11:33:50.6117720Z Installing csv 3.3.5
Build	Install Project Dependencies	2026-07-20T11:33:50.6780370Z Installing excon 0.112.0
Build	Install Project Dependencies	2026-07-20T11:33:50.7318800Z Fetching ruby2_keywords 0.0.5
Build	Install Project Dependencies	2026-07-20T11:33:50.9896110Z Installing ruby2_keywords 0.0.5
Build	Install Project Dependencies	2026-07-20T11:33:51.0021590Z Fetching google-cloud-errors 1.6.0
Build	Install Project Dependencies	2026-07-20T11:33:51.0056300Z Fetching json 2.19.7
Build	Install Project Dependencies	2026-07-20T11:33:51.0192330Z Installing google-cloud-errors 1.6.0
Build	Install Project Dependencies	2026-07-20T11:33:51.0263170Z Installing json 2.19.7 with native extensions
Build	Install Project Dependencies	2026-07-20T11:33:51.0367660Z Fetching optparse 0.8.1
Build	Install Project Dependencies	2026-07-20T11:33:51.0505280Z Installing optparse 0.8.1
Build	Install Project Dependencies	2026-07-20T11:33:51.1347760Z Fetching ostruct 0.6.3
Build	Install Project Dependencies	2026-07-20T11:33:51.1484760Z Installing ostruct 0.6.3
Build	Install Project Dependencies	2026-07-20T11:33:51.1950070Z Fetching xcodeproj 1.27.0
Build	Install Project Dependencies	2026-07-20T11:33:51.2172910Z Installing xcodeproj 1.27.0
Build	Install Project Dependencies	2026-07-20T11:33:51.2622640Z Fetching faraday 1.10.5
Build	Install Project Dependencies	2026-07-20T11:33:51.2725560Z Installing faraday 1.10.5
Build	Install Project Dependencies	2026-07-20T11:33:51.3423400Z Fetching signet 0.21.0
Build	Install Project Dependencies	2026-07-20T11:33:51.3493940Z Installing signet 0.21.0
Build	Install Project Dependencies	2026-07-20T11:33:51.3595060Z Fetching google-cloud-core 1.8.0
Build	Install Project Dependencies	2026-07-20T11:33:51.3657990Z Installing google-cloud-core 1.8.0
Build	Install Project Dependencies	2026-07-20T11:33:51.3765040Z Fetching googleauth 1.16.2
Build	Install Project Dependencies	2026-07-20T11:33:51.4062810Z Installing googleauth 1.16.2
Build	Install Project Dependencies	2026-07-20T11:33:51.4155850Z Fetching google-apis-androidpublisher_v3 0.101.0
Build	Install Project Dependencies	2026-07-20T11:33:51.4298550Z Installing google-apis-androidpublisher_v3 0.101.0
Build	Install Project Dependencies	2026-07-20T11:33:51.4516630Z Fetching google-apis-playcustomapp_v1 0.17.0
Build	Install Project Dependencies	2026-07-20T11:33:51.4588080Z Installing google-apis-playcustomapp_v1 0.17.0
Build	Install Project Dependencies	2026-07-20T11:33:51.4730400Z Fetching google-apis-iamcredentials_v1 0.27.0
Build	Install Project Dependencies	2026-07-20T11:33:51.4840820Z Installing google-apis-iamcredentials_v1 0.27.0
Build	Install Project Dependencies	2026-07-20T11:33:51.4944040Z Fetching google-apis-storage_v1 0.62.0
Build	Install Project Dependencies	2026-07-20T11:33:51.4991250Z Installing google-apis-storage_v1 0.62.0
Build	Install Project Dependencies	2026-07-20T11:33:51.5106140Z Fetching google-cloud-storage 1.60.0
Build	Install Project Dependencies	2026-07-20T11:33:51.5471190Z Installing google-cloud-storage 1.60.0
Build	Install Project Dependencies	2026-07-20T11:34:02.4625310Z Fetching aws-sdk-core 3.250.0
Build	Install Project Dependencies	2026-07-20T11:34:02.5258000Z Installing aws-sdk-core 3.250.0
Build	Install Project Dependencies	2026-07-20T11:34:02.6309060Z Fetching aws-sdk-kms 1.128.0
Build	Install Project Dependencies	2026-07-20T11:34:02.9856350Z Installing aws-sdk-kms 1.128.0
Build	Install Project Dependencies	2026-07-20T11:34:03.0049470Z Fetching aws-sdk-s3 1.224.0
Build	Install Project Dependencies	2026-07-20T11:34:03.0401950Z Installing aws-sdk-s3 1.224.0
Build	Install Project Dependencies	2026-07-20T11:34:04.1517950Z Fetching fastlane 2.235.0
Build	Install Project Dependencies	2026-07-20T11:34:04.2102480Z Installing fastlane 2.235.0
Build	Install Project Dependencies	2026-07-20T11:34:04.4820350Z Bundle complete! 3 Gemfile dependencies, 96 gems now installed.
Build	Install Project Dependencies	2026-07-20T11:34:04.4822160Z Use `bundle info [gemname]` to see where a bundled gem is installed.
Build	Sync clock	﻿2026-07-20T11:34:04.6556340Z ##[group]Run sudo sntp -sS time.windows.com
Build	Sync clock	2026-07-20T11:34:04.6557710Z [36;1msudo sntp -sS time.windows.com[0m
Build	Sync clock	2026-07-20T11:34:04.6651290Z shell: /bin/bash -e {0}
Build	Sync clock	2026-07-20T11:34:04.6652280Z env:
Build	Sync clock	2026-07-20T11:34:04.6654800Z   GH_PAT: ***
Build	Sync clock	2026-07-20T11:34:04.6655830Z   UPSTREAM_REPO: nightscout/Trio
Build	Sync clock	2026-07-20T11:34:04.6656970Z   UPSTREAM_BRANCH: merge/sync-upstream-dev-20260720
Build	Sync clock	2026-07-20T11:34:04.6658770Z   TARGET_BRANCH: merge/sync-upstream-dev-20260720
Build	Sync clock	2026-07-20T11:34:04.6659590Z ##[endgroup]
Build	Sync clock	2026-07-20T11:34:05.9092550Z +0.880179 +/- 0.042720 time.windows.com 40.119.6.228
Build	Fastlane Build & Archive	﻿2026-07-20T11:34:05.9459130Z ##[group]Run bundle exec fastlane build_trio
Build	Fastlane Build & Archive	2026-07-20T11:34:05.9459730Z [36;1mbundle exec fastlane build_trio[0m
Build	Fastlane Build & Archive	2026-07-20T11:34:05.9514300Z shell: /bin/bash -e {0}
Build	Fastlane Build & Archive	2026-07-20T11:34:05.9514710Z env:
Build	Fastlane Build & Archive	2026-07-20T11:34:05.9528060Z   GH_PAT: ***
Build	Fastlane Build & Archive	2026-07-20T11:34:05.9528420Z   UPSTREAM_REPO: nightscout/Trio
Build	Fastlane Build & Archive	2026-07-20T11:34:05.9528850Z   UPSTREAM_BRANCH: merge/sync-upstream-dev-20260720
Build	Fastlane Build & Archive	2026-07-20T11:34:05.9529320Z   TARGET_BRANCH: merge/sync-upstream-dev-20260720
Build	Fastlane Build & Archive	2026-07-20T11:34:05.9529730Z   TEAMID: ***
Build	Fastlane Build & Archive	2026-07-20T11:34:05.9530060Z   FASTLANE_KEY_ID: ***
Build	Fastlane Build & Archive	2026-07-20T11:34:05.9530440Z   FASTLANE_ISSUER_ID: ***
Build	Fastlane Build & Archive	2026-07-20T11:34:05.9531680Z   FASTLANE_KEY: ***
Build	Fastlane Build & Archive	2026-07-20T11:34:05.9532130Z   MATCH_PASSWORD: ***
Build	Fastlane Build & Archive	2026-07-20T11:34:05.9532530Z ##[endgroup]
Build	Fastlane Build & Archive	2026-07-20T11:34:08.4748260Z [11:34:08]: Sending anonymous analytics information
Build	Fastlane Build & Archive	2026-07-20T11:34:08.4863310Z [11:34:08]: Learn more at https://docs.fastlane.tools/#metrics
Build	Fastlane Build & Archive	2026-07-20T11:34:08.4966070Z [11:34:08]: No personal or sensitive data is sent.
Build	Fastlane Build & Archive	2026-07-20T11:34:08.5082770Z [11:34:08]: You can disable this by adding `opt_out_usage` at the top of your Fastfile
Build	Fastlane Build & Archive	2026-07-20T11:34:08.5198110Z [11:34:08]: [32m------------------------------[0m
Build	Fastlane Build & Archive	2026-07-20T11:34:08.5303350Z [11:34:08]: [32m--- Step: default_platform ---[0m
Build	Fastlane Build & Archive	2026-07-20T11:34:08.5407540Z [11:34:08]: [32m------------------------------[0m
Build	Fastlane Build & Archive	2026-07-20T11:34:08.5509410Z [11:34:08]: [32mDriving the lane 'ios build_trio' 🚀[0m
Build	Fastlane Build & Archive	2026-07-20T11:34:08.5532010Z [11:34:08]: [32m----------------------[0m
Build	Fastlane Build & Archive	2026-07-20T11:34:08.5555200Z [11:34:08]: [32m--- Step: setup_ci ---[0m
Build	Fastlane Build & Archive	2026-07-20T11:34:08.5555870Z [11:34:08]: [32m----------------------[0m
Build	Fastlane Build & Archive	2026-07-20T11:34:08.5556420Z [11:34:08]: Creating temporary keychain: "fastlane_tmp_keychain".
Build	Fastlane Build & Archive	2026-07-20T11:34:08.7545450Z [11:34:08]: [36m$ security list-keychains -d user[0m
Build	Fastlane Build & Archive	2026-07-20T11:34:08.7734910Z [11:34:08]: ▸ [35m"/Users/runner/Library/Keychains/fastlane_tmp_keychain-db"[0m
Build	Fastlane Build & Archive	2026-07-20T11:34:08.7738850Z [11:34:08]: [33mFound keychain '/Users/runner/Library/Keychains/fastlane_tmp_keychain-db' in list-keychains, adding to search list skipped[0m
Build	Fastlane Build & Archive	2026-07-20T11:34:08.7741160Z [11:34:08]: Enabling match readonly mode.
Build	Fastlane Build & Archive	2026-07-20T11:34:08.7757330Z [11:34:08]: [32m---------------------------------[0m
Build	Fastlane Build & Archive	2026-07-20T11:34:08.7758710Z [11:34:08]: [32m--- Step: update_project_team ---[0m
Build	Fastlane Build & Archive	2026-07-20T11:34:08.7759840Z [11:34:08]: [32m---------------------------------[0m
Build	Fastlane Build & Archive	2026-07-20T11:34:09.0809520Z [11:34:09]: Updating development team (***) for target `Trio` in the project '/Users/runner/work/Trio/Trio/Trio.xcodeproj'
Build	Fastlane Build & Archive	2026-07-20T11:34:09.2518360Z [11:34:09]: [32mSuccessfully updated project settings to use Developer Team ID '***' for target `Trio`[0m
Build	Fastlane Build & Archive	2026-07-20T11:34:09.2623930Z [11:34:09]: Updating development team (***) for target `TrioTests` in the project '/Users/runner/work/Trio/Trio/Trio.xcodeproj'
Build	Fastlane Build & Archive	2026-07-20T11:34:09.3638990Z [11:34:09]: [32mSuccessfully updated project settings to use Developer Team ID '***' for target `TrioTests`[0m
Build	Fastlane Build & Archive	2026-07-20T11:34:09.3742950Z [11:34:09]: Updating development team (***) for target `LiveActivityExtension` in the project '/Users/runner/work/Trio/Trio/Trio.xcodeproj'
Build	Fastlane Build & Archive	2026-07-20T11:34:09.5136450Z [11:34:09]: [32mSuccessfully updated project settings to use Developer Team ID '***' for target `LiveActivityExtension`[0m
Build	Fastlane Build & Archive	2026-07-20T11:34:09.5171500Z [11:34:09]: Updating development team (***) for target `Trio Watch App` in the project '/Users/runner/work/Trio/Trio/Trio.xcodeproj'
Build	Fastlane Build & Archive	2026-07-20T11:34:09.6426280Z [11:34:09]: [32mSuccessfully updated project settings to use Developer Team ID '***' for target `Trio Watch App`[0m
Build	Fastlane Build & Archive	2026-07-20T11:34:09.6527790Z [11:34:09]: Updating development team (***) for target `Trio Watch AppTests` in the project '/Users/runner/work/Trio/Trio/Trio.xcodeproj'
Build	Fastlane Build & Archive	2026-07-20T11:34:09.7829730Z [11:34:09]: [32mSuccessfully updated project settings to use Developer Team ID '***' for target `Trio Watch AppTests`[0m
Build	Fastlane Build & Archive	2026-07-20T11:34:09.7931930Z [11:34:09]: Updating development team (***) for target `Trio Watch Complication Extension` in the project '/Users/runner/work/Trio/Trio/Trio.xcodeproj'
Build	Fastlane Build & Archive	2026-07-20T11:34:09.8865860Z [11:34:09]: [32mSuccessfully updated project settings to use Developer Team ID '***' for target `Trio Watch Complication Extension`[0m
Build	Fastlane Build & Archive	2026-07-20T11:34:09.8868230Z [11:34:09]: [32m---------------------------------------[0m
Build	Fastlane Build & Archive	2026-07-20T11:34:09.8869010Z [11:34:09]: [32m--- Step: app_store_connect_api_key ---[0m
Build	Fastlane Build & Archive	2026-07-20T11:34:09.8869590Z [11:34:09]: [32m---------------------------------------[0m
Build	Fastlane Build & Archive	2026-07-20T11:34:09.8895240Z [11:34:09]: [32m--------------------------------------------[0m
Build	Fastlane Build & Archive	2026-07-20T11:34:09.8895840Z [11:34:09]: [32m--- Step: latest_testflight_build_number ---[0m
Build	Fastlane Build & Archive	2026-07-20T11:34:09.8896350Z [11:34:09]: [32m--------------------------------------------[0m
Build	Fastlane Build & Archive	2026-07-20T11:34:09.8900180Z [11:34:09]: Creating authorization token for App Store Connect API
Build	Fastlane Build & Archive	2026-07-20T11:34:10.3035200Z [11:34:10]: Fetching the latest build number for any version
Build	Fastlane Build & Archive	2026-07-20T11:34:10.4348950Z [11:34:10]: Latest upload for version 0.8.3 on ios platform is build: 59
Build	Fastlane Build & Archive	2026-07-20T11:34:10.4452070Z [11:34:10]: [32m------------------------------------[0m
Build	Fastlane Build & Archive	2026-07-20T11:34:10.4472170Z [11:34:10]: [32m--- Step: increment_build_number ---[0m
Build	Fastlane Build & Archive	2026-07-20T11:34:10.4472970Z [11:34:10]: [32m------------------------------------[0m
Build	Fastlane Build & Archive	2026-07-20T11:34:11.7064140Z Current version of project Trio is: 
Build	Fastlane Build & Archive	2026-07-20T11:34:11.7065280Z     "$(APP_BUILD_NUMBER)"
Build	Fastlane Build & Archive	2026-07-20T11:34:11.7066080Z $APP_BUILD_NUMBER
Build	Fastlane Build & Archive	2026-07-20T11:34:11.7066970Z 1
Build	Fastlane Build & Archive	2026-07-20T11:34:11.7067350Z 
Build	Fastlane Build & Archive	2026-07-20T11:34:11.7072630Z /Users/runner/work/Trio/Trio
Build	Fastlane Build & Archive	2026-07-20T11:34:11.7088830Z [11:34:11]: [36m$ cd /Users/runner/work/Trio/Trio && agvtool new-version -all 60 && cd -[0m
Build	Fastlane Build & Archive	2026-07-20T11:34:11.9004700Z [11:34:11]: ▸ [35mSetting version of project Trio to:[0m
Build	Fastlane Build & Archive	2026-07-20T11:34:11.9010410Z [11:34:11]: ▸ [35m60.[0m
Build	Fastlane Build & Archive	2026-07-20T11:34:11.9513940Z [11:34:11]: ▸ [35mAlso setting CFBundleVersion key (assuming it exists)[0m
Build	Fastlane Build & Archive	2026-07-20T11:34:12.0111620Z [11:34:12]: ▸ [35mUpdating CFBundleVersion in Info.plist(s)...[0m
Build	Fastlane Build & Archive	2026-07-20T11:34:12.0567420Z [11:34:12]: ▸ [35mUpdated CFBundleVersion in "Trio.xcodeproj/../LiveActivity/Info.plist" to 60[0m
Build	Fastlane Build & Archive	2026-07-20T11:34:12.0843450Z [11:34:12]: ▸ [35mUpdated CFBundleVersion in "Trio.xcodeproj/../Trio Watch Complication/Info.plist" to 60[0m
Build	Fastlane Build & Archive	2026-07-20T11:34:12.1288750Z [11:34:12]: ▸ [35mUpdated CFBundleVersion in "Trio.xcodeproj/../Trio/Resources/Info.plist" to 60[0m
Build	Fastlane Build & Archive	2026-07-20T11:34:12.1868300Z [11:34:12]: ▸ [35mUpdated CFBundleVersion in "Trio.xcodeproj/../TrioTests/Info.plist" to 60[0m
Build	Fastlane Build & Archive	2026-07-20T11:34:12.1971170Z [11:34:12]: ▸ [35mCannot find "Trio.xcodeproj/../YES"[0m
Build	Fastlane Build & Archive	2026-07-20T11:34:12.1974310Z [11:34:12]: ▸ [35m/Users/runner/work/Trio/Trio[0m
Build	Fastlane Build & Archive	2026-07-20T11:34:12.3644830Z [11:34:12]: [32m-------------------[0m
Build	Fastlane Build & Archive	2026-07-20T11:34:12.3646120Z [11:34:12]: [32m--- Step: match ---[0m
Build	Fastlane Build & Archive	2026-07-20T11:34:12.3647500Z [11:34:12]: [32m-------------------[0m
Build	Fastlane Build & Archive	2026-07-20T11:34:12.3649190Z [11:34:12]: [32mSuccessfully loaded '/Users/runner/work/Trio/Trio/fastlane/Matchfile' 📄[0m
Build	Fastlane Build & Archive	2026-07-20T11:34:12.3650170Z 
Build	Fastlane Build & Archive	2026-07-20T11:34:12.3653840Z +------------------------------------------------------------+
Build	Fastlane Build & Archive	2026-07-20T11:34:12.3655220Z |        Detected Values from './fastlane/Matchfile'         |
Build	Fastlane Build & Archive	2026-07-20T11:34:12.3656650Z +--------------+---------------------------------------------+
Build	Fastlane Build & Archive	2026-07-20T11:34:12.3657950Z | git_url      | https://github.com/pov-it/Match-Secrets.git |
Build	Fastlane Build & Archive	2026-07-20T11:34:12.3659190Z | storage_mode | git                                         |
Build	Fastlane Build & Archive	2026-07-20T11:34:12.3660400Z | type         | appstore                                    |
Build	Fastlane Build & Archive	2026-07-20T11:34:12.3661430Z +--------------+---------------------------------------------+
Build	Fastlane Build & Archive	2026-07-20T11:34:12.3662040Z 
Build	Fastlane Build & Archive	2026-07-20T11:34:12.3662480Z 
Build	Fastlane Build & Archive	2026-07-20T11:34:12.3670130Z +----------------------------------------------------------------------------------------------------------------------------------------------------------------------------------------------------------------------------------------------+
Build	Fastlane Build & Archive	2026-07-20T11:34:12.3676370Z |                                                                                                          [32mSummary for match 2.235.0[0m                                                                                                           |
Build	Fastlane Build & Archive	2026-07-20T11:34:12.3680010Z +----------------------------------------+-----------------------------------------------------------------------------------------------------------------------------------------------------------------------------------------------------+
Build	Fastlane Build & Archive	2026-07-20T11:34:12.3683280Z | type                                   | appstore                                                                                                                                                                                            |
Build	Fastlane Build & Archive	2026-07-20T11:34:12.3685520Z | git_basic_authorization                | ********                                                                                                                                                                                            |
Build	Fastlane Build & Archive	2026-07-20T11:34:12.3691060Z | app_identifier                         | ["org.nightscout.***.trio", "org.nightscout.***.trio.watchkitapp", "org.nightscout.***.trio.watchkitapp.TrioWatchComplication", "org.nightscout.***.trio.LiveActivity"] |
Build	Fastlane Build & Archive	2026-07-20T11:34:12.3694080Z | api_key                                | ********                                                                                                                                                                                            |
Build	Fastlane Build & Archive	2026-07-20T11:34:12.3696060Z | readonly                               | true                                                                                                                                                                                                |
Build	Fastlane Build & Archive	2026-07-20T11:34:12.3698740Z | generate_apple_certs                   | true                                                                                                                                                                                                |
Build	Fastlane Build & Archive	2026-07-20T11:34:12.3701230Z | skip_provisioning_profiles             | false                                                                                                                                                                                               |
Build	Fastlane Build & Archive	2026-07-20T11:34:12.3703920Z | storage_mode                           | git                                                                                                                                                                                                 |
Build	Fastlane Build & Archive	2026-07-20T11:34:12.3706490Z | git_url                                | https://github.com/pov-it/Match-Secrets.git                                                                                                                                                         |
Build	Fastlane Build & Archive	2026-07-20T11:34:12.3708940Z | git_branch                             | master                                                                                                                                                                                              |
Build	Fastlane Build & Archive	2026-07-20T11:34:12.3711870Z | shallow_clone                          | false                                                                                                                                                                                               |
Build	Fastlane Build & Archive	2026-07-20T11:34:12.3714560Z | clone_branch_directly                  | false                                                                                                                                                                                               |
Build	Fastlane Build & Archive	2026-07-20T11:34:12.3717080Z | skip_google_cloud_account_confirmation | false                                                                                                                                                                                               |
Build	Fastlane Build & Archive	2026-07-20T11:34:12.3721360Z | s3_skip_encryption                     | false                                                                                                                                                                                               |
Build	Fastlane Build & Archive	2026-07-20T11:34:12.3725840Z | gitlab_host                            | https://gitlab.com                                                                                                                                                                                  |
Build	Fastlane Build & Archive	2026-07-20T11:34:12.3728260Z | keychain_name                          | fastlane_tmp_keychain                                                                                                                                                                               |
Build	Fastlane Build & Archive	2026-07-20T11:34:12.3751470Z | force                                  | false                                                                                                                                                                                               |
Build	Fastlane Build & Archive	2026-07-20T11:34:12.3753710Z | force_for_new_devices                  | false                                                                                                                                                                                               |
Build	Fastlane Build & Archive	2026-07-20T11:34:12.3756170Z | include_mac_in_profiles                | false                                                                                                                                                                                               |
Build	Fastlane Build & Archive	2026-07-20T11:34:12.3758500Z | include_all_certificates               | false                                                                                                                                                                                               |
Build	Fastlane Build & Archive	2026-07-20T11:34:12.3760840Z | force_for_new_certificates             | false                                                                                                                                                                                               |
Build	Fastlane Build & Archive	2026-07-20T11:34:12.3763150Z | skip_confirmation                      | false                                                                                                                                                                                               |
Build	Fastlane Build & Archive	2026-07-20T11:34:12.3771010Z | safe_remove_certs                      | false                                                                                                                                                                                               |
Build	Fastlane Build & Archive	2026-07-20T11:34:12.3773440Z | skip_docs                              | false                                                                                                                                                                                               |
Build	Fastlane Build & Archive	2026-07-20T11:34:12.3775600Z | platform                               | ios                                                                                                                                                                                                 |
Build	Fastlane Build & Archive	2026-07-20T11:34:12.3777970Z | derive_catalyst_app_identifier         | false                                                                                                                                                                                               |
Build	Fastlane Build & Archive	2026-07-20T11:34:12.3786980Z | fail_on_name_taken                     | false                                                                                                                                                                                               |
Build	Fastlane Build & Archive	2026-07-20T11:34:12.3790070Z | skip_certificate_matching              | false                                                                                                                                                                                               |
Build	Fastlane Build & Archive	2026-07-20T11:34:12.3792600Z | skip_set_partition_list                | false                                                                                                                                                                                               |
Build	Fastlane Build & Archive	2026-07-20T11:34:12.3797070Z | force_legacy_encryption                | false                                                                                                                                                                                               |
Build	Fastlane Build & Archive	2026-07-20T11:34:12.3799440Z | verbose                                | false                                                                                                                                                                                               |
Build	Fastlane Build & Archive	2026-07-20T11:34:12.3802050Z +----------------------------------------+-----------------------------------------------------------------------------------------------------------------------------------------------------------------------------------------------------+
Build	Fastlane Build & Archive	2026-07-20T11:34:12.3803630Z 
Build	Fastlane Build & Archive	2026-07-20T11:34:12.3803990Z [11:34:12]: Cloning remote git repo...
Build	Fastlane Build & Archive	2026-07-20T11:34:12.3805350Z [11:34:12]: If cloning the repo takes too long, you can use the `clone_branch_directly` option in match.
Build	Fastlane Build & Archive	2026-07-20T11:34:13.1526900Z [11:34:13]: Checking out branch master...
Build	Fastlane Build & Archive	2026-07-20T11:34:13.2344210Z [11:34:13]: [32m🔓  Successfully decrypted certificates repo[0m
Build	Fastlane Build & Archive	2026-07-20T11:34:13.2355790Z [11:34:13]: Installing certificate...
Build	Fastlane Build & Archive	2026-07-20T11:34:13.8145790Z [11:34:13]: [31mThere are no local code signing identities found.
Build	Fastlane Build & Archive	2026-07-20T11:34:13.8147280Z You can run `security find-identity -v -p codesigning /Users/runner/Library/Keychains/fastlane_tmp_keychain-db` to get this output.
Build	Fastlane Build & Archive	2026-07-20T11:34:13.8148140Z This Stack Overflow thread has more information: https://stackoverflow.com/q/35390072/774.
Build	Fastlane Build & Archive	2026-07-20T11:34:13.8149040Z (Check in Keychain Access for an expired WWDR certificate: https://stackoverflow.com/a/35409835/774 has more info.)[0m
Build	Fastlane Build & Archive	2026-07-20T11:34:13.9189810Z [11:34:13]: Setting key partition list... (this can take a minute if there are a lot of keys installed)
Build	Fastlane Build & Archive	2026-07-20T11:34:13.9557570Z [11:34:13]: [31msecurity: SecItemCopyMatching: The specified item could not be found in the keychain.[0m
Build	Fastlane Build & Archive	2026-07-20T11:34:14.0545110Z [11:34:14]: Setting key partition list... (this can take a minute if there are a lot of keys installed)
Build	Fastlane Build & Archive	2026-07-20T11:34:14.0921190Z 
Build	Fastlane Build & Archive	2026-07-20T11:34:14.0927420Z +--------------------------------------------------------------------------+
Build	Fastlane Build & Archive	2026-07-20T11:34:14.0930770Z |                          [32mInstalled Certificate[0m                           |
Build	Fastlane Build & Archive	2026-07-20T11:34:14.0932390Z +-------------------+------------------------------------------------------+
Build	Fastlane Build & Archive	2026-07-20T11:34:14.0935220Z | User ID           | ***                                           |
Build	Fastlane Build & Archive	2026-07-20T11:34:14.0937110Z | Common Name       | Apple Distribution: Marijn Pov\xC3\xA9e (***) |
Build	Fastlane Build & Archive	2026-07-20T11:34:14.0937910Z | Organisation Unit | ***                                           |
Build	Fastlane Build & Archive	2026-07-20T11:34:14.0938610Z | Organisation      | Marijn Pov\xC3\xA9e                                  |
Build	Fastlane Build & Archive	2026-07-20T11:34:14.0939250Z | Country           | US                                                   |
Build	Fastlane Build & Archive	2026-07-20T11:34:14.0939870Z | Start Datetime    | 2026-04-17 13:31:41 UTC                              |
Build	Fastlane Build & Archive	2026-07-20T11:34:14.0940470Z | End Datetime      | 2027-04-17 13:31:40 UTC                              |
Build	Fastlane Build & Archive	2026-07-20T11:34:14.0941040Z +-------------------+------------------------------------------------------+
Build	Fastlane Build & Archive	2026-07-20T11:34:14.0941340Z 
Build	Fastlane Build & Archive	2026-07-20T11:34:14.1429930Z [11:34:14]: Installing provisioning profile...
Build	Fastlane Build & Archive	2026-07-20T11:34:14.2585620Z [11:34:14]: Installing provisioning profile...
Build	Fastlane Build & Archive	2026-07-20T11:34:14.4218710Z [11:34:14]: Installing provisioning profile...
Build	Fastlane Build & Archive	2026-07-20T11:34:14.5759560Z [11:34:14]: Installing provisioning profile...
Build	Fastlane Build & Archive	2026-07-20T11:34:14.6562200Z 
Build	Fastlane Build & Archive	2026-07-20T11:34:14.6589020Z +-----------------------------------------------------------------------------------------------------------------------------------------------------------------------------------------------------------------+
Build	Fastlane Build & Archive	2026-07-20T11:34:14.6594700Z |                                                                                         [32mInstalled Provisioning Profile[0m                                                                                          |
Build	Fastlane Build & Archive	2026-07-20T11:34:14.6598350Z +---------------------+---------------------------------------------------------------+---------------------------------------------------------------------------------------------------------------------------+
Build	Fastlane Build & Archive	2026-07-20T11:34:14.6603120Z | Parameter           | Environment Variable                                          | Value                                                                                                                     |
Build	Fastlane Build & Archive	2026-07-20T11:34:14.6604230Z +---------------------+---------------------------------------------------------------+---------------------------------------------------------------------------------------------------------------------------+
Build	Fastlane Build & Archive	2026-07-20T11:34:14.6606130Z | App Identifier      |                                                               | org.nightscout.***.trio                                                                                            |
Build	Fastlane Build & Archive	2026-07-20T11:34:14.6607290Z | Type                |                                                               | appstore                                                                                                                  |
Build	Fastlane Build & Archive	2026-07-20T11:34:14.6608180Z | Platform            |                                                               | ios                                                                                                                       |
Build	Fastlane Build & Archive	2026-07-20T11:34:14.6609220Z | Profile UUID        | sigh_org.nightscout.***.trio_appstore                  | 2a19cb78-7dd7-4efb-a100-8bb5b8e20d5e                                                                                      |
Build	Fastlane Build & Archive	2026-07-20T11:34:14.6610680Z | Profile Name        | sigh_org.nightscout.***.trio_appstore_profile-name     | match AppStore org.nightscout.***.trio                                                                             |
Build	Fastlane Build & Archive	2026-07-20T11:34:14.6612510Z | Profile Path        | sigh_org.nightscout.***.trio_appstore_profile-path     | /Users/runner/Library/Developer/Xcode/UserData/Provisioning Profiles/2a19cb78-7dd7-4efb-a100-8bb5b8e20d5e.mobileprovision |
Build	Fastlane Build & Archive	2026-07-20T11:34:14.6614380Z | Development Team ID | sigh_org.nightscout.***.trio_appstore_team-id          | ***                                                                                                                |
Build	Fastlane Build & Archive	2026-07-20T11:34:14.6619690Z | Certificate Name    | sigh_org.nightscout.***.trio_appstore_certificate-name | Apple Distribution: Marijn Pov\xC3\xA9e (***)                                                                      |
Build	Fastlane Build & Archive	2026-07-20T11:34:14.6621230Z +---------------------+---------------------------------------------------------------+---------------------------------------------------------------------------------------------------------------------------+
Build	Fastlane Build & Archive	2026-07-20T11:34:14.6622170Z 
Build	Fastlane Build & Archive	2026-07-20T11:34:14.6622180Z 
Build	Fastlane Build & Archive	2026-07-20T11:34:14.6623080Z +-----------------------------------------------------------------------------------------------------------------------------------------------------------------------------------------------------------------------------+
Build	Fastlane Build & Archive	2026-07-20T11:34:14.6625810Z |                                                                                               [32mInstalled Provisioning Profile[0m                                                                                                |
Build	Fastlane Build & Archive	2026-07-20T11:34:14.6630780Z +---------------------+---------------------------------------------------------------------------+---------------------------------------------------------------------------------------------------------------------------+
Build	Fastlane Build & Archive	2026-07-20T11:34:14.6634050Z | Parameter           | Environment Variable                                                      | Value                                                                                                                     |
Build	Fastlane Build & Archive	2026-07-20T11:34:14.6642960Z +---------------------+---------------------------------------------------------------------------+---------------------------------------------------------------------------------------------------------------------------+
Build	Fastlane Build & Archive	2026-07-20T11:34:14.6648520Z | App Identifier      |                                                                           | org.nightscout.***.trio.watchkitapp                                                                                |
Build	Fastlane Build & Archive	2026-07-20T11:34:14.6650160Z | Type                |                                                                           | appstore                                                                                                                  |
Build	Fastlane Build & Archive	2026-07-20T11:34:14.6651220Z | Platform            |                                                                           | ios                                                                                                                       |
Build	Fastlane Build & Archive	2026-07-20T11:34:14.6652240Z | Profile UUID        | sigh_org.nightscout.***.trio.watchkitapp_appstore                  | cbddde0a-be8c-4017-aa9f-57876dce389a                                                                                      |
Build	Fastlane Build & Archive	2026-07-20T11:34:14.6653500Z | Profile Name        | sigh_org.nightscout.***.trio.watchkitapp_appstore_profile-name     | match AppStore org.nightscout.***.trio.watchkitapp                                                                 |
Build	Fastlane Build & Archive	2026-07-20T11:34:14.6654840Z | Profile Path        | sigh_org.nightscout.***.trio.watchkitapp_appstore_profile-path     | /Users/runner/Library/Developer/Xcode/UserData/Provisioning Profiles/cbddde0a-be8c-4017-aa9f-57876dce389a.mobileprovision |
Build	Fastlane Build & Archive	2026-07-20T11:34:14.6656100Z | Development Team ID | sigh_org.nightscout.***.trio.watchkitapp_appstore_team-id          | ***                                                                                                                |
Build	Fastlane Build & Archive	2026-07-20T11:34:14.6657430Z | Certificate Name    | sigh_org.nightscout.***.trio.watchkitapp_appstore_certificate-name | Apple Distribution: Marijn Pov\xC3\xA9e (***)                                                                      |
Build	Fastlane Build & Archive	2026-07-20T11:34:14.6658600Z +---------------------+---------------------------------------------------------------------------+---------------------------------------------------------------------------------------------------------------------------+
Build	Fastlane Build & Archive	2026-07-20T11:34:14.6659210Z 
Build	Fastlane Build & Archive	2026-07-20T11:34:14.6659430Z 
Build	Fastlane Build & Archive	2026-07-20T11:34:14.6660020Z +---------------------------------------------------------------------------------------------------------------------------------------------------------------------------------------------------------------------------------------------------+
Build	Fastlane Build & Archive	2026-07-20T11:34:14.6661460Z |                                                                                                          [32mInstalled Provisioning Profile[0m                                                                                                           |
Build	Fastlane Build & Archive	2026-07-20T11:34:14.6663590Z +---------------------+-------------------------------------------------------------------------------------------------+---------------------------------------------------------------------------------------------------------------------------+
Build	Fastlane Build & Archive	2026-07-20T11:34:14.6666740Z | Parameter           | Environment Variable                                                                            | Value                                                                                                                     |
Build	Fastlane Build & Archive	2026-07-20T11:34:14.6670170Z +---------------------+-------------------------------------------------------------------------------------------------+---------------------------------------------------------------------------------------------------------------------------+
Build	Fastlane Build & Archive	2026-07-20T11:34:14.6674810Z | App Identifier      |                                                                                                 | org.nightscout.***.trio.watchkitapp.TrioWatchComplication                                                          |
Build	Fastlane Build & Archive	2026-07-20T11:34:14.6678700Z | Type                |                                                                                                 | appstore                                                                                                                  |
Build	Fastlane Build & Archive	2026-07-20T11:34:14.6706260Z | Platform            |                                                                                                 | ios                                                                                                                       |
Build	Fastlane Build & Archive	2026-07-20T11:34:14.6707600Z | Profile UUID        | sigh_org.nightscout.***.trio.watchkitapp.TrioWatchComplication_appstore                  | 23695190-ae00-4e34-b5fe-a7658624f108                                                                                      |
Build	Fastlane Build & Archive	2026-07-20T11:34:14.6709030Z | Profile Name        | sigh_org.nightscout.***.trio.watchkitapp.TrioWatchComplication_appstore_profile-name     | match AppStore org.nightscout.***.trio.watchkitapp.TrioWatchComplication                                           |
Build	Fastlane Build & Archive	2026-07-20T11:34:14.6710570Z | Profile Path        | sigh_org.nightscout.***.trio.watchkitapp.TrioWatchComplication_appstore_profile-path     | /Users/runner/Library/Developer/Xcode/UserData/Provisioning Profiles/23695190-ae00-4e34-b5fe-a7658624f108.mobileprovision |
Build	Fastlane Build & Archive	2026-07-20T11:34:14.6712900Z | Development Team ID | sigh_org.nightscout.***.trio.watchkitapp.TrioWatchComplication_appstore_team-id          | ***                                                                                                                |
Build	Fastlane Build & Archive	2026-07-20T11:34:14.6714330Z | Certificate Name    | sigh_org.nightscout.***.trio.watchkitapp.TrioWatchComplication_appstore_certificate-name | Apple Distribution: Marijn Pov\xC3\xA9e (***)                                                                      |
Build	Fastlane Build & Archive	2026-07-20T11:34:14.6715630Z +---------------------+-------------------------------------------------------------------------------------------------+---------------------------------------------------------------------------------------------------------------------------+
Build	Fastlane Build & Archive	2026-07-20T11:34:14.6716300Z 
Build	Fastlane Build & Archive	2026-07-20T11:34:14.6716310Z 
Build	Fastlane Build & Archive	2026-07-20T11:34:14.6717860Z +------------------------------------------------------------------------------------------------------------------------------------------------------------------------------------------------------------------------------+
Build	Fastlane Build & Archive	2026-07-20T11:34:14.6719130Z |                                                                                                [32mInstalled Provisioning Profile[0m                                                                                                |
Build	Fastlane Build & Archive	2026-07-20T11:34:14.6720150Z +---------------------+----------------------------------------------------------------------------+---------------------------------------------------------------------------------------------------------------------------+
Build	Fastlane Build & Archive	2026-07-20T11:34:14.6721160Z | Parameter           | Environment Variable                                                       | Value                                                                                                                     |
Build	Fastlane Build & Archive	2026-07-20T11:34:14.6722130Z +---------------------+----------------------------------------------------------------------------+---------------------------------------------------------------------------------------------------------------------------+
Build	Fastlane Build & Archive	2026-07-20T11:34:14.6723370Z | App Identifier      |                                                                            | org.nightscout.***.trio.LiveActivity                                                                               |
Build	Fastlane Build & Archive	2026-07-20T11:34:14.6724150Z | Type                |                                                                            | appstore                                                                                                                  |
Build	Fastlane Build & Archive	2026-07-20T11:34:14.6727640Z | Platform            |                                                                            | ios                                                                                                                       |
Build	Fastlane Build & Archive	2026-07-20T11:34:14.6734450Z | Profile UUID        | sigh_org.nightscout.***.trio.LiveActivity_appstore                  | 95629ee0-c461-4ac5-86e8-0416893008ef                                                                                      |
Build	Fastlane Build & Archive	2026-07-20T11:34:14.6738010Z | Profile Name        | sigh_org.nightscout.***.trio.LiveActivity_appstore_profile-name     | match AppStore org.nightscout.***.trio.LiveActivity                                                                |
Build	Fastlane Build & Archive	2026-07-20T11:34:14.6741960Z | Profile Path        | sigh_org.nightscout.***.trio.LiveActivity_appstore_profile-path     | /Users/runner/Library/Developer/Xcode/UserData/Provisioning Profiles/95629ee0-c461-4ac5-86e8-0416893008ef.mobileprovision |
Build	Fastlane Build & Archive	2026-07-20T11:34:14.6747040Z | Development Team ID | sigh_org.nightscout.***.trio.LiveActivity_appstore_team-id          | ***                                                                                                                |
Build	Fastlane Build & Archive	2026-07-20T11:34:14.6748520Z | Certificate Name    | sigh_org.nightscout.***.trio.LiveActivity_appstore_certificate-name | Apple Distribution: Marijn Pov\xC3\xA9e (***)                                                                      |
Build	Fastlane Build & Archive	2026-07-20T11:34:14.6749650Z +---------------------+----------------------------------------------------------------------------+---------------------------------------------------------------------------------------------------------------------------+
Build	Fastlane Build & Archive	2026-07-20T11:34:14.6750240Z 
Build	Fastlane Build & Archive	2026-07-20T11:34:14.6750780Z [11:34:14]: [32m[32mAll required keys, certificates and provisioning profiles are installed 🙌[0m
Build	Fastlane Build & Archive	2026-07-20T11:34:14.6752070Z [11:34:14]: Setting Provisioning Profile type to 'app-store'
Build	Fastlane Build & Archive	2026-07-20T11:34:14.6768480Z [11:34:14]: [32m------------------------------------------[0m
Build	Fastlane Build & Archive	2026-07-20T11:34:14.6786740Z [11:34:14]: [32m--- Step: update_code_signing_settings ---[0m
Build	Fastlane Build & Archive	2026-07-20T11:34:14.6788950Z [11:34:14]: [32m------------------------------------------[0m
Build	Fastlane Build & Archive	2026-07-20T11:34:14.6790150Z 
Build	Fastlane Build & Archive	2026-07-20T11:34:14.6790800Z +-----------------------------------------------------------------------+
Build	Fastlane Build & Archive	2026-07-20T11:34:14.6792590Z |                   [32mSummary for code signing settings[0m                   |
Build	Fastlane Build & Archive	2026-07-20T11:34:14.6794110Z +-----------------------+-----------------------------------------------+
Build	Fastlane Build & Archive	2026-07-20T11:34:14.6795480Z | path                  | /Users/runner/work/Trio/Trio/Trio.xcodeproj   |
Build	Fastlane Build & Archive	2026-07-20T11:34:14.6798190Z | profile_name          | match AppStore org.nightscout.***.trio |
Build	Fastlane Build & Archive	2026-07-20T11:34:14.6799800Z | code_sign_identity    | iPhone Distribution                           |
Build	Fastlane Build & Archive	2026-07-20T11:34:14.6801470Z | targets               | ["Trio"]                                      |
Build	Fastlane Build & Archive	2026-07-20T11:34:14.6803080Z | use_automatic_signing | false                                         |
Build	Fastlane Build & Archive	2026-07-20T11:34:14.6804430Z +-----------------------+-----------------------------------------------+
Build	Fastlane Build & Archive	2026-07-20T11:34:14.6805310Z 
Build	Fastlane Build & Archive	2026-07-20T11:34:14.8035690Z [11:34:14]: Updating the Automatic Codesigning flag to disabled for the given project '/Users/runner/work/Trio/Trio/Trio.xcodeproj/project.pbxproj'
Build	Fastlane Build & Archive	2026-07-20T11:34:14.8037160Z [11:34:14]: [33mSet Code Sign identity to: iPhone Distribution for target: Trio for build configuration: Debug[0m
Build	Fastlane Build & Archive	2026-07-20T11:34:14.8038610Z [11:34:14]: [33mSet Provisioning Profile name to: match AppStore org.nightscout.***.trio for target: Trio for build configuration: Debug[0m
Build	Fastlane Build & Archive	2026-07-20T11:34:14.8040120Z [11:34:14]: [33mSet Code Sign identity to: iPhone Distribution for target: Trio for build configuration: Release[0m
Build	Fastlane Build & Archive	2026-07-20T11:34:14.8041620Z [11:34:14]: [33mSet Provisioning Profile name to: match AppStore org.nightscout.***.trio for target: Trio for build configuration: Release[0m
Build	Fastlane Build & Archive	2026-07-20T11:34:14.8043810Z [11:34:14]: [33mSkipping TrioTests not selected (Trio)[0m
Build	Fastlane Build & Archive	2026-07-20T11:34:14.8044710Z [11:34:14]: [33mSkipping LiveActivityExtension not selected (Trio)[0m
Build	Fastlane Build & Archive	2026-07-20T11:34:14.8045360Z [11:34:14]: [33mSkipping Trio Watch App not selected (Trio)[0m
Build	Fastlane Build & Archive	2026-07-20T11:34:14.8046010Z [11:34:14]: [33mSkipping Trio Watch AppTests not selected (Trio)[0m
Build	Fastlane Build & Archive	2026-07-20T11:34:14.8046720Z [11:34:14]: [33mSkipping Trio Watch Complication Extension not selected (Trio)[0m
Build	Fastlane Build & Archive	2026-07-20T11:34:14.9606620Z [11:34:14]: [32mSuccessfully updated project settings to use Code Sign Style = 'Manual'[0m
Build	Fastlane Build & Archive	2026-07-20T11:34:14.9708750Z [11:34:14]: [32mModified Targets:[0m
Build	Fastlane Build & Archive	2026-07-20T11:34:14.9723200Z [11:34:14]: [32m	 * Trio[0m
Build	Fastlane Build & Archive	2026-07-20T11:34:14.9723790Z [11:34:14]: [32mModified Build Configurations:[0m
Build	Fastlane Build & Archive	2026-07-20T11:34:14.9724430Z [11:34:14]: [32m	 * Debug[0m
Build	Fastlane Build & Archive	2026-07-20T11:34:14.9724890Z [11:34:14]: [32m	 * Release[0m
Build	Fastlane Build & Archive	2026-07-20T11:34:14.9725430Z [11:34:14]: [32m------------------------------------------[0m
Build	Fastlane Build & Archive	2026-07-20T11:34:14.9726940Z [11:34:14]: [32m--- Step: update_code_signing_settings ---[0m
Build	Fastlane Build & Archive	2026-07-20T11:34:14.9728140Z [11:34:14]: [32m------------------------------------------[0m
Build	Fastlane Build & Archive	2026-07-20T11:34:14.9728540Z 
Build	Fastlane Build & Archive	2026-07-20T11:34:14.9728840Z +-----------------------------------------------------------------------------------+
Build	Fastlane Build & Archive	2026-07-20T11:34:14.9729540Z |                         [32mSummary for code signing settings[0m                         |
Build	Fastlane Build & Archive	2026-07-20T11:34:14.9730180Z +-----------------------+-----------------------------------------------------------+
Build	Fastlane Build & Archive	2026-07-20T11:34:14.9730830Z | path                  | /Users/runner/work/Trio/Trio/Trio.xcodeproj               |
Build	Fastlane Build & Archive	2026-07-20T11:34:14.9731600Z | profile_name          | match AppStore org.nightscout.***.trio.watchkitapp |
Build	Fastlane Build & Archive	2026-07-20T11:34:14.9732200Z | code_sign_identity    | iPhone Distribution                                       |
Build	Fastlane Build & Archive	2026-07-20T11:34:14.9732730Z | targets               | ["Trio Watch App"]                                        |
Build	Fastlane Build & Archive	2026-07-20T11:34:14.9733230Z | use_automatic_signing | false                                                     |
Build	Fastlane Build & Archive	2026-07-20T11:34:14.9733740Z +-----------------------+-----------------------------------------------------------+
Build	Fastlane Build & Archive	2026-07-20T11:34:14.9734070Z 
Build	Fastlane Build & Archive	2026-07-20T11:34:15.0577580Z [11:34:15]: Updating the Automatic Codesigning flag to disabled for the given project '/Users/runner/work/Trio/Trio/Trio.xcodeproj/project.pbxproj'
Build	Fastlane Build & Archive	2026-07-20T11:34:15.0578600Z [11:34:15]: [33mSkipping Trio not selected (Trio Watch App)[0m
Build	Fastlane Build & Archive	2026-07-20T11:34:15.0579580Z [11:34:15]: [33mSkipping TrioTests not selected (Trio Watch App)[0m
Build	Fastlane Build & Archive	2026-07-20T11:34:15.0581010Z [11:34:15]: [33mSkipping LiveActivityExtension not selected (Trio Watch App)[0m
Build	Fastlane Build & Archive	2026-07-20T11:34:15.0583150Z [11:34:15]: [33mSet Code Sign identity to: iPhone Distribution for target: Trio Watch App for build configuration: Debug[0m
Build	Fastlane Build & Archive	2026-07-20T11:34:15.0586560Z [11:34:15]: [33mSet Provisioning Profile name to: match AppStore org.nightscout.***.trio.watchkitapp for target: Trio Watch App for build configuration: Debug[0m
Build	Fastlane Build & Archive	2026-07-20T11:34:15.0587880Z [11:34:15]: [33mSet Code Sign identity to: iPhone Distribution for target: Trio Watch App for build configuration: Release[0m
Build	Fastlane Build & Archive	2026-07-20T11:34:15.0589050Z [11:34:15]: [33mSet Provisioning Profile name to: match AppStore org.nightscout.***.trio.watchkitapp for target: Trio Watch App for build configuration: Release[0m
Build	Fastlane Build & Archive	2026-07-20T11:34:15.0589820Z [11:34:15]: [33mSkipping Trio Watch AppTests not selected (Trio Watch App)[0m
Build	Fastlane Build & Archive	2026-07-20T11:34:15.0590630Z [11:34:15]: [33mSkipping Trio Watch Complication Extension not selected (Trio Watch App)[0m
Build	Fastlane Build & Archive	2026-07-20T11:34:15.1636780Z [11:34:15]: [32mSuccessfully updated project settings to use Code Sign Style = 'Manual'[0m
Build	Fastlane Build & Archive	2026-07-20T11:34:15.1637700Z [11:34:15]: [32mModified Targets:[0m
Build	Fastlane Build & Archive	2026-07-20T11:34:15.1638370Z [11:34:15]: [32m	 * Trio Watch App[0m
Build	Fastlane Build & Archive	2026-07-20T11:34:15.1639230Z [11:34:15]: [32mModified Build Configurations:[0m
Build	Fastlane Build & Archive	2026-07-20T11:34:15.1639590Z [11:34:15]: [32m	 * Debug[0m
Build	Fastlane Build & Archive	2026-07-20T11:34:15.1639880Z [11:34:15]: [32m	 * Release[0m
Build	Fastlane Build & Archive	2026-07-20T11:34:15.1646730Z [11:34:15]: [32m------------------------------------------[0m
Build	Fastlane Build & Archive	2026-07-20T11:34:15.1647240Z [11:34:15]: [32m--- Step: update_code_signing_settings ---[0m
Build	Fastlane Build & Archive	2026-07-20T11:34:15.1647660Z [11:34:15]: [32m------------------------------------------[0m
Build	Fastlane Build & Archive	2026-07-20T11:34:15.1647930Z 
Build	Fastlane Build & Archive	2026-07-20T11:34:15.1649170Z +---------------------------------------------------------------------------------------------------------+
Build	Fastlane Build & Archive	2026-07-20T11:34:15.1649810Z |                                    [32mSummary for code signing settings[0m                                    |
Build	Fastlane Build & Archive	2026-07-20T11:34:15.1650370Z +-----------------------+---------------------------------------------------------------------------------+
Build	Fastlane Build & Archive	2026-07-20T11:34:15.1650970Z | path                  | /Users/runner/work/Trio/Trio/Trio.xcodeproj                                     |
Build	Fastlane Build & Archive	2026-07-20T11:34:15.1651780Z | profile_name          | match AppStore org.nightscout.***.trio.watchkitapp.TrioWatchComplication |
Build	Fastlane Build & Archive	2026-07-20T11:34:15.1652410Z | code_sign_identity    | iPhone Distribution                                                             |
Build	Fastlane Build & Archive	2026-07-20T11:34:15.1652990Z | targets               | ["Trio Watch Complication Extension"]                                           |
Build	Fastlane Build & Archive	2026-07-20T11:34:15.1653530Z | use_automatic_signing | false                                                                           |
Build	Fastlane Build & Archive	2026-07-20T11:34:15.1654060Z +-----------------------+---------------------------------------------------------------------------------+
Build	Fastlane Build & Archive	2026-07-20T11:34:15.1654400Z 
Build	Fastlane Build & Archive	2026-07-20T11:34:15.2773240Z [11:34:15]: Updating the Automatic Codesigning flag to disabled for the given project '/Users/runner/work/Trio/Trio/Trio.xcodeproj/project.pbxproj'
Build	Fastlane Build & Archive	2026-07-20T11:34:15.2875200Z [11:34:15]: [33mSkipping Trio not selected (Trio Watch Complication Extension)[0m
Build	Fastlane Build & Archive	2026-07-20T11:34:15.2977670Z [11:34:15]: [33mSkipping TrioTests not selected (Trio Watch Complication Extension)[0m
Build	Fastlane Build & Archive	2026-07-20T11:34:15.3079720Z [11:34:15]: [33mSkipping LiveActivityExtension not selected (Trio Watch Complication Extension)[0m
Build	Fastlane Build & Archive	2026-07-20T11:34:15.3181250Z [11:34:15]: [33mSkipping Trio Watch App not selected (Trio Watch Complication Extension)[0m
Build	Fastlane Build & Archive	2026-07-20T11:34:15.3282870Z [11:34:15]: [33mSkipping Trio Watch AppTests not selected (Trio Watch Complication Extension)[0m
Build	Fastlane Build & Archive	2026-07-20T11:34:15.3385820Z [11:34:15]: [33mSet Code Sign identity to: iPhone Distribution for target: Trio Watch Complication Extension for build configuration: Debug[0m
Build	Fastlane Build & Archive	2026-07-20T11:34:15.3442130Z [11:34:15]: [33mSet Provisioning Profile name to: match AppStore org.nightscout.***.trio.watchkitapp.TrioWatchComplication for target: Trio Watch Complication Extension for build configuration: Debug[0m
Build	Fastlane Build & Archive	2026-07-20T11:34:15.3443410Z [11:34:15]: [33mSet Code Sign identity to: iPhone Distribution for target: Trio Watch Complication Extension for build configuration: Release[0m
Build	Fastlane Build & Archive	2026-07-20T11:34:15.3444730Z [11:34:15]: [33mSet Provisioning Profile name to: match AppStore org.nightscout.***.trio.watchkitapp.TrioWatchComplication for target: Trio Watch Complication Extension for build configuration: Release[0m
Build	Fastlane Build & Archive	2026-07-20T11:34:15.4297180Z [11:34:15]: [32mSuccessfully updated project settings to use Code Sign Style = 'Manual'[0m
Build	Fastlane Build & Archive	2026-07-20T11:34:15.4310980Z [11:34:15]: [32mModified Targets:[0m
Build	Fastlane Build & Archive	2026-07-20T11:34:15.4311600Z [11:34:15]: [32m	 * Trio Watch Complication Extension[0m
Build	Fastlane Build & Archive	2026-07-20T11:34:15.4312130Z [11:34:15]: [32mModified Build Configurations:[0m
Build	Fastlane Build & Archive	2026-07-20T11:34:15.4312610Z [11:34:15]: [32m	 * Debug[0m
Build	Fastlane Build & Archive	2026-07-20T11:34:15.4312960Z [11:34:15]: [32m	 * Release[0m
Build	Fastlane Build & Archive	2026-07-20T11:34:15.4323730Z [11:34:15]: [32m------------------------------------------[0m
Build	Fastlane Build & Archive	2026-07-20T11:34:15.4326370Z [11:34:15]: [32m--- Step: update_code_signing_settings ---[0m
Build	Fastlane Build & Archive	2026-07-20T11:34:15.4328380Z [11:34:15]: [32m------------------------------------------[0m
Build	Fastlane Build & Archive	2026-07-20T11:34:15.4331130Z 
Build	Fastlane Build & Archive	2026-07-20T11:34:15.4335230Z +------------------------------------------------------------------------------------+
Build	Fastlane Build & Archive	2026-07-20T11:34:15.4339060Z |                         [32mSummary for code signing settings[0m                          |
Build	Fastlane Build & Archive	2026-07-20T11:34:15.4339690Z +-----------------------+------------------------------------------------------------+
Build	Fastlane Build & Archive	2026-07-20T11:34:15.4340190Z | path                  | /Users/runner/work/Trio/Trio/Trio.xcodeproj                |
Build	Fastlane Build & Archive	2026-07-20T11:34:15.4340840Z | profile_name          | match AppStore org.nightscout.***.trio.LiveActivity |
Build	Fastlane Build & Archive	2026-07-20T11:34:15.4342840Z | code_sign_identity    | iPhone Distribution                                        |
Build	Fastlane Build & Archive	2026-07-20T11:34:15.4344300Z | targets               | ["LiveActivityExtension"]                                  |
Build	Fastlane Build & Archive	2026-07-20T11:34:15.4344850Z | use_automatic_signing | false                                                      |
Build	Fastlane Build & Archive	2026-07-20T11:34:15.4345650Z +-----------------------+------------------------------------------------------------+
Build	Fastlane Build & Archive	2026-07-20T11:34:15.4346080Z 
Build	Fastlane Build & Archive	2026-07-20T11:34:15.5418590Z [11:34:15]: Updating the Automatic Codesigning flag to disabled for the given project '/Users/runner/work/Trio/Trio/Trio.xcodeproj/project.pbxproj'
Build	Fastlane Build & Archive	2026-07-20T11:34:15.5518680Z [11:34:15]: [33mSkipping Trio not selected (LiveActivityExtension)[0m
Build	Fastlane Build & Archive	2026-07-20T11:34:15.5620290Z [11:34:15]: [33mSkipping TrioTests not selected (LiveActivityExtension)[0m
Build	Fastlane Build & Archive	2026-07-20T11:34:15.5721020Z [11:34:15]: [33mSet Code Sign identity to: iPhone Distribution for target: LiveActivityExtension for build configuration: Debug[0m
Build	Fastlane Build & Archive	2026-07-20T11:34:15.5821920Z [11:34:15]: [33mSet Provisioning Profile name to: match AppStore org.nightscout.***.trio.LiveActivity for target: LiveActivityExtension for build configuration: Debug[0m
Build	Fastlane Build & Archive	2026-07-20T11:34:15.5923930Z [11:34:15]: [33mSet Code Sign identity to: iPhone Distribution for target: LiveActivityExtension for build configuration: Release[0m
Build	Fastlane Build & Archive	2026-07-20T11:34:15.6023780Z [11:34:15]: [33mSet Provisioning Profile name to: match AppStore org.nightscout.***.trio.LiveActivity for target: LiveActivityExtension for build configuration: Release[0m
Build	Fastlane Build & Archive	2026-07-20T11:34:15.6125880Z [11:34:15]: [33mSkipping Trio Watch App not selected (LiveActivityExtension)[0m
Build	Fastlane Build & Archive	2026-07-20T11:34:15.6227380Z [11:34:15]: [33mSkipping Trio Watch AppTests not selected (LiveActivityExtension)[0m
Build	Fastlane Build & Archive	2026-07-20T11:34:15.6333060Z [11:34:15]: [33mSkipping Trio Watch Complication Extension not selected (LiveActivityExtension)[0m
Build	Fastlane Build & Archive	2026-07-20T11:34:15.6421790Z [11:34:15]: [32mSuccessfully updated project settings to use Code Sign Style = 'Manual'[0m
Build	Fastlane Build & Archive	2026-07-20T11:34:15.6422860Z [11:34:15]: [32mModified Targets:[0m
Build	Fastlane Build & Archive	2026-07-20T11:34:15.6423520Z [11:34:15]: [32m	 * LiveActivityExtension[0m
Build	Fastlane Build & Archive	2026-07-20T11:34:15.6425100Z [11:34:15]: [32mModified Build Configurations:[0m
Build	Fastlane Build & Archive	2026-07-20T11:34:15.6426510Z [11:34:15]: [32m	 * Debug[0m
Build	Fastlane Build & Archive	2026-07-20T11:34:15.6427430Z [11:34:15]: [32m	 * Release[0m
Build	Fastlane Build & Archive	2026-07-20T11:34:15.6551810Z [11:34:15]: [32m-----------------[0m
Build	Fastlane Build & Archive	2026-07-20T11:34:15.6553340Z [11:34:15]: [32m--- Step: gym ---[0m
Build	Fastlane Build & Archive	2026-07-20T11:34:15.6554420Z [11:34:15]: [32m-----------------[0m
Build	Fastlane Build & Archive	2026-07-20T11:34:15.8033400Z [11:34:15]: [33mResolving Swift Package Manager dependencies...[0m
Build	Fastlane Build & Archive	2026-07-20T11:34:15.8095500Z [11:34:15]: [36m$ xcodebuild -resolvePackageDependencies -workspace ./Trio.xcworkspace -scheme Trio -configuration Release -destination generic/platform\=iOS[0m
Build	Fastlane Build & Archive	2026-07-20T11:34:17.4177040Z [11:34:17]: ▸ [35mCommand line invocation:[0m
Build	Fastlane Build & Archive	2026-07-20T11:34:17.4185240Z [11:34:17]: ▸ [35m    /Applications/Xcode_26.2.app/Contents/Developer/usr/bin/xcodebuild -resolvePackageDependencies -workspace ./Trio.xcworkspace -scheme Trio -configuration Release -destination generic/platform=iOS[0m
Build	Fastlane Build & Archive	2026-07-20T11:34:24.9229650Z [11:34:24]: ▸ [35mResolve Package Graph[0m
Build	Fastlane Build & Archive	2026-07-20T11:34:25.0373570Z [11:34:25]: ▸ [35mFetching from https://github.com/Kitura/LoggerAPI.git[0m
Build	Fastlane Build & Archive	2026-07-20T11:34:26.0891010Z [11:34:26]: ▸ [35mFetching from https://github.com/google/interop-ios-for-google-sdks.git[0m
Build	Fastlane Build & Archive	2026-07-20T11:34:26.1142400Z [11:34:26]: ▸ [35mFetching from https://github.com/google/grpc-binary.git[0m
Build	Fastlane Build & Archive	2026-07-20T11:34:26.6405550Z [11:34:26]: ▸ [35mFetching from https://github.com/apple/swift-protobuf.git[0m
Build	Fastlane Build & Archive	2026-07-20T11:34:36.4399620Z [11:34:36]: ▸ [35mFetching from https://github.com/Kitura/BlueECC.git[0m
Build	Fastlane Build & Archive	2026-07-20T11:34:36.4508820Z [11:34:36]: ▸ [35mFetching from https://github.com/no-comment/SlideButton[0m
Build	Fastlane Build & Archive	2026-07-20T11:34:36.4618210Z [11:34:36]: ▸ [35mFetching from https://github.com/Kitura/BlueCryptor.git[0m
Build	Fastlane Build & Archive	2026-07-20T11:34:36.4722490Z [11:34:36]: ▸ [35mFetching from https://github.com/google/app-check.git[0m
Build	Fastlane Build & Archive	2026-07-20T11:34:36.4824480Z [11:34:36]: ▸ [35mFetching from https://github.com/firebase/firebase-ios-sdk.git[0m
Build	Fastlane Build & Archive	2026-07-20T11:34:54.4593380Z [11:34:54]: ▸ [35mFetching from https://github.com/apple/swift-algorithms[0m
Build	Fastlane Build & Archive	2026-07-20T11:34:54.4621050Z [11:34:54]: ▸ [35mFetching from https://github.com/Kitura/BlueRSA.git[0m
Build	Fastlane Build & Archive	2026-07-20T11:34:54.4623300Z [11:34:54]: ▸ [35mFetching from https://github.com/google/promises.git[0m
Build	Fastlane Build & Archive	2026-07-20T11:34:54.4625230Z [11:34:54]: ▸ [35mFetching from https://github.com/maxkonovalov/MKRingProgressView.git[0m
Build	Fastlane Build & Archive	2026-07-20T11:34:54.4628900Z [11:34:54]: ▸ [35mFetching from https://github.com/firebase/leveldb.git[0m
Build	Fastlane Build & Archive	2026-07-20T11:34:54.4632330Z [11:34:54]: ▸ [35mFetching from https://github.com/Swinject/Swinject[0m
Build	Fastlane Build & Archive	2026-07-20T11:34:54.4636130Z [11:34:54]: ▸ [35mFetching from https://github.com/firebase/nanopb.git[0m
Build	Fastlane Build & Archive	2026-07-20T11:34:54.4669780Z [11:34:54]: ▸ [35mFetching from https://github.com/malcommac/SwiftDate[0m
Build	Fastlane Build & Archive	2026-07-20T11:34:54.4773160Z [11:34:54]: ▸ [35mFetching from https://github.com/apple/swift-log.git[0m
Build	Fastlane Build & Archive	2026-07-20T11:34:54.4875770Z [11:34:54]: ▸ [35mFetching from https://github.com/ivanschuetz/SwiftCharts.git[0m
Build	Fastlane Build & Archive	2026-07-20T11:34:54.4976250Z [11:34:54]: ▸ [35mFetching from https://github.com/google/gtm-session-fetcher.git[0m
Build	Fastlane Build & Archive	2026-07-20T11:34:54.5107280Z [11:34:54]: ▸ [35mFetching from https://github.com/Kitura/KituraContracts.git[0m
Build	Fastlane Build & Archive	2026-07-20T11:34:54.5178390Z [11:34:54]: ▸ [35mFetching from https://github.com/apple/swift-numerics[0m
Build	Fastlane Build & Archive	2026-07-20T11:34:54.5280210Z [11:34:54]: ▸ [35mFetching from https://github.com/google/GoogleAppMeasurement.git[0m
Build	Fastlane Build & Archive	2026-07-20T11:34:54.5382870Z [11:34:54]: ▸ [35mFetching from https://github.com/google/GoogleDataTransport.git[0m
Build	Fastlane Build & Archive	2026-07-20T11:34:54.5478950Z [11:34:54]: ▸ [35mFetching from https://github.com/google/GoogleUtilities.git[0m
Build	Fastlane Build & Archive	2026-07-20T11:34:54.5480780Z [11:34:54]: ▸ [35mFetching from https://github.com/krzyzanowskim/CryptoSwift[0m
Build	Fastlane Build & Archive	2026-07-20T11:34:54.7466880Z [11:34:54]: ▸ [35mFetching from http://github.com/Kitura/Swift-JWT.git[0m
Build	Fastlane Build & Archive	2026-07-20T11:34:55.1836390Z [11:34:55]: ▸ [35mFetching from https://github.com/garmin/connectiq-companion-app-sdk-ios[0m
Build	Fastlane Build & Archive	2026-07-20T11:34:56.0072330Z [11:34:56]: ▸ [35mFetching from https://github.com/tidepool-org/TidepoolKit[0m
Build	Fastlane Build & Archive	2026-07-20T11:34:56.0107550Z [11:34:56]: ▸ [35mFetching from https://github.com/google/abseil-cpp-binary.git[0m
Build	Fastlane Build & Archive	2026-07-20T11:34:56.5332290Z [11:34:56]: ▸ [35mCreating working copy of package ‘LoggerAPI’[0m
Build	Fastlane Build & Archive	2026-07-20T11:34:56.6606700Z [11:34:56]: ▸ [35mCreating working copy of package ‘interop-ios-for-google-sdks’[0m
Build	Fastlane Build & Archive	2026-07-20T11:34:56.6750140Z [11:34:56]: ▸ [35mCreating working copy of package ‘grpc-binary’[0m
Build	Fastlane Build & Archive	2026-07-20T11:34:56.6853590Z [11:34:56]: ▸ [35mChecking out 2.0.0 of package ‘LoggerAPI’[0m
Build	Fastlane Build & Archive	2026-07-20T11:34:56.9229950Z [11:34:56]: ▸ [35mChecking out 101.0.0 of package ‘interop-ios-for-google-sdks’[0m
Build	Fastlane Build & Archive	2026-07-20T11:34:56.9340970Z [11:34:56]: ▸ [35mChecking out 1.69.0 of package ‘grpc-binary’[0m
Build	Fastlane Build & Archive	2026-07-20T11:34:57.3444380Z [11:34:57]: ▸ [35mCreating working copy of package ‘swift-protobuf’[0m
Build	Fastlane Build & Archive	2026-07-20T11:34:57.6848010Z [11:34:57]: ▸ [35mCreating working copy of package ‘SlideButton’[0m
Build	Fastlane Build & Archive	2026-07-20T11:34:57.6907940Z [11:34:57]: ▸ [35mChecking out main (5eacebb) of package ‘SlideButton’[0m
Build	Fastlane Build & Archive	2026-07-20T11:34:57.9261350Z [11:34:57]: ▸ [35mChecking out 1.29.0 of package ‘swift-protobuf’[0m
Build	Fastlane Build & Archive	2026-07-20T11:34:58.9888340Z [11:34:58]: ▸ [35mCreating working copy of package ‘BlueECC’[0m
Build	Fastlane Build & Archive	2026-07-20T11:34:58.9999300Z [11:34:58]: ▸ [35mCreating working copy of package ‘BlueCryptor’[0m
Build	Fastlane Build & Archive	2026-07-20T11:34:59.0000300Z [11:34:58]: ▸ [35mChecking out 2.0.2 of package ‘BlueCryptor’[0m
Build	Fastlane Build & Archive	2026-07-20T11:34:59.3084090Z [11:34:59]: ▸ [35mChecking out 1.2.201 of package ‘BlueECC’[0m
Build	Fastlane Build & Archive	2026-07-20T11:34:59.3188340Z [11:34:59]: ▸ [35mCreating working copy of package ‘app-check’[0m
Build	Fastlane Build & Archive	2026-07-20T11:34:59.5953120Z [11:34:59]: ▸ [35mCreating working copy of package ‘firebase-ios-sdk’[0m
Build	Fastlane Build & Archive	2026-07-20T11:35:00.5922330Z [11:35:00]: ▸ [35mChecking out 11.2.0 of package ‘app-check’[0m
Build	Fastlane Build & Archive	2026-07-20T11:35:00.6047020Z [11:35:00]: ▸ [35mCreating working copy of package ‘swift-algorithms’[0m
Build	Fastlane Build & Archive	2026-07-20T11:35:00.6194800Z [11:35:00]: ▸ [35mCreating working copy of package ‘BlueRSA’[0m
Build	Fastlane Build & Archive	2026-07-20T11:35:00.8906060Z [11:35:00]: ▸ [35mChecking out 0.2.1 of package ‘swift-algorithms’[0m
Build	Fastlane Build & Archive	2026-07-20T11:35:00.9007570Z [11:35:00]: ▸ [35mChecking out 11.11.0 of package ‘firebase-ios-sdk’[0m
Build	Fastlane Build & Archive	2026-07-20T11:35:01.2996080Z [11:35:01]: ▸ [35mChecking out 1.0.203 of package ‘BlueRSA’[0m
Build	Fastlane Build & Archive	2026-07-20T11:35:01.2998730Z [11:35:01]: ▸ [35mCreating working copy of package ‘MKRingProgressView’[0m
Build	Fastlane Build & Archive	2026-07-20T11:35:01.3003750Z [11:35:01]: ▸ [35mCreating working copy of package ‘promises’[0m
Build	Fastlane Build & Archive	2026-07-20T11:35:01.3008950Z [11:35:01]: ▸ [35mChecking out master (660888a) of package ‘MKRingProgressView’[0m
Build	Fastlane Build & Archive	2026-07-20T11:35:01.3030340Z [11:35:01]: ▸ [35mChecking out 2.4.0 of package ‘promises’[0m
Build	Fastlane Build & Archive	2026-07-20T11:35:01.3031060Z [11:35:01]: ▸ [35mCreating working copy of package ‘leveldb’[0m
Build	Fastlane Build & Archive	2026-07-20T11:35:01.3031700Z [11:35:01]: ▸ [35mCreating working copy of package ‘Swinject’[0m
Build	Fastlane Build & Archive	2026-07-20T11:35:01.3039300Z [11:35:01]: ▸ [35mChecking out 1.22.5 of package ‘leveldb’[0m
Build	Fastlane Build & Archive	2026-07-20T11:35:01.3039930Z [11:35:01]: ▸ [35mChecking out 2.9.1 of package ‘Swinject’[0m
Build	Fastlane Build & Archive	2026-07-20T11:35:01.3040530Z [11:35:01]: ▸ [35mCreating working copy of package ‘nanopb’[0m
Build	Fastlane Build & Archive	2026-07-20T11:35:01.3041160Z [11:35:01]: ▸ [35mCreating working copy of package ‘SwiftDate’[0m
Build	Fastlane Build & Archive	2026-07-20T11:35:01.3041780Z [11:35:01]: ▸ [35mChecking out 2.30910.0 of package ‘nanopb’[0m
Build	Fastlane Build & Archive	2026-07-20T11:35:01.3042710Z [11:35:01]: ▸ [35mChecking out 6.3.1 of package ‘SwiftDate’[0m
Build	Fastlane Build & Archive	2026-07-20T11:35:01.3097260Z [11:35:01]: ▸ [35mCreating working copy of package ‘swift-log’[0m
Build	Fastlane Build & Archive	2026-07-20T11:35:01.3098320Z [11:35:01]: ▸ [35mCreating working copy of package ‘SwiftCharts’[0m
Build	Fastlane Build & Archive	2026-07-20T11:35:01.3102340Z [11:35:01]: ▸ [35mChecking out 1.6.4 of package ‘swift-log’[0m
Build	Fastlane Build & Archive	2026-07-20T11:35:01.3103280Z [11:35:01]: ▸ [35mChecking out master (c354c19) of package ‘SwiftCharts’[0m
Build	Fastlane Build & Archive	2026-07-20T11:35:01.3103900Z [11:35:01]: ▸ [35mCreating working copy of package ‘gtm-session-fetcher’[0m
Build	Fastlane Build & Archive	2026-07-20T11:35:01.3104500Z [11:35:01]: ▸ [35mChecking out 4.4.0 of package ‘gtm-session-fetcher’[0m
Build	Fastlane Build & Archive	2026-07-20T11:35:01.3105180Z [11:35:01]: ▸ [35mCreating working copy of package ‘KituraContracts’[0m
Build	Fastlane Build & Archive	2026-07-20T11:35:01.3105720Z [11:35:01]: ▸ [35mCreating working copy of package ‘swift-numerics’[0m
Build	Fastlane Build & Archive	2026-07-20T11:35:01.3106270Z [11:35:01]: ▸ [35mChecking out 2.0.1 of package ‘KituraContracts’[0m
Build	Fastlane Build & Archive	2026-07-20T11:35:01.3106790Z [11:35:01]: ▸ [35mChecking out 0.1.0 of package ‘swift-numerics’[0m
Build	Fastlane Build & Archive	2026-07-20T11:35:01.3109970Z [11:35:01]: ▸ [35mCreating working copy of package ‘GoogleAppMeasurement’[0m
Build	Fastlane Build & Archive	2026-07-20T11:35:01.3110620Z [11:35:01]: ▸ [35mCreating working copy of package ‘GoogleDataTransport’[0m
Build	Fastlane Build & Archive	2026-07-20T11:35:01.3111230Z [11:35:01]: ▸ [35mChecking out 11.11.0 of package ‘GoogleAppMeasurement’[0m
Build	Fastlane Build & Archive	2026-07-20T11:35:01.3111860Z [11:35:01]: ▸ [35mChecking out 10.1.0 of package ‘GoogleDataTransport’[0m
Build	Fastlane Build & Archive	2026-07-20T11:35:01.3112410Z [11:35:01]: ▸ [35mCreating working copy of package ‘GoogleUtilities’[0m
Build	Fastlane Build & Archive	2026-07-20T11:35:01.3112940Z [11:35:01]: ▸ [35mChecking out 8.0.2 of package ‘GoogleUtilities’[0m
Build	Fastlane Build & Archive	2026-07-20T11:35:01.3114200Z [11:35:01]: ▸ [35mCreating working copy of package ‘CryptoSwift’[0m
Build	Fastlane Build & Archive	2026-07-20T11:35:01.3114810Z [11:35:01]: ▸ [35mCreating working copy of package ‘connectiq-companion-app-sdk-ios’[0m
Build	Fastlane Build & Archive	2026-07-20T11:35:01.3115780Z [11:35:01]: ▸ [35mChecking out 1.8.2 of package ‘CryptoSwift’[0m
Build	Fastlane Build & Archive	2026-07-20T11:35:01.3117110Z [11:35:01]: ▸ [35mChecking out 1.8.0 of package ‘connectiq-companion-app-sdk-ios’[0m
Build	Fastlane Build & Archive	2026-07-20T11:35:01.3119190Z [11:35:01]: ▸ [35mCreating working copy of package ‘Swift-JWT’[0m
Build	Fastlane Build & Archive	2026-07-20T11:35:01.3129460Z [11:35:01]: ▸ [35mCreating working copy of package ‘TidepoolKit’[0m
Build	Fastlane Build & Archive	2026-07-20T11:35:01.3130360Z [11:35:01]: ▸ [35mChecking out 4.0.1 of package ‘Swift-JWT’[0m
Build	Fastlane Build & Archive	2026-07-20T11:35:01.3131760Z [11:35:01]: ▸ [35mChecking out dev (5c92b4f) of package ‘TidepoolKit’[0m
Build	Fastlane Build & Archive	2026-07-20T11:35:01.3132650Z [11:35:01]: ▸ [35mCreating working copy of package ‘abseil-cpp-binary’[0m
Build	Fastlane Build & Archive	2026-07-20T11:35:01.3134580Z [11:35:01]: ▸ [35mChecking out 1.2024072200.0 of package ‘abseil-cpp-binary’[0m
Build	Fastlane Build & Archive	2026-07-20T11:35:58.1087590Z [11:35:58]: ▸ [35mUpdating from https://github.com/maxkonovalov/MKRingProgressView.git[0m
Build	Fastlane Build & Archive	2026-07-20T11:36:00.8091620Z [11:36:00]: ▸ [35mUpdating from https://github.com/no-comment/SlideButton[0m
Build	Fastlane Build & Archive	2026-07-20T11:36:02.5228220Z [11:36:02]: ▸ [35mUpdating from https://github.com/ivanschuetz/SwiftCharts.git[0m
Build	Fastlane Build & Archive	2026-07-20T11:36:04.6715210Z [11:36:04]: ▸ [35mUpdating from https://github.com/tidepool-org/TidepoolKit[0m
Build	Fastlane Build & Archive	2026-07-20T11:36:06.5997530Z [11:36:06]: ▸ [35mUpdating from https://github.com/Kitura/LoggerAPI.git[0m
Build	Fastlane Build & Archive	2026-07-20T11:36:06.9884420Z [11:36:06]: ▸ [35mUpdating from https://github.com/google/grpc-binary.git[0m
Build	Fastlane Build & Archive	2026-07-20T11:36:07.0180730Z [11:36:07]: ▸ [35mUpdating from https://github.com/google/interop-ios-for-google-sdks.git[0m
Build	Fastlane Build & Archive	2026-07-20T11:36:07.5957620Z [11:36:07]: ▸ [35mUpdating from https://github.com/apple/swift-protobuf.git[0m
Build	Fastlane Build & Archive	2026-07-20T11:36:07.6267030Z [11:36:07]: ▸ [35mUpdating from https://github.com/Kitura/BlueECC.git[0m
Build	Fastlane Build & Archive	2026-07-20T11:36:08.0346430Z [11:36:08]: ▸ [35mUpdating from https://github.com/Kitura/BlueCryptor.git[0m
Build	Fastlane Build & Archive	2026-07-20T11:36:08.0718460Z [11:36:08]: ▸ [35mUpdating from https://github.com/firebase/firebase-ios-sdk.git[0m
Build	Fastlane Build & Archive	2026-07-20T11:36:09.2834300Z [11:36:09]: ▸ [35mUpdating from https://github.com/google/app-check.git[0m
Build	Fastlane Build & Archive	2026-07-20T11:36:09.2836000Z [11:36:09]: ▸ [35mUpdating from https://github.com/firebase/leveldb.git[0m
Build	Fastlane Build & Archive	2026-07-20T11:36:09.2842650Z [11:36:09]: ▸ [35mUpdating from https://github.com/Kitura/BlueRSA.git[0m
Build	Fastlane Build & Archive	2026-07-20T11:36:09.3135680Z [11:36:09]: ▸ [35mUpdating from https://github.com/google/promises.git[0m
Build	Fastlane Build & Archive	2026-07-20T11:36:09.6607000Z [11:36:09]: ▸ [35mUpdating from https://github.com/Swinject/Swinject[0m
Build	Fastlane Build & Archive	2026-07-20T11:36:09.8666620Z [11:36:09]: ▸ [35mUpdating from https://github.com/firebase/nanopb.git[0m
Build	Fastlane Build & Archive	2026-07-20T11:36:10.0721730Z [11:36:10]: ▸ [35mUpdating from https://github.com/apple/swift-algorithms[0m
Build	Fastlane Build & Archive	2026-07-20T11:36:10.3136850Z [11:36:10]: ▸ [35mUpdating from https://github.com/malcommac/SwiftDate[0m
Build	Fastlane Build & Archive	2026-07-20T11:36:10.4864320Z [11:36:10]: ▸ [35mUpdating from https://github.com/apple/swift-log.git[0m
Build	Fastlane Build & Archive	2026-07-20T11:36:10.7287470Z [11:36:10]: ▸ [35mUpdating from https://github.com/google/gtm-session-fetcher.git[0m
Build	Fastlane Build & Archive	2026-07-20T11:36:10.9017270Z [11:36:10]: ▸ [35mUpdating from https://github.com/Kitura/KituraContracts.git[0m
Build	Fastlane Build & Archive	2026-07-20T11:36:11.0875710Z [11:36:11]: ▸ [35mUpdating from https://github.com/apple/swift-numerics[0m
Build	Fastlane Build & Archive	2026-07-20T11:36:11.6753370Z [11:36:11]: ▸ [35mUpdating from https://github.com/google/GoogleAppMeasurement.git[0m
Build	Fastlane Build & Archive	2026-07-20T11:36:11.6758800Z [11:36:11]: ▸ [35mUpdating from https://github.com/google/GoogleDataTransport.git[0m
Build	Fastlane Build & Archive	2026-07-20T11:36:11.9524940Z [11:36:11]: ▸ [35mUpdating from https://github.com/google/GoogleUtilities.git[0m
Build	Fastlane Build & Archive	2026-07-20T11:36:12.0447680Z [11:36:12]: ▸ [35mUpdating from https://github.com/krzyzanowskim/CryptoSwift[0m
Build	Fastlane Build & Archive	2026-07-20T11:36:12.3655940Z [11:36:12]: ▸ [35mUpdating from http://github.com/Kitura/Swift-JWT.git[0m
Build	Fastlane Build & Archive	2026-07-20T11:36:12.6137420Z [11:36:12]: ▸ [35mUpdating from https://github.com/garmin/connectiq-companion-app-sdk-ios[0m
Build	Fastlane Build & Archive	2026-07-20T11:36:12.7175180Z [11:36:12]: ▸ [35mUpdating from https://github.com/google/abseil-cpp-binary.git[0m
Build	Fastlane Build & Archive	2026-07-20T11:36:12.9532730Z [11:36:12]: ▸ [35mFetching from https://github.com/SwiftKickMobile/SwiftMessages[0m
Build	Fastlane Build & Archive	2026-07-20T11:36:53.4614680Z [11:36:53]: ▸ [35mCreating working copy of package ‘SwiftMessages’[0m
Build	Fastlane Build & Archive	2026-07-20T11:36:53.5738520Z [11:36:53]: ▸ [35mChecking out 9.0.9 of package ‘SwiftMessages’[0m
Build	Fastlane Build & Archive	2026-07-20T11:37:00.1063610Z [11:37:00]: ▸ [35mResolved source packages:[0m
Build	Fastlane Build & Archive	2026-07-20T11:37:00.1074890Z [11:37:00]: ▸ [35m  SwiftProtobuf: https://github.com/apple/swift-protobuf.git @ 1.29.0[0m
Build	Fastlane Build & Archive	2026-07-20T11:37:00.1086060Z [11:37:00]: ▸ [35m  SwiftDate: https://github.com/malcommac/SwiftDate @ 6.3.1[0m
Build	Fastlane Build & Archive	2026-07-20T11:37:00.1091400Z [11:37:00]: ▸ [35m  Promises: https://github.com/google/promises.git @ 2.4.0[0m
Build	Fastlane Build & Archive	2026-07-20T11:37:00.1096670Z [11:37:00]: ▸ [35m  KituraContracts: https://github.com/Kitura/KituraContracts.git @ 2.0.1[0m
Build	Fastlane Build & Archive	2026-07-20T11:37:00.1098750Z [11:37:00]: ▸ [35m  MKRingProgressView: https://github.com/maxkonovalov/MKRingProgressView.git @ master (660888a)[0m
Build	Fastlane Build & Archive	2026-07-20T11:37:00.1103490Z [11:37:00]: ▸ [35m  CryptoSwift: https://github.com/krzyzanowskim/CryptoSwift @ 1.8.2[0m
Build	Fastlane Build & Archive	2026-07-20T11:37:00.1108580Z [11:37:00]: ▸ [35m  SwiftCharts: https://github.com/ivanschuetz/SwiftCharts.git @ master (c354c19)[0m
Build	Fastlane Build & Archive	2026-07-20T11:37:00.1110250Z [11:37:00]: ▸ [35m  GoogleAppMeasurement: https://github.com/google/GoogleAppMeasurement.git @ 11.11.0[0m
Build	Fastlane Build & Archive	2026-07-20T11:37:00.1116940Z [11:37:00]: ▸ [35m  SwiftMessages: https://github.com/SwiftKickMobile/SwiftMessages @ 9.0.9[0m
Build	Fastlane Build & Archive	2026-07-20T11:37:00.1118870Z [11:37:00]: ▸ [35m  CryptorRSA: https://github.com/Kitura/BlueRSA.git @ 1.0.203[0m
Build	Fastlane Build & Archive	2026-07-20T11:37:00.1120670Z [11:37:00]: ▸ [35m  AppCheck: https://github.com/google/app-check.git @ 11.2.0[0m
Build	Fastlane Build & Archive	2026-07-20T11:37:00.1124970Z [11:37:00]: ▸ [35m  LoggerAPI: https://github.com/Kitura/LoggerAPI.git @ 2.0.0[0m
Build	Fastlane Build & Archive	2026-07-20T11:37:00.1133740Z [11:37:00]: ▸ [35m  nanopb: https://github.com/firebase/nanopb.git @ 2.30910.0[0m
Build	Fastlane Build & Archive	2026-07-20T11:37:00.1154920Z [11:37:00]: ▸ [35m  SwiftJWT: http://github.com/Kitura/Swift-JWT.git @ 4.0.1[0m
Build	Fastlane Build & Archive	2026-07-20T11:37:00.1159420Z [11:37:00]: ▸ [35m  abseil: https://github.com/google/abseil-cpp-binary.git @ 1.2024072200.0[0m
Build	Fastlane Build & Archive	2026-07-20T11:37:00.1162810Z [11:37:00]: ▸ [35m  GoogleUtilities: https://github.com/google/GoogleUtilities.git @ 8.0.2[0m
Build	Fastlane Build & Archive	2026-07-20T11:37:00.1166300Z [11:37:00]: ▸ [35m  Cryptor: https://github.com/Kitura/BlueCryptor.git @ 2.0.2[0m
Build	Fastlane Build & Archive	2026-07-20T11:37:00.1170990Z [11:37:00]: ▸ [35m  swift-algorithms: https://github.com/apple/swift-algorithms @ 0.2.1[0m
Build	Fastlane Build & Archive	2026-07-20T11:37:00.1181010Z [11:37:00]: ▸ [35m  swift-log: https://github.com/apple/swift-log.git @ 1.6.4[0m
Build	Fastlane Build & Archive	2026-07-20T11:37:00.1184050Z [11:37:00]: ▸ [35m  leveldb: https://github.com/firebase/leveldb.git @ 1.22.5[0m
Build	Fastlane Build & Archive	2026-07-20T11:37:00.1187130Z [11:37:00]: ▸ [35m  gRPC: https://github.com/google/grpc-binary.git @ 1.69.0[0m
Build	Fastlane Build & Archive	2026-07-20T11:37:00.1192340Z [11:37:00]: ▸ [35m  TidepoolKit: https://github.com/tidepool-org/TidepoolKit @ dev (5c92b4f)[0m
Build	Fastlane Build & Archive	2026-07-20T11:37:00.1197840Z [11:37:00]: ▸ [35m  GoogleDataTransport: https://github.com/google/GoogleDataTransport.git @ 10.1.0[0m
Build	Fastlane Build & Archive	2026-07-20T11:37:00.1200780Z [11:37:00]: ▸ [35m  GTMSessionFetcher: https://github.com/google/gtm-session-fetcher.git @ 4.4.0[0m
Build	Fastlane Build & Archive	2026-07-20T11:37:00.1209710Z [11:37:00]: ▸ [35m  SlideButton: https://github.com/no-comment/SlideButton @ main (5eacebb)[0m
Build	Fastlane Build & Archive	2026-07-20T11:37:00.1212110Z [11:37:00]: ▸ [35m  CryptorECC: https://github.com/Kitura/BlueECC.git @ 1.2.201[0m
Build	Fastlane Build & Archive	2026-07-20T11:37:00.1218990Z [11:37:00]: ▸ [35m  InteropForGoogle: https://github.com/google/interop-ios-for-google-sdks.git @ 101.0.0[0m
Build	Fastlane Build & Archive	2026-07-20T11:37:00.1367550Z [11:37:00]: ▸ [35m  Firebase: https://github.com/firebase/firebase-ios-sdk.git @ 11.11.0[0m
Build	Fastlane Build & Archive	2026-07-20T11:37:00.1379100Z [11:37:00]: ▸ [35m  ConnectIQ: https://github.com/garmin/connectiq-companion-app-sdk-ios @ 1.8.0[0m
Build	Fastlane Build & Archive	2026-07-20T11:37:00.1397330Z [11:37:00]: ▸ [35m  Swinject: https://github.com/Swinject/Swinject @ 2.9.1[0m
Build	Fastlane Build & Archive	2026-07-20T11:37:00.1460330Z [11:37:00]: ▸ [35m  swift-numerics: https://github.com/apple/swift-numerics @ 0.1.0[0m
Build	Fastlane Build & Archive	2026-07-20T11:37:00.1462580Z [11:37:00]: ▸ [35mresolved source packages: SwiftProtobuf, SwiftDate, Promises, KituraContracts, MKRingProgressView, CryptoSwift, SwiftCharts, GoogleAppMeasurement, SwiftMessages, CryptorRSA, AppCheck, LoggerAPI, nanopb, SwiftJWT, abseil, GoogleUtilities, Cryptor, swift-algorithms, swift-log, leveldb, gRPC, TidepoolKit, GoogleDataTransport, GTMSessionFetcher, SlideButton, CryptorECC, InteropForGoogle, Firebase, ConnectIQ, Swinject, swift-numerics[0m
Build	Fastlane Build & Archive	2026-07-20T11:37:00.1888120Z [11:37:00]: [36m$ xcodebuild -showBuildSettings -workspace ./Trio.xcworkspace -scheme Trio -configuration Release -destination generic/platform\=iOS 2>&1[0m
Build	Fastlane Build & Archive	2026-07-20T11:37:16.6019500Z [11:37:16]: Detected provisioning profile mapping: {"org.nightscout.***.trio": "match AppStore org.nightscout.***.trio", "org.nightscout.***.trio.watchkitapp": "match AppStore org.nightscout.***.trio.watchkitapp", "org.nightscout.***.trio.watchkitapp.TrioWatchComplication": "match AppStore org.nightscout.***.trio.watchkitapp.TrioWatchComplication", "org.nightscout.***.trio.LiveActivity": "match AppStore org.nightscout.***.trio.LiveActivity"}
Build	Fastlane Build & Archive	2026-07-20T11:37:17.2537160Z 
Build	Fastlane Build & Archive	2026-07-20T11:37:17.2552270Z +----------------------------------------------------------------------------------------------------------------------------------------------------------------------------------------+
Build	Fastlane Build & Archive	2026-07-20T11:37:17.2554370Z |                                                                                [32mSummary for gym 2.235.0[0m                                                                                 |
Build	Fastlane Build & Archive	2026-07-20T11:37:17.2555230Z +------------------------------------------------------------------------------------------------------+---------------------------------------------------------------------------------+
Build	Fastlane Build & Archive	2026-07-20T11:37:17.2556090Z | export_method                                                                                        | app-store                                                                       |
Build	Fastlane Build & Archive	2026-07-20T11:37:17.2556810Z | scheme                                                                                               | Trio                                                                            |
Build	Fastlane Build & Archive	2026-07-20T11:37:17.2557500Z | output_name                                                                                          | Trio                                                                            |
Build	Fastlane Build & Archive	2026-07-20T11:37:17.2558200Z | configuration                                                                                        | Release                                                                         |
Build	Fastlane Build & Archive	2026-07-20T11:37:17.2558930Z | destination                                                                                          | generic/platform=iOS                                                            |
Build	Fastlane Build & Archive	2026-07-20T11:37:17.2559670Z | buildlog_path                                                                                        | buildlog                                                                        |
Build	Fastlane Build & Archive	2026-07-20T11:37:17.2560670Z | export_options.provisioningProfiles.org.nightscout.***.trio                                   | match AppStore org.nightscout.***.trio                                   |
Build	Fastlane Build & Archive	2026-07-20T11:37:17.2561760Z | export_options.provisioningProfiles.org.nightscout.***.trio.watchkitapp                       | match AppStore org.nightscout.***.trio.watchkitapp                       |
Build	Fastlane Build & Archive	2026-07-20T11:37:17.2562960Z | export_options.provisioningProfiles.org.nightscout.***.trio.watchkitapp.TrioWatchComplication | match AppStore org.nightscout.***.trio.watchkitapp.TrioWatchComplication |
Build	Fastlane Build & Archive	2026-07-20T11:37:17.2565310Z | export_options.provisioningProfiles.org.nightscout.***.trio.LiveActivity                      | match AppStore org.nightscout.***.trio.LiveActivity                      |
Build	Fastlane Build & Archive	2026-07-20T11:37:17.2566220Z | workspace                                                                                            | ./Trio.xcworkspace                                                              |
Build	Fastlane Build & Archive	2026-07-20T11:37:17.2571320Z | clean                                                                                                | false                                                                           |
Build	Fastlane Build & Archive	2026-07-20T11:37:17.2572120Z | output_directory                                                                                     | .                                                                               |
Build	Fastlane Build & Archive	2026-07-20T11:37:17.2572890Z | silent                                                                                               | false                                                                           |
Build	Fastlane Build & Archive	2026-07-20T11:37:17.2573640Z | skip_package_ipa                                                                                     | false                                                                           |
Build	Fastlane Build & Archive	2026-07-20T11:37:17.2574370Z | skip_package_pkg                                                                                     | false                                                                           |
Build	Fastlane Build & Archive	2026-07-20T11:37:17.2575270Z | build_path                                                                                           | /Users/runner/Library/Developer/Xcode/Archives/2026-07-20                       |
Build	Fastlane Build & Archive	2026-07-20T11:37:17.2576070Z | result_bundle                                                                                        | false                                                                           |
Build	Fastlane Build & Archive	2026-07-20T11:37:17.2576860Z | xcodebuild_formatter                                                                                 | xcbeautify                                                                      |
Build	Fastlane Build & Archive	2026-07-20T11:37:17.2577620Z | build_timing_summary                                                                                 | false                                                                           |
Build	Fastlane Build & Archive	2026-07-20T11:37:17.2578380Z | skip_profile_detection                                                                               | false                                                                           |
Build	Fastlane Build & Archive	2026-07-20T11:37:17.2579190Z | xcodebuild_command                                                                                   | xcodebuild                                                                      |
Build	Fastlane Build & Archive	2026-07-20T11:37:17.2579900Z | skip_package_dependencies_resolution                                                                 | false                                                                           |
Build	Fastlane Build & Archive	2026-07-20T11:37:17.2580680Z | disable_package_automatic_updates                                                                    | false                                                                           |
Build	Fastlane Build & Archive	2026-07-20T11:37:17.2581460Z | skip_package_repository_fetches                                                                      | false                                                                           |
Build	Fastlane Build & Archive	2026-07-20T11:37:17.2582210Z | use_system_scm                                                                                       | false                                                                           |
Build	Fastlane Build & Archive	2026-07-20T11:37:17.2582940Z | generate_appstore_info                                                                               | false                                                                           |
Build	Fastlane Build & Archive	2026-07-20T11:37:17.2583690Z | xcode_path                                                                                           | /Applications/Xcode_26.2.app                                                    |
Build	Fastlane Build & Archive	2026-07-20T11:37:17.2584860Z +------------------------------------------------------------------------------------------------------+---------------------------------------------------------------------------------+
Build	Fastlane Build & Archive	2026-07-20T11:37:17.2585550Z 
Build	Fastlane Build & Archive	2026-07-20T11:37:17.2641950Z [11:37:17]: [36m$ set -o pipefail && xcodebuild -workspace ./Trio.xcworkspace -scheme Trio -configuration Release -destination 'generic/platform=iOS' -archivePath /Users/runner/Library/Developer/Xcode/Archives/2026-07-20/Trio\ 2026-07-20\ 11.37.17.xcarchive archive | tee /Users/runner/work/Trio/Trio/buildlog/LoopKit-Trio.log | xcbeautify[0m
Build	Fastlane Build & Archive	2026-07-20T11:37:17.3724870Z [11:37:17]: ▸ [35m----- xcbeautify -----[0m
Build	Fastlane Build & Archive	2026-07-20T11:37:17.3726640Z [11:37:17]: ▸ [35mVersion: 3.2.1[0m
Build	Fastlane Build & Archive	2026-07-20T11:37:17.3728610Z [11:37:17]: ▸ [35m----------------------[0m
Build	Fastlane Build & Archive	2026-07-20T11:37:21.1070200Z [11:37:21]: ▸ [35m[36;1mResolving Package Graph[0m
Build	Fastlane Build & Archive	2026-07-20T11:37:26.8103170Z [11:37:26]: ▸ [35m[32;1mResolved source packages[0m
Build	Fastlane Build & Archive	2026-07-20T11:37:26.8108190Z [11:37:26]: ▸ [35m[36;1mCryptoSwift[0m - [1mhttps://github.com/krzyzanowskim/CryptoSwift[0m @ [32m1.8.2[0m
Build	Fastlane Build & Archive	2026-07-20T11:37:26.8115140Z [11:37:26]: ▸ [35m[36;1mSwiftDate[0m - [1mhttps://github.com/malcommac/SwiftDate[0m @ [32m6.3.1[0m
Build	Fastlane Build & Archive	2026-07-20T11:37:26.8121530Z [11:37:26]: ▸ [35m[36;1mAppCheck[0m - [1mhttps://github.com/google/app-check.git[0m @ [32m11.2.0[0m
Build	Fastlane Build & Archive	2026-07-20T11:37:26.8123150Z [11:37:26]: ▸ [35m[36;1mPromises[0m - [1mhttps://github.com/google/promises.git[0m @ [32m2.4.0[0m
Build	Fastlane Build & Archive	2026-07-20T11:37:26.8125020Z [11:37:26]: ▸ [35m[36;1mSwinject[0m - [1mhttps://github.com/Swinject/Swinject[0m @ [32m2.9.1[0m
Build	Fastlane Build & Archive	2026-07-20T11:37:26.8130570Z [11:37:26]: ▸ [35m[36;1mswift-algorithms[0m - [1mhttps://github.com/apple/swift-algorithms[0m @ [32m0.2.1[0m
Build	Fastlane Build & Archive	2026-07-20T11:37:26.8145640Z [11:37:26]: ▸ [35m[36;1mCryptor[0m - [1mhttps://github.com/Kitura/BlueCryptor.git[0m @ [32m2.0.2[0m
Build	Fastlane Build & Archive	2026-07-20T11:37:26.8146960Z [11:37:26]: ▸ [35m[36;1mGoogleAppMeasurement[0m - [1mhttps://github.com/google/GoogleAppMeasurement.git[0m @ [32m11.11.0[0m
Build	Fastlane Build & Archive	2026-07-20T11:37:26.8150390Z [11:37:26]: ▸ [35m[36;1mConnectIQ[0m - [1mhttps://github.com/garmin/connectiq-companion-app-sdk-ios[0m @ [32m1.8.0[0m
Build	Fastlane Build & Archive	2026-07-20T11:37:26.8152390Z [11:37:26]: ▸ [35m[36;1mKituraContracts[0m - [1mhttps://github.com/Kitura/KituraContracts.git[0m @ [32m2.0.1[0m
Build	Fastlane Build & Archive	2026-07-20T11:37:26.8160510Z [11:37:26]: ▸ [35m[36;1mFirebase[0m - [1mhttps://github.com/firebase/firebase-ios-sdk.git[0m @ [32m11.11.0[0m
Build	Fastlane Build & Archive	2026-07-20T11:37:26.8162140Z [11:37:26]: ▸ [35m[36;1mGoogleUtilities[0m - [1mhttps://github.com/google/GoogleUtilities.git[0m @ [32m8.0.2[0m
Build	Fastlane Build & Archive	2026-07-20T11:37:26.8169050Z [11:37:26]: ▸ [35m[36;1mswift-log[0m - [1mhttps://github.com/apple/swift-log.git[0m @ [32m1.6.4[0m
Build	Fastlane Build & Archive	2026-07-20T11:37:26.8171520Z [11:37:26]: ▸ [35m[36;1mleveldb[0m - [1mhttps://github.com/firebase/leveldb.git[0m @ [32m1.22.5[0m
Build	Fastlane Build & Archive	2026-07-20T11:37:26.8174030Z [11:37:26]: ▸ [35m[36;1mSwiftMessages[0m - [1mhttps://github.com/SwiftKickMobile/SwiftMessages[0m @ [32m9.0.9[0m
Build	Fastlane Build & Archive	2026-07-20T11:37:26.8176940Z [11:37:26]: ▸ [35m[36;1mInteropForGoogle[0m - [1mhttps://github.com/google/interop-ios-for-google-sdks.git[0m @ [32m101.0.0[0m
Build	Fastlane Build & Archive	2026-07-20T11:37:26.8184730Z [11:37:26]: ▸ [35m[36;1mGoogleDataTransport[0m - [1mhttps://github.com/google/GoogleDataTransport.git[0m @ [32m10.1.0[0m
Build	Fastlane Build & Archive	2026-07-20T11:37:26.8236210Z [11:37:26]: ▸ [35m[36;1mnanopb[0m - [1mhttps://github.com/firebase/nanopb.git[0m @ [32m2.30910.0[0m
Build	Fastlane Build & Archive	2026-07-20T11:37:26.8239430Z [11:37:26]: ▸ [35m[36;1mabseil[0m - [1mhttps://github.com/google/abseil-cpp-binary.git[0m @ [32m1.2024072200.0[0m
Build	Fastlane Build & Archive	2026-07-20T11:37:26.8241920Z [11:37:26]: ▸ [35m[36;1mGTMSessionFetcher[0m - [1mhttps://github.com/google/gtm-session-fetcher.git[0m @ [32m4.4.0[0m
Build	Fastlane Build & Archive	2026-07-20T11:37:26.8244580Z [11:37:26]: ▸ [35m[36;1mSwiftProtobuf[0m - [1mhttps://github.com/apple/swift-protobuf.git[0m @ [32m1.29.0[0m
Build	Fastlane Build & Archive	2026-07-20T11:37:26.8251950Z [11:37:26]: ▸ [35m[36;1mCryptorRSA[0m - [1mhttps://github.com/Kitura/BlueRSA.git[0m @ [32m1.0.203[0m
Build	Fastlane Build & Archive	2026-07-20T11:37:26.8261860Z [11:37:26]: ▸ [35m[36;1mgRPC[0m - [1mhttps://github.com/google/grpc-binary.git[0m @ [32m1.69.0[0m
Build	Fastlane Build & Archive	2026-07-20T11:37:26.8268550Z [11:37:26]: ▸ [35m[36;1mCryptorECC[0m - [1mhttps://github.com/Kitura/BlueECC.git[0m @ [32m1.2.201[0m
Build	Fastlane Build & Archive	2026-07-20T11:37:26.8269340Z [11:37:26]: ▸ [35m[36;1mswift-numerics[0m - [1mhttps://github.com/apple/swift-numerics[0m @ [32m0.1.0[0m
Build	Fastlane Build & Archive	2026-07-20T11:37:26.8270120Z [11:37:26]: ▸ [35m[36;1mLoggerAPI[0m - [1mhttps://github.com/Kitura/LoggerAPI.git[0m @ [32m2.0.0[0m
Build	Fastlane Build & Archive	2026-07-20T11:37:26.8270860Z [11:37:26]: ▸ [35m[36;1mSwiftJWT[0m - [1mhttp://github.com/Kitura/Swift-JWT.git[0m @ [32m4.0.1[0m
Build	Fastlane Build & Archive	2026-07-20T11:37:31.9342760Z [11:37:31]: ▸ [35m[36;1mnote: [0mBuilding targets in dependency order[0m
Build	Fastlane Build & Archive	2026-07-20T11:37:31.9552530Z [11:37:31]: ▸ [35m[36;1mnote: [0mTarget dependency graph (109 targets)[0m
Build	Fastlane Build & Archive	2026-07-20T11:37:54.2065840Z [11:37:54]: ▸ [35m[[36mTrio Watch Complication Extension[0m] [1mWrite Auxiliary File[0m Trio\ Watch\ Complication\ Extension.hmap[0m
Build	Fastlane Build & Archive	2026-07-20T11:37:54.2203410Z [11:37:54]: ▸ [35m[[36mTrio Watch Complication Extension[0m] [1mWrite Auxiliary File[0m Trio\ Watch\ Complication\ Extension.DependencyStaticMetadataFileList[0m
Build	Fastlane Build & Archive	2026-07-20T11:37:54.2414520Z [11:37:54]: ▸ [35m[[36mTrio Watch Complication Extension[0m] [1mWrite Auxiliary File[0m Trio\ Watch\ Complication\ Extension.DependencyMetadataFileList[0m
Build	Fastlane Build & Archive	2026-07-20T11:37:54.2421200Z [11:37:54]: ▸ [35m[[36mTrio Watch Complication Extension[0m] [1mWrite Auxiliary File[0m Trio\ Watch\ Complication\ Extension-project-headers.hmap[0m
Build	Fastlane Build & Archive	2026-07-20T11:37:54.2533970Z [11:37:54]: ▸ [35m[[36mTrio Watch Complication Extension[0m] [1mWrite Auxiliary File[0m Trio\ Watch\ Complication\ Extension-own-target-headers.hmap[0m
Build	Fastlane Build & Archive	2026-07-20T11:37:54.2698730Z [11:37:54]: ▸ [35m[[36mTrio Watch Complication Extension[0m] [1mWrite Auxiliary File[0m Trio\ Watch\ Complication\ Extension-generated-files.hmap[0m
Build	Fastlane Build & Archive	2026-07-20T11:37:54.2872920Z [11:37:54]: ▸ [35m[[36mTrio Watch Complication Extension[0m] [1mWrite Auxiliary File[0m Trio\ Watch\ Complication\ Extension-all-target-headers.hmap[0m
Build	Fastlane Build & Archive	2026-07-20T11:37:54.2990640Z [11:37:54]: ▸ [35m[[36mTrio Watch Complication Extension[0m] [1mWrite Auxiliary File[0m Trio\ Watch\ Complication\ Extension-all-non-framework-target-headers.hmap[0m
Build	Fastlane Build & Archive	2026-07-20T11:37:54.3276590Z [11:37:54]: ▸ [35m[[36mTrio Watch Complication Extension[0m] [1mWrite Auxiliary File[0m Trio\ Watch\ Complication\ Extension_const_extract_protocols.json[0m
Build	Fastlane Build & Archive	2026-07-20T11:37:54.3415410Z [11:37:54]: ▸ [35m[[36mTrio Watch Complication Extension[0m] [1mWrite Auxiliary File[0m Trio\ Watch\ Complication\ Extension.SwiftFileList[0m
Build	Fastlane Build & Archive	2026-07-20T11:37:54.3520550Z [11:37:54]: ▸ [35m[[36mTrio Watch Complication Extension[0m] [1mWrite Auxiliary File[0m Trio\ Watch\ Complication\ Extension.SwiftConstValuesFileList[0m
Build	Fastlane Build & Archive	2026-07-20T11:37:54.3641060Z [11:37:54]: ▸ [35m[[36mTrio Watch Complication Extension[0m] [1mWrite Auxiliary File[0m Trio\ Watch\ Complication\ Extension.LinkFileList[0m
Build	Fastlane Build & Archive	2026-07-20T11:37:54.3781930Z [11:37:54]: ▸ [35m[[36mTrio Watch Complication Extension[0m] [1mWrite Auxiliary File[0m Trio\ Watch\ Complication\ Extension-OutputFileMap.json[0m
Build	Fastlane Build & Archive	2026-07-20T11:37:54.4027540Z [11:37:54]: ▸ [35m[[36mTrio Watch Complication Extension[0m] [1mWrite Auxiliary File[0m Trio\ Watch\ Complication\ Extension_const_extract_protocols.json[0m
Build	Fastlane Build & Archive	2026-07-20T11:37:54.4132770Z [11:37:54]: ▸ [35m[[36mTrio Watch Complication Extension[0m] [1mWrite Auxiliary File[0m Trio\ Watch\ Complication\ Extension.SwiftFileList[0m
Build	Fastlane Build & Archive	2026-07-20T11:37:54.4236120Z [11:37:54]: ▸ [35m[[36mTrio Watch Complication Extension[0m] [1mWrite Auxiliary File[0m Trio\ Watch\ Complication\ Extension.SwiftConstValuesFileList[0m
Build	Fastlane Build & Archive	2026-07-20T11:37:54.4346160Z [11:37:54]: ▸ [35m[[36mTrio Watch Complication Extension[0m] [1mWrite Auxiliary File[0m Trio\ Watch\ Complication\ Extension.LinkFileList[0m
Build	Fastlane Build & Archive	2026-07-20T11:37:54.4394320Z [11:37:54]: ▸ [35m[[36mTrio Watch Complication Extension[0m] [1mWrite Auxiliary File[0m Trio\ Watch\ Complication\ Extension-OutputFileMap.json[0m
Build	Fastlane Build & Archive	2026-07-20T11:37:54.4517360Z [11:37:54]: ▸ [35m[[36mTrio Watch Complication Extension[0m] [1mWrite Auxiliary File[0m Entitlements.plist[0m
Build	Fastlane Build & Archive	2026-07-20T11:37:54.4622870Z [11:37:54]: ▸ [35m[[36mTrio Watch App[0m] [1mWrite Auxiliary File[0m empty-Trio\ Watch\ App.plist[0m
Build	Fastlane Build & Archive	2026-07-20T11:37:54.4728230Z [11:37:54]: ▸ [35m[[36mTrio Watch App[0m] [1mWrite Auxiliary File[0m Trio\ Watch\ App.hmap[0m
Build	Fastlane Build & Archive	2026-07-20T11:37:54.4889740Z [11:37:54]: ▸ [35m[[36mTrio Watch App[0m] [1mWrite Auxiliary File[0m Trio\ Watch\ App.DependencyStaticMetadataFileList[0m
Build	Fastlane Build & Archive	2026-07-20T11:37:54.4898360Z [11:37:54]: ▸ [35m[[36mthird-party-IsAppEncrypted[0m] [1mWrite Auxiliary File[0m third-party-IsAppEncrypted.modulemap[0m
Build	Fastlane Build & Archive	2026-07-20T11:37:54.5038350Z [11:37:54]: ▸ [35m[[36mthird-party-IsAppEncrypted[0m] [1mWrite Auxiliary File[0m third-party-IsAppEncrypted.DependencyStaticMetadataFileList[0m
Build	Fastlane Build & Archive	2026-07-20T11:37:54.5164170Z [11:37:54]: ▸ [35m[[36mthird-party-IsAppEncrypted[0m] [1mWrite Auxiliary File[0m third-party-IsAppEncrypted.DependencyMetadataFileList[0m
Build	Fastlane Build & Archive	2026-07-20T11:37:54.5275050Z [11:37:54]: ▸ [35m[[36mthird-party-IsAppEncrypted[0m] [1mWrite Auxiliary File[0m third-party-IsAppEncrypted.LinkFileList[0m
Build	Fastlane Build & Archive	2026-07-20T11:37:54.5364660Z [11:37:54]: ▸ [35m[[36mthird-party-IsAppEncrypted[0m] [1mWrite Auxiliary File[0m e6072d4f65d7061329687fe24e3d63a7-common-args.resp[0m
Build	Fastlane Build & Archive	2026-07-20T11:37:54.5366890Z [11:37:54]: ▸ [35m[[36mthird-party-IsAppEncrypted[0m] [1mCopy[0m third-party-IsAppEncrypted.modulemap -> third-party-IsAppEncrypted.modulemap[0m
Build	Fastlane Build & Archive	2026-07-20T11:37:54.5511530Z [11:37:54]: ▸ [35m[[36mnanopb_nanopb[0m] [1mWrite Auxiliary File[0m nanopb_nanopb.DependencyStaticMetadataFileList[0m
Build	Fastlane Build & Archive	2026-07-20T11:37:54.5621610Z [11:37:54]: ▸ [35m[[36mnanopb_nanopb[0m] [1mWrite Auxiliary File[0m nanopb_nanopb.DependencyMetadataFileList[0m
Build	Fastlane Build & Archive	2026-07-20T11:37:54.5786380Z [11:37:54]: ▸ [35m[[36mnanopb_nanopb[0m] [1mWrite Auxiliary File[0m empty-nanopb_nanopb.plist[0m
Build	Fastlane Build & Archive	2026-07-20T11:37:54.5939080Z [11:37:54]: ▸ [35m[[36mTrio Watch App[0m] [1mWrite Auxiliary File[0m Trio\ Watch\ App.DependencyMetadataFileList[0m
Build	Fastlane Build & Archive	2026-07-20T11:37:54.6083150Z [11:37:54]: ▸ [35m[[36mTrio Watch App[0m] [1mWrite Auxiliary File[0m Trio\ Watch\ App-project-headers.hmap[0m
Build	Fastlane Build & Archive	2026-07-20T11:37:54.6269410Z [11:37:54]: ▸ [35m[[36mTrio Watch App[0m] [1mWrite Auxiliary File[0m Trio\ Watch\ App-own-target-headers.hmap[0m
Build	Fastlane Build & Archive	2026-07-20T11:37:54.6373860Z [11:37:54]: ▸ [35m[[36mTrio Watch App[0m] [1mWrite Auxiliary File[0m Trio\ Watch\ App-generated-files.hmap[0m
Build	Fastlane Build & Archive	2026-07-20T11:37:54.6374850Z [11:37:54]: ▸ [35m[[36mTrio Watch App[0m] [1mWrite Auxiliary File[0m Trio\ Watch\ App-all-target-headers.hmap[0m
Build	Fastlane Build & Archive	2026-07-20T11:37:54.6382790Z [11:37:54]: ▸ [35m[[36mTrio Watch App[0m] [1mWrite Auxiliary File[0m Trio\ Watch\ App-all-non-framework-target-headers.hmap[0m
Build	Fastlane Build & Archive	2026-07-20T11:37:54.6383980Z [11:37:54]: ▸ [35m[[36mTrio Watch App[0m] [1mWrite Auxiliary File[0m Trio\ Watch\ App_const_extract_protocols.json[0m
Build	Fastlane Build & Archive	2026-07-20T11:37:54.6386220Z [11:37:54]: ▸ [35m[[36mTrio Watch App[0m] [1mWrite Auxiliary File[0m Trio\ Watch\ App.SwiftFileList[0m
Build	Fastlane Build & Archive	2026-07-20T11:37:54.6387240Z [11:37:54]: ▸ [35m[[36mTrio Watch App[0m] [1mWrite Auxiliary File[0m Trio\ Watch\ App.SwiftConstValuesFileList[0m
Build	Fastlane Build & Archive	2026-07-20T11:37:54.6388140Z [11:37:54]: ▸ [35m[[36mTrio Watch App[0m] [1mWrite Auxiliary File[0m Trio\ Watch\ App.LinkFileList[0m
Build	Fastlane Build & Archive	2026-07-20T11:37:54.6412490Z [11:37:54]: ▸ [35m[[36mTrio Watch App[0m] [1mWrite Auxiliary File[0m Trio\ Watch\ App-OutputFileMap.json[0m
Build	Fastlane Build & Archive	2026-07-20T11:37:54.6531010Z [11:37:54]: ▸ [35m[[36mTrio Watch App[0m] [1mWrite Auxiliary File[0m Trio\ Watch\ App_const_extract_protocols.json[0m
Build	Fastlane Build & Archive	2026-07-20T11:37:54.6638970Z [11:37:54]: ▸ [35m[[36mTrio Watch App[0m] [1mWrite Auxiliary File[0m Trio\ Watch\ App.SwiftFileList[0m
Build	Fastlane Build & Archive	2026-07-20T11:37:54.6742210Z [11:37:54]: ▸ [35m[[36mTrio Watch App[0m] [1mWrite Auxiliary File[0m Trio\ Watch\ App.SwiftConstValuesFileList[0m
Build	Fastlane Build & Archive	2026-07-20T11:37:54.6844790Z [11:37:54]: ▸ [35m[[36mTrio Watch App[0m] [1mWrite Auxiliary File[0m Trio\ Watch\ App.LinkFileList[0m
Build	Fastlane Build & Archive	2026-07-20T11:37:54.6955320Z [11:37:54]: ▸ [35m[[36mTrio Watch App[0m] [1mWrite Auxiliary File[0m Trio\ Watch\ App-OutputFileMap.json[0m
Build	Fastlane Build & Archive	2026-07-20T11:37:54.7059210Z [11:37:54]: ▸ [35m[[36mTrio Watch App[0m] [1mWrite Auxiliary File[0m Entitlements.plist[0m
Build	Fastlane Build & Archive	2026-07-20T11:37:54.7161550Z [11:37:54]: ▸ [35m[[36mTidepoolKit_TidepoolKit[0m] [1mWrite Auxiliary File[0m empty-TidepoolKit_TidepoolKit.plist[0m
Build	Fastlane Build & Archive	2026-07-20T11:37:54.7265750Z [11:37:54]: ▸ [35m[[36mTidepoolKit_TidepoolKit[0m] [1mWrite Auxiliary File[0m TidepoolKit_TidepoolKit.DependencyStaticMetadataFileList[0m
Build	Fastlane Build & Archive	2026-07-20T11:37:54.7369560Z [11:37:54]: ▸ [35m[[36mTidepoolKit_TidepoolKit[0m] [1mWrite Auxiliary File[0m TidepoolKit_TidepoolKit.DependencyMetadataFileList[0m
Build	Fastlane Build & Archive	2026-07-20T11:37:54.7403870Z [11:37:54]: ▸ [35m[[36mSwiftMessages_SwiftMessages[0m] [1mWrite Auxiliary File[0m empty-SwiftMessages_SwiftMessages.plist[0m
Build	Fastlane Build & Archive	2026-07-20T11:37:54.7409750Z [11:37:54]: ▸ [35m[[36mSwiftMessages_SwiftMessages[0m] [1mWrite Auxiliary File[0m SwiftMessages_SwiftMessages.DependencyStaticMetadataFileList[0m
Build	Fastlane Build & Archive	2026-07-20T11:37:54.7414010Z [11:37:54]: ▸ [35m[[36mSwiftMessages_SwiftMessages[0m] [1mWrite Auxiliary File[0m SwiftMessages_SwiftMessages.DependencyMetadataFileList[0m
Build	Fastlane Build & Archive	2026-07-20T11:37:54.7421670Z [11:37:54]: ▸ [35m[[36mLoopKit-watchOS[0m] [1mWrite Auxiliary File[0m module.modulemap[0m
Build	Fastlane Build & Archive	2026-07-20T11:37:54.7423400Z [11:37:54]: ▸ [35m[[36mLoopKit-watchOS[0m] [1mWrite Auxiliary File[0m LoopKit.SwiftFileList[0m
Build	Fastlane Build & Archive	2026-07-20T11:37:54.7424360Z [11:37:54]: ▸ [35m[[36mLoopKit-watchOS[0m] [1mWrite Auxiliary File[0m LoopKit.SwiftConstValuesFileList[0m
Build	Fastlane Build & Archive	2026-07-20T11:37:54.7427390Z [11:37:54]: ▸ [35m[[36mLoopKit-watchOS[0m] [1mWrite Auxiliary File[0m LoopKit.LinkFileList[0m
Build	Fastlane Build & Archive	2026-07-20T11:37:54.7429870Z [11:37:54]: ▸ [35m[[36mLoopKit-watchOS[0m] [1mWrite Auxiliary File[0m LoopKit-watchOS_const_extract_protocols.json[0m
Build	Fastlane Build & Archive	2026-07-20T11:37:54.7539500Z [11:37:54]: ▸ [35m[[36mLoopKit-watchOS[0m] [1mWrite Auxiliary File[0m LoopKit-watchOS-OutputFileMap.json[0m
Build	Fastlane Build & Archive	2026-07-20T11:37:54.7643150Z [11:37:54]: ▸ [35m[[36mLoopKit-watchOS[0m] [1mWrite Auxiliary File[0m 7187679823f38a2a940e0043cdf9d637-common-args.resp[0m
Build	Fastlane Build & Archive	2026-07-20T11:37:54.7754790Z [11:37:54]: ▸ [35m[[36mLoopKit-watchOS[0m] [1mWrite Auxiliary File[0m LoopKit.SwiftFileList[0m
Build	Fastlane Build & Archive	2026-07-20T11:37:54.7863170Z [11:37:54]: ▸ [35m[[36mLoopKit-watchOS[0m] [1mWrite Auxiliary File[0m LoopKit.SwiftConstValuesFileList[0m
Build	Fastlane Build & Archive	2026-07-20T11:37:54.7967030Z [11:37:54]: ▸ [35m[[36mLoopKit-watchOS[0m] [1mWrite Auxiliary File[0m LoopKit.LinkFileList[0m
Build	Fastlane Build & Archive	2026-07-20T11:37:54.8070930Z [11:37:54]: ▸ [35m[[36mLoopKit-watchOS[0m] [1mWrite Auxiliary File[0m LoopKit-watchOS_const_extract_protocols.json[0m
Build	Fastlane Build & Archive	2026-07-20T11:37:54.8176640Z [11:37:54]: ▸ [35m[[36mLoopKit-watchOS[0m] [1mWrite Auxiliary File[0m LoopKit-watchOS-OutputFileMap.json[0m
Build	Fastlane Build & Archive	2026-07-20T11:37:54.8281400Z [11:37:54]: ▸ [35m[[36mLoopKit-watchOS[0m] [1mWrite Auxiliary File[0m 7187679823f38a2a940e0043cdf9d637-common-args.resp[0m
Build	Fastlane Build & Archive	2026-07-20T11:37:54.8386920Z [11:37:54]: ▸ [35m[[36mLoopKit-watchOS[0m] [1mWrite Auxiliary File[0m LoopKit.SwiftFileList[0m
Build	Fastlane Build & Archive	2026-07-20T11:37:54.8456320Z [11:37:54]: ▸ [35m[[36mLoopKit-watchOS[0m] [1mWrite Auxiliary File[0m LoopKit.SwiftConstValuesFileList[0m
Build	Fastlane Build & Archive	2026-07-20T11:37:54.8468450Z [11:37:54]: ▸ [35m[[36mLoopKit-watchOS[0m] [1mWrite Auxiliary File[0m LoopKit.LinkFileList[0m
Build	Fastlane Build & Archive	2026-07-20T11:37:54.8470390Z [11:37:54]: ▸ [35m[[36mLoopKit-watchOS[0m] [1mWrite Auxiliary File[0m LoopKit-watchOS_const_extract_protocols.json[0m
Build	Fastlane Build & Archive	2026-07-20T11:37:54.8474020Z [11:37:54]: ▸ [35m[[36mLoopKit-watchOS[0m] [1mWrite Auxiliary File[0m LoopKit-watchOS-OutputFileMap.json[0m
Build	Fastlane Build & Archive	2026-07-20T11:37:54.8584050Z [11:37:54]: ▸ [35m[[36mLoopKit-watchOS[0m] [1mWrite Auxiliary File[0m 7187679823f38a2a940e0043cdf9d637-common-args.resp[0m
Build	Fastlane Build & Archive	2026-07-20T11:37:54.8694480Z [11:37:54]: ▸ [35m[[36mLoopKit-watchOS[0m] [1mWrite Auxiliary File[0m LoopKit.hmap[0m
Build	Fastlane Build & Archive	2026-07-20T11:37:54.8698160Z [11:37:54]: ▸ [35m[[36mLoopKit-watchOS[0m] [1mWrite Auxiliary File[0m LoopKit.DependencyStaticMetadataFileList[0m
Build	Fastlane Build & Archive	2026-07-20T11:37:54.8803770Z [11:37:54]: ▸ [35m[[36mLoopKit-watchOS[0m] [1mWrite Auxiliary File[0m LoopKit.DependencyMetadataFileList[0m
Build	Fastlane Build & Archive	2026-07-20T11:37:54.8977880Z [11:37:54]: ▸ [35m[[36mLoopKit-watchOS[0m] [1mWrite Auxiliary File[0m LoopKit-project-headers.hmap[0m
Build	Fastlane Build & Archive	2026-07-20T11:37:54.9004740Z [11:37:54]: ▸ [35m[[36mLoopKit-watchOS[0m] [1mWrite Auxiliary File[0m LoopKit-own-target-headers.hmap[0m
Build	Fastlane Build & Archive	2026-07-20T11:37:54.9006030Z [11:37:54]: ▸ [35m[[36mLoopKit-watchOS[0m] [1mWrite Auxiliary File[0m LoopKit-generated-files.hmap[0m
Build	Fastlane Build & Archive	2026-07-20T11:37:54.9008040Z [11:37:54]: ▸ [35m[[36mLoopKit-watchOS[0m] [1mWrite Auxiliary File[0m LoopKit-all-target-headers.hmap[0m
Build	Fastlane Build & Archive	2026-07-20T11:37:54.9012190Z [11:37:54]: ▸ [35m[[36mLoopKit-watchOS[0m] [1mWrite Auxiliary File[0m LoopKit-all-non-framework-target-headers.hmap[0m
Build	Fastlane Build & Archive	2026-07-20T11:37:54.9127010Z [11:37:54]: ▸ [35m[[36mLoopKit-watchOS[0m] [1mWrite Auxiliary File[0m LoopKit_vers.c[0m
Build	Fastlane Build & Archive	2026-07-20T11:37:54.9161230Z [11:37:54]: ▸ [35m[[36mLoopKit-watchOS[0m] [1mCopying[0m LoopKit.h[0m
Build	Fastlane Build & Archive	2026-07-20T11:37:54.9164950Z [11:37:54]: ▸ [35m[[36mLoopKit-watchOS[0m] [1mCopy[0m module.modulemap -> module.modulemap[0m
Build	Fastlane Build & Archive	2026-07-20T11:37:54.9189360Z [11:37:54]: ▸ [35m[[36mnanopb[0m] [1mWrite Auxiliary File[0m nanopb.modulemap[0m
Build	Fastlane Build & Archive	2026-07-20T11:37:54.9193950Z [11:37:54]: ▸ [35m[[36mnanopb[0m] [1mWrite Auxiliary File[0m nanopb.DependencyStaticMetadataFileList[0m
Build	Fastlane Build & Archive	2026-07-20T11:37:54.9247170Z [11:37:54]: ▸ [35m[[36mnanopb[0m] [1mWrite Auxiliary File[0m nanopb.DependencyMetadataFileList[0m
Build	Fastlane Build & Archive	2026-07-20T11:37:54.9269860Z [11:37:54]: ▸ [35m[[36mnanopb[0m] [1mWrite Auxiliary File[0m nanopb.LinkFileList[0m
Build	Fastlane Build & Archive	2026-07-20T11:37:54.9272380Z [11:37:54]: ▸ [35m[[36mnanopb[0m] [1mWrite Auxiliary File[0m e6072d4f65d7061329687fe24e3d63a7-common-args.resp[0m
Build	Fastlane Build & Archive	2026-07-20T11:37:54.9273810Z [11:37:54]: ▸ [35m[[36mnanopb[0m] [1mWrite Auxiliary File[0m 7187679823f38a2a940e0043cdf9d637-common-args.resp[0m
Build	Fastlane Build & Archive	2026-07-20T11:37:54.9276240Z [11:37:54]: ▸ [35m[[36mnanopb[0m] [1mWrite Auxiliary File[0m resource_bundle_accessor.m[0m
Build	Fastlane Build & Archive	2026-07-20T11:37:54.9278220Z [11:37:54]: ▸ [35m[[36mnanopb[0m] [1mWrite Auxiliary File[0m resource_bundle_accessor.h[0m
Build	Fastlane Build & Archive	2026-07-20T11:37:54.9355630Z [11:37:54]: ▸ [35m[[36mnanopb[0m] [1mCopy[0m nanopb.modulemap -> nanopb.modulemap[0m
Build	Fastlane Build & Archive	2026-07-20T11:37:54.9356570Z [11:37:54]: ▸ [35m[[36m_NumericsShims[0m] [1mWrite Auxiliary File[0m _NumericsShims.DependencyStaticMetadataFileList[0m
Build	Fastlane Build & Archive	2026-07-20T11:37:54.9357500Z [11:37:54]: ▸ [35m[[36m_NumericsShims[0m] [1mWrite Auxiliary File[0m _NumericsShims.DependencyMetadataFileList[0m
Build	Fastlane Build & Archive	2026-07-20T11:37:54.9359550Z [11:37:54]: ▸ [35m[[36m_NumericsShims[0m] [1mWrite Auxiliary File[0m _NumericsShims.LinkFileList[0m
Build	Fastlane Build & Archive	2026-07-20T11:37:54.9360430Z [11:37:54]: ▸ [35m[[36m_NumericsShims[0m] [1mWrite Auxiliary File[0m 7187679823f38a2a940e0043cdf9d637-common-args.resp[0m
Build	Fastlane Build & Archive	2026-07-20T11:37:54.9361290Z [11:37:54]: ▸ [35m[[36mTidepoolServiceKitUI[0m] [1mWrite Auxiliary File[0m unextended-module.modulemap[0m
Build	Fastlane Build & Archive	2026-07-20T11:37:54.9362130Z [11:37:54]: ▸ [35m[[36mTidepoolServiceKitUI[0m] [1mWrite Auxiliary File[0m unextended-module-overlay.yaml[0m
Build	Fastlane Build & Archive	2026-07-20T11:37:54.9522760Z [11:37:54]: ▸ [35m[[36mTidepoolServiceKitUI[0m] [1mWrite Auxiliary File[0m module.modulemap[0m
Build	Fastlane Build & Archive	2026-07-20T11:37:54.9691270Z [11:37:54]: ▸ [35m[[36mTidepoolServiceKitUI[0m] [1mWrite Auxiliary File[0m TidepoolServiceKitUI.hmap[0m
Build	Fastlane Build & Archive	2026-07-20T11:37:54.9863720Z [11:37:54]: ▸ [35m[[36mTidepoolServiceKitUI[0m] [1mWrite Auxiliary File[0m TidepoolServiceKitUI.DependencyStaticMetadataFileList[0m
Build	Fastlane Build & Archive	2026-07-20T11:37:54.9880620Z [11:37:54]: ▸ [35m[[36mTidepoolServiceKitUI[0m] [1mWrite Auxiliary File[0m TidepoolServiceKitUI.DependencyMetadataFileList[0m
Build	Fastlane Build & Archive	2026-07-20T11:37:54.9882270Z [11:37:54]: ▸ [35m[[36mTidepoolServiceKitUI[0m] [1mWrite Auxiliary File[0m TidepoolServiceKitUI-project-headers.hmap[0m
Build	Fastlane Build & Archive	2026-07-20T11:37:54.9883560Z [11:37:54]: ▸ [35m[[36mTidepoolServiceKitUI[0m] [1mWrite Auxiliary File[0m TidepoolServiceKitUI-own-target-headers.hmap[0m
Build	Fastlane Build & Archive	2026-07-20T11:37:54.9884560Z [11:37:54]: ▸ [35m[[36mTidepoolServiceKitUI[0m] [1mWrite Auxiliary File[0m TidepoolServiceKitUI-generated-files.hmap[0m
Build	Fastlane Build & Archive	2026-07-20T11:37:54.9885770Z [11:37:54]: ▸ [35m[[36mTidepoolServiceKitUI[0m] [1mWrite Auxiliary File[0m TidepoolServiceKitUI-all-target-headers.hmap[0m
Build	Fastlane Build & Archive	2026-07-20T11:37:54.9904080Z [11:37:54]: ▸ [35m[[36mTidepoolServiceKitUI[0m] [1mWrite Auxiliary File[0m TidepoolServiceKitUI-all-non-framework-target-headers.hmap[0m
Build	Fastlane Build & Archive	2026-07-20T11:37:55.0109260Z [11:37:54]: ▸ [35m[[36mTidepoolServiceKitUI[0m] [1mWrite Auxiliary File[0m TidepoolServiceKitUI_const_extract_protocols.json[0m
Build	Fastlane Build & Archive	2026-07-20T11:37:55.0213590Z [11:37:54]: ▸ [35m[[36mTidepoolServiceKitUI[0m] [1mWrite Auxiliary File[0m TidepoolServiceKitUI.SwiftFileList[0m
Build	Fastlane Build & Archive	2026-07-20T11:37:55.0300210Z [11:37:54]: ▸ [35m[[36mTidepoolServiceKitUI[0m] [1mWrite Auxiliary File[0m TidepoolServiceKitUI.SwiftConstValuesFileList[0m
Build	Fastlane Build & Archive	2026-07-20T11:37:55.0301500Z [11:37:54]: ▸ [35m[[36mTidepoolServiceKitUI[0m] [1mWrite Auxiliary File[0m TidepoolServiceKitUI.LinkFileList[0m
Build	Fastlane Build & Archive	2026-07-20T11:37:55.0302530Z [11:37:54]: ▸ [35m[[36mTidepoolServiceKitUI[0m] [1mWrite Auxiliary File[0m TidepoolServiceKitUI-OutputFileMap.json[0m
Build	Fastlane Build & Archive	2026-07-20T11:37:55.0364060Z [11:37:54]: ▸ [35m[[36mTidepoolServiceKitUI[0m] [1mWrite Auxiliary File[0m 7187679823f38a2a940e0043cdf9d637-common-args.resp[0m
Build	Fastlane Build & Archive	2026-07-20T11:37:55.0366270Z [11:37:54]: ▸ [35m[[36mTidepoolServiceKitUI[0m] [1mWrite Auxiliary File[0m TidepoolServiceKitUI_vers.c[0m
Build	Fastlane Build & Archive	2026-07-20T11:37:55.0367150Z [11:37:54]: ▸ [35m[[36mTidepoolServiceKitUI[0m] [1mCopying[0m TidepoolServiceKitUI.h[0m
Build	Fastlane Build & Archive	2026-07-20T11:37:55.0367920Z [11:37:54]: ▸ [35m[[36mTidepoolServiceKitUI[0m] [1mCopy[0m module.modulemap -> module.modulemap[0m
Build	Fastlane Build & Archive	2026-07-20T11:37:55.0368720Z [11:37:54]: ▸ [35m[[36mTidepoolServiceKit[0m] [1mWrite Auxiliary File[0m unextended-module.modulemap[0m
Build	Fastlane Build & Archive	2026-07-20T11:37:55.0369550Z [11:37:54]: ▸ [35m[[36mTidepoolServiceKit[0m] [1mWrite Auxiliary File[0m unextended-module-overlay.yaml[0m
Build	Fastlane Build & Archive	2026-07-20T11:37:55.0370430Z [11:37:54]: ▸ [35m[[36mTidepoolServiceKit[0m] [1mWrite Auxiliary File[0m module.modulemap[0m
Build	Fastlane Build & Archive	2026-07-20T11:37:55.0383450Z [11:37:54]: ▸ [35m[[36mTidepoolServiceKit[0m] [1mWrite Auxiliary File[0m TidepoolServiceKit.hmap[0m
Build	Fastlane Build & Archive	2026-07-20T11:37:55.0387140Z [11:37:54]: ▸ [35m[[36mTidepoolServiceKit[0m] [1mWrite Auxiliary File[0m TidepoolServiceKit.DependencyStaticMetadataFileList[0m
Build	Fastlane Build & Archive	2026-07-20T11:37:55.0389620Z [11:37:54]: ▸ [35m[[36mTidepoolServiceKit[0m] [1mWrite Auxiliary File[0m TidepoolServiceKit.DependencyMetadataFileList[0m
Build	Fastlane Build & Archive	2026-07-20T11:37:55.0392430Z [11:37:54]: ▸ [35m[[36mTidepoolServiceKit[0m] [1mWrite Auxiliary File[0m TidepoolServiceKit-project-headers.hmap[0m
Build	Fastlane Build & Archive	2026-07-20T11:37:55.0395180Z [11:37:54]: ▸ [35m[[36mTidepoolServiceKit[0m] [1mWrite Auxiliary File[0m TidepoolServiceKit-own-target-headers.hmap[0m
Build	Fastlane Build & Archive	2026-07-20T11:37:55.0512780Z [11:37:54]: ▸ [35m[[36mTidepoolServiceKit[0m] [1mWrite Auxiliary File[0m TidepoolServiceKit-generated-files.hmap[0m
Build	Fastlane Build & Archive	2026-07-20T11:37:55.0591330Z [11:37:54]: ▸ [35m[[36mTidepoolServiceKit[0m] [1mWrite Auxiliary File[0m TidepoolServiceKit-all-target-headers.hmap[0m
Build	Fastlane Build & Archive	2026-07-20T11:37:55.0693180Z [11:37:54]: ▸ [35m[[36mTidepoolServiceKit[0m] [1mWrite Auxiliary File[0m TidepoolServiceKit-all-non-framework-target-headers.hmap[0m
Build	Fastlane Build & Archive	2026-07-20T11:37:55.0802110Z [11:37:54]: ▸ [35m[[36mTidepoolServiceKit[0m] [1mWrite Auxiliary File[0m TidepoolServiceKit_const_extract_protocols.json[0m
Build	Fastlane Build & Archive	2026-07-20T11:37:55.0874310Z [11:37:54]: ▸ [35m[[36mTidepoolServiceKit[0m] [1mWrite Auxiliary File[0m TidepoolServiceKit.SwiftFileList[0m
Build	Fastlane Build & Archive	2026-07-20T11:37:55.0875940Z [11:37:54]: ▸ [35m[[36mTidepoolServiceKit[0m] [1mWrite Auxiliary File[0m TidepoolServiceKit.SwiftConstValuesFileList[0m
Build	Fastlane Build & Archive	2026-07-20T11:37:55.0880520Z [11:37:54]: ▸ [35m[[36mTidepoolServiceKit[0m] [1mWrite Auxiliary File[0m TidepoolServiceKit.LinkFileList[0m
Build	Fastlane Build & Archive	2026-07-20T11:37:55.0881500Z [11:37:54]: ▸ [35m[[36mTidepoolServiceKit[0m] [1mWrite Auxiliary File[0m TidepoolServiceKit-OutputFileMap.json[0m
Build	Fastlane Build & Archive	2026-07-20T11:37:55.0882500Z [11:37:54]: ▸ [35m[[36mTidepoolServiceKit[0m] [1mWrite Auxiliary File[0m 7187679823f38a2a940e0043cdf9d637-common-args.resp[0m
Build	Fastlane Build & Archive	2026-07-20T11:37:55.0884140Z [11:37:54]: ▸ [35m[[36mTidepoolServiceKit[0m] [1mWrite Auxiliary File[0m TidepoolServiceKit_vers.c[0m
Build	Fastlane Build & Archive	2026-07-20T11:37:55.0884950Z [11:37:54]: ▸ [35m[[36mTidepoolServiceKit[0m] [1mCopying[0m TidepoolServiceKit.h[0m
Build	Fastlane Build & Archive	2026-07-20T11:37:55.0885720Z [11:37:54]: ▸ [35m[[36mTidepoolServiceKit[0m] [1mCopy[0m module.modulemap -> module.modulemap[0m
Build	Fastlane Build & Archive	2026-07-20T11:37:55.0911120Z [11:37:54]: ▸ [35m[[36mTidepoolKit[0m] [1mWrite Auxiliary File[0m TidepoolKit.modulemap[0m
Build	Fastlane Build & Archive	2026-07-20T11:37:55.1015310Z [11:37:54]: ▸ [35m[[36mTidepoolKit[0m] [1mWrite Auxiliary File[0m TidepoolKit.DependencyStaticMetadataFileList[0m
Build	Fastlane Build & Archive	2026-07-20T11:37:55.1115640Z [11:37:54]: ▸ [35m[[36mTidepoolKit[0m] [1mWrite Auxiliary File[0m TidepoolKit.DependencyMetadataFileList[0m
Build	Fastlane Build & Archive	2026-07-20T11:37:55.1118180Z [11:37:54]: ▸ [35m[[36mTidepoolKit[0m] [1mWrite Auxiliary File[0m TidepoolKit_const_extract_protocols.json[0m
Build	Fastlane Build & Archive	2026-07-20T11:37:55.1120340Z [11:37:54]: ▸ [35m[[36mTidepoolKit[0m] [1mWrite Auxiliary File[0m TidepoolKit.SwiftFileList[0m
Build	Fastlane Build & Archive	2026-07-20T11:37:55.1230980Z [11:37:54]: ▸ [35m[[36mTidepoolKit[0m] [1mWrite Auxiliary File[0m TidepoolKit.SwiftConstValuesFileList[0m
Build	Fastlane Build & Archive	2026-07-20T11:37:55.1349300Z [11:37:54]: ▸ [35m[[36mTidepoolKit[0m] [1mWrite Auxiliary File[0m TidepoolKit.LinkFileList[0m
Build	Fastlane Build & Archive	2026-07-20T11:37:55.1455350Z [11:37:54]: ▸ [35m[[36mTidepoolKit[0m] [1mWrite Auxiliary File[0m TidepoolKit-OutputFileMap.json[0m
Build	Fastlane Build & Archive	2026-07-20T11:37:55.1456730Z [11:37:54]: ▸ [35m[[36mTidepoolKit[0m] [1mWrite Auxiliary File[0m resource_bundle_accessor.swift[0m
Build	Fastlane Build & Archive	2026-07-20T11:37:55.1502540Z [11:37:54]: ▸ [35m[[36mTidepoolKit[0m] [1mCopy[0m TidepoolKit.modulemap -> TidepoolKit.modulemap[0m
Build	Fastlane Build & Archive	2026-07-20T11:37:55.1503560Z [11:37:54]: ▸ [35m[[36mSwinject[0m] [1mWrite Auxiliary File[0m Swinject.modulemap[0m
Build	Fastlane Build & Archive	2026-07-20T11:37:55.1509090Z [11:37:54]: ▸ [35m[[36mSwinject[0m] [1mWrite Auxiliary File[0m Swinject.DependencyStaticMetadataFileList[0m
Build	Fastlane Build & Archive	2026-07-20T11:37:55.1529030Z [11:37:54]: ▸ [35m[[36mSwinject[0m] [1mWrite Auxiliary File[0m Swinject.DependencyMetadataFileList[0m
Build	Fastlane Build & Archive	2026-07-20T11:37:55.1532410Z [11:37:54]: ▸ [35m[[36mSwinject[0m] [1mWrite Auxiliary File[0m Swinject_const_extract_protocols.json[0m
Build	Fastlane Build & Archive	2026-07-20T11:37:55.1534690Z [11:37:54]: ▸ [35m[[36mSwinject[0m] [1mWrite Auxiliary File[0m Swinject.SwiftFileList[0m
Build	Fastlane Build & Archive	2026-07-20T11:37:55.1555590Z [11:37:54]: ▸ [35m[[36mSwinject[0m] [1mWrite Auxiliary File[0m Swinject.SwiftConstValuesFileList[0m
Build	Fastlane Build & Archive	2026-07-20T11:37:55.1560370Z [11:37:54]: ▸ [35m[[36mSwinject[0m] [1mWrite Auxiliary File[0m Swinject.LinkFileList[0m
Build	Fastlane Build & Archive	2026-07-20T11:37:55.1561620Z [11:37:54]: ▸ [35m[[36mSwinject[0m] [1mWrite Auxiliary File[0m Swinject-OutputFileMap.json[0m
Build	Fastlane Build & Archive	2026-07-20T11:37:55.1576520Z [11:37:54]: ▸ [35m[[36mSwinject[0m] [1mCopy[0m Swinject.modulemap -> Swinject.modulemap[0m
Build	Fastlane Build & Archive	2026-07-20T11:37:55.1580280Z [11:37:54]: ▸ [35m[[36mSwiftMessages[0m] [1mWrite Auxiliary File[0m SwiftMessages.modulemap[0m
Build	Fastlane Build & Archive	2026-07-20T11:37:55.1581220Z [11:37:54]: ▸ [35m[[36mSwiftMessages[0m] [1mWrite Auxiliary File[0m SwiftMessages.DependencyStaticMetadataFileList[0m
Build	Fastlane Build & Archive	2026-07-20T11:37:55.1585850Z [11:37:54]: ▸ [35m[[36mSwiftMessages[0m] [1mWrite Auxiliary File[0m SwiftMessages.DependencyMetadataFileList[0m
Build	Fastlane Build & Archive	2026-07-20T11:37:55.1590720Z [11:37:54]: ▸ [35m[[36mSwiftMessages[0m] [1mWrite Auxiliary File[0m SwiftMessages_const_extract_protocols.json[0m
Build	Fastlane Build & Archive	2026-07-20T11:37:55.1597980Z [11:37:54]: ▸ [35m[[36mSwiftMessages[0m] [1mWrite Auxiliary File[0m SwiftMessages.SwiftFileList[0m
Build	Fastlane Build & Archive	2026-07-20T11:37:55.1627590Z [11:37:54]: ▸ [35m[[36mSwiftMessages[0m] [1mWrite Auxiliary File[0m SwiftMessages.SwiftConstValuesFileList[0m
Build	Fastlane Build & Archive	2026-07-20T11:37:55.1631140Z [11:37:54]: ▸ [35m[[36mSwiftMessages[0m] [1mWrite Auxiliary File[0m SwiftMessages.LinkFileList[0m
Build	Fastlane Build & Archive	2026-07-20T11:37:55.1633740Z [11:37:54]: ▸ [35m[[36mSwiftMessages[0m] [1mWrite Auxiliary File[0m SwiftMessages-OutputFileMap.json[0m
Build	Fastlane Build & Archive	2026-07-20T11:37:55.1635930Z [11:37:54]: ▸ [35m[[36mSwiftMessages[0m] [1mWrite Auxiliary File[0m resource_bundle_accessor.swift[0m
Build	Fastlane Build & Archive	2026-07-20T11:37:55.1638970Z [11:37:54]: ▸ [35m[[36mSwiftMessages[0m] [1mCopy[0m SwiftMessages.modulemap -> SwiftMessages.modulemap[0m
Build	Fastlane Build & Archive	2026-07-20T11:37:55.1640890Z [11:37:54]: ▸ [35m[[36mSwiftJWT[0m] [1mWrite Auxiliary File[0m SwiftJWT.modulemap[0m
Build	Fastlane Build & Archive	2026-07-20T11:37:55.1643340Z [11:37:54]: ▸ [35m[[36mSwiftJWT[0m] [1mWrite Auxiliary File[0m SwiftJWT.DependencyStaticMetadataFileList[0m
Build	Fastlane Build & Archive	2026-07-20T11:37:55.1645070Z [11:37:54]: ▸ [35m[[36mSwiftJWT[0m] [1mWrite Auxiliary File[0m SwiftJWT.DependencyMetadataFileList[0m
Build	Fastlane Build & Archive	2026-07-20T11:37:55.1646120Z [11:37:54]: ▸ [35m[[36mSwiftJWT[0m] [1mWrite Auxiliary File[0m SwiftJWT_const_extract_protocols.json[0m
Build	Fastlane Build & Archive	2026-07-20T11:37:55.1646890Z [11:37:54]: ▸ [35m[[36mSwiftJWT[0m] [1mWrite Auxiliary File[0m SwiftJWT.SwiftFileList[0m
Build	Fastlane Build & Archive	2026-07-20T11:37:55.1647760Z [11:37:54]: ▸ [35m[[36mSwiftJWT[0m] [1mWrite Auxiliary File[0m SwiftJWT.SwiftConstValuesFileList[0m
Build	Fastlane Build & Archive	2026-07-20T11:37:55.1648480Z [11:37:54]: ▸ [35m[[36mSwiftJWT[0m] [1mWrite Auxiliary File[0m SwiftJWT.LinkFileList[0m
Build	Fastlane Build & Archive	2026-07-20T11:37:55.1649240Z [11:37:54]: ▸ [35m[[36mSwiftJWT[0m] [1mWrite Auxiliary File[0m SwiftJWT-OutputFileMap.json[0m
Build	Fastlane Build & Archive	2026-07-20T11:37:55.1650030Z [11:37:54]: ▸ [35m[[36mSwiftJWT[0m] [1mCopy[0m SwiftJWT.modulemap -> SwiftJWT.modulemap[0m
Build	Fastlane Build & Archive	2026-07-20T11:37:55.1650810Z [11:37:54]: ▸ [35m[[36mSwiftDate_SwiftDate[0m] [1mWrite Auxiliary File[0m empty-SwiftDate_SwiftDate.plist[0m
Build	Fastlane Build & Archive	2026-07-20T11:37:55.1651720Z [11:37:54]: ▸ [35m[[36mSwiftDate_SwiftDate[0m] [1mWrite Auxiliary File[0m SwiftDate_SwiftDate.DependencyStaticMetadataFileList[0m
Build	Fastlane Build & Archive	2026-07-20T11:37:55.1652610Z [11:37:54]: ▸ [35m[[36mSwiftDate_SwiftDate[0m] [1mWrite Auxiliary File[0m SwiftDate_SwiftDate.DependencyMetadataFileList[0m
Build	Fastlane Build & Archive	2026-07-20T11:37:55.1653290Z [11:37:54]: ▸ [35m[[36mSwiftDate[0m] [1mWrite Auxiliary File[0m SwiftDate.modulemap[0m
Build	Fastlane Build & Archive	2026-07-20T11:37:55.1653960Z [11:37:54]: ▸ [35m[[36mSwiftDate[0m] [1mWrite Auxiliary File[0m SwiftDate.DependencyStaticMetadataFileList[0m
Build	Fastlane Build & Archive	2026-07-20T11:37:55.1654720Z [11:37:54]: ▸ [35m[[36mSwiftDate[0m] [1mWrite Auxiliary File[0m SwiftDate.DependencyMetadataFileList[0m
Build	Fastlane Build & Archive	2026-07-20T11:37:55.1655780Z [11:37:54]: ▸ [35m[[36mSwiftDate[0m] [1mWrite Auxiliary File[0m SwiftDate_const_extract_protocols.json[0m
Build	Fastlane Build & Archive	2026-07-20T11:37:55.1656370Z [11:37:54]: ▸ [35m[[36mSwiftDate[0m] [1mWrite Auxiliary File[0m SwiftDate.SwiftFileList[0m
Build	Fastlane Build & Archive	2026-07-20T11:37:55.1657130Z [11:37:54]: ▸ [35m[[36mSwiftDate[0m] [1mWrite Auxiliary File[0m SwiftDate.SwiftConstValuesFileList[0m
Build	Fastlane Build & Archive	2026-07-20T11:37:55.1657710Z [11:37:54]: ▸ [35m[[36mSwiftDate[0m] [1mWrite Auxiliary File[0m SwiftDate.LinkFileList[0m
Build	Fastlane Build & Archive	2026-07-20T11:37:55.1662100Z [11:37:54]: ▸ [35m[[36mSwiftDate[0m] [1mWrite Auxiliary File[0m SwiftDate-OutputFileMap.json[0m
Build	Fastlane Build & Archive	2026-07-20T11:37:55.1662760Z [11:37:54]: ▸ [35m[[36mSwiftDate[0m] [1mWrite Auxiliary File[0m resource_bundle_accessor.swift[0m
Build	Fastlane Build & Archive	2026-07-20T11:37:55.1663350Z [11:37:54]: ▸ [35m[[36mSwiftDate[0m] [1mCopy[0m SwiftDate.modulemap -> SwiftDate.modulemap[0m
Build	Fastlane Build & Archive	2026-07-20T11:37:55.1663910Z [11:37:54]: ▸ [35m[[36mSwiftCharts[0m] [1mWrite Auxiliary File[0m SwiftCharts.modulemap[0m
Build	Fastlane Build & Archive	2026-07-20T11:37:55.1664560Z [11:37:54]: ▸ [35m[[36mSwiftCharts[0m] [1mWrite Auxiliary File[0m SwiftCharts.DependencyStaticMetadataFileList[0m
Build	Fastlane Build & Archive	2026-07-20T11:37:55.1666230Z [11:37:54]: ▸ [35m[[36mSwiftCharts[0m] [1mWrite Auxiliary File[0m SwiftCharts.DependencyMetadataFileList[0m
Build	Fastlane Build & Archive	2026-07-20T11:37:55.1666930Z [11:37:54]: ▸ [35m[[36mSwiftCharts[0m] [1mWrite Auxiliary File[0m SwiftCharts_const_extract_protocols.json[0m
Build	Fastlane Build & Archive	2026-07-20T11:37:55.1667610Z [11:37:54]: ▸ [35m[[36mSwiftCharts[0m] [1mWrite Auxiliary File[0m SwiftCharts.SwiftFileList[0m
Build	Fastlane Build & Archive	2026-07-20T11:37:55.1668220Z [11:37:54]: ▸ [35m[[36mSwiftCharts[0m] [1mWrite Auxiliary File[0m SwiftCharts.SwiftConstValuesFileList[0m
Build	Fastlane Build & Archive	2026-07-20T11:37:55.1668940Z [11:37:54]: ▸ [35m[[36mSwiftCharts[0m] [1mWrite Auxiliary File[0m SwiftCharts.LinkFileList[0m
Build	Fastlane Build & Archive	2026-07-20T11:37:55.1672340Z [11:37:54]: ▸ [35m[[36mSwiftCharts[0m] [1mWrite Auxiliary File[0m SwiftCharts-OutputFileMap.json[0m
Build	Fastlane Build & Archive	2026-07-20T11:37:55.1672950Z [11:37:54]: ▸ [35m[[36mSwiftCharts[0m] [1mCopy[0m SwiftCharts.modulemap -> SwiftCharts.modulemap[0m
Build	Fastlane Build & Archive	2026-07-20T11:37:55.1673540Z [11:37:54]: ▸ [35m[[36mSwiftCharts[0m] [1mWrite Auxiliary File[0m empty-SwiftCharts.plist[0m
Build	Fastlane Build & Archive	2026-07-20T11:37:55.1674180Z [11:37:54]: ▸ [35m[[36mSwiftCharts[0m] [1mWrite Auxiliary File[0m SwiftCharts.DependencyStaticMetadataFileList[0m
Build	Fastlane Build & Archive	2026-07-20T11:37:55.1674860Z [11:37:54]: ▸ [35m[[36mSwiftCharts[0m] [1mWrite Auxiliary File[0m SwiftCharts.DependencyMetadataFileList[0m
Build	Fastlane Build & Archive	2026-07-20T11:37:55.1675570Z [11:37:54]: ▸ [35m[[36mSwiftCharts[0m] [1mWrite Auxiliary File[0m SwiftCharts.LinkFileList[0m
Build	Fastlane Build & Archive	2026-07-20T11:37:55.1676130Z [11:37:54]: ▸ [35m[[36mSlideButton[0m] [1mWrite Auxiliary File[0m SlideButton.modulemap[0m
Build	Fastlane Build & Archive	2026-07-20T11:37:55.1676780Z [11:37:54]: ▸ [35m[[36mSlideButton[0m] [1mWrite Auxiliary File[0m SlideButton.DependencyStaticMetadataFileList[0m
Build	Fastlane Build & Archive	2026-07-20T11:37:55.1682390Z [11:37:54]: ▸ [35m[[36mSlideButton[0m] [1mWrite Auxiliary File[0m SlideButton.DependencyMetadataFileList[0m
Build	Fastlane Build & Archive	2026-07-20T11:37:55.1688730Z [11:37:54]: ▸ [35m[[36mSlideButton[0m] [1mWrite Auxiliary File[0m SlideButton_const_extract_protocols.json[0m
Build	Fastlane Build & Archive	2026-07-20T11:37:55.1689450Z [11:37:54]: ▸ [35m[[36mSlideButton[0m] [1mWrite Auxiliary File[0m SlideButton.SwiftFileList[0m
Build	Fastlane Build & Archive	2026-07-20T11:37:55.1690240Z [11:37:54]: ▸ [35m[[36mSlideButton[0m] [1mWrite Auxiliary File[0m SlideButton.SwiftConstValuesFileList[0m
Build	Fastlane Build & Archive	2026-07-20T11:37:55.1691120Z [11:37:54]: ▸ [35m[[36mSlideButton[0m] [1mWrite Auxiliary File[0m SlideButton.LinkFileList[0m
Build	Fastlane Build & Archive	2026-07-20T11:37:55.1691750Z [11:37:54]: ▸ [35m[[36mSlideButton[0m] [1mWrite Auxiliary File[0m SlideButton-OutputFileMap.json[0m
Build	Fastlane Build & Archive	2026-07-20T11:37:55.1692380Z [11:37:54]: ▸ [35m[[36mSlideButton[0m] [1mCopy[0m SlideButton.modulemap -> SlideButton.modulemap[0m
Build	Fastlane Build & Archive	2026-07-20T11:37:55.1693070Z [11:37:54]: ▸ [35m[[36mSlideButton[0m] [1mWrite Auxiliary File[0m empty-SlideButton_1E408AF8C9CA7A78_PackageProduct.plist[0m
Build	Fastlane Build & Archive	2026-07-20T11:37:55.1694300Z [11:37:54]: ▸ [35m[[36mSlideButton[0m] [1mWrite Auxiliary File[0m SlideButton_1E408AF8C9CA7A78_PackageProduct.DependencyStaticMetadataFileList[0m
Build	Fastlane Build & Archive	2026-07-20T11:37:55.1695550Z [11:37:54]: ▸ [35m[[36mSlideButton[0m] [1mWrite Auxiliary File[0m SlideButton_1E408AF8C9CA7A78_PackageProduct.DependencyMetadataFileList[0m
Build	Fastlane Build & Archive	2026-07-20T11:37:55.1696390Z [11:37:54]: ▸ [35m[[36mSlideButton[0m] [1mWrite Auxiliary File[0m SlideButton_1E408AF8C9CA7A78_PackageProduct.LinkFileList[0m
Build	Fastlane Build & Archive	2026-07-20T11:37:55.1697030Z [11:37:54]: ▸ [35m[[36mShareClient[0m] [1mWrite Auxiliary File[0m module.modulemap[0m
Build	Fastlane Build & Archive	2026-07-20T11:37:55.1697600Z [11:37:54]: ▸ [35m[[36mShareClientUI[0m] [1mWrite Auxiliary File[0m unextended-module.modulemap[0m
Build	Fastlane Build & Archive	2026-07-20T11:37:55.1698330Z [11:37:54]: ▸ [35m[[36mShareClientUI[0m] [1mWrite Auxiliary File[0m unextended-module-overlay.yaml[0m
Build	Fastlane Build & Archive	2026-07-20T11:37:55.1698990Z [11:37:54]: ▸ [35m[[36mShareClientUI[0m] [1mWrite Auxiliary File[0m module.modulemap[0m
Build	Fastlane Build & Archive	2026-07-20T11:37:55.1702750Z [11:37:54]: ▸ [35m[[36mShareClientUI[0m] [1mWrite Auxiliary File[0m ShareClientUI.hmap[0m
Build	Fastlane Build & Archive	2026-07-20T11:37:55.1703490Z [11:37:54]: ▸ [35m[[36mShareClientUI[0m] [1mWrite Auxiliary File[0m ShareClientUI.DependencyStaticMetadataFileList[0m
Build	Fastlane Build & Archive	2026-07-20T11:37:55.1704320Z [11:37:54]: ▸ [35m[[36mShareClientUI[0m] [1mWrite Auxiliary File[0m ShareClientUI.DependencyMetadataFileList[0m
Build	Fastlane Build & Archive	2026-07-20T11:37:55.1705030Z [11:37:54]: ▸ [35m[[36mShareClientUI[0m] [1mWrite Auxiliary File[0m ShareClientUI-project-headers.hmap[0m
Build	Fastlane Build & Archive	2026-07-20T11:37:55.1714010Z [11:37:54]: ▸ [35m[[36mShareClientUI[0m] [1mWrite Auxiliary File[0m ShareClientUI-own-target-headers.hmap[0m
Build	Fastlane Build & Archive	2026-07-20T11:37:55.1714790Z [11:37:54]: ▸ [35m[[36mShareClientUI[0m] [1mWrite Auxiliary File[0m ShareClientUI-generated-files.hmap[0m
Build	Fastlane Build & Archive	2026-07-20T11:37:55.1715510Z [11:37:54]: ▸ [35m[[36mShareClientUI[0m] [1mWrite Auxiliary File[0m ShareClientUI-all-target-headers.hmap[0m
Build	Fastlane Build & Archive	2026-07-20T11:37:55.1716260Z [11:37:54]: ▸ [35m[[36mShareClientUI[0m] [1mWrite Auxiliary File[0m ShareClientUI-all-non-framework-target-headers.hmap[0m
Build	Fastlane Build & Archive	2026-07-20T11:37:55.1716990Z [11:37:54]: ▸ [35m[[36mShareClientUI[0m] [1mWrite Auxiliary File[0m ShareClientUI_const_extract_protocols.json[0m
Build	Fastlane Build & Archive	2026-07-20T11:37:55.1718020Z [11:37:54]: ▸ [35m[[36mShareClientUI[0m] [1mWrite Auxiliary File[0m ShareClientUI.SwiftFileList[0m
Build	Fastlane Build & Archive	2026-07-20T11:37:55.1724590Z [11:37:54]: ▸ [35m[[36mShareClientUI[0m] [1mWrite Auxiliary File[0m ShareClientUI.SwiftConstValuesFileList[0m
Build	Fastlane Build & Archive	2026-07-20T11:37:55.1762730Z [11:37:54]: ▸ [35m[[36mShareClientUI[0m] [1mWrite Auxiliary File[0m ShareClientUI.LinkFileList[0m
Build	Fastlane Build & Archive	2026-07-20T11:37:55.1763490Z [11:37:54]: ▸ [35m[[36mShareClientUI[0m] [1mWrite Auxiliary File[0m ShareClientUI-OutputFileMap.json[0m
Build	Fastlane Build & Archive	2026-07-20T11:37:55.1764200Z [11:37:54]: ▸ [35m[[36mShareClientUI[0m] [1mWrite Auxiliary File[0m 7187679823f38a2a940e0043cdf9d637-common-args.resp[0m
Build	Fastlane Build & Archive	2026-07-20T11:37:55.1764920Z [11:37:54]: ▸ [35m[[36mShareClientUI[0m] [1mWrite Auxiliary File[0m ShareClientUI_vers.c[0m
Build	Fastlane Build & Archive	2026-07-20T11:37:55.1765460Z [11:37:54]: ▸ [35m[[36mShareClientUI[0m] [1mCopying[0m ShareClientUI.h[0m
Build	Fastlane Build & Archive	2026-07-20T11:37:55.1766040Z [11:37:54]: ▸ [35m[[36mShareClientUI[0m] [1mCopy[0m module.modulemap -> module.modulemap[0m
Build	Fastlane Build & Archive	2026-07-20T11:37:55.1766610Z [11:37:54]: ▸ [35m[[36mShareClient[0m] [1mWrite Auxiliary File[0m unextended-module.modulemap[0m
Build	Fastlane Build & Archive	2026-07-20T11:37:55.1769450Z [11:37:54]: ▸ [35m[[36mShareClient[0m] [1mWrite Auxiliary File[0m unextended-module-overlay.yaml[0m
Build	Fastlane Build & Archive	2026-07-20T11:37:55.1770040Z [11:37:54]: ▸ [35m[[36mShareClient[0m] [1mWrite Auxiliary File[0m ShareClient.hmap[0m
Build	Fastlane Build & Archive	2026-07-20T11:37:55.1770690Z [11:37:54]: ▸ [35m[[36mShareClient[0m] [1mWrite Auxiliary File[0m ShareClient.DependencyStaticMetadataFileList[0m
Build	Fastlane Build & Archive	2026-07-20T11:37:55.1771410Z [11:37:54]: ▸ [35m[[36mShareClient[0m] [1mWrite Auxiliary File[0m ShareClient.DependencyMetadataFileList[0m
Build	Fastlane Build & Archive	2026-07-20T11:37:55.1775610Z [11:37:54]: ▸ [35m[[36mShareClient[0m] [1mWrite Auxiliary File[0m ShareClient-project-headers.hmap[0m
Build	Fastlane Build & Archive	2026-07-20T11:37:55.1776310Z [11:37:54]: ▸ [35m[[36mShareClient[0m] [1mWrite Auxiliary File[0m ShareClient-own-target-headers.hmap[0m
Build	Fastlane Build & Archive	2026-07-20T11:37:55.1777140Z [11:37:54]: ▸ [35m[[36mShareClient[0m] [1mWrite Auxiliary File[0m ShareClient-generated-files.hmap[0m
Build	Fastlane Build & Archive	2026-07-20T11:37:55.1777780Z [11:37:54]: ▸ [35m[[36mShareClient[0m] [1mWrite Auxiliary File[0m ShareClient-all-target-headers.hmap[0m
Build	Fastlane Build & Archive	2026-07-20T11:37:55.1778500Z [11:37:54]: ▸ [35m[[36mShareClient[0m] [1mWrite Auxiliary File[0m ShareClient-all-non-framework-target-headers.hmap[0m
Build	Fastlane Build & Archive	2026-07-20T11:37:55.1779210Z [11:37:54]: ▸ [35m[[36mShareClient[0m] [1mWrite Auxiliary File[0m ShareClient_const_extract_protocols.json[0m
Build	Fastlane Build & Archive	2026-07-20T11:37:55.1779840Z [11:37:54]: ▸ [35m[[36mShareClient[0m] [1mWrite Auxiliary File[0m ShareClient.SwiftFileList[0m
Build	Fastlane Build & Archive	2026-07-20T11:37:55.1780480Z [11:37:54]: ▸ [35m[[36mShareClient[0m] [1mWrite Auxiliary File[0m ShareClient.SwiftConstValuesFileList[0m
Build	Fastlane Build & Archive	2026-07-20T11:37:55.1781140Z [11:37:54]: ▸ [35m[[36mShareClient[0m] [1mWrite Auxiliary File[0m ShareClient.LinkFileList[0m
Build	Fastlane Build & Archive	2026-07-20T11:37:55.1781750Z [11:37:54]: ▸ [35m[[36mShareClient[0m] [1mWrite Auxiliary File[0m ShareClient-OutputFileMap.json[0m
Build	Fastlane Build & Archive	2026-07-20T11:37:55.1782450Z [11:37:54]: ▸ [35m[[36mShareClient[0m] [1mWrite Auxiliary File[0m 7187679823f38a2a940e0043cdf9d637-common-args.resp[0m
Build	Fastlane Build & Archive	2026-07-20T11:37:55.1783110Z [11:37:54]: ▸ [35m[[36mShareClient[0m] [1mWrite Auxiliary File[0m ShareClient_vers.c[0m
Build	Fastlane Build & Archive	2026-07-20T11:37:55.1783620Z [11:37:54]: ▸ [35m[[36mShareClient[0m] [1mCopying[0m ShareClient.h[0m
Build	Fastlane Build & Archive	2026-07-20T11:37:55.1784120Z [11:37:54]: ▸ [35m[[36mShareClient[0m] [1mCopy[0m module.modulemap -> module.modulemap[0m
Build	Fastlane Build & Archive	2026-07-20T11:37:55.1784680Z [11:37:54]: ▸ [35m[[36mRileyLinkKitUI[0m] [1mWrite Auxiliary File[0m module.modulemap[0m
Build	Fastlane Build & Archive	2026-07-20T11:37:55.1785250Z [11:37:54]: ▸ [35m[[36mRileyLinkKitUI[0m] [1mWrite Auxiliary File[0m RileyLinkKitUI.hmap[0m
Build	Fastlane Build & Archive	2026-07-20T11:37:55.1785920Z [11:37:54]: ▸ [35m[[36mRileyLinkKitUI[0m] [1mWrite Auxiliary File[0m RileyLinkKitUI.DependencyStaticMetadataFileList[0m
Build	Fastlane Build & Archive	2026-07-20T11:37:55.1786700Z [11:37:54]: ▸ [35m[[36mRileyLinkKitUI[0m] [1mWrite Auxiliary File[0m RileyLinkKitUI.DependencyMetadataFileList[0m
Build	Fastlane Build & Archive	2026-07-20T11:37:55.1787430Z [11:37:54]: ▸ [35m[[36mRileyLinkKitUI[0m] [1mWrite Auxiliary File[0m RileyLinkKitUI-project-headers.hmap[0m
Build	Fastlane Build & Archive	2026-07-20T11:37:55.1788210Z [11:37:54]: ▸ [35m[[36mRileyLinkKitUI[0m] [1mWrite Auxiliary File[0m RileyLinkKitUI-own-target-headers.hmap[0m
Build	Fastlane Build & Archive	2026-07-20T11:37:55.1788890Z [11:37:54]: ▸ [35m[[36mRileyLinkKitUI[0m] [1mWrite Auxiliary File[0m RileyLinkKitUI-generated-files.hmap[0m
Build	Fastlane Build & Archive	2026-07-20T11:37:55.1789570Z [11:37:54]: ▸ [35m[[36mRileyLinkKitUI[0m] [1mWrite Auxiliary File[0m RileyLinkKitUI-all-target-headers.hmap[0m
Build	Fastlane Build & Archive	2026-07-20T11:37:55.1790620Z [11:37:54]: ▸ [35m[[36mRileyLinkKitUI[0m] [1mWrite Auxiliary File[0m RileyLinkKitUI-all-non-framework-target-headers.hmap[0m
Build	Fastlane Build & Archive	2026-07-20T11:37:55.1791380Z [11:37:54]: ▸ [35m[[36mRileyLinkKitUI[0m] [1mWrite Auxiliary File[0m RileyLinkKitUI_const_extract_protocols.json[0m
Build	Fastlane Build & Archive	2026-07-20T11:37:55.1792040Z [11:37:54]: ▸ [35m[[36mRileyLinkKitUI[0m] [1mWrite Auxiliary File[0m RileyLinkKitUI.SwiftFileList[0m
Build	Fastlane Build & Archive	2026-07-20T11:37:55.1792690Z [11:37:54]: ▸ [35m[[36mRileyLinkKitUI[0m] [1mWrite Auxiliary File[0m RileyLinkKitUI.SwiftConstValuesFileList[0m
Build	Fastlane Build & Archive	2026-07-20T11:37:55.1793330Z [11:37:54]: ▸ [35m[[36mRileyLinkKitUI[0m] [1mWrite Auxiliary File[0m RileyLinkKitUI.LinkFileList[0m
Build	Fastlane Build & Archive	2026-07-20T11:37:55.1793960Z [11:37:54]: ▸ [35m[[36mRileyLinkKitUI[0m] [1mWrite Auxiliary File[0m RileyLinkKitUI-OutputFileMap.json[0m
Build	Fastlane Build & Archive	2026-07-20T11:37:55.1794650Z [11:37:54]: ▸ [35m[[36mRileyLinkKitUI[0m] [1mWrite Auxiliary File[0m 7187679823f38a2a940e0043cdf9d637-common-args.resp[0m
Build	Fastlane Build & Archive	2026-07-20T11:37:55.1795780Z [11:37:54]: ▸ [35m[[36mRileyLinkKitUI[0m] [1mWrite Auxiliary File[0m RileyLinkKitUI_vers.c[0m
Build	Fastlane Build & Archive	2026-07-20T11:37:55.1806000Z [11:37:54]: ▸ [35m[[36mRileyLinkKitUI[0m] [1mCopying[0m RileyLinkKitUI.h[0m
Build	Fastlane Build & Archive	2026-07-20T11:37:55.1807180Z [11:37:54]: ▸ [35m[[36mRileyLinkKitUI[0m] [1mCopy[0m module.modulemap -> module.modulemap[0m
Build	Fastlane Build & Archive	2026-07-20T11:37:55.1810140Z [11:37:54]: ▸ [35m[[36mRileyLinkKit[0m] [1mWrite Auxiliary File[0m unextended-module.modulemap[0m
Build	Fastlane Build & Archive	2026-07-20T11:37:55.1811950Z [11:37:54]: ▸ [35m[[36mRileyLinkKit[0m] [1mWrite Auxiliary File[0m unextended-module-overlay.yaml[0m
Build	Fastlane Build & Archive	2026-07-20T11:37:55.1813520Z [11:37:54]: ▸ [35m[[36mRileyLinkKit[0m] [1mWrite Auxiliary File[0m module.modulemap[0m
Build	Fastlane Build & Archive	2026-07-20T11:37:55.1820460Z [11:37:54]: ▸ [35m[[36mRileyLinkKit[0m] [1mWrite Auxiliary File[0m RileyLinkKit.hmap[0m
Build	Fastlane Build & Archive	2026-07-20T11:37:55.1824170Z [11:37:54]: ▸ [35m[[36mRileyLinkKit[0m] [1mWrite Auxiliary File[0m RileyLinkKit.DependencyStaticMetadataFileList[0m
Build	Fastlane Build & Archive	2026-07-20T11:37:55.1827280Z [11:37:54]: ▸ [35m[[36mRileyLinkKit[0m] [1mWrite Auxiliary File[0m RileyLinkKit.DependencyMetadataFileList[0m
Build	Fastlane Build & Archive	2026-07-20T11:37:55.1829190Z [11:37:54]: ▸ [35m[[36mRileyLinkKit[0m] [1mWrite Auxiliary File[0m RileyLinkKit-project-headers.hmap[0m
Build	Fastlane Build & Archive	2026-07-20T11:37:55.1835290Z [11:37:54]: ▸ [35m[[36mRileyLinkKit[0m] [1mWrite Auxiliary File[0m RileyLinkKit-own-target-headers.hmap[0m
Build	Fastlane Build & Archive	2026-07-20T11:37:55.1839170Z [11:37:54]: ▸ [35m[[36mRileyLinkKit[0m] [1mWrite Auxiliary File[0m RileyLinkKit-generated-files.hmap[0m
Build	Fastlane Build & Archive	2026-07-20T11:37:55.1841170Z [11:37:54]: ▸ [35m[[36mRileyLinkKit[0m] [1mWrite Auxiliary File[0m RileyLinkKit-all-target-headers.hmap[0m
Build	Fastlane Build & Archive	2026-07-20T11:37:55.1843200Z [11:37:54]: ▸ [35m[[36mRileyLinkKit[0m] [1mWrite Auxiliary File[0m RileyLinkKit-all-non-framework-target-headers.hmap[0m
Build	Fastlane Build & Archive	2026-07-20T11:37:55.1845190Z [11:37:54]: ▸ [35m[[36mRileyLinkKit[0m] [1mWrite Auxiliary File[0m RileyLinkKit_const_extract_protocols.json[0m
Build	Fastlane Build & Archive	2026-07-20T11:37:55.1846950Z [11:37:54]: ▸ [35m[[36mRileyLinkKit[0m] [1mWrite Auxiliary File[0m RileyLinkKit.SwiftFileList[0m
Build	Fastlane Build & Archive	2026-07-20T11:37:55.1848970Z [11:37:54]: ▸ [35m[[36mRileyLinkKit[0m] [1mWrite Auxiliary File[0m RileyLinkKit.SwiftConstValuesFileList[0m
Build	Fastlane Build & Archive	2026-07-20T11:37:55.1850710Z [11:37:54]: ▸ [35m[[36mRileyLinkKit[0m] [1mWrite Auxiliary File[0m RileyLinkKit.LinkFileList[0m
Build	Fastlane Build & Archive	2026-07-20T11:37:55.1853920Z [11:37:54]: ▸ [35m[[36mRileyLinkKit[0m] [1mWrite Auxiliary File[0m RileyLinkKit-OutputFileMap.json[0m
Build	Fastlane Build & Archive	2026-07-20T11:37:55.1881700Z [11:37:54]: ▸ [35m[[36mRileyLinkKit[0m] [1mWrite Auxiliary File[0m 7187679823f38a2a940e0043cdf9d637-common-args.resp[0m
Build	Fastlane Build & Archive	2026-07-20T11:37:55.1882470Z [11:37:54]: ▸ [35m[[36mRileyLinkKit[0m] [1mWrite Auxiliary File[0m RileyLinkKit_vers.c[0m
Build	Fastlane Build & Archive	2026-07-20T11:37:55.1882990Z [11:37:54]: ▸ [35m[[36mRileyLinkKit[0m] [1mCopying[0m RileyLinkKit.h[0m
Build	Fastlane Build & Archive	2026-07-20T11:37:55.1884560Z [11:37:54]: ▸ [35m[[36mRileyLinkKit[0m] [1mCopy[0m module.modulemap -> module.modulemap[0m
Build	Fastlane Build & Archive	2026-07-20T11:37:55.1888830Z [11:37:54]: ▸ [35m[[36mRileyLinkBLEKit[0m] [1mWrite Auxiliary File[0m unextended-module.modulemap[0m
Build	Fastlane Build & Archive	2026-07-20T11:37:55.1889870Z [11:37:54]: ▸ [35m[[36mRileyLinkBLEKit[0m] [1mWrite Auxiliary File[0m unextended-module-overlay.yaml[0m
Build	Fastlane Build & Archive	2026-07-20T11:37:55.1892900Z [11:37:54]: ▸ [35m[[36mRileyLinkBLEKit[0m] [1mWrite Auxiliary File[0m module.modulemap[0m
Build	Fastlane Build & Archive	2026-07-20T11:37:55.1894220Z [11:37:54]: ▸ [35m[[36mRileyLinkBLEKit[0m] [1mWrite Auxiliary File[0m RileyLinkBLEKit.hmap[0m
Build	Fastlane Build & Archive	2026-07-20T11:37:55.1896390Z [11:37:54]: ▸ [35m[[36mRileyLinkBLEKit[0m] [1mWrite Auxiliary File[0m RileyLinkBLEKit.DependencyStaticMetadataFileList[0m
Build	Fastlane Build & Archive	2026-07-20T11:37:55.1899790Z [11:37:54]: ▸ [35m[[36mRileyLinkBLEKit[0m] [1mWrite Auxiliary File[0m RileyLinkBLEKit.DependencyMetadataFileList[0m
Build	Fastlane Build & Archive	2026-07-20T11:37:55.1901940Z [11:37:54]: ▸ [35m[[36mRileyLinkBLEKit[0m] [1mWrite Auxiliary File[0m RileyLinkBLEKit-project-headers.hmap[0m
Build	Fastlane Build & Archive	2026-07-20T11:37:55.1904770Z [11:37:54]: ▸ [35m[[36mRileyLinkBLEKit[0m] [1mWrite Auxiliary File[0m RileyLinkBLEKit-own-target-headers.hmap[0m
Build	Fastlane Build & Archive	2026-07-20T11:37:55.1906090Z [11:37:54]: ▸ [35m[[36mRileyLinkBLEKit[0m] [1mWrite Auxiliary File[0m RileyLinkBLEKit-generated-files.hmap[0m
Build	Fastlane Build & Archive	2026-07-20T11:37:55.1907040Z [11:37:54]: ▸ [35m[[36mRileyLinkBLEKit[0m] [1mWrite Auxiliary File[0m RileyLinkBLEKit-all-target-headers.hmap[0m
Build	Fastlane Build & Archive	2026-07-20T11:37:55.1907830Z [11:37:54]: ▸ [35m[[36mRileyLinkBLEKit[0m] [1mWrite Auxiliary File[0m RileyLinkBLEKit-all-non-framework-target-headers.hmap[0m
Build	Fastlane Build & Archive	2026-07-20T11:37:55.1908610Z [11:37:54]: ▸ [35m[[36mRileyLinkBLEKit[0m] [1mWrite Auxiliary File[0m RileyLinkBLEKit_const_extract_protocols.json[0m
Build	Fastlane Build & Archive	2026-07-20T11:37:55.1909300Z [11:37:54]: ▸ [35m[[36mRileyLinkBLEKit[0m] [1mWrite Auxiliary File[0m RileyLinkBLEKit.SwiftFileList[0m
Build	Fastlane Build & Archive	2026-07-20T11:37:55.1909990Z [11:37:54]: ▸ [35m[[36mRileyLinkBLEKit[0m] [1mWrite Auxiliary File[0m RileyLinkBLEKit.SwiftConstValuesFileList[0m
Build	Fastlane Build & Archive	2026-07-20T11:37:55.1910680Z [11:37:54]: ▸ [35m[[36mRileyLinkBLEKit[0m] [1mWrite Auxiliary File[0m RileyLinkBLEKit.LinkFileList[0m
Build	Fastlane Build & Archive	2026-07-20T11:37:55.1911390Z [11:37:54]: ▸ [35m[[36mRileyLinkBLEKit[0m] [1mWrite Auxiliary File[0m RileyLinkBLEKit-OutputFileMap.json[0m
Build	Fastlane Build & Archive	2026-07-20T11:37:55.1912140Z [11:37:54]: ▸ [35m[[36mRileyLinkBLEKit[0m] [1mWrite Auxiliary File[0m 7187679823f38a2a940e0043cdf9d637-common-args.resp[0m
Build	Fastlane Build & Archive	2026-07-20T11:37:55.1912810Z [11:37:54]: ▸ [35m[[36mRileyLinkBLEKit[0m] [1mWrite Auxiliary File[0m RileyLinkBLEKit_vers.c[0m
Build	Fastlane Build & Archive	2026-07-20T11:37:55.1913360Z [11:37:54]: ▸ [35m[[36mRileyLinkBLEKit[0m] [1mCopying[0m RileyLinkBLEKit.h[0m
Build	Fastlane Build & Archive	2026-07-20T11:37:55.1913930Z [11:37:54]: ▸ [35m[[36mRileyLinkBLEKit[0m] [1mCopy[0m module.modulemap -> module.modulemap[0m
Build	Fastlane Build & Archive	2026-07-20T11:37:55.1914510Z [11:37:54]: ▸ [35m[[36mRealModule[0m] [1mWrite Auxiliary File[0m RealModule.modulemap[0m
Build	Fastlane Build & Archive	2026-07-20T11:37:55.1915170Z [11:37:54]: ▸ [35m[[36mRealModule[0m] [1mWrite Auxiliary File[0m RealModule.DependencyStaticMetadataFileList[0m
Build	Fastlane Build & Archive	2026-07-20T11:37:55.1915870Z [11:37:54]: ▸ [35m[[36mRealModule[0m] [1mWrite Auxiliary File[0m RealModule.DependencyMetadataFileList[0m
Build	Fastlane Build & Archive	2026-07-20T11:37:55.1917290Z [11:37:54]: ▸ [35m[[36mRealModule[0m] [1mWrite Auxiliary File[0m RealModule_const_extract_protocols.json[0m
Build	Fastlane Build & Archive	2026-07-20T11:37:55.1917980Z [11:37:54]: ▸ [35m[[36mRealModule[0m] [1mWrite Auxiliary File[0m RealModule.SwiftFileList[0m
Build	Fastlane Build & Archive	2026-07-20T11:37:55.1918620Z [11:37:54]: ▸ [35m[[36mRealModule[0m] [1mWrite Auxiliary File[0m RealModule.SwiftConstValuesFileList[0m
Build	Fastlane Build & Archive	2026-07-20T11:37:55.1926970Z [11:37:54]: ▸ [35m[[36mRealModule[0m] [1mWrite Auxiliary File[0m RealModule.LinkFileList[0m
Build	Fastlane Build & Archive	2026-07-20T11:37:55.1928840Z [11:37:54]: ▸ [35m[[36mRealModule[0m] [1mWrite Auxiliary File[0m RealModule-OutputFileMap.json[0m
Build	Fastlane Build & Archive	2026-07-20T11:37:55.1930490Z [11:37:54]: ▸ [35m[[36mRealModule[0m] [1mCopy[0m RealModule.modulemap -> RealModule.modulemap[0m
Build	Fastlane Build & Archive	2026-07-20T11:37:55.1932090Z [11:37:54]: ▸ [35m[[36mPromises_Promises[0m] [1mWrite Auxiliary File[0m empty-Promises_Promises.plist[0m
Build	Fastlane Build & Archive	2026-07-20T11:37:55.1933930Z [11:37:54]: ▸ [35m[[36mPromises_Promises[0m] [1mWrite Auxiliary File[0m Promises_Promises.DependencyStaticMetadataFileList[0m
Build	Fastlane Build & Archive	2026-07-20T11:37:55.1934780Z [11:37:54]: ▸ [35m[[36mPromises_Promises[0m] [1mWrite Auxiliary File[0m Promises_Promises.DependencyMetadataFileList[0m
Build	Fastlane Build & Archive	2026-07-20T11:37:55.1935500Z [11:37:54]: ▸ [35m[[36mPromises_FBLPromises[0m] [1mWrite Auxiliary File[0m empty-Promises_FBLPromises.plist[0m
Build	Fastlane Build & Archive	2026-07-20T11:37:55.1936250Z [11:37:54]: ▸ [35m[[36mPromises_FBLPromises[0m] [1mWrite Auxiliary File[0m Promises_FBLPromises.DependencyStaticMetadataFileList[0m
Build	Fastlane Build & Archive	2026-07-20T11:37:55.1937310Z [11:37:54]: ▸ [35m[[36mPromises_FBLPromises[0m] [1mWrite Auxiliary File[0m Promises_FBLPromises.DependencyMetadataFileList[0m
Build	Fastlane Build & Archive	2026-07-20T11:37:55.1990390Z [11:37:54]: ▸ [35m[[36mPromises[0m] [1mWrite Auxiliary File[0m Promises.modulemap[0m
Build	Fastlane Build & Archive	2026-07-20T11:37:55.1991240Z [11:37:54]: ▸ [35m[[36mPromises[0m] [1mWrite Auxiliary File[0m Promises.DependencyStaticMetadataFileList[0m
Build	Fastlane Build & Archive	2026-07-20T11:37:55.1992410Z [11:37:54]: ▸ [35m[[36mPromises[0m] [1mWrite Auxiliary File[0m Promises.DependencyMetadataFileList[0m
Build	Fastlane Build & Archive	2026-07-20T11:37:55.1993380Z [11:37:54]: ▸ [35m[[36mPromises[0m] [1mWrite Auxiliary File[0m Promises_const_extract_protocols.json[0m
Build	Fastlane Build & Archive	2026-07-20T11:37:55.1994070Z [11:37:54]: ▸ [35m[[36mPromises[0m] [1mWrite Auxiliary File[0m Promises.SwiftFileList[0m
Build	Fastlane Build & Archive	2026-07-20T11:37:55.2040890Z [11:37:54]: ▸ [35m[[36mPromises[0m] [1mWrite Auxiliary File[0m Promises.SwiftConstValuesFileList[0m
Build	Fastlane Build & Archive	2026-07-20T11:37:55.2041740Z [11:37:54]: ▸ [35m[[36mPromises[0m] [1mWrite Auxiliary File[0m Promises.LinkFileList[0m
Build	Fastlane Build & Archive	2026-07-20T11:37:55.2042490Z [11:37:54]: ▸ [35m[[36mPromises[0m] [1mWrite Auxiliary File[0m Promises-OutputFileMap.json[0m
Build	Fastlane Build & Archive	2026-07-20T11:37:55.2043210Z [11:37:54]: ▸ [35m[[36mPromises[0m] [1mWrite Auxiliary File[0m resource_bundle_accessor.swift[0m
Build	Fastlane Build & Archive	2026-07-20T11:37:55.2043940Z [11:37:54]: ▸ [35m[[36mPromises[0m] [1mCopy[0m Promises.modulemap -> Promises.modulemap[0m
Build	Fastlane Build & Archive	2026-07-20T11:37:55.2044600Z [11:37:54]: ▸ [35m[[36mOmnipodKit[0m] [1mWrite Auxiliary File[0m module.modulemap[0m
Build	Fastlane Build & Archive	2026-07-20T11:37:55.2045250Z [11:37:54]: ▸ [35m[[36mOmnipodKit[0m] [1mWrite Auxiliary File[0m OmnipodKit.hmap[0m
Build	Fastlane Build & Archive	2026-07-20T11:37:55.2046000Z [11:37:54]: ▸ [35m[[36mOmnipodKit[0m] [1mWrite Auxiliary File[0m OmnipodKit.DependencyStaticMetadataFileList[0m
Build	Fastlane Build & Archive	2026-07-20T11:37:55.2046820Z [11:37:54]: ▸ [35m[[36mOmnipodKit[0m] [1mWrite Auxiliary File[0m OmnipodKit.DependencyMetadataFileList[0m
Build	Fastlane Build & Archive	2026-07-20T11:37:55.2124850Z [11:37:54]: ▸ [35m[[36mOmnipodKit[0m] [1mWrite Auxiliary File[0m OmnipodKit-project-headers.hmap[0m
Build	Fastlane Build & Archive	2026-07-20T11:37:55.2154270Z [11:37:54]: ▸ [35m[[36mOmnipodKit[0m] [1mWrite Auxiliary File[0m OmnipodKit-own-target-headers.hmap[0m
Build	Fastlane Build & Archive	2026-07-20T11:37:55.2155150Z [11:37:54]: ▸ [35m[[36mOmnipodKit[0m] [1mWrite Auxiliary File[0m OmnipodKit-generated-files.hmap[0m
Build	Fastlane Build & Archive	2026-07-20T11:37:55.2159130Z [11:37:54]: ▸ [35m[[36mOmnipodKit[0m] [1mWrite Auxiliary File[0m OmnipodKit-diagnostic-filename-map.json[0m
Build	Fastlane Build & Archive	2026-07-20T11:37:55.2160050Z [11:37:54]: ▸ [35m[[36mOmnipodKit[0m] [1mWrite Auxiliary File[0m OmnipodKit-all-target-headers.hmap[0m
Build	Fastlane Build & Archive	2026-07-20T11:37:55.2165300Z [11:37:54]: ▸ [35m[[36mOmnipodKit[0m] [1mWrite Auxiliary File[0m OmnipodKit-all-non-framework-target-headers.hmap[0m
Build	Fastlane Build & Archive	2026-07-20T11:37:55.2191830Z [11:37:54]: ▸ [35m[[36mOmnipodKit[0m] [1mWrite Auxiliary File[0m OmnipodKit_const_extract_protocols.json[0m
Build	Fastlane Build & Archive	2026-07-20T11:37:55.2224860Z [11:37:54]: ▸ [35m[[36mOmnipodKit[0m] [1mWrite Auxiliary File[0m OmnipodKit.SwiftFileList[0m
Build	Fastlane Build & Archive	2026-07-20T11:37:55.2254550Z [11:37:54]: ▸ [35m[[36mOmnipodKit[0m] [1mWrite Auxiliary File[0m OmnipodKit.SwiftConstValuesFileList[0m
Build	Fastlane Build & Archive	2026-07-20T11:37:55.2275440Z [11:37:54]: ▸ [35m[[36mOmnipodKit[0m] [1mWrite Auxiliary File[0m OmnipodKit.LinkFileList[0m
Build	Fastlane Build & Archive	2026-07-20T11:37:55.2288390Z [11:37:54]: ▸ [35m[[36mOmnipodKit[0m] [1mWrite Auxiliary File[0m OmnipodKit-OutputFileMap.json[0m
Build	Fastlane Build & Archive	2026-07-20T11:37:55.2289310Z [11:37:54]: ▸ [35m[[36mOmnipodKit[0m] [1mWrite Auxiliary File[0m 7187679823f38a2a940e0043cdf9d637-common-args.resp[0m
Build	Fastlane Build & Archive	2026-07-20T11:37:55.2290090Z [11:37:54]: ▸ [35m[[36mOmnipodKit[0m] [1mWrite Auxiliary File[0m OmnipodKit_vers.c[0m
Build	Fastlane Build & Archive	2026-07-20T11:37:55.2290710Z [11:37:54]: ▸ [35m[[36mOmnipodKit[0m] [1mCopying[0m OmnipodKit.h[0m
Build	Fastlane Build & Archive	2026-07-20T11:37:55.2291330Z [11:37:54]: ▸ [35m[[36mOmnipodKit[0m] [1mCopy[0m module.modulemap -> module.modulemap[0m
Build	Fastlane Build & Archive	2026-07-20T11:37:55.2292050Z [11:37:54]: ▸ [35m[[36mMockKitUI[0m] [1mWrite Auxiliary File[0m MockKitUI_const_extract_protocols.json[0m
Build	Fastlane Build & Archive	2026-07-20T11:37:55.2295940Z [11:37:54]: ▸ [35m[[36mMockKitUI[0m] [1mWrite Auxiliary File[0m MockKitUI.SwiftFileList[0m
Build	Fastlane Build & Archive	2026-07-20T11:37:55.2296680Z [11:37:54]: ▸ [35m[[36mMockKitUI[0m] [1mWrite Auxiliary File[0m MockKitUI.SwiftConstValuesFileList[0m
Build	Fastlane Build & Archive	2026-07-20T11:37:55.2302810Z [11:37:54]: ▸ [35m[[36mMockKitUI[0m] [1mWrite Auxiliary File[0m MockKitUI.LinkFileList[0m
Build	Fastlane Build & Archive	2026-07-20T11:37:55.2305950Z [11:37:54]: ▸ [35m[[36mMockKitUI[0m] [1mWrite Auxiliary File[0m MockKitUI-OutputFileMap.json[0m
Build	Fastlane Build & Archive	2026-07-20T11:37:55.2307070Z [11:37:54]: ▸ [35m[[36mMockKitUI[0m] [1mWrite Auxiliary File[0m 7187679823f38a2a940e0043cdf9d637-common-args.resp[0m
Build	Fastlane Build & Archive	2026-07-20T11:37:55.2320240Z [11:37:54]: ▸ [35m[[36mMockKitUI[0m] [1mWrite Auxiliary File[0m MockKitUI.hmap[0m
Build	Fastlane Build & Archive	2026-07-20T11:37:55.2323080Z [11:37:54]: ▸ [35m[[36mMockKitUI[0m] [1mWrite Auxiliary File[0m MockKitUI.DependencyStaticMetadataFileList[0m
Build	Fastlane Build & Archive	2026-07-20T11:37:55.2325440Z [11:37:54]: ▸ [35m[[36mMockKitUI[0m] [1mWrite Auxiliary File[0m MockKitUI.DependencyMetadataFileList[0m
Build	Fastlane Build & Archive	2026-07-20T11:37:55.2357590Z [11:37:54]: ▸ [35m[[36mMockKitUI[0m] [1mWrite Auxiliary File[0m MockKitUI-project-headers.hmap[0m
Build	Fastlane Build & Archive	2026-07-20T11:37:55.2360980Z [11:37:54]: ▸ [35m[[36mMockKitUI[0m] [1mWrite Auxiliary File[0m MockKitUI-own-target-headers.hmap[0m
Build	Fastlane Build & Archive	2026-07-20T11:37:55.2362370Z [11:37:54]: ▸ [35m[[36mMockKitUI[0m] [1mWrite Auxiliary File[0m MockKitUI-generated-files.hmap[0m
Build	Fastlane Build & Archive	2026-07-20T11:37:55.2363270Z [11:37:54]: ▸ [35m[[36mMockKitUI[0m] [1mWrite Auxiliary File[0m MockKitUI-all-target-headers.hmap[0m
Build	Fastlane Build & Archive	2026-07-20T11:37:55.2370720Z [11:37:54]: ▸ [35m[[36mMockKitUI[0m] [1mWrite Auxiliary File[0m MockKitUI-all-non-framework-target-headers.hmap[0m
Build	Fastlane Build & Archive	2026-07-20T11:37:55.2371490Z [11:37:54]: ▸ [35m[[36mMockKitUI[0m] [1mWrite Auxiliary File[0m MockKitUI_vers.c[0m
Build	Fastlane Build & Archive	2026-07-20T11:37:55.2372100Z [11:37:54]: ▸ [35m[[36mMockKitUI[0m] [1mCopying[0m MockKitUI.h[0m
Build	Fastlane Build & Archive	2026-07-20T11:37:55.2373880Z [11:37:54]: ▸ [35m[[36mMockKit[0m] [1mWrite Auxiliary File[0m module.modulemap[0m
Build	Fastlane Build & Archive	2026-07-20T11:37:55.2374650Z [11:37:54]: ▸ [35m[[36mMockKit[0m] [1mWrite Auxiliary File[0m MockKit_const_extract_protocols.json[0m
Build	Fastlane Build & Archive	2026-07-20T11:37:55.2375340Z [11:37:54]: ▸ [35m[[36mMockKit[0m] [1mWrite Auxiliary File[0m MockKit.SwiftFileList[0m
Build	Fastlane Build & Archive	2026-07-20T11:37:55.2388050Z [11:37:54]: ▸ [35m[[36mMockKit[0m] [1mWrite Auxiliary File[0m MockKit.SwiftConstValuesFileList[0m
Build	Fastlane Build & Archive	2026-07-20T11:37:55.2392030Z [11:37:54]: ▸ [35m[[36mMockKit[0m] [1mWrite Auxiliary File[0m MockKit.LinkFileList[0m
Build	Fastlane Build & Archive	2026-07-20T11:37:55.2395990Z [11:37:54]: ▸ [35m[[36mMockKit[0m] [1mWrite Auxiliary File[0m MockKit-OutputFileMap.json[0m
Build	Fastlane Build & Archive	2026-07-20T11:37:55.2398350Z [11:37:54]: ▸ [35m[[36mMockKit[0m] [1mWrite Auxiliary File[0m 7187679823f38a2a940e0043cdf9d637-common-args.resp[0m
Build	Fastlane Build & Archive	2026-07-20T11:37:55.2400690Z [11:37:54]: ▸ [35m[[36mMockKit[0m] [1mWrite Auxiliary File[0m MockKit.hmap[0m
Build	Fastlane Build & Archive	2026-07-20T11:37:55.2440710Z [11:37:54]: ▸ [35m[[36mMockKit[0m] [1mWrite Auxiliary File[0m MockKit.DependencyStaticMetadataFileList[0m
Build	Fastlane Build & Archive	2026-07-20T11:37:55.2441550Z [11:37:54]: ▸ [35m[[36mMockKit[0m] [1mWrite Auxiliary File[0m MockKit.DependencyMetadataFileList[0m
Build	Fastlane Build & Archive	2026-07-20T11:37:55.2458410Z [11:37:54]: ▸ [35m[[36mMockKit[0m] [1mWrite Auxiliary File[0m MockKit-project-headers.hmap[0m
Build	Fastlane Build & Archive	2026-07-20T11:37:55.2459190Z [11:37:54]: ▸ [35m[[36mMockKit[0m] [1mWrite Auxiliary File[0m MockKit-own-target-headers.hmap[0m
Build	Fastlane Build & Archive	2026-07-20T11:37:55.2459980Z [11:37:54]: ▸ [35m[[36mMockKit[0m] [1mWrite Auxiliary File[0m MockKit-generated-files.hmap[0m
Build	Fastlane Build & Archive	2026-07-20T11:37:55.2460570Z [11:37:54]: ▸ [35m[[36mMockKit[0m] [1mWrite Auxiliary File[0m MockKit-all-target-headers.hmap[0m
Build	Fastlane Build & Archive	2026-07-20T11:37:55.2461540Z [11:37:54]: ▸ [35m[[36mMockKit[0m] [1mWrite Auxiliary File[0m MockKit-all-non-framework-target-headers.hmap[0m
Build	Fastlane Build & Archive	2026-07-20T11:37:55.2462130Z [11:37:54]: ▸ [35m[[36mMockKit[0m] [1mWrite Auxiliary File[0m MockKit_vers.c[0m
Build	Fastlane Build & Archive	2026-07-20T11:37:55.2462590Z [11:37:54]: ▸ [35m[[36mMockKit[0m] [1mCopying[0m MockKit.h[0m
Build	Fastlane Build & Archive	2026-07-20T11:37:55.2463080Z [11:37:54]: ▸ [35m[[36mMockKit[0m] [1mCopy[0m module.modulemap -> module.modulemap[0m
Build	Fastlane Build & Archive	2026-07-20T11:37:55.2463630Z [11:37:54]: ▸ [35m[[36mMinimedKitUI[0m] [1mWrite Auxiliary File[0m module.modulemap[0m
Build	Fastlane Build & Archive	2026-07-20T11:37:55.2465120Z [11:37:54]: ▸ [35m[[36mMinimedKitUI[0m] [1mWrite Auxiliary File[0m empty-MinimedKitUI.plist[0m
Build	Fastlane Build & Archive	2026-07-20T11:37:55.2465980Z [11:37:54]: ▸ [35m[[36mMinimedKitUI[0m] [1mWrite Auxiliary File[0m MinimedKitUI_const_extract_protocols.json[0m
Build	Fastlane Build & Archive	2026-07-20T11:37:55.2467080Z [11:37:54]: ▸ [35m[[36mMinimedKitUI[0m] [1mWrite Auxiliary File[0m MinimedKitUI.SwiftFileList[0m
Build	Fastlane Build & Archive	2026-07-20T11:37:55.2468680Z [11:37:54]: ▸ [35m[[36mMinimedKitUI[0m] [1mWrite Auxiliary File[0m MinimedKitUI.SwiftConstValuesFileList[0m
Build	Fastlane Build & Archive	2026-07-20T11:37:55.2471170Z [11:37:54]: ▸ [35m[[36mMinimedKitUI[0m] [1mWrite Auxiliary File[0m MinimedKitUI.LinkFileList[0m
Build	Fastlane Build & Archive	2026-07-20T11:37:55.2473290Z [11:37:54]: ▸ [35m[[36mMinimedKitUI[0m] [1mWrite Auxiliary File[0m MinimedKitUI-OutputFileMap.json[0m
Build	Fastlane Build & Archive	2026-07-20T11:37:55.2477360Z [11:37:54]: ▸ [35m[[36mMinimedKitUI[0m] [1mWrite Auxiliary File[0m 7187679823f38a2a940e0043cdf9d637-common-args.resp[0m
Build	Fastlane Build & Archive	2026-07-20T11:37:55.2478370Z [11:37:54]: ▸ [35m[[36mMinimedKitUI[0m] [1mWrite Auxiliary File[0m MinimedKitUI.hmap[0m
Build	Fastlane Build & Archive	2026-07-20T11:37:55.2479170Z [11:37:54]: ▸ [35m[[36mMinimedKitUI[0m] [1mWrite Auxiliary File[0m MinimedKitUI.DependencyStaticMetadataFileList[0m
Build	Fastlane Build & Archive	2026-07-20T11:37:55.2479910Z [11:37:54]: ▸ [35m[[36mMinimedKitUI[0m] [1mWrite Auxiliary File[0m MinimedKitUI.DependencyMetadataFileList[0m
Build	Fastlane Build & Archive	2026-07-20T11:37:55.2480600Z [11:37:54]: ▸ [35m[[36mMinimedKitUI[0m] [1mWrite Auxiliary File[0m MinimedKitUI-project-headers.hmap[0m
Build	Fastlane Build & Archive	2026-07-20T11:37:55.2481270Z [11:37:54]: ▸ [35m[[36mMinimedKitUI[0m] [1mWrite Auxiliary File[0m MinimedKitUI-own-target-headers.hmap[0m
Build	Fastlane Build & Archive	2026-07-20T11:37:55.2481940Z [11:37:54]: ▸ [35m[[36mMinimedKitUI[0m] [1mWrite Auxiliary File[0m MinimedKitUI-generated-files.hmap[0m
Build	Fastlane Build & Archive	2026-07-20T11:37:55.2482610Z [11:37:54]: ▸ [35m[[36mMinimedKitUI[0m] [1mWrite Auxiliary File[0m MinimedKitUI-all-target-headers.hmap[0m
Build	Fastlane Build & Archive	2026-07-20T11:37:55.2483330Z [11:37:54]: ▸ [35m[[36mMinimedKitUI[0m] [1mWrite Auxiliary File[0m MinimedKitUI-all-non-framework-target-headers.hmap[0m
Build	Fastlane Build & Archive	2026-07-20T11:37:55.2484000Z [11:37:54]: ▸ [35m[[36mMinimedKitUI[0m] [1mWrite Auxiliary File[0m MinimedKitUI_vers.c[0m
Build	Fastlane Build & Archive	2026-07-20T11:37:55.2484540Z [11:37:54]: ▸ [35m[[36mMinimedKitUI[0m] [1mCopying[0m MinimedKitUI.h[0m
Build	Fastlane Build & Archive	2026-07-20T11:37:55.2485200Z [11:37:54]: ▸ [35m[[36mMinimedKitUI[0m] [1mCopy[0m module.modulemap -> module.modulemap[0m
Build	Fastlane Build & Archive	2026-07-20T11:37:55.2485860Z [11:37:54]: ▸ [35m[[36mMinimedKit[0m] [1mWrite Auxiliary File[0m unextended-module.modulemap[0m
Build	Fastlane Build & Archive	2026-07-20T11:37:55.2486460Z [11:37:54]: ▸ [35m[[36mMinimedKit[0m] [1mWrite Auxiliary File[0m unextended-module-overlay.yaml[0m
Build	Fastlane Build & Archive	2026-07-20T11:37:55.2487040Z [11:37:54]: ▸ [35m[[36mMinimedKit[0m] [1mWrite Auxiliary File[0m module.modulemap[0m
Build	Fastlane Build & Archive	2026-07-20T11:37:55.2487580Z [11:37:54]: ▸ [35m[[36mMinimedKit[0m] [1mWrite Auxiliary File[0m empty-MinimedKit.plist[0m
Build	Fastlane Build & Archive	2026-07-20T11:37:55.2488200Z [11:37:54]: ▸ [35m[[36mMinimedKit[0m] [1mWrite Auxiliary File[0m MinimedKit_const_extract_protocols.json[0m
Build	Fastlane Build & Archive	2026-07-20T11:37:55.2489430Z [11:37:54]: ▸ [35m[[36mMinimedKit[0m] [1mWrite Auxiliary File[0m MinimedKit.SwiftFileList[0m
Build	Fastlane Build & Archive	2026-07-20T11:37:55.2490090Z [11:37:54]: ▸ [35m[[36mMinimedKit[0m] [1mWrite Auxiliary File[0m MinimedKit.SwiftConstValuesFileList[0m
Build	Fastlane Build & Archive	2026-07-20T11:37:55.2490740Z [11:37:54]: ▸ [35m[[36mMinimedKit[0m] [1mWrite Auxiliary File[0m MinimedKit.LinkFileList[0m
Build	Fastlane Build & Archive	2026-07-20T11:37:55.2491360Z [11:37:54]: ▸ [35m[[36mMinimedKit[0m] [1mWrite Auxiliary File[0m MinimedKit-OutputFileMap.json[0m
Build	Fastlane Build & Archive	2026-07-20T11:37:55.2492050Z [11:37:54]: ▸ [35m[[36mMinimedKit[0m] [1mWrite Auxiliary File[0m 7187679823f38a2a940e0043cdf9d637-common-args.resp[0m
Build	Fastlane Build & Archive	2026-07-20T11:37:55.2493460Z [11:37:54]: ▸ [35m[[36mMinimedKit[0m] [1mWrite Auxiliary File[0m MinimedKit.hmap[0m
Build	Fastlane Build & Archive	2026-07-20T11:37:55.2494780Z [11:37:54]: ▸ [35m[[36mMinimedKit[0m] [1mWrite Auxiliary File[0m MinimedKit.DependencyStaticMetadataFileList[0m
Build	Fastlane Build & Archive	2026-07-20T11:37:55.2495920Z [11:37:54]: ▸ [35m[[36mMinimedKit[0m] [1mWrite Auxiliary File[0m MinimedKit.DependencyMetadataFileList[0m
Build	Fastlane Build & Archive	2026-07-20T11:37:55.2496630Z [11:37:54]: ▸ [35m[[36mMinimedKit[0m] [1mWrite Auxiliary File[0m MinimedKit-project-headers.hmap[0m
Build	Fastlane Build & Archive	2026-07-20T11:37:55.2497530Z [11:37:54]: ▸ [35m[[36mMinimedKit[0m] [1mWrite Auxiliary File[0m MinimedKit-own-target-headers.hmap[0m
Build	Fastlane Build & Archive	2026-07-20T11:37:55.2498190Z [11:37:54]: ▸ [35m[[36mMinimedKit[0m] [1mWrite Auxiliary File[0m MinimedKit-generated-files.hmap[0m
Build	Fastlane Build & Archive	2026-07-20T11:37:55.2499600Z [11:37:54]: ▸ [35m[[36mMinimedKit[0m] [1mWrite Auxiliary File[0m MinimedKit-all-target-headers.hmap[0m
Build	Fastlane Build & Archive	2026-07-20T11:37:55.2500390Z [11:37:54]: ▸ [35m[[36mMinimedKit[0m] [1mWrite Auxiliary File[0m MinimedKit-all-non-framework-target-headers.hmap[0m
Build	Fastlane Build & Archive	2026-07-20T11:37:55.2502600Z [11:37:54]: ▸ [35m[[36mMinimedKit[0m] [1mWrite Auxiliary File[0m MinimedKit_vers.c[0m
Build	Fastlane Build & Archive	2026-07-20T11:37:55.2503950Z [11:37:54]: ▸ [35m[[36mMinimedKit[0m] [1mCopying[0m MinimedKit.h[0m
Build	Fastlane Build & Archive	2026-07-20T11:37:55.2505290Z [11:37:54]: ▸ [35m[[36mMinimedKit[0m] [1mCopy[0m module.modulemap -> module.modulemap[0m
Build	Fastlane Build & Archive	2026-07-20T11:37:55.2506950Z [11:37:54]: ▸ [35m[[36mMedtrumKit[0m] [1mWrite Auxiliary File[0m module.modulemap[0m
Build	Fastlane Build & Archive	2026-07-20T11:37:55.2507810Z [11:37:54]: ▸ [35m[[36mMedtrumKit[0m] [1mWrite Auxiliary File[0m MedtrumKit_const_extract_protocols.json[0m
Build	Fastlane Build & Archive	2026-07-20T11:37:55.2508490Z [11:37:54]: ▸ [35m[[36mMedtrumKit[0m] [1mWrite Auxiliary File[0m MedtrumKit.SwiftFileList[0m
Build	Fastlane Build & Archive	2026-07-20T11:37:55.2509110Z [11:37:54]: ▸ [35m[[36mMedtrumKit[0m] [1mWrite Auxiliary File[0m MedtrumKit.SwiftConstValuesFileList[0m
Build	Fastlane Build & Archive	2026-07-20T11:37:55.2509720Z [11:37:54]: ▸ [35m[[36mMedtrumKit[0m] [1mWrite Auxiliary File[0m MedtrumKit.LinkFileList[0m
Build	Fastlane Build & Archive	2026-07-20T11:37:55.2510330Z [11:37:54]: ▸ [35m[[36mMedtrumKit[0m] [1mWrite Auxiliary File[0m MedtrumKit-OutputFileMap.json[0m
Build	Fastlane Build & Archive	2026-07-20T11:37:55.2511040Z [11:37:54]: ▸ [35m[[36mMedtrumKit[0m] [1mWrite Auxiliary File[0m 7187679823f38a2a940e0043cdf9d637-common-args.resp[0m
Build	Fastlane Build & Archive	2026-07-20T11:37:55.2511690Z [11:37:54]: ▸ [35m[[36mMedtrumKit[0m] [1mWrite Auxiliary File[0m MedtrumKit.hmap[0m
Build	Fastlane Build & Archive	2026-07-20T11:37:55.2512360Z [11:37:54]: ▸ [35m[[36mMedtrumKit[0m] [1mWrite Auxiliary File[0m MedtrumKit.DependencyStaticMetadataFileList[0m
Build	Fastlane Build & Archive	2026-07-20T11:37:55.2513060Z [11:37:54]: ▸ [35m[[36mMedtrumKit[0m] [1mWrite Auxiliary File[0m MedtrumKit.DependencyMetadataFileList[0m
Build	Fastlane Build & Archive	2026-07-20T11:37:55.2513730Z [11:37:54]: ▸ [35m[[36mMedtrumKit[0m] [1mWrite Auxiliary File[0m MedtrumKit-project-headers.hmap[0m
Build	Fastlane Build & Archive	2026-07-20T11:37:55.2514420Z [11:37:54]: ▸ [35m[[36mMedtrumKit[0m] [1mWrite Auxiliary File[0m MedtrumKit-own-target-headers.hmap[0m
Build	Fastlane Build & Archive	2026-07-20T11:37:55.2515070Z [11:37:54]: ▸ [35m[[36mMedtrumKit[0m] [1mWrite Auxiliary File[0m MedtrumKit-generated-files.hmap[0m
Build	Fastlane Build & Archive	2026-07-20T11:37:55.2518790Z [11:37:54]: ▸ [35m[[36mMedtrumKit[0m] [1mWrite Auxiliary File[0m MedtrumKit-diagnostic-filename-map.json[0m
Build	Fastlane Build & Archive	2026-07-20T11:37:55.2538690Z [11:37:54]: ▸ [35m[[36mMedtrumKit[0m] [1mWrite Auxiliary File[0m MedtrumKit-all-target-headers.hmap[0m
Build	Fastlane Build & Archive	2026-07-20T11:37:55.2539610Z [11:37:54]: ▸ [35m[[36mMedtrumKit[0m] [1mWrite Auxiliary File[0m MedtrumKit-all-non-framework-target-headers.hmap[0m
Build	Fastlane Build & Archive	2026-07-20T11:37:55.2540310Z [11:37:54]: ▸ [35m[[36mMedtrumKit[0m] [1mWrite Auxiliary File[0m MedtrumKit_vers.c[0m
Build	Fastlane Build & Archive	2026-07-20T11:37:55.2540800Z [11:37:54]: ▸ [35m[[36mMedtrumKit[0m] [1mCopying[0m MedtrumKit.h[0m
Build	Fastlane Build & Archive	2026-07-20T11:37:55.2541300Z [11:37:54]: ▸ [35m[[36mMedtrumKit[0m] [1mCopy[0m module.modulemap -> module.modulemap[0m
Build	Fastlane Build & Archive	2026-07-20T11:37:55.2541980Z [11:37:54]: ▸ [35m[[36mMKRingProgressView[0m] [1mWrite Auxiliary File[0m MKRingProgressView_const_extract_protocols.json[0m
Build	Fastlane Build & Archive	2026-07-20T11:37:55.2542720Z [11:37:54]: ▸ [35m[[36mMKRingProgressView[0m] [1mWrite Auxiliary File[0m MKRingProgressView.SwiftFileList[0m
Build	Fastlane Build & Archive	2026-07-20T11:37:55.2543450Z [11:37:54]: ▸ [35m[[36mMKRingProgressView[0m] [1mWrite Auxiliary File[0m MKRingProgressView.SwiftConstValuesFileList[0m
Build	Fastlane Build & Archive	2026-07-20T11:37:55.2545810Z [11:37:54]: ▸ [35m[[36mMKRingProgressView[0m] [1mWrite Auxiliary File[0m MKRingProgressView.LinkFileList[0m
Build	Fastlane Build & Archive	2026-07-20T11:37:55.2549430Z [11:37:54]: ▸ [35m[[36mMKRingProgressView[0m] [1mWrite Auxiliary File[0m MKRingProgressView-OutputFileMap.json[0m
Build	Fastlane Build & Archive	2026-07-20T11:37:55.2551390Z [11:37:54]: ▸ [35m[[36mMKRingProgressView[0m] [1mWrite Auxiliary File[0m MKRingProgressView.modulemap[0m
Build	Fastlane Build & Archive	2026-07-20T11:37:55.2553410Z [11:37:54]: ▸ [35m[[36mMKRingProgressView[0m] [1mWrite Auxiliary File[0m MKRingProgressView.DependencyStaticMetadataFileList[0m
Build	Fastlane Build & Archive	2026-07-20T11:37:55.2555770Z [11:37:54]: ▸ [35m[[36mMKRingProgressView[0m] [1mWrite Auxiliary File[0m MKRingProgressView.DependencyMetadataFileList[0m
Build	Fastlane Build & Archive	2026-07-20T11:37:55.2558120Z [11:37:54]: ▸ [35m[[36mMKRingProgressView[0m] [1mCopy[0m MKRingProgressView.modulemap -> MKRingProgressView.modulemap[0m
Build	Fastlane Build & Archive	2026-07-20T11:37:55.2560320Z [11:37:54]: ▸ [35m[[36mLoopTestingKit[0m] [1mWrite Auxiliary File[0m LoopTestingKit_const_extract_protocols.json[0m
Build	Fastlane Build & Archive	2026-07-20T11:37:55.2562660Z [11:37:54]: ▸ [35m[[36mLoopTestingKit[0m] [1mWrite Auxiliary File[0m LoopTestingKit.SwiftFileList[0m
Build	Fastlane Build & Archive	2026-07-20T11:37:55.2565000Z [11:37:54]: ▸ [35m[[36mLoopTestingKit[0m] [1mWrite Auxiliary File[0m LoopTestingKit.SwiftConstValuesFileList[0m
Build	Fastlane Build & Archive	2026-07-20T11:37:55.2567010Z [11:37:54]: ▸ [35m[[36mLoopTestingKit[0m] [1mWrite Auxiliary File[0m LoopTestingKit.LinkFileList[0m
Build	Fastlane Build & Archive	2026-07-20T11:37:55.2591990Z [11:37:54]: ▸ [35m[[36mLoopTestingKit[0m] [1mWrite Auxiliary File[0m LoopTestingKit-OutputFileMap.json[0m
Build	Fastlane Build & Archive	2026-07-20T11:37:55.2595340Z [11:37:54]: ▸ [35m[[36mLoopTestingKit[0m] [1mWrite Auxiliary File[0m 7187679823f38a2a940e0043cdf9d637-common-args.resp[0m
Build	Fastlane Build & Archive	2026-07-20T11:37:55.2606610Z [11:37:54]: ▸ [35m[[36mLoopTestingKit[0m] [1mWrite Auxiliary File[0m LoopTestingKit.hmap[0m
Build	Fastlane Build & Archive	2026-07-20T11:37:55.2607330Z [11:37:54]: ▸ [35m[[36mLoopTestingKit[0m] [1mWrite Auxiliary File[0m LoopTestingKit.DependencyStaticMetadataFileList[0m
Build	Fastlane Build & Archive	2026-07-20T11:37:55.2608700Z [11:37:54]: ▸ [35m[[36mLoopTestingKit[0m] [1mWrite Auxiliary File[0m LoopTestingKit.DependencyMetadataFileList[0m
Build	Fastlane Build & Archive	2026-07-20T11:37:55.2611090Z [11:37:54]: ▸ [35m[[36mLoopTestingKit[0m] [1mWrite Auxiliary File[0m LoopTestingKit-project-headers.hmap[0m
Build	Fastlane Build & Archive	2026-07-20T11:37:55.2613300Z [11:37:54]: ▸ [35m[[36mLoopTestingKit[0m] [1mWrite Auxiliary File[0m LoopTestingKit-own-target-headers.hmap[0m
Build	Fastlane Build & Archive	2026-07-20T11:37:55.2615850Z [11:37:54]: ▸ [35m[[36mLoopTestingKit[0m] [1mWrite Auxiliary File[0m LoopTestingKit-generated-files.hmap[0m
Build	Fastlane Build & Archive	2026-07-20T11:37:55.2617670Z [11:37:54]: ▸ [35m[[36mLoopTestingKit[0m] [1mWrite Auxiliary File[0m LoopTestingKit-all-target-headers.hmap[0m
Build	Fastlane Build & Archive	2026-07-20T11:37:55.2619690Z [11:37:54]: ▸ [35m[[36mLoopTestingKit[0m] [1mWrite Auxiliary File[0m LoopTestingKit-all-non-framework-target-headers.hmap[0m
Build	Fastlane Build & Archive	2026-07-20T11:37:55.2621520Z [11:37:54]: ▸ [35m[[36mLoopTestingKit[0m] [1mWrite Auxiliary File[0m LoopTestingKit_vers.c[0m
Build	Fastlane Build & Archive	2026-07-20T11:37:55.2625240Z [11:37:54]: ▸ [35m[[36mLoopTestingKit[0m] [1mCopying[0m LoopTestingKit.h[0m
Build	Fastlane Build & Archive	2026-07-20T11:37:55.2625820Z [11:37:54]: ▸ [35m[[36mLoopKitUI[0m] [1mWrite Auxiliary File[0m module.modulemap[0m
Build	Fastlane Build & Archive	2026-07-20T11:37:55.2626870Z [11:37:54]: ▸ [35m[[36mLoopKitUI[0m] [1mWrite Auxiliary File[0m LoopKitUI_const_extract_protocols.json[0m
Build	Fastlane Build & Archive	2026-07-20T11:37:55.2627520Z [11:37:54]: ▸ [35m[[36mLoopKitUI[0m] [1mWrite Auxiliary File[0m LoopKitUI.SwiftFileList[0m
Build	Fastlane Build & Archive	2026-07-20T11:37:55.2629830Z [11:37:54]: ▸ [35m[[36mLoopKitUI[0m] [1mWrite Auxiliary File[0m LoopKitUI.SwiftConstValuesFileList[0m
Build	Fastlane Build & Archive	2026-07-20T11:37:55.2630490Z [11:37:54]: ▸ [35m[[36mLoopKitUI[0m] [1mWrite Auxiliary File[0m LoopKitUI.LinkFileList[0m
Build	Fastlane Build & Archive	2026-07-20T11:37:55.2631070Z [11:37:54]: ▸ [35m[[36mLoopKitUI[0m] [1mWrite Auxiliary File[0m LoopKitUI-OutputFileMap.json[0m
Build	Fastlane Build & Archive	2026-07-20T11:37:55.2631730Z [11:37:54]: ▸ [35m[[36mLoopKitUI[0m] [1mWrite Auxiliary File[0m 7187679823f38a2a940e0043cdf9d637-common-args.resp[0m
Build	Fastlane Build & Archive	2026-07-20T11:37:55.2638710Z [11:37:54]: ▸ [35m[[36mLoopKitUI[0m] [1mWrite Auxiliary File[0m LoopKitUI.hmap[0m
Build	Fastlane Build & Archive	2026-07-20T11:37:55.2639510Z [11:37:54]: ▸ [35m[[36mLoopKitUI[0m] [1mWrite Auxiliary File[0m LoopKitUI.DependencyStaticMetadataFileList[0m
Build	Fastlane Build & Archive	2026-07-20T11:37:55.2640200Z [11:37:54]: ▸ [35m[[36mLoopKitUI[0m] [1mWrite Auxiliary File[0m LoopKitUI.DependencyMetadataFileList[0m
Build	Fastlane Build & Archive	2026-07-20T11:37:55.2640840Z [11:37:54]: ▸ [35m[[36mLoopKitUI[0m] [1mWrite Auxiliary File[0m LoopKitUI-project-headers.hmap[0m
Build	Fastlane Build & Archive	2026-07-20T11:37:55.2641460Z [11:37:54]: ▸ [35m[[36mLoopKitUI[0m] [1mWrite Auxiliary File[0m LoopKitUI-own-target-headers.hmap[0m
Build	Fastlane Build & Archive	2026-07-20T11:37:55.2642080Z [11:37:54]: ▸ [35m[[36mLoopKitUI[0m] [1mWrite Auxiliary File[0m LoopKitUI-generated-files.hmap[0m
Build	Fastlane Build & Archive	2026-07-20T11:37:55.2642690Z [11:37:54]: ▸ [35m[[36mLoopKitUI[0m] [1mWrite Auxiliary File[0m LoopKitUI-all-target-headers.hmap[0m
Build	Fastlane Build & Archive	2026-07-20T11:37:55.2643370Z [11:37:54]: ▸ [35m[[36mLoopKitUI[0m] [1mWrite Auxiliary File[0m LoopKitUI-all-non-framework-target-headers.hmap[0m
Build	Fastlane Build & Archive	2026-07-20T11:37:55.2644070Z [11:37:54]: ▸ [35m[[36mLoopKitUI[0m] [1mWrite Auxiliary File[0m LoopKitUI_vers.c[0m
Build	Fastlane Build & Archive	2026-07-20T11:37:55.2644540Z [11:37:54]: ▸ [35m[[36mLoopKitUI[0m] [1mCopying[0m LoopKitUI.h[0m
Build	Fastlane Build & Archive	2026-07-20T11:37:55.2645010Z [11:37:54]: ▸ [35m[[36mLoopKitUI[0m] [1mCopy[0m module.modulemap -> module.modulemap[0m
Build	Fastlane Build & Archive	2026-07-20T11:37:55.2645550Z [11:37:54]: ▸ [35m[[36mLoopKit[0m] [1mWrite Auxiliary File[0m module.modulemap[0m
Build	Fastlane Build & Archive	2026-07-20T11:37:55.2646120Z [11:37:54]: ▸ [35m[[36mLoopKit[0m] [1mWrite Auxiliary File[0m LoopKit_const_extract_protocols.json[0m
Build	Fastlane Build & Archive	2026-07-20T11:37:55.2646680Z [11:37:54]: ▸ [35m[[36mLoopKit[0m] [1mWrite Auxiliary File[0m LoopKit.SwiftFileList[0m
Build	Fastlane Build & Archive	2026-07-20T11:37:55.2654760Z [11:37:54]: ▸ [35m[[36mLoopKit[0m] [1mWrite Auxiliary File[0m LoopKit.SwiftConstValuesFileList[0m
Build	Fastlane Build & Archive	2026-07-20T11:37:55.2655360Z [11:37:54]: ▸ [35m[[36mLoopKit[0m] [1mWrite Auxiliary File[0m LoopKit.LinkFileList[0m
Build	Fastlane Build & Archive	2026-07-20T11:37:55.2655910Z [11:37:54]: ▸ [35m[[36mLoopKit[0m] [1mWrite Auxiliary File[0m LoopKit-OutputFileMap.json[0m
Build	Fastlane Build & Archive	2026-07-20T11:37:55.2656590Z [11:37:54]: ▸ [35m[[36mLoopKit[0m] [1mWrite Auxiliary File[0m 7187679823f38a2a940e0043cdf9d637-common-args.resp[0m
Build	Fastlane Build & Archive	2026-07-20T11:37:55.2657200Z [11:37:54]: ▸ [35m[[36mLoopKit[0m] [1mWrite Auxiliary File[0m LoopKit.hmap[0m
Build	Fastlane Build & Archive	2026-07-20T11:37:55.2657810Z [11:37:54]: ▸ [35m[[36mLoopKit[0m] [1mWrite Auxiliary File[0m LoopKit.DependencyStaticMetadataFileList[0m
Build	Fastlane Build & Archive	2026-07-20T11:37:55.2658460Z [11:37:54]: ▸ [35m[[36mLoopKit[0m] [1mWrite Auxiliary File[0m LoopKit.DependencyMetadataFileList[0m
Build	Fastlane Build & Archive	2026-07-20T11:37:55.2659060Z [11:37:54]: ▸ [35m[[36mLoopKit[0m] [1mWrite Auxiliary File[0m LoopKit-project-headers.hmap[0m
Build	Fastlane Build & Archive	2026-07-20T11:37:55.2659690Z [11:37:54]: ▸ [35m[[36mLoopKit[0m] [1mWrite Auxiliary File[0m LoopKit-own-target-headers.hmap[0m
Build	Fastlane Build & Archive	2026-07-20T11:37:55.2660340Z [11:37:54]: ▸ [35m[[36mLoopKit[0m] [1mWrite Auxiliary File[0m LoopKit-generated-files.hmap[0m
Build	Fastlane Build & Archive	2026-07-20T11:37:55.2660960Z [11:37:54]: ▸ [35m[[36mLoopKit[0m] [1mWrite Auxiliary File[0m LoopKit-all-target-headers.hmap[0m
Build	Fastlane Build & Archive	2026-07-20T11:37:55.2661630Z [11:37:54]: ▸ [35m[[36mLoopKit[0m] [1mWrite Auxiliary File[0m LoopKit-all-non-framework-target-headers.hmap[0m
Build	Fastlane Build & Archive	2026-07-20T11:37:55.2662230Z [11:37:54]: ▸ [35m[[36mLoopKit[0m] [1mWrite Auxiliary File[0m LoopKit_vers.c[0m
Build	Fastlane Build & Archive	2026-07-20T11:37:55.2662680Z [11:37:54]: ▸ [35m[[36mLoopKit[0m] [1mCopying[0m LoopKit.h[0m
Build	Fastlane Build & Archive	2026-07-20T11:37:55.2663180Z [11:37:54]: ▸ [35m[[36mLoopKit[0m] [1mCopy[0m module.modulemap -> module.modulemap[0m
Build	Fastlane Build & Archive	2026-07-20T11:37:55.2663780Z [11:37:54]: ▸ [35m[[36mLogging[0m] [1mWrite Auxiliary File[0m Logging_const_extract_protocols.json[0m
Build	Fastlane Build & Archive	2026-07-20T11:37:55.2664370Z [11:37:54]: ▸ [35m[[36mLogging[0m] [1mWrite Auxiliary File[0m Logging.SwiftFileList[0m
Build	Fastlane Build & Archive	2026-07-20T11:37:55.2665590Z [11:37:54]: ▸ [35m[[36mLogging[0m] [1mWrite Auxiliary File[0m Logging.SwiftConstValuesFileList[0m
Build	Fastlane Build & Archive	2026-07-20T11:37:55.2666360Z [11:37:54]: ▸ [35m[[36mLogging[0m] [1mWrite Auxiliary File[0m Logging.LinkFileList[0m
Build	Fastlane Build & Archive	2026-07-20T11:37:55.2667330Z [11:37:54]: ▸ [35m[[36mLogging[0m] [1mWrite Auxiliary File[0m Logging-OutputFileMap.json[0m
Build	Fastlane Build & Archive	2026-07-20T11:37:55.2667880Z [11:37:54]: ▸ [35m[[36mLogging[0m] [1mWrite Auxiliary File[0m Logging.modulemap[0m
Build	Fastlane Build & Archive	2026-07-20T11:37:55.2668530Z [11:37:54]: ▸ [35m[[36mLogging[0m] [1mWrite Auxiliary File[0m Logging.DependencyStaticMetadataFileList[0m
Build	Fastlane Build & Archive	2026-07-20T11:37:55.2669220Z [11:37:54]: ▸ [35m[[36mLogging[0m] [1mWrite Auxiliary File[0m Logging.DependencyMetadataFileList[0m
Build	Fastlane Build & Archive	2026-07-20T11:37:55.2669800Z [11:37:54]: ▸ [35m[[36mLogging[0m] [1mCopy[0m Logging.modulemap -> Logging.modulemap[0m
Build	Fastlane Build & Archive	2026-07-20T11:37:55.2670420Z [11:37:54]: ▸ [35m[[36mLoggerAPI[0m] [1mWrite Auxiliary File[0m LoggerAPI_const_extract_protocols.json[0m
Build	Fastlane Build & Archive	2026-07-20T11:37:55.2671060Z [11:37:54]: ▸ [35m[[36mLoggerAPI[0m] [1mWrite Auxiliary File[0m LoggerAPI.SwiftFileList[0m
Build	Fastlane Build & Archive	2026-07-20T11:37:55.2671690Z [11:37:54]: ▸ [35m[[36mLoggerAPI[0m] [1mWrite Auxiliary File[0m LoggerAPI.SwiftConstValuesFileList[0m
Build	Fastlane Build & Archive	2026-07-20T11:37:55.2672370Z [11:37:54]: ▸ [35m[[36mLoggerAPI[0m] [1mWrite Auxiliary File[0m LoggerAPI.LinkFileList[0m
Build	Fastlane Build & Archive	2026-07-20T11:37:55.2673190Z [11:37:54]: ▸ [35m[[36mLoggerAPI[0m] [1mWrite Auxiliary File[0m LoggerAPI-OutputFileMap.json[0m
Build	Fastlane Build & Archive	2026-07-20T11:37:55.2673770Z [11:37:54]: ▸ [35m[[36mLoggerAPI[0m] [1mWrite Auxiliary File[0m LoggerAPI.modulemap[0m
Build	Fastlane Build & Archive	2026-07-20T11:37:55.2674590Z [11:37:54]: ▸ [35m[[36mLoggerAPI[0m] [1mWrite Auxiliary File[0m LoggerAPI.DependencyStaticMetadataFileList[0m
Build	Fastlane Build & Archive	2026-07-20T11:37:55.2675260Z [11:37:54]: ▸ [35m[[36mLoggerAPI[0m] [1mWrite Auxiliary File[0m LoggerAPI.DependencyMetadataFileList[0m
Build	Fastlane Build & Archive	2026-07-20T11:37:55.2675890Z [11:37:54]: ▸ [35m[[36mLoggerAPI[0m] [1mCopy[0m LoggerAPI.modulemap -> LoggerAPI.modulemap[0m
Build	Fastlane Build & Archive	2026-07-20T11:37:55.2676600Z [11:37:54]: ▸ [35m[[36mLiveActivityExtension[0m] [1mWrite Auxiliary File[0m LiveActivityExtension_const_extract_protocols.json[0m
Build	Fastlane Build & Archive	2026-07-20T11:37:55.2677400Z [11:37:54]: ▸ [35m[[36mLiveActivityExtension[0m] [1mWrite Auxiliary File[0m LiveActivityExtension.SwiftFileList[0m
Build	Fastlane Build & Archive	2026-07-20T11:37:55.2678180Z [11:37:54]: ▸ [35m[[36mLiveActivityExtension[0m] [1mWrite Auxiliary File[0m LiveActivityExtension.SwiftConstValuesFileList[0m
Build	Fastlane Build & Archive	2026-07-20T11:37:55.2678940Z [11:37:54]: ▸ [35m[[36mLiveActivityExtension[0m] [1mWrite Auxiliary File[0m LiveActivityExtension.LinkFileList[0m
Build	Fastlane Build & Archive	2026-07-20T11:37:55.2679670Z [11:37:54]: ▸ [35m[[36mLiveActivityExtension[0m] [1mWrite Auxiliary File[0m LiveActivityExtension-OutputFileMap.json[0m
Build	Fastlane Build & Archive	2026-07-20T11:37:55.2680410Z [11:37:54]: ▸ [35m[[36mLiveActivityExtension[0m] [1mWrite Auxiliary File[0m LiveActivityExtension.hmap[0m
Build	Fastlane Build & Archive	2026-07-20T11:37:55.2681170Z [11:37:54]: ▸ [35m[[36mLiveActivityExtension[0m] [1mWrite Auxiliary File[0m LiveActivityExtension.DependencyStaticMetadataFileList[0m
Build	Fastlane Build & Archive	2026-07-20T11:37:55.2682010Z [11:37:54]: ▸ [35m[[36mLiveActivityExtension[0m] [1mWrite Auxiliary File[0m LiveActivityExtension.DependencyMetadataFileList[0m
Build	Fastlane Build & Archive	2026-07-20T11:37:55.2682840Z [11:37:54]: ▸ [35m[[36mLiveActivityExtension[0m] [1mWrite Auxiliary File[0m LiveActivityExtension-project-headers.hmap[0m
Build	Fastlane Build & Archive	2026-07-20T11:37:55.2683730Z [11:37:54]: ▸ [35m[[36mLiveActivityExtension[0m] [1mWrite Auxiliary File[0m LiveActivityExtension-own-target-headers.hmap[0m
Build	Fastlane Build & Archive	2026-07-20T11:37:55.2684520Z [11:37:54]: ▸ [35m[[36mLiveActivityExtension[0m] [1mWrite Auxiliary File[0m LiveActivityExtension-generated-files.hmap[0m
Build	Fastlane Build & Archive	2026-07-20T11:37:55.2685320Z [11:37:54]: ▸ [35m[[36mLiveActivityExtension[0m] [1mWrite Auxiliary File[0m LiveActivityExtension-all-target-headers.hmap[0m
Build	Fastlane Build & Archive	2026-07-20T11:37:55.2686180Z [11:37:54]: ▸ [35m[[36mLiveActivityExtension[0m] [1mWrite Auxiliary File[0m LiveActivityExtension-all-non-framework-target-headers.hmap[0m
Build	Fastlane Build & Archive	2026-07-20T11:37:55.2687480Z [11:37:54]: ▸ [35m[[36mLiveActivityExtension[0m] [1mWrite Auxiliary File[0m Entitlements.plist[0m
Build	Fastlane Build & Archive	2026-07-20T11:37:55.2688610Z [11:37:54]: ▸ [35m[[36mLibreTransmitterUI[0m] [1mWrite Auxiliary File[0m unextended-module.modulemap[0m
Build	Fastlane Build & Archive	2026-07-20T11:37:55.2689300Z [11:37:54]: ▸ [35m[[36mLibreTransmitterUI[0m] [1mWrite Auxiliary File[0m unextended-module-overlay.yaml[0m
Build	Fastlane Build & Archive	2026-07-20T11:37:55.2689910Z [11:37:54]: ▸ [35m[[36mLibreTransmitterUI[0m] [1mWrite Auxiliary File[0m module.modulemap[0m
Build	Fastlane Build & Archive	2026-07-20T11:37:55.2690570Z [11:37:54]: ▸ [35m[[36mLibreTransmitterUI[0m] [1mWrite Auxiliary File[0m LibreTransmitterUI_const_extract_protocols.json[0m
Build	Fastlane Build & Archive	2026-07-20T11:37:55.2691300Z [11:37:54]: ▸ [35m[[36mLibreTransmitterUI[0m] [1mWrite Auxiliary File[0m LibreTransmitterUI.SwiftFileList[0m
Build	Fastlane Build & Archive	2026-07-20T11:37:55.2692310Z [11:37:54]: ▸ [35m[[36mLibreTransmitterUI[0m] [1mWrite Auxiliary File[0m LibreTransmitterUI.SwiftConstValuesFileList[0m
Build	Fastlane Build & Archive	2026-07-20T11:37:55.2693070Z [11:37:54]: ▸ [35m[[36mLibreTransmitterUI[0m] [1mWrite Auxiliary File[0m LibreTransmitterUI.LinkFileList[0m
Build	Fastlane Build & Archive	2026-07-20T11:37:55.2693790Z [11:37:54]: ▸ [35m[[36mLibreTransmitterUI[0m] [1mWrite Auxiliary File[0m LibreTransmitterUI-OutputFileMap.json[0m
Build	Fastlane Build & Archive	2026-07-20T11:37:55.2694630Z [11:37:54]: ▸ [35m[[36mLibreTransmitterUI[0m] [1mWrite Auxiliary File[0m 7187679823f38a2a940e0043cdf9d637-common-args.resp[0m
Build	Fastlane Build & Archive	2026-07-20T11:37:55.2695330Z [11:37:54]: ▸ [35m[[36mLibreTransmitterUI[0m] [1mWrite Auxiliary File[0m LibreTransmitterUI.hmap[0m
Build	Fastlane Build & Archive	2026-07-20T11:37:55.2696070Z [11:37:54]: ▸ [35m[[36mLibreTransmitterUI[0m] [1mWrite Auxiliary File[0m LibreTransmitterUI.DependencyStaticMetadataFileList[0m
Build	Fastlane Build & Archive	2026-07-20T11:37:55.2696870Z [11:37:54]: ▸ [35m[[36mLibreTransmitterUI[0m] [1mWrite Auxiliary File[0m LibreTransmitterUI.DependencyMetadataFileList[0m
Build	Fastlane Build & Archive	2026-07-20T11:37:55.2697640Z [11:37:54]: ▸ [35m[[36mLibreTransmitterUI[0m] [1mWrite Auxiliary File[0m LibreTransmitterUI-project-headers.hmap[0m
Build	Fastlane Build & Archive	2026-07-20T11:37:55.2699600Z [11:37:54]: ▸ [35m[[36mLibreTransmitterUI[0m] [1mWrite Auxiliary File[0m LibreTransmitterUI-own-target-headers.hmap[0m
Build	Fastlane Build & Archive	2026-07-20T11:37:55.2700400Z [11:37:54]: ▸ [35m[[36mLibreTransmitterUI[0m] [1mWrite Auxiliary File[0m LibreTransmitterUI-generated-files.hmap[0m
Build	Fastlane Build & Archive	2026-07-20T11:37:55.2701170Z [11:37:54]: ▸ [35m[[36mLibreTransmitterUI[0m] [1mWrite Auxiliary File[0m LibreTransmitterUI-all-target-headers.hmap[0m
Build	Fastlane Build & Archive	2026-07-20T11:37:55.2702000Z [11:37:54]: ▸ [35m[[36mLibreTransmitterUI[0m] [1mWrite Auxiliary File[0m LibreTransmitterUI-all-non-framework-target-headers.hmap[0m
Build	Fastlane Build & Archive	2026-07-20T11:37:55.2704620Z [11:37:54]: ▸ [35m[[36mLibreTransmitterUI[0m] [1mWrite Auxiliary File[0m LibreTransmitterUI_vers.c[0m
Build	Fastlane Build & Archive	2026-07-20T11:37:55.2705220Z [11:37:54]: ▸ [35m[[36mLibreTransmitterUI[0m] [1mCopying[0m LibreTransmitterUI.h[0m
Build	Fastlane Build & Archive	2026-07-20T11:37:55.2705810Z [11:37:54]: ▸ [35m[[36mLibreTransmitterUI[0m] [1mCopy[0m module.modulemap -> module.modulemap[0m
Build	Fastlane Build & Archive	2026-07-20T11:37:55.2706470Z [11:37:54]: ▸ [35m[[36mLibreTransmitter[0m] [1mWrite Auxiliary File[0m unextended-module.modulemap[0m
Build	Fastlane Build & Archive	2026-07-20T11:37:55.2707140Z [11:37:54]: ▸ [35m[[36mLibreTransmitter[0m] [1mWrite Auxiliary File[0m unextended-module-overlay.yaml[0m
Build	Fastlane Build & Archive	2026-07-20T11:37:55.2709410Z [11:37:54]: ▸ [35m[[36mLibreTransmitter[0m] [1mWrite Auxiliary File[0m module.modulemap[0m
Build	Fastlane Build & Archive	2026-07-20T11:37:55.2714880Z [11:37:54]: ▸ [35m[[36mLibreTransmitter[0m] [1mWrite Auxiliary File[0m LibreTransmitter_const_extract_protocols.json[0m
Build	Fastlane Build & Archive	2026-07-20T11:37:55.2717180Z [11:37:54]: ▸ [35m[[36mLibreTransmitter[0m] [1mWrite Auxiliary File[0m LibreTransmitter.SwiftFileList[0m
Build	Fastlane Build & Archive	2026-07-20T11:37:55.2719350Z [11:37:54]: ▸ [35m[[36mLibreTransmitter[0m] [1mWrite Auxiliary File[0m LibreTransmitter.SwiftConstValuesFileList[0m
Build	Fastlane Build & Archive	2026-07-20T11:37:55.2721260Z [11:37:54]: ▸ [35m[[36mLibreTransmitter[0m] [1mWrite Auxiliary File[0m LibreTransmitter.LinkFileList[0m
Build	Fastlane Build & Archive	2026-07-20T11:37:55.2724840Z [11:37:54]: ▸ [35m[[36mLibreTransmitter[0m] [1mWrite Auxiliary File[0m LibreTransmitter-OutputFileMap.json[0m
Build	Fastlane Build & Archive	2026-07-20T11:37:55.2741360Z [11:37:54]: ▸ [35m[[36mLibreTransmitter[0m] [1mWrite Auxiliary File[0m 7187679823f38a2a940e0043cdf9d637-common-args.resp[0m
Build	Fastlane Build & Archive	2026-07-20T11:37:55.2742520Z [11:37:54]: ▸ [35m[[36mLibreTransmitter[0m] [1mWrite Auxiliary File[0m LibreTransmitter.hmap[0m
Build	Fastlane Build & Archive	2026-07-20T11:37:55.2745160Z [11:37:54]: ▸ [35m[[36mLibreTransmitter[0m] [1mWrite Auxiliary File[0m LibreTransmitter.DependencyStaticMetadataFileList[0m
Build	Fastlane Build & Archive	2026-07-20T11:37:55.2747290Z [11:37:54]: ▸ [35m[[36mLibreTransmitter[0m] [1mWrite Auxiliary File[0m LibreTransmitter.DependencyMetadataFileList[0m
Build	Fastlane Build & Archive	2026-07-20T11:37:55.2749810Z [11:37:54]: ▸ [35m[[36mLibreTransmitter[0m] [1mWrite Auxiliary File[0m LibreTransmitter-project-headers.hmap[0m
Build	Fastlane Build & Archive	2026-07-20T11:37:55.2750710Z [11:37:54]: ▸ [35m[[36mLibreTransmitter[0m] [1mWrite Auxiliary File[0m LibreTransmitter-own-target-headers.hmap[0m
Build	Fastlane Build & Archive	2026-07-20T11:37:55.2751640Z [11:37:54]: ▸ [35m[[36mLibreTransmitter[0m] [1mWrite Auxiliary File[0m LibreTransmitter-generated-files.hmap[0m
Build	Fastlane Build & Archive	2026-07-20T11:37:55.2752590Z [11:37:54]: ▸ [35m[[36mLibreTransmitter[0m] [1mWrite Auxiliary File[0m LibreTransmitter-all-target-headers.hmap[0m
Build	Fastlane Build & Archive	2026-07-20T11:37:55.2753500Z [11:37:54]: ▸ [35m[[36mLibreTransmitter[0m] [1mWrite Auxiliary File[0m LibreTransmitter-all-non-framework-target-headers.hmap[0m
Build	Fastlane Build & Archive	2026-07-20T11:37:55.2756470Z [11:37:54]: ▸ [35m[[36mLibreTransmitter[0m] [1mWrite Auxiliary File[0m LibreTransmitter_vers.c[0m
Build	Fastlane Build & Archive	2026-07-20T11:37:55.2762170Z [11:37:54]: ▸ [35m[[36mLibreTransmitter[0m] [1mCopying[0m LibreTransmitter.h[0m
Build	Fastlane Build & Archive	2026-07-20T11:37:55.2764010Z [11:37:54]: ▸ [35m[[36mLibreTransmitter[0m] [1mCopy[0m module.modulemap -> module.modulemap[0m
Build	Fastlane Build & Archive	2026-07-20T11:37:55.2765890Z [11:37:54]: ▸ [35m[[36mKituraContracts[0m] [1mWrite Auxiliary File[0m KituraContracts_const_extract_protocols.json[0m
Build	Fastlane Build & Archive	2026-07-20T11:37:55.2768100Z [11:37:54]: ▸ [35m[[36mKituraContracts[0m] [1mWrite Auxiliary File[0m KituraContracts.SwiftFileList[0m
Build	Fastlane Build & Archive	2026-07-20T11:37:55.2769910Z [11:37:54]: ▸ [35m[[36mKituraContracts[0m] [1mWrite Auxiliary File[0m KituraContracts.SwiftConstValuesFileList[0m
Build	Fastlane Build & Archive	2026-07-20T11:37:55.2771840Z [11:37:54]: ▸ [35m[[36mKituraContracts[0m] [1mWrite Auxiliary File[0m KituraContracts.LinkFileList[0m
Build	Fastlane Build & Archive	2026-07-20T11:37:55.2772650Z [11:37:54]: ▸ [35m[[36mKituraContracts[0m] [1mWrite Auxiliary File[0m KituraContracts-OutputFileMap.json[0m
Build	Fastlane Build & Archive	2026-07-20T11:37:55.2773330Z [11:37:54]: ▸ [35m[[36mKituraContracts[0m] [1mWrite Auxiliary File[0m KituraContracts.modulemap[0m
Build	Fastlane Build & Archive	2026-07-20T11:37:55.2774050Z [11:37:54]: ▸ [35m[[36mKituraContracts[0m] [1mWrite Auxiliary File[0m KituraContracts.DependencyStaticMetadataFileList[0m
Build	Fastlane Build & Archive	2026-07-20T11:37:55.2774850Z [11:37:54]: ▸ [35m[[36mKituraContracts[0m] [1mWrite Auxiliary File[0m KituraContracts.DependencyMetadataFileList[0m
Build	Fastlane Build & Archive	2026-07-20T11:37:55.2775620Z [11:37:54]: ▸ [35m[[36mKituraContracts[0m] [1mCopy[0m KituraContracts.modulemap -> KituraContracts.modulemap[0m
Build	Fastlane Build & Archive	2026-07-20T11:37:55.2777050Z [11:37:54]: ▸ [35m[[36mGoogleUtilities_GoogleUtilities-UserDefaults[0m] [1mWrite Auxiliary File[0m empty-GoogleUtilities_GoogleUtilities-UserDefaults.plist[0m
Build	Fastlane Build & Archive	2026-07-20T11:37:55.2792770Z [11:37:54]: ▸ [35m[[36mGoogleUtilities_GoogleUtilities-UserDefaults[0m] [1mWrite Auxiliary File[0m GoogleUtilities_GoogleUtilities-UserDefaults.DependencyStaticMetadataFileList[0m
Build	Fastlane Build & Archive	2026-07-20T11:37:55.2793950Z [11:37:54]: ▸ [35m[[36mGoogleUtilities_GoogleUtilities-UserDefaults[0m] [1mWrite Auxiliary File[0m GoogleUtilities_GoogleUtilities-UserDefaults.DependencyMetadataFileList[0m
Build	Fastlane Build & Archive	2026-07-20T11:37:55.2794970Z [11:37:54]: ▸ [35m[[36mGoogleUtilities_GoogleUtilities-NSData[0m] [1mWrite Auxiliary File[0m empty-GoogleUtilities_GoogleUtilities-NSData.plist[0m
Build	Fastlane Build & Archive	2026-07-20T11:37:55.2795970Z [11:37:54]: ▸ [35m[[36mGoogleUtilities_GoogleUtilities-NSData[0m] [1mWrite Auxiliary File[0m GoogleUtilities_GoogleUtilities-NSData.DependencyStaticMetadataFileList[0m
Build	Fastlane Build & Archive	2026-07-20T11:37:55.2797370Z [11:37:54]: ▸ [35m[[36mGoogleUtilities_GoogleUtilities-NSData[0m] [1mWrite Auxiliary File[0m GoogleUtilities_GoogleUtilities-NSData.DependencyMetadataFileList[0m
Build	Fastlane Build & Archive	2026-07-20T11:37:55.2798460Z [11:37:54]: ▸ [35m[[36mGoogleUtilities_GoogleUtilities-Logger[0m] [1mWrite Auxiliary File[0m empty-GoogleUtilities_GoogleUtilities-Logger.plist[0m
Build	Fastlane Build & Archive	2026-07-20T11:37:55.2799460Z [11:37:54]: ▸ [35m[[36mGoogleUtilities_GoogleUtilities-Logger[0m] [1mWrite Auxiliary File[0m GoogleUtilities_GoogleUtilities-Logger.DependencyStaticMetadataFileList[0m
Build	Fastlane Build & Archive	2026-07-20T11:37:55.2800550Z [11:37:54]: ▸ [35m[[36mGoogleUtilities_GoogleUtilities-Logger[0m] [1mWrite Auxiliary File[0m GoogleUtilities_GoogleUtilities-Logger.DependencyMetadataFileList[0m
Build	Fastlane Build & Archive	2026-07-20T11:37:55.2801570Z [11:37:54]: ▸ [35m[[36mGoogleUtilities_GoogleUtilities-Environment[0m] [1mWrite Auxiliary File[0m empty-GoogleUtilities_GoogleUtilities-Environment.plist[0m
Build	Fastlane Build & Archive	2026-07-20T11:37:55.2802650Z [11:37:54]: ▸ [35m[[36mGoogleUtilities_GoogleUtilities-Environment[0m] [1mWrite Auxiliary File[0m GoogleUtilities_GoogleUtilities-Environment.DependencyStaticMetadataFileList[0m
Build	Fastlane Build & Archive	2026-07-20T11:37:55.2803780Z [11:37:54]: ▸ [35m[[36mGoogleUtilities_GoogleUtilities-Environment[0m] [1mWrite Auxiliary File[0m GoogleUtilities_GoogleUtilities-Environment.DependencyMetadataFileList[0m
Build	Fastlane Build & Archive	2026-07-20T11:37:55.2805740Z [11:37:54]: ▸ [35m[[36mGoogleUtilities-UserDefaults[0m] [1mWrite Auxiliary File[0m e6072d4f65d7061329687fe24e3d63a7-common-args.resp[0m
Build	Fastlane Build & Archive	2026-07-20T11:37:55.2807020Z [11:37:54]: ▸ [35m[[36mGoogleUtilities-UserDefaults[0m] [1mWrite Auxiliary File[0m GoogleUtilities-UserDefaults.LinkFileList[0m
Build	Fastlane Build & Archive	2026-07-20T11:37:55.2807860Z [11:37:54]: ▸ [35m[[36mGoogleUtilities-UserDefaults[0m] [1mWrite Auxiliary File[0m GoogleUtilities-UserDefaults.modulemap[0m
Build	Fastlane Build & Archive	2026-07-20T11:37:55.2808760Z [11:37:54]: ▸ [35m[[36mGoogleUtilities-UserDefaults[0m] [1mWrite Auxiliary File[0m GoogleUtilities-UserDefaults.DependencyStaticMetadataFileList[0m
Build	Fastlane Build & Archive	2026-07-20T11:37:55.2809700Z [11:37:54]: ▸ [35m[[36mGoogleUtilities-UserDefaults[0m] [1mWrite Auxiliary File[0m GoogleUtilities-UserDefaults.DependencyMetadataFileList[0m
Build	Fastlane Build & Archive	2026-07-20T11:37:55.2810530Z [11:37:54]: ▸ [35m[[36mGoogleUtilities-UserDefaults[0m] [1mWrite Auxiliary File[0m resource_bundle_accessor.m[0m
Build	Fastlane Build & Archive	2026-07-20T11:37:55.2811220Z [11:37:54]: ▸ [35m[[36mGoogleUtilities-UserDefaults[0m] [1mWrite Auxiliary File[0m resource_bundle_accessor.h[0m
Build	Fastlane Build & Archive	2026-07-20T11:37:55.2812170Z [11:37:54]: ▸ [35m[[36mGoogleUtilities-UserDefaults[0m] [1mCopy[0m GoogleUtilities-UserDefaults.modulemap -> GoogleUtilities-UserDefaults.modulemap[0m
Build	Fastlane Build & Archive	2026-07-20T11:37:55.2813480Z [11:37:54]: ▸ [35m[[36mGoogleUtilities-NSData[0m] [1mWrite Auxiliary File[0m e6072d4f65d7061329687fe24e3d63a7-common-args.resp[0m
Build	Fastlane Build & Archive	2026-07-20T11:37:55.2814260Z [11:37:54]: ▸ [35m[[36mGoogleUtilities-NSData[0m] [1mWrite Auxiliary File[0m GoogleUtilities-NSData.LinkFileList[0m
Build	Fastlane Build & Archive	2026-07-20T11:37:55.2815000Z [11:37:54]: ▸ [35m[[36mGoogleUtilities-NSData[0m] [1mWrite Auxiliary File[0m GoogleUtilities-NSData.modulemap[0m
Build	Fastlane Build & Archive	2026-07-20T11:37:55.2816030Z [11:37:54]: ▸ [35m[[36mGoogleUtilities-NSData[0m] [1mWrite Auxiliary File[0m GoogleUtilities-NSData.DependencyStaticMetadataFileList[0m
Build	Fastlane Build & Archive	2026-07-20T11:37:55.2819970Z [11:37:54]: ▸ [35m[[36mGoogleUtilities-NSData[0m] [1mWrite Auxiliary File[0m GoogleUtilities-NSData.DependencyMetadataFileList[0m
Build	Fastlane Build & Archive	2026-07-20T11:37:55.2820750Z [11:37:54]: ▸ [35m[[36mGoogleUtilities-NSData[0m] [1mWrite Auxiliary File[0m resource_bundle_accessor.m[0m
Build	Fastlane Build & Archive	2026-07-20T11:37:55.2821440Z [11:37:54]: ▸ [35m[[36mGoogleUtilities-NSData[0m] [1mWrite Auxiliary File[0m resource_bundle_accessor.h[0m
Build	Fastlane Build & Archive	2026-07-20T11:37:55.2822240Z [11:37:54]: ▸ [35m[[36mGoogleUtilities-NSData[0m] [1mCopy[0m GoogleUtilities-NSData.modulemap -> GoogleUtilities-NSData.modulemap[0m
Build	Fastlane Build & Archive	2026-07-20T11:37:55.2823820Z [11:37:54]: ▸ [35m[[36mGoogleUtilities-Logger[0m] [1mWrite Auxiliary File[0m e6072d4f65d7061329687fe24e3d63a7-common-args.resp[0m
Build	Fastlane Build & Archive	2026-07-20T11:37:55.2824910Z [11:37:54]: ▸ [35m[[36mGoogleUtilities-Logger[0m] [1mWrite Auxiliary File[0m GoogleUtilities-Logger.LinkFileList[0m
Build	Fastlane Build & Archive	2026-07-20T11:37:55.2825630Z [11:37:54]: ▸ [35m[[36mGoogleUtilities-Logger[0m] [1mWrite Auxiliary File[0m GoogleUtilities-Logger.modulemap[0m
Build	Fastlane Build & Archive	2026-07-20T11:37:55.2826460Z [11:37:54]: ▸ [35m[[36mGoogleUtilities-Logger[0m] [1mWrite Auxiliary File[0m GoogleUtilities-Logger.DependencyStaticMetadataFileList[0m
Build	Fastlane Build & Archive	2026-07-20T11:37:55.2827310Z [11:37:54]: ▸ [35m[[36mGoogleUtilities-Logger[0m] [1mWrite Auxiliary File[0m GoogleUtilities-Logger.DependencyMetadataFileList[0m
Build	Fastlane Build & Archive	2026-07-20T11:37:55.2829960Z [11:37:54]: ▸ [35m[[36mGoogleUtilities-Logger[0m] [1mWrite Auxiliary File[0m resource_bundle_accessor.m[0m
Build	Fastlane Build & Archive	2026-07-20T11:37:55.2831230Z [11:37:54]: ▸ [35m[[36mGoogleUtilities-Logger[0m] [1mWrite Auxiliary File[0m resource_bundle_accessor.h[0m
Build	Fastlane Build & Archive	2026-07-20T11:37:55.2832010Z [11:37:54]: ▸ [35m[[36mGoogleUtilities-Logger[0m] [1mCopy[0m GoogleUtilities-Logger.modulemap -> GoogleUtilities-Logger.modulemap[0m
Build	Fastlane Build & Archive	2026-07-20T11:37:55.2832850Z [11:37:54]: ▸ [35m[[36mGoogleUtilities-Environment[0m] [1mWrite Auxiliary File[0m e6072d4f65d7061329687fe24e3d63a7-common-args.resp[0m
Build	Fastlane Build & Archive	2026-07-20T11:37:55.2833650Z [11:37:54]: ▸ [35m[[36mGoogleUtilities-Environment[0m] [1mWrite Auxiliary File[0m GoogleUtilities-Environment.LinkFileList[0m
Build	Fastlane Build & Archive	2026-07-20T11:37:55.2834440Z [11:37:54]: ▸ [35m[[36mGoogleUtilities-Environment[0m] [1mWrite Auxiliary File[0m GoogleUtilities-Environment.modulemap[0m
Build	Fastlane Build & Archive	2026-07-20T11:37:55.2835300Z [11:37:54]: ▸ [35m[[36mGoogleUtilities-Environment[0m] [1mWrite Auxiliary File[0m GoogleUtilities-Environment.DependencyStaticMetadataFileList[0m
Build	Fastlane Build & Archive	2026-07-20T11:37:55.2836210Z [11:37:54]: ▸ [35m[[36mGoogleUtilities-Environment[0m] [1mWrite Auxiliary File[0m GoogleUtilities-Environment.DependencyMetadataFileList[0m
Build	Fastlane Build & Archive	2026-07-20T11:37:55.2837010Z [11:37:54]: ▸ [35m[[36mGoogleUtilities-Environment[0m] [1mWrite Auxiliary File[0m resource_bundle_accessor.m[0m
Build	Fastlane Build & Archive	2026-07-20T11:37:55.2837710Z [11:37:54]: ▸ [35m[[36mGoogleUtilities-Environment[0m] [1mWrite Auxiliary File[0m resource_bundle_accessor.h[0m
Build	Fastlane Build & Archive	2026-07-20T11:37:55.2839140Z [11:37:54]: ▸ [35m[[36mGoogleUtilities-Environment[0m] [1mCopy[0m GoogleUtilities-Environment.modulemap -> GoogleUtilities-Environment.modulemap[0m
Build	Fastlane Build & Archive	2026-07-20T11:37:55.2840100Z [11:37:54]: ▸ [35m[[36mGoogleDataTransport_GoogleDataTransport[0m] [1mWrite Auxiliary File[0m empty-GoogleDataTransport_GoogleDataTransport.plist[0m
Build	Fastlane Build & Archive	2026-07-20T11:37:55.2841140Z [11:37:54]: ▸ [35m[[36mGoogleDataTransport_GoogleDataTransport[0m] [1mWrite Auxiliary File[0m GoogleDataTransport_GoogleDataTransport.DependencyStaticMetadataFileList[0m
Build	Fastlane Build & Archive	2026-07-20T11:37:55.2842230Z [11:37:54]: ▸ [35m[[36mGoogleDataTransport_GoogleDataTransport[0m] [1mWrite Auxiliary File[0m GoogleDataTransport_GoogleDataTransport.DependencyMetadataFileList[0m
Build	Fastlane Build & Archive	2026-07-20T11:37:55.2843230Z [11:37:54]: ▸ [35m[[36mGoogleDataTransport[0m] [1mWrite Auxiliary File[0m e6072d4f65d7061329687fe24e3d63a7-common-args.resp[0m
Build	Fastlane Build & Archive	2026-07-20T11:37:55.2843970Z [11:37:54]: ▸ [35m[[36mGoogleDataTransport[0m] [1mWrite Auxiliary File[0m GoogleDataTransport.LinkFileList[0m
Build	Fastlane Build & Archive	2026-07-20T11:37:55.2844710Z [11:37:54]: ▸ [35m[[36mGoogleDataTransport[0m] [1mWrite Auxiliary File[0m 7187679823f38a2a940e0043cdf9d637-common-args.resp[0m
Build	Fastlane Build & Archive	2026-07-20T11:37:55.2845460Z [11:37:54]: ▸ [35m[[36mGoogleDataTransport[0m] [1mWrite Auxiliary File[0m GoogleDataTransport.modulemap[0m
Build	Fastlane Build & Archive	2026-07-20T11:37:55.2846260Z [11:37:54]: ▸ [35m[[36mGoogleDataTransport[0m] [1mWrite Auxiliary File[0m GoogleDataTransport.DependencyStaticMetadataFileList[0m
Build	Fastlane Build & Archive	2026-07-20T11:37:55.2847090Z [11:37:54]: ▸ [35m[[36mGoogleDataTransport[0m] [1mWrite Auxiliary File[0m GoogleDataTransport.DependencyMetadataFileList[0m
Build	Fastlane Build & Archive	2026-07-20T11:37:55.2848180Z [11:37:54]: ▸ [35m[[36mGoogleDataTransport[0m] [1mWrite Auxiliary File[0m resource_bundle_accessor.m[0m
Build	Fastlane Build & Archive	2026-07-20T11:37:55.2848810Z [11:37:54]: ▸ [35m[[36mGoogleDataTransport[0m] [1mWrite Auxiliary File[0m resource_bundle_accessor.h[0m
Build	Fastlane Build & Archive	2026-07-20T11:37:55.2849650Z [11:37:54]: ▸ [35m[[36mGoogleDataTransport[0m] [1mCopy[0m GoogleDataTransport.modulemap -> GoogleDataTransport.modulemap[0m
Build	Fastlane Build & Archive	2026-07-20T11:37:55.2850380Z [11:37:54]: ▸ [35m[[36mG7SensorKitUI[0m] [1mWrite Auxiliary File[0m unextended-module.modulemap[0m
Build	Fastlane Build & Archive	2026-07-20T11:37:55.2851140Z [11:37:54]: ▸ [35m[[36mG7SensorKitUI[0m] [1mWrite Auxiliary File[0m unextended-module-overlay.yaml[0m
Build	Fastlane Build & Archive	2026-07-20T11:37:55.2851790Z [11:37:54]: ▸ [35m[[36mG7SensorKitUI[0m] [1mWrite Auxiliary File[0m module.modulemap[0m
Build	Fastlane Build & Archive	2026-07-20T11:37:55.2852400Z [11:37:54]: ▸ [35m[[36mG7SensorKitUI[0m] [1mWrite Auxiliary File[0m empty-G7SensorKitUI.plist[0m
Build	Fastlane Build & Archive	2026-07-20T11:37:55.2853380Z [11:37:54]: ▸ [35m[[36mG7SensorKitUI[0m] [1mWrite Auxiliary File[0m G7SensorKitUI_const_extract_protocols.json[0m
Build	Fastlane Build & Archive	2026-07-20T11:37:55.2854070Z [11:37:54]: ▸ [35m[[36mG7SensorKitUI[0m] [1mWrite Auxiliary File[0m G7SensorKitUI.SwiftFileList[0m
Build	Fastlane Build & Archive	2026-07-20T11:37:55.2854790Z [11:37:54]: ▸ [35m[[36mG7SensorKitUI[0m] [1mWrite Auxiliary File[0m G7SensorKitUI.SwiftConstValuesFileList[0m
Build	Fastlane Build & Archive	2026-07-20T11:37:55.2864160Z [11:37:54]: ▸ [35m[[36mG7SensorKitUI[0m] [1mWrite Auxiliary File[0m G7SensorKitUI.LinkFileList[0m
Build	Fastlane Build & Archive	2026-07-20T11:37:55.2864940Z [11:37:54]: ▸ [35m[[36mG7SensorKitUI[0m] [1mWrite Auxiliary File[0m G7SensorKitUI-OutputFileMap.json[0m
Build	Fastlane Build & Archive	2026-07-20T11:37:55.2865660Z [11:37:54]: ▸ [35m[[36mG7SensorKitUI[0m] [1mWrite Auxiliary File[0m 7187679823f38a2a940e0043cdf9d637-common-args.resp[0m
Build	Fastlane Build & Archive	2026-07-20T11:37:55.2866460Z [11:37:54]: ▸ [35m[[36mG7SensorKitUI[0m] [1mWrite Auxiliary File[0m G7SensorKitUI.hmap[0m
Build	Fastlane Build & Archive	2026-07-20T11:37:55.2867120Z [11:37:54]: ▸ [35m[[36mG7SensorKitUI[0m] [1mWrite Auxiliary File[0m G7SensorKitUI.DependencyStaticMetadataFileList[0m
Build	Fastlane Build & Archive	2026-07-20T11:37:55.2878560Z [11:37:54]: ▸ [35m[[36mG7SensorKitUI[0m] [1mWrite Auxiliary File[0m G7SensorKitUI.DependencyMetadataFileList[0m
Build	Fastlane Build & Archive	2026-07-20T11:37:55.2880540Z [11:37:54]: ▸ [35m[[36mG7SensorKitUI[0m] [1mWrite Auxiliary File[0m G7SensorKitUI-project-headers.hmap[0m
Build	Fastlane Build & Archive	2026-07-20T11:37:55.2882420Z [11:37:54]: ▸ [35m[[36mG7SensorKitUI[0m] [1mWrite Auxiliary File[0m G7SensorKitUI-own-target-headers.hmap[0m
Build	Fastlane Build & Archive	2026-07-20T11:37:55.2884190Z [11:37:54]: ▸ [35m[[36mG7SensorKitUI[0m] [1mWrite Auxiliary File[0m G7SensorKitUI-generated-files.hmap[0m
Build	Fastlane Build & Archive	2026-07-20T11:37:55.2885950Z [11:37:54]: ▸ [35m[[36mG7SensorKitUI[0m] [1mWrite Auxiliary File[0m G7SensorKitUI-all-target-headers.hmap[0m
Build	Fastlane Build & Archive	2026-07-20T11:37:55.2887870Z [11:37:54]: ▸ [35m[[36mG7SensorKitUI[0m] [1mWrite Auxiliary File[0m G7SensorKitUI-all-non-framework-target-headers.hmap[0m
Build	Fastlane Build & Archive	2026-07-20T11:37:55.2889630Z [11:37:54]: ▸ [35m[[36mG7SensorKitUI[0m] [1mWrite Auxiliary File[0m G7SensorKitUI_vers.c[0m
Build	Fastlane Build & Archive	2026-07-20T11:37:55.2891000Z [11:37:54]: ▸ [35m[[36mG7SensorKitUI[0m] [1mCopying[0m G7SensorKitUI.h[0m
Build	Fastlane Build & Archive	2026-07-20T11:37:55.2892350Z [11:37:54]: ▸ [35m[[36mG7SensorKitUI[0m] [1mCopy[0m module.modulemap -> module.modulemap[0m
Build	Fastlane Build & Archive	2026-07-20T11:37:55.2894400Z [11:37:54]: ▸ [35m[[36mG7SensorKit[0m] [1mWrite Auxiliary File[0m unextended-module.modulemap[0m
Build	Fastlane Build & Archive	2026-07-20T11:37:55.2896490Z [11:37:54]: ▸ [35m[[36mG7SensorKit[0m] [1mWrite Auxiliary File[0m unextended-module-overlay.yaml[0m
Build	Fastlane Build & Archive	2026-07-20T11:37:55.2897260Z [11:37:54]: ▸ [35m[[36mG7SensorKit[0m] [1mWrite Auxiliary File[0m module.modulemap[0m
Build	Fastlane Build & Archive	2026-07-20T11:37:55.2897840Z [11:37:54]: ▸ [35m[[36mG7SensorKit[0m] [1mWrite Auxiliary File[0m empty-G7SensorKit.plist[0m
Build	Fastlane Build & Archive	2026-07-20T11:37:55.2898500Z [11:37:54]: ▸ [35m[[36mG7SensorKit[0m] [1mWrite Auxiliary File[0m G7SensorKit_const_extract_protocols.json[0m
Build	Fastlane Build & Archive	2026-07-20T11:37:55.2899130Z [11:37:54]: ▸ [35m[[36mG7SensorKit[0m] [1mWrite Auxiliary File[0m G7SensorKit.SwiftFileList[0m
Build	Fastlane Build & Archive	2026-07-20T11:37:55.2900500Z [11:37:54]: ▸ [35m[[36mG7SensorKit[0m] [1mWrite Auxiliary File[0m G7SensorKit.SwiftConstValuesFileList[0m
Build	Fastlane Build & Archive	2026-07-20T11:37:55.2901310Z [11:37:54]: ▸ [35m[[36mG7SensorKit[0m] [1mWrite Auxiliary File[0m G7SensorKit.LinkFileList[0m
Build	Fastlane Build & Archive	2026-07-20T11:37:55.2901910Z [11:37:54]: ▸ [35m[[36mG7SensorKit[0m] [1mWrite Auxiliary File[0m G7SensorKit-OutputFileMap.json[0m
Build	Fastlane Build & Archive	2026-07-20T11:37:55.2902590Z [11:37:54]: ▸ [35m[[36mG7SensorKit[0m] [1mWrite Auxiliary File[0m 7187679823f38a2a940e0043cdf9d637-common-args.resp[0m
Build	Fastlane Build & Archive	2026-07-20T11:37:55.2903220Z [11:37:54]: ▸ [35m[[36mG7SensorKit[0m] [1mWrite Auxiliary File[0m G7SensorKit.hmap[0m
Build	Fastlane Build & Archive	2026-07-20T11:37:55.2903860Z [11:37:54]: ▸ [35m[[36mG7SensorKit[0m] [1mWrite Auxiliary File[0m G7SensorKit.DependencyStaticMetadataFileList[0m
Build	Fastlane Build & Archive	2026-07-20T11:37:55.2904600Z [11:37:54]: ▸ [35m[[36mG7SensorKit[0m] [1mWrite Auxiliary File[0m G7SensorKit.DependencyMetadataFileList[0m
Build	Fastlane Build & Archive	2026-07-20T11:37:55.2905260Z [11:37:54]: ▸ [35m[[36mG7SensorKit[0m] [1mWrite Auxiliary File[0m G7SensorKit-project-headers.hmap[0m
Build	Fastlane Build & Archive	2026-07-20T11:37:55.2905910Z [11:37:54]: ▸ [35m[[36mG7SensorKit[0m] [1mWrite Auxiliary File[0m G7SensorKit-own-target-headers.hmap[0m
Build	Fastlane Build & Archive	2026-07-20T11:37:55.2906590Z [11:37:54]: ▸ [35m[[36mG7SensorKit[0m] [1mWrite Auxiliary File[0m G7SensorKit-generated-files.hmap[0m
Build	Fastlane Build & Archive	2026-07-20T11:37:55.2907230Z [11:37:54]: ▸ [35m[[36mG7SensorKit[0m] [1mWrite Auxiliary File[0m G7SensorKit-all-target-headers.hmap[0m
Build	Fastlane Build & Archive	2026-07-20T11:37:55.2907930Z [11:37:54]: ▸ [35m[[36mG7SensorKit[0m] [1mWrite Auxiliary File[0m G7SensorKit-all-non-framework-target-headers.hmap[0m
Build	Fastlane Build & Archive	2026-07-20T11:37:55.2908600Z [11:37:54]: ▸ [35m[[36mG7SensorKit[0m] [1mWrite Auxiliary File[0m G7SensorKit_vers.c[0m
Build	Fastlane Build & Archive	2026-07-20T11:37:55.2909230Z [11:37:54]: ▸ [35m[[36mG7SensorKit[0m] [1mCopying[0m G7SensorKit.h[0m
Build	Fastlane Build & Archive	2026-07-20T11:37:55.2909730Z [11:37:54]: ▸ [35m[[36mG7SensorKit[0m] [1mCopy[0m module.modulemap -> module.modulemap[0m
Build	Fastlane Build & Archive	2026-07-20T11:37:55.2910430Z [11:37:54]: ▸ [35m[[36mFirebase_FirebaseInstallations[0m] [1mWrite Auxiliary File[0m empty-Firebase_FirebaseInstallations.plist[0m
Build	Fastlane Build & Archive	2026-07-20T11:37:55.2911340Z [11:37:54]: ▸ [35m[[36mFirebase_FirebaseInstallations[0m] [1mWrite Auxiliary File[0m Firebase_FirebaseInstallations.DependencyStaticMetadataFileList[0m
Build	Fastlane Build & Archive	2026-07-20T11:37:55.2912280Z [11:37:54]: ▸ [35m[[36mFirebase_FirebaseInstallations[0m] [1mWrite Auxiliary File[0m Firebase_FirebaseInstallations.DependencyMetadataFileList[0m
Build	Fastlane Build & Archive	2026-07-20T11:37:55.2913140Z [11:37:54]: ▸ [35m[[36mFirebase_FirebaseCrashlytics[0m] [1mWrite Auxiliary File[0m empty-Firebase_FirebaseCrashlytics.plist[0m
Build	Fastlane Build & Archive	2026-07-20T11:37:55.2914000Z [11:37:54]: ▸ [35m[[36mFirebase_FirebaseCrashlytics[0m] [1mWrite Auxiliary File[0m Firebase_FirebaseCrashlytics.DependencyStaticMetadataFileList[0m
Build	Fastlane Build & Archive	2026-07-20T11:37:55.2914930Z [11:37:54]: ▸ [35m[[36mFirebase_FirebaseCrashlytics[0m] [1mWrite Auxiliary File[0m Firebase_FirebaseCrashlytics.DependencyMetadataFileList[0m
Build	Fastlane Build & Archive	2026-07-20T11:37:55.2915990Z [11:37:54]: ▸ [35m[[36mFirebase_FirebaseCoreInternal[0m] [1mWrite Auxiliary File[0m empty-Firebase_FirebaseCoreInternal.plist[0m
Build	Fastlane Build & Archive	2026-07-20T11:37:55.2916970Z [11:37:54]: ▸ [35m[[36mFirebase_FirebaseCoreInternal[0m] [1mWrite Auxiliary File[0m Firebase_FirebaseCoreInternal.DependencyStaticMetadataFileList[0m
Build	Fastlane Build & Archive	2026-07-20T11:37:55.2917890Z [11:37:54]: ▸ [35m[[36mFirebase_FirebaseCoreInternal[0m] [1mWrite Auxiliary File[0m Firebase_FirebaseCoreInternal.DependencyMetadataFileList[0m
Build	Fastlane Build & Archive	2026-07-20T11:37:55.2918730Z [11:37:54]: ▸ [35m[[36mFirebase_FirebaseCoreExtension[0m] [1mWrite Auxiliary File[0m empty-Firebase_FirebaseCoreExtension.plist[0m
Build	Fastlane Build & Archive	2026-07-20T11:37:55.2919620Z [11:37:54]: ▸ [35m[[36mFirebase_FirebaseCoreExtension[0m] [1mWrite Auxiliary File[0m Firebase_FirebaseCoreExtension.DependencyStaticMetadataFileList[0m
Build	Fastlane Build & Archive	2026-07-20T11:37:55.2920560Z [11:37:54]: ▸ [35m[[36mFirebase_FirebaseCoreExtension[0m] [1mWrite Auxiliary File[0m Firebase_FirebaseCoreExtension.DependencyMetadataFileList[0m
Build	Fastlane Build & Archive	2026-07-20T11:37:55.2921350Z [11:37:54]: ▸ [35m[[36mFirebase_FirebaseCore[0m] [1mWrite Auxiliary File[0m empty-Firebase_FirebaseCore.plist[0m
Build	Fastlane Build & Archive	2026-07-20T11:37:55.2922110Z [11:37:54]: ▸ [35m[[36mFirebase_FirebaseCore[0m] [1mWrite Auxiliary File[0m Firebase_FirebaseCore.DependencyStaticMetadataFileList[0m
Build	Fastlane Build & Archive	2026-07-20T11:37:55.2922920Z [11:37:54]: ▸ [35m[[36mFirebase_FirebaseCore[0m] [1mWrite Auxiliary File[0m Firebase_FirebaseCore.DependencyMetadataFileList[0m
Build	Fastlane Build & Archive	2026-07-20T11:37:55.2923700Z [11:37:54]: ▸ [35m[[36mFirebaseSessionsObjC[0m] [1mWrite Auxiliary File[0m e6072d4f65d7061329687fe24e3d63a7-common-args.resp[0m
Build	Fastlane Build & Archive	2026-07-20T11:37:55.2924430Z [11:37:54]: ▸ [35m[[36mFirebaseSessionsObjC[0m] [1mWrite Auxiliary File[0m FirebaseSessionsObjC.LinkFileList[0m
Build	Fastlane Build & Archive	2026-07-20T11:37:55.2925170Z [11:37:54]: ▸ [35m[[36mFirebaseSessionsObjC[0m] [1mWrite Auxiliary File[0m 7187679823f38a2a940e0043cdf9d637-common-args.resp[0m
Build	Fastlane Build & Archive	2026-07-20T11:37:55.2925890Z [11:37:55]: ▸ [35m[[36mFirebaseSessionsObjC[0m] [1mWrite Auxiliary File[0m FirebaseSessionsObjC.modulemap[0m
Build	Fastlane Build & Archive	2026-07-20T11:37:55.2926660Z [11:37:55]: ▸ [35m[[36mFirebaseSessionsObjC[0m] [1mWrite Auxiliary File[0m FirebaseSessionsObjC.DependencyStaticMetadataFileList[0m
Build	Fastlane Build & Archive	2026-07-20T11:37:55.2927520Z [11:37:55]: ▸ [35m[[36mFirebaseSessionsObjC[0m] [1mWrite Auxiliary File[0m FirebaseSessionsObjC.DependencyMetadataFileList[0m
Build	Fastlane Build & Archive	2026-07-20T11:37:55.2928360Z [11:37:55]: ▸ [35m[[36mFirebaseSessionsObjC[0m] [1mCopy[0m FirebaseSessionsObjC.modulemap -> FirebaseSessionsObjC.modulemap[0m
Build	Fastlane Build & Archive	2026-07-20T11:37:55.2929150Z [11:37:55]: ▸ [35m[[36mFirebaseSessions[0m] [1mWrite Auxiliary File[0m FirebaseSessions_const_extract_protocols.json[0m
Build	Fastlane Build & Archive	2026-07-20T11:37:55.2929870Z [11:37:55]: ▸ [35m[[36mFirebaseSessions[0m] [1mWrite Auxiliary File[0m FirebaseSessions.SwiftFileList[0m
Build	Fastlane Build & Archive	2026-07-20T11:37:55.2930590Z [11:37:55]: ▸ [35m[[36mFirebaseSessions[0m] [1mWrite Auxiliary File[0m FirebaseSessions.SwiftConstValuesFileList[0m
Build	Fastlane Build & Archive	2026-07-20T11:37:55.2931370Z [11:37:55]: ▸ [35m[[36mFirebaseSessions[0m] [1mWrite Auxiliary File[0m FirebaseSessions.LinkFileList[0m
Build	Fastlane Build & Archive	2026-07-20T11:37:55.2932080Z [11:37:55]: ▸ [35m[[36mFirebaseSessions[0m] [1mWrite Auxiliary File[0m FirebaseSessions-OutputFileMap.json[0m
Build	Fastlane Build & Archive	2026-07-20T11:37:55.2932760Z [11:37:55]: ▸ [35m[[36mFirebaseSessions[0m] [1mWrite Auxiliary File[0m FirebaseSessions.modulemap[0m
Build	Fastlane Build & Archive	2026-07-20T11:37:55.2933490Z [11:37:55]: ▸ [35m[[36mFirebaseSessions[0m] [1mWrite Auxiliary File[0m FirebaseSessions.DependencyStaticMetadataFileList[0m
Build	Fastlane Build & Archive	2026-07-20T11:37:55.2934270Z [11:37:55]: ▸ [35m[[36mFirebaseSessions[0m] [1mWrite Auxiliary File[0m FirebaseSessions.DependencyMetadataFileList[0m
Build	Fastlane Build & Archive	2026-07-20T11:37:55.2935030Z [11:37:55]: ▸ [35m[[36mFirebaseSessions[0m] [1mCopy[0m FirebaseSessions.modulemap -> FirebaseSessions.modulemap[0m
Build	Fastlane Build & Archive	2026-07-20T11:37:55.2935830Z [11:37:55]: ▸ [35m[[36mFirebaseRemoteConfigInterop[0m] [1mWrite Auxiliary File[0m FirebaseRemoteConfigInterop_const_extract_protocols.json[0m
Build	Fastlane Build & Archive	2026-07-20T11:37:55.2936930Z [11:37:55]: ▸ [35m[[36mFirebaseRemoteConfigInterop[0m] [1mWrite Auxiliary File[0m FirebaseRemoteConfigInterop.SwiftFileList[0m
Build	Fastlane Build & Archive	2026-07-20T11:37:55.2937930Z [11:37:55]: ▸ [35m[[36mFirebaseRemoteConfigInterop[0m] [1mWrite Auxiliary File[0m FirebaseRemoteConfigInterop.SwiftConstValuesFileList[0m
Build	Fastlane Build & Archive	2026-07-20T11:37:55.2938780Z [11:37:55]: ▸ [35m[[36mFirebaseRemoteConfigInterop[0m] [1mWrite Auxiliary File[0m FirebaseRemoteConfigInterop.LinkFileList[0m
Build	Fastlane Build & Archive	2026-07-20T11:37:55.2939600Z [11:37:55]: ▸ [35m[[36mFirebaseRemoteConfigInterop[0m] [1mWrite Auxiliary File[0m FirebaseRemoteConfigInterop-OutputFileMap.json[0m
Build	Fastlane Build & Archive	2026-07-20T11:37:55.2940530Z [11:37:55]: ▸ [35m[[36mFirebaseRemoteConfigInterop[0m] [1mWrite Auxiliary File[0m FirebaseRemoteConfigInterop.modulemap[0m
Build	Fastlane Build & Archive	2026-07-20T11:37:55.2941450Z [11:37:55]: ▸ [35m[[36mFirebaseRemoteConfigInterop[0m] [1mWrite Auxiliary File[0m FirebaseRemoteConfigInterop.DependencyStaticMetadataFileList[0m
Build	Fastlane Build & Archive	2026-07-20T11:37:55.2942380Z [11:37:55]: ▸ [35m[[36mFirebaseRemoteConfigInterop[0m] [1mWrite Auxiliary File[0m FirebaseRemoteConfigInterop.DependencyMetadataFileList[0m
Build	Fastlane Build & Archive	2026-07-20T11:37:55.2943330Z [11:37:55]: ▸ [35m[[36mFirebaseRemoteConfigInterop[0m] [1mCopy[0m FirebaseRemoteConfigInterop.modulemap -> FirebaseRemoteConfigInterop.modulemap[0m
Build	Fastlane Build & Archive	2026-07-20T11:37:55.2944190Z [11:37:55]: ▸ [35m[[36mFirebaseInstallations[0m] [1mWrite Auxiliary File[0m e6072d4f65d7061329687fe24e3d63a7-common-args.resp[0m
Build	Fastlane Build & Archive	2026-07-20T11:37:55.2944960Z [11:37:55]: ▸ [35m[[36mFirebaseInstallations[0m] [1mWrite Auxiliary File[0m FirebaseInstallations.LinkFileList[0m
Build	Fastlane Build & Archive	2026-07-20T11:37:55.2945710Z [11:37:55]: ▸ [35m[[36mFirebaseInstallations[0m] [1mWrite Auxiliary File[0m FirebaseInstallations.modulemap[0m
Build	Fastlane Build & Archive	2026-07-20T11:37:55.2946490Z [11:37:55]: ▸ [35m[[36mFirebaseInstallations[0m] [1mWrite Auxiliary File[0m FirebaseInstallations.DependencyStaticMetadataFileList[0m
Build	Fastlane Build & Archive	2026-07-20T11:37:55.2947330Z [11:37:55]: ▸ [35m[[36mFirebaseInstallations[0m] [1mWrite Auxiliary File[0m FirebaseInstallations.DependencyMetadataFileList[0m
Build	Fastlane Build & Archive	2026-07-20T11:37:55.2948070Z [11:37:55]: ▸ [35m[[36mFirebaseInstallations[0m] [1mWrite Auxiliary File[0m resource_bundle_accessor.m[0m
Build	Fastlane Build & Archive	2026-07-20T11:37:55.2948720Z [11:37:55]: ▸ [35m[[36mFirebaseInstallations[0m] [1mWrite Auxiliary File[0m resource_bundle_accessor.h[0m
Build	Fastlane Build & Archive	2026-07-20T11:37:55.2953390Z [11:37:55]: ▸ [35m[[36mFirebaseInstallations[0m] [1mCopy[0m FirebaseInstallations.modulemap -> FirebaseInstallations.modulemap[0m
Build	Fastlane Build & Archive	2026-07-20T11:37:55.2954260Z [11:37:55]: ▸ [35m[[36mFirebaseCrashlyticsSwift[0m] [1mWrite Auxiliary File[0m FirebaseCrashlyticsSwift_const_extract_protocols.json[0m
Build	Fastlane Build & Archive	2026-07-20T11:37:55.2955060Z [11:37:55]: ▸ [35m[[36mFirebaseCrashlyticsSwift[0m] [1mWrite Auxiliary File[0m FirebaseCrashlyticsSwift.SwiftFileList[0m
Build	Fastlane Build & Archive	2026-07-20T11:37:55.2955880Z [11:37:55]: ▸ [35m[[36mFirebaseCrashlyticsSwift[0m] [1mWrite Auxiliary File[0m FirebaseCrashlyticsSwift.SwiftConstValuesFileList[0m
Build	Fastlane Build & Archive	2026-07-20T11:37:55.2956710Z [11:37:55]: ▸ [35m[[36mFirebaseCrashlyticsSwift[0m] [1mWrite Auxiliary File[0m FirebaseCrashlyticsSwift.LinkFileList[0m
Build	Fastlane Build & Archive	2026-07-20T11:37:55.2957520Z [11:37:55]: ▸ [35m[[36mFirebaseCrashlyticsSwift[0m] [1mWrite Auxiliary File[0m FirebaseCrashlyticsSwift-OutputFileMap.json[0m
Build	Fastlane Build & Archive	2026-07-20T11:37:55.2958330Z [11:37:55]: ▸ [35m[[36mFirebaseCrashlyticsSwift[0m] [1mWrite Auxiliary File[0m FirebaseCrashlyticsSwift.modulemap[0m
Build	Fastlane Build & Archive	2026-07-20T11:37:55.2959200Z [11:37:55]: ▸ [35m[[36mFirebaseCrashlyticsSwift[0m] [1mWrite Auxiliary File[0m FirebaseCrashlyticsSwift.DependencyStaticMetadataFileList[0m
Build	Fastlane Build & Archive	2026-07-20T11:37:55.2960100Z [11:37:55]: ▸ [35m[[36mFirebaseCrashlyticsSwift[0m] [1mWrite Auxiliary File[0m FirebaseCrashlyticsSwift.DependencyMetadataFileList[0m
Build	Fastlane Build & Archive	2026-07-20T11:37:55.2961080Z [11:37:55]: ▸ [35m[[36mFirebaseCrashlyticsSwift[0m] [1mCopy[0m FirebaseCrashlyticsSwift.modulemap -> FirebaseCrashlyticsSwift.modulemap[0m
Build	Fastlane Build & Archive	2026-07-20T11:37:55.2962190Z [11:37:55]: ▸ [35m[[36mFirebaseCrashlytics[0m] [1mWrite Auxiliary File[0m e6072d4f65d7061329687fe24e3d63a7-common-args.resp[0m
Build	Fastlane Build & Archive	2026-07-20T11:37:55.2963100Z [11:37:55]: ▸ [35m[[36mFirebaseCrashlytics[0m] [1mWrite Auxiliary File[0m af3fcb34312c57c0f52879cdce924b91-common-args.resp[0m
Build	Fastlane Build & Archive	2026-07-20T11:37:55.2963870Z [11:37:55]: ▸ [35m[[36mFirebaseCrashlytics[0m] [1mWrite Auxiliary File[0m FirebaseCrashlytics.LinkFileList[0m
Build	Fastlane Build & Archive	2026-07-20T11:37:55.2964640Z [11:37:55]: ▸ [35m[[36mFirebaseCrashlytics[0m] [1mWrite Auxiliary File[0m 7187679823f38a2a940e0043cdf9d637-common-args.resp[0m
Build	Fastlane Build & Archive	2026-07-20T11:37:55.2965390Z [11:37:55]: ▸ [35m[[36mFirebaseCrashlytics[0m] [1mWrite Auxiliary File[0m FirebaseCrashlytics.modulemap[0m
Build	Fastlane Build & Archive	2026-07-20T11:37:55.2966180Z [11:37:55]: ▸ [35m[[36mFirebaseCrashlytics[0m] [1mWrite Auxiliary File[0m FirebaseCrashlytics.DependencyStaticMetadataFileList[0m
Build	Fastlane Build & Archive	2026-07-20T11:37:55.2967000Z [11:37:55]: ▸ [35m[[36mFirebaseCrashlytics[0m] [1mWrite Auxiliary File[0m FirebaseCrashlytics.DependencyMetadataFileList[0m
Build	Fastlane Build & Archive	2026-07-20T11:37:55.2967700Z [11:37:55]: ▸ [35m[[36mFirebaseCrashlytics[0m] [1mWrite Auxiliary File[0m resource_bundle_accessor.m[0m
Build	Fastlane Build & Archive	2026-07-20T11:37:55.2968340Z [11:37:55]: ▸ [35m[[36mFirebaseCrashlytics[0m] [1mWrite Auxiliary File[0m resource_bundle_accessor.h[0m
Build	Fastlane Build & Archive	2026-07-20T11:37:55.2969050Z [11:37:55]: ▸ [35m[[36mFirebaseCrashlytics[0m] [1mCopy[0m FirebaseCrashlytics.modulemap -> FirebaseCrashlytics.modulemap[0m
Build	Fastlane Build & Archive	2026-07-20T11:37:55.2969920Z [11:37:55]: ▸ [35m[[36mFirebaseCoreInternal[0m] [1mWrite Auxiliary File[0m FirebaseCoreInternal_const_extract_protocols.json[0m
Build	Fastlane Build & Archive	2026-07-20T11:37:55.2970680Z [11:37:55]: ▸ [35m[[36mFirebaseCoreInternal[0m] [1mWrite Auxiliary File[0m FirebaseCoreInternal.SwiftFileList[0m
Build	Fastlane Build & Archive	2026-07-20T11:37:55.2971410Z [11:37:55]: ▸ [35m[[36mFirebaseCoreInternal[0m] [1mWrite Auxiliary File[0m FirebaseCoreInternal.SwiftConstValuesFileList[0m
Build	Fastlane Build & Archive	2026-07-20T11:37:55.2972150Z [11:37:55]: ▸ [35m[[36mFirebaseCoreInternal[0m] [1mWrite Auxiliary File[0m FirebaseCoreInternal.LinkFileList[0m
Build	Fastlane Build & Archive	2026-07-20T11:37:55.2972870Z [11:37:55]: ▸ [35m[[36mFirebaseCoreInternal[0m] [1mWrite Auxiliary File[0m FirebaseCoreInternal-OutputFileMap.json[0m
Build	Fastlane Build & Archive	2026-07-20T11:37:55.2973610Z [11:37:55]: ▸ [35m[[36mFirebaseCoreInternal[0m] [1mWrite Auxiliary File[0m FirebaseCoreInternal.modulemap[0m
Build	Fastlane Build & Archive	2026-07-20T11:37:55.2974360Z [11:37:55]: ▸ [35m[[36mFirebaseCoreInternal[0m] [1mWrite Auxiliary File[0m FirebaseCoreInternal.DependencyStaticMetadataFileList[0m
Build	Fastlane Build & Archive	2026-07-20T11:37:55.2975180Z [11:37:55]: ▸ [35m[[36mFirebaseCoreInternal[0m] [1mWrite Auxiliary File[0m FirebaseCoreInternal.DependencyMetadataFileList[0m
Build	Fastlane Build & Archive	2026-07-20T11:37:55.2975890Z [11:37:55]: ▸ [35m[[36mFirebaseCoreInternal[0m] [1mWrite Auxiliary File[0m resource_bundle_accessor.swift[0m
Build	Fastlane Build & Archive	2026-07-20T11:37:55.2976620Z [11:37:55]: ▸ [35m[[36mFirebaseCoreInternal[0m] [1mCopy[0m FirebaseCoreInternal.modulemap -> FirebaseCoreInternal.modulemap[0m
Build	Fastlane Build & Archive	2026-07-20T11:37:55.2977430Z [11:37:55]: ▸ [35m[[36mFirebaseCoreExtension[0m] [1mWrite Auxiliary File[0m e6072d4f65d7061329687fe24e3d63a7-common-args.resp[0m
Build	Fastlane Build & Archive	2026-07-20T11:37:55.2978190Z [11:37:55]: ▸ [35m[[36mFirebaseCoreExtension[0m] [1mWrite Auxiliary File[0m FirebaseCoreExtension.LinkFileList[0m
Build	Fastlane Build & Archive	2026-07-20T11:37:55.2978890Z [11:37:55]: ▸ [35m[[36mFirebaseCoreExtension[0m] [1mWrite Auxiliary File[0m FirebaseCoreExtension.modulemap[0m
Build	Fastlane Build & Archive	2026-07-20T11:37:55.2979700Z [11:37:55]: ▸ [35m[[36mFirebaseCoreExtension[0m] [1mWrite Auxiliary File[0m FirebaseCoreExtension.DependencyStaticMetadataFileList[0m
Build	Fastlane Build & Archive	2026-07-20T11:37:55.2980530Z [11:37:55]: ▸ [35m[[36mFirebaseCoreExtension[0m] [1mWrite Auxiliary File[0m FirebaseCoreExtension.DependencyMetadataFileList[0m
Build	Fastlane Build & Archive	2026-07-20T11:37:55.2981250Z [11:37:55]: ▸ [35m[[36mFirebaseCoreExtension[0m] [1mWrite Auxiliary File[0m resource_bundle_accessor.m[0m
Build	Fastlane Build & Archive	2026-07-20T11:37:55.2982050Z [11:37:55]: ▸ [35m[[36mFirebaseCoreExtension[0m] [1mWrite Auxiliary File[0m resource_bundle_accessor.h[0m
Build	Fastlane Build & Archive	2026-07-20T11:37:55.2982780Z [11:37:55]: ▸ [35m[[36mFirebaseCoreExtension[0m] [1mCopy[0m FirebaseCoreExtension.modulemap -> FirebaseCoreExtension.modulemap[0m
Build	Fastlane Build & Archive	2026-07-20T11:37:55.2983630Z [11:37:55]: ▸ [35m[[36mFirebaseCore[0m] [1mWrite Auxiliary File[0m e6072d4f65d7061329687fe24e3d63a7-common-args.resp[0m
Build	Fastlane Build & Archive	2026-07-20T11:37:55.2984280Z [11:37:55]: ▸ [35m[[36mFirebaseCore[0m] [1mWrite Auxiliary File[0m FirebaseCore.LinkFileList[0m
Build	Fastlane Build & Archive	2026-07-20T11:37:55.2984850Z [11:37:55]: ▸ [35m[[36mFirebaseCore[0m] [1mWrite Auxiliary File[0m FirebaseCore.modulemap[0m
Build	Fastlane Build & Archive	2026-07-20T11:37:55.2985500Z [11:37:55]: ▸ [35m[[36mFirebaseCore[0m] [1mWrite Auxiliary File[0m FirebaseCore.DependencyStaticMetadataFileList[0m
Build	Fastlane Build & Archive	2026-07-20T11:37:55.2986200Z [11:37:55]: ▸ [35m[[36mFirebaseCore[0m] [1mWrite Auxiliary File[0m FirebaseCore.DependencyMetadataFileList[0m
Build	Fastlane Build & Archive	2026-07-20T11:37:55.2986830Z [11:37:55]: ▸ [35m[[36mFirebaseCore[0m] [1mWrite Auxiliary File[0m resource_bundle_accessor.m[0m
Build	Fastlane Build & Archive	2026-07-20T11:37:55.2987410Z [11:37:55]: ▸ [35m[[36mFirebaseCore[0m] [1mWrite Auxiliary File[0m resource_bundle_accessor.h[0m
Build	Fastlane Build & Archive	2026-07-20T11:37:55.2988030Z [11:37:55]: ▸ [35m[[36mFirebaseCore[0m] [1mCopy[0m FirebaseCore.modulemap -> FirebaseCore.modulemap[0m
Build	Fastlane Build & Archive	2026-07-20T11:37:55.2988730Z [11:37:55]: ▸ [35m[[36mFirebase[0m] [1mWrite Auxiliary File[0m e6072d4f65d7061329687fe24e3d63a7-common-args.resp[0m
Build	Fastlane Build & Archive	2026-07-20T11:37:55.2989350Z [11:37:55]: ▸ [35m[[36mFirebase[0m] [1mWrite Auxiliary File[0m Firebase.LinkFileList[0m
Build	Fastlane Build & Archive	2026-07-20T11:37:55.2989950Z [11:37:55]: ▸ [35m[[36mFirebase[0m] [1mWrite Auxiliary File[0m Firebase.DependencyStaticMetadataFileList[0m
Build	Fastlane Build & Archive	2026-07-20T11:37:55.2990590Z [11:37:55]: ▸ [35m[[36mFirebase[0m] [1mWrite Auxiliary File[0m Firebase.DependencyMetadataFileList[0m
Build	Fastlane Build & Archive	2026-07-20T11:37:55.2991260Z [11:37:55]: ▸ [35m[[36mFBLPromises[0m] [1mWrite Auxiliary File[0m e6072d4f65d7061329687fe24e3d63a7-common-args.resp[0m
Build	Fastlane Build & Archive	2026-07-20T11:37:55.2991900Z [11:37:55]: ▸ [35m[[36mFBLPromises[0m] [1mWrite Auxiliary File[0m FBLPromises.LinkFileList[0m
Build	Fastlane Build & Archive	2026-07-20T11:37:55.2992550Z [11:37:55]: ▸ [35m[[36mFBLPromises[0m] [1mWrite Auxiliary File[0m FBLPromises.DependencyStaticMetadataFileList[0m
Build	Fastlane Build & Archive	2026-07-20T11:37:55.2993810Z [11:37:55]: ▸ [35m[[36mFBLPromises[0m] [1mWrite Auxiliary File[0m FBLPromises.DependencyMetadataFileList[0m
Build	Fastlane Build & Archive	2026-07-20T11:37:55.2994850Z [11:37:55]: ▸ [35m[[36mFBLPromises[0m] [1mWrite Auxiliary File[0m resource_bundle_accessor.m[0m
Build	Fastlane Build & Archive	2026-07-20T11:37:55.2995450Z [11:37:55]: ▸ [35m[[36mFBLPromises[0m] [1mWrite Auxiliary File[0m resource_bundle_accessor.h[0m
Build	Fastlane Build & Archive	2026-07-20T11:37:55.2996000Z [11:37:55]: ▸ [35m[[36mDanaKit[0m] [1mWrite Auxiliary File[0m module.modulemap[0m
Build	Fastlane Build & Archive	2026-07-20T11:37:55.2996560Z [11:37:55]: ▸ [35m[[36mDanaKit[0m] [1mWrite Auxiliary File[0m DanaKit_const_extract_protocols.json[0m
Build	Fastlane Build & Archive	2026-07-20T11:37:55.2997140Z [11:37:55]: ▸ [35m[[36mDanaKit[0m] [1mWrite Auxiliary File[0m DanaKit.SwiftFileList[0m
Build	Fastlane Build & Archive	2026-07-20T11:37:55.2997710Z [11:37:55]: ▸ [35m[[36mDanaKit[0m] [1mWrite Auxiliary File[0m DanaKit.SwiftConstValuesFileList[0m
Build	Fastlane Build & Archive	2026-07-20T11:37:55.2998270Z [11:37:55]: ▸ [35m[[36mDanaKit[0m] [1mWrite Auxiliary File[0m DanaKit.LinkFileList[0m
Build	Fastlane Build & Archive	2026-07-20T11:37:55.2998840Z [11:37:55]: ▸ [35m[[36mDanaKit[0m] [1mWrite Auxiliary File[0m DanaKit-OutputFileMap.json[0m
Build	Fastlane Build & Archive	2026-07-20T11:37:55.2999480Z [11:37:55]: ▸ [35m[[36mDanaKit[0m] [1mWrite Auxiliary File[0m 7187679823f38a2a940e0043cdf9d637-common-args.resp[0m
Build	Fastlane Build & Archive	2026-07-20T11:37:55.3000050Z [11:37:55]: ▸ [35m[[36mDanaKit[0m] [1mWrite Auxiliary File[0m DanaKit_vers.c[0m
Build	Fastlane Build & Archive	2026-07-20T11:37:55.3000520Z [11:37:55]: ▸ [35m[[36mDanaKit[0m] [1mWrite Auxiliary File[0m DanaKit.hmap[0m
Build	Fastlane Build & Archive	2026-07-20T11:37:55.3001090Z [11:37:55]: ▸ [35m[[36mDanaKit[0m] [1mWrite Auxiliary File[0m DanaKit.DependencyStaticMetadataFileList[0m
Build	Fastlane Build & Archive	2026-07-20T11:37:55.3001910Z [11:37:55]: ▸ [35m[[36mDanaKit[0m] [1mWrite Auxiliary File[0m DanaKit.DependencyMetadataFileList[0m
Build	Fastlane Build & Archive	2026-07-20T11:37:55.3002650Z [11:37:55]: ▸ [35m[[36mDanaKit[0m] [1mWrite Auxiliary File[0m DanaKit-project-headers.hmap[0m
Build	Fastlane Build & Archive	2026-07-20T11:37:55.3003410Z [11:37:55]: ▸ [35m[[36mDanaKit[0m] [1mWrite Auxiliary File[0m DanaKit-own-target-headers.hmap[0m
Build	Fastlane Build & Archive	2026-07-20T11:37:55.3004030Z [11:37:55]: ▸ [35m[[36mDanaKit[0m] [1mWrite Auxiliary File[0m DanaKit-generated-files.hmap[0m
Build	Fastlane Build & Archive	2026-07-20T11:37:55.3004600Z [11:37:55]: ▸ [35m[[36mDanaKit[0m] [1mWrite Auxiliary File[0m DanaKit-all-target-headers.hmap[0m
Build	Fastlane Build & Archive	2026-07-20T11:37:55.3007030Z [11:37:55]: ▸ [35m[[36mDanaKit[0m] [1mWrite Auxiliary File[0m DanaKit-all-non-framework-target-headers.hmap[0m
Build	Fastlane Build & Archive	2026-07-20T11:37:55.3007580Z [11:37:55]: ▸ [35m[[36mDanaKit[0m] [1mCopying[0m DanaKit.h[0m
Build	Fastlane Build & Archive	2026-07-20T11:37:55.3008040Z [11:37:55]: ▸ [35m[[36mDanaKit[0m] [1mCopy[0m module.modulemap -> module.modulemap[0m
Build	Fastlane Build & Archive	2026-07-20T11:37:55.3008640Z [11:37:55]: ▸ [35m[[36mCryptorRSA[0m] [1mWrite Auxiliary File[0m CryptorRSA_const_extract_protocols.json[0m
Build	Fastlane Build & Archive	2026-07-20T11:37:55.3009240Z [11:37:55]: ▸ [35m[[36mCryptorRSA[0m] [1mWrite Auxiliary File[0m CryptorRSA.SwiftFileList[0m
Build	Fastlane Build & Archive	2026-07-20T11:37:55.3009850Z [11:37:55]: ▸ [35m[[36mCryptorRSA[0m] [1mWrite Auxiliary File[0m CryptorRSA.SwiftConstValuesFileList[0m
Build	Fastlane Build & Archive	2026-07-20T11:37:55.3011660Z [11:37:55]: ▸ [35m[[36mCryptorRSA[0m] [1mWrite Auxiliary File[0m CryptorRSA.LinkFileList[0m
Build	Fastlane Build & Archive	2026-07-20T11:37:55.3012300Z [11:37:55]: ▸ [35m[[36mCryptorRSA[0m] [1mWrite Auxiliary File[0m CryptorRSA-OutputFileMap.json[0m
Build	Fastlane Build & Archive	2026-07-20T11:37:55.3014430Z [11:37:55]: ▸ [35m[[36mCryptorRSA[0m] [1mWrite Auxiliary File[0m CryptorRSA.modulemap[0m
Build	Fastlane Build & Archive	2026-07-20T11:37:55.3016310Z [11:37:55]: ▸ [35m[[36mCryptorRSA[0m] [1mWrite Auxiliary File[0m CryptorRSA.DependencyStaticMetadataFileList[0m
Build	Fastlane Build & Archive	2026-07-20T11:37:55.3020760Z [11:37:55]: ▸ [35m[[36mCryptorRSA[0m] [1mWrite Auxiliary File[0m CryptorRSA.DependencyMetadataFileList[0m
Build	Fastlane Build & Archive	2026-07-20T11:37:55.3024580Z [11:37:55]: ▸ [35m[[36mCryptorRSA[0m] [1mCopy[0m CryptorRSA.modulemap -> CryptorRSA.modulemap[0m
Build	Fastlane Build & Archive	2026-07-20T11:37:55.3026640Z [11:37:55]: ▸ [35m[[36mCryptorECC[0m] [1mWrite Auxiliary File[0m CryptorECC_const_extract_protocols.json[0m
Build	Fastlane Build & Archive	2026-07-20T11:37:55.3028800Z [11:37:55]: ▸ [35m[[36mCryptorECC[0m] [1mWrite Auxiliary File[0m CryptorECC.SwiftFileList[0m
Build	Fastlane Build & Archive	2026-07-20T11:37:55.3030660Z [11:37:55]: ▸ [35m[[36mCryptorECC[0m] [1mWrite Auxiliary File[0m CryptorECC.SwiftConstValuesFileList[0m
Build	Fastlane Build & Archive	2026-07-20T11:37:55.3033250Z [11:37:55]: ▸ [35m[[36mCryptorECC[0m] [1mWrite Auxiliary File[0m CryptorECC.LinkFileList[0m
Build	Fastlane Build & Archive	2026-07-20T11:37:55.3035200Z [11:37:55]: ▸ [35m[[36mCryptorECC[0m] [1mWrite Auxiliary File[0m CryptorECC-OutputFileMap.json[0m
Build	Fastlane Build & Archive	2026-07-20T11:37:55.3036930Z [11:37:55]: ▸ [35m[[36mCryptorECC[0m] [1mWrite Auxiliary File[0m CryptorECC.modulemap[0m
Build	Fastlane Build & Archive	2026-07-20T11:37:55.3040470Z [11:37:55]: ▸ [35m[[36mCryptorECC[0m] [1mWrite Auxiliary File[0m CryptorECC.DependencyStaticMetadataFileList[0m
Build	Fastlane Build & Archive	2026-07-20T11:37:55.3043430Z [11:37:55]: ▸ [35m[[36mCryptorECC[0m] [1mWrite Auxiliary File[0m CryptorECC.DependencyMetadataFileList[0m
Build	Fastlane Build & Archive	2026-07-20T11:37:55.3045260Z [11:37:55]: ▸ [35m[[36mCryptorECC[0m] [1mCopy[0m CryptorECC.modulemap -> CryptorECC.modulemap[0m
Build	Fastlane Build & Archive	2026-07-20T11:37:55.3047990Z [11:37:55]: ▸ [35m[[36mCryptor[0m] [1mWrite Auxiliary File[0m Cryptor_const_extract_protocols.json[0m
Build	Fastlane Build & Archive	2026-07-20T11:37:55.3050280Z [11:37:55]: ▸ [35m[[36mCryptor[0m] [1mWrite Auxiliary File[0m Cryptor.SwiftFileList[0m
Build	Fastlane Build & Archive	2026-07-20T11:37:55.3051960Z [11:37:55]: ▸ [35m[[36mCryptor[0m] [1mWrite Auxiliary File[0m Cryptor.SwiftConstValuesFileList[0m
Build	Fastlane Build & Archive	2026-07-20T11:37:55.3053560Z [11:37:55]: ▸ [35m[[36mCryptor[0m] [1mWrite Auxiliary File[0m Cryptor.LinkFileList[0m
Build	Fastlane Build & Archive	2026-07-20T11:37:55.3055050Z [11:37:55]: ▸ [35m[[36mCryptor[0m] [1mWrite Auxiliary File[0m Cryptor-OutputFileMap.json[0m
Build	Fastlane Build & Archive	2026-07-20T11:37:55.3058000Z [11:37:55]: ▸ [35m[[36mCryptor[0m] [1mWrite Auxiliary File[0m Cryptor.modulemap[0m
Build	Fastlane Build & Archive	2026-07-20T11:37:55.3060310Z [11:37:55]: ▸ [35m[[36mCryptor[0m] [1mWrite Auxiliary File[0m Cryptor.DependencyStaticMetadataFileList[0m
Build	Fastlane Build & Archive	2026-07-20T11:37:55.3062400Z [11:37:55]: ▸ [35m[[36mCryptor[0m] [1mWrite Auxiliary File[0m Cryptor.DependencyMetadataFileList[0m
Build	Fastlane Build & Archive	2026-07-20T11:37:55.3063000Z [11:37:55]: ▸ [35m[[36mCryptor[0m] [1mCopy[0m Cryptor.modulemap -> Cryptor.modulemap[0m
Build	Fastlane Build & Archive	2026-07-20T11:37:55.3063650Z [11:37:55]: ▸ [35m[[36mCryptoSwift_CryptoSwift[0m] [1mWrite Auxiliary File[0m empty-CryptoSwift_CryptoSwift.plist[0m
Build	Fastlane Build & Archive	2026-07-20T11:37:55.3064470Z [11:37:55]: ▸ [35m[[36mCryptoSwift_CryptoSwift[0m] [1mWrite Auxiliary File[0m CryptoSwift_CryptoSwift.DependencyStaticMetadataFileList[0m
Build	Fastlane Build & Archive	2026-07-20T11:37:55.3065300Z [11:37:55]: ▸ [35m[[36mCryptoSwift_CryptoSwift[0m] [1mWrite Auxiliary File[0m CryptoSwift_CryptoSwift.DependencyMetadataFileList[0m
Build	Fastlane Build & Archive	2026-07-20T11:37:55.3066330Z [11:37:55]: ▸ [35m[[36mCryptoSwift[0m] [1mWrite Auxiliary File[0m CryptoSwift_const_extract_protocols.json[0m
Build	Fastlane Build & Archive	2026-07-20T11:37:55.3073090Z [11:37:55]: ▸ [35m[[36mCryptoSwift[0m] [1mWrite Auxiliary File[0m CryptoSwift.SwiftFileList[0m
Build	Fastlane Build & Archive	2026-07-20T11:37:55.3075020Z [11:37:55]: ▸ [35m[[36mCryptoSwift[0m] [1mWrite Auxiliary File[0m CryptoSwift.SwiftConstValuesFileList[0m
Build	Fastlane Build & Archive	2026-07-20T11:37:55.3077150Z [11:37:55]: ▸ [35m[[36mCryptoSwift[0m] [1mWrite Auxiliary File[0m CryptoSwift.LinkFileList[0m
Build	Fastlane Build & Archive	2026-07-20T11:37:55.3078900Z [11:37:55]: ▸ [35m[[36mCryptoSwift[0m] [1mWrite Auxiliary File[0m CryptoSwift-OutputFileMap.json[0m
Build	Fastlane Build & Archive	2026-07-20T11:37:55.3079750Z [11:37:55]: ▸ [35m[[36mCryptoSwift[0m] [1mWrite Auxiliary File[0m resource_bundle_accessor.swift[0m
Build	Fastlane Build & Archive	2026-07-20T11:37:55.3101710Z [11:37:55]: ▸ [35m[[36mCryptoSwift[0m] [1mWrite Auxiliary File[0m CryptoSwift.modulemap[0m
Build	Fastlane Build & Archive	2026-07-20T11:37:55.3102600Z [11:37:55]: ▸ [35m[[36mCryptoSwift[0m] [1mWrite Auxiliary File[0m CryptoSwift.DependencyStaticMetadataFileList[0m
Build	Fastlane Build & Archive	2026-07-20T11:37:55.3103350Z [11:37:55]: ▸ [35m[[36mCryptoSwift[0m] [1mWrite Auxiliary File[0m CryptoSwift.DependencyMetadataFileList[0m
Build	Fastlane Build & Archive	2026-07-20T11:37:55.3104030Z [11:37:55]: ▸ [35m[[36mCryptoSwift[0m] [1mCopy[0m CryptoSwift.modulemap -> CryptoSwift.modulemap[0m
Build	Fastlane Build & Archive	2026-07-20T11:37:55.3104740Z [11:37:55]: ▸ [35m[[36mCryptoSwift[0m] [1mWrite Auxiliary File[0m empty-CryptoSwift_-360922625E627667_PackageProduct.plist[0m
Build	Fastlane Build & Archive	2026-07-20T11:37:55.3105530Z [11:37:55]: ▸ [35m[[36mCryptoSwift[0m] [1mWrite Auxiliary File[0m CryptoSwift_-360922625E627667_PackageProduct.LinkFileList[0m
Build	Fastlane Build & Archive	2026-07-20T11:37:55.3106360Z [11:37:55]: ▸ [35m[[36mCryptoSwift[0m] [1mWrite Auxiliary File[0m CryptoSwift_-360922625E627667_PackageProduct.DependencyStaticMetadataFileList[0m
Build	Fastlane Build & Archive	2026-07-20T11:37:55.3108480Z [11:37:55]: ▸ [35m[[36mCryptoSwift[0m] [1mWrite Auxiliary File[0m CryptoSwift_-360922625E627667_PackageProduct.DependencyMetadataFileList[0m
Build	Fastlane Build & Archive	2026-07-20T11:37:55.3109240Z [11:37:55]: ▸ [35m[[36mCGMBLEKitUI[0m] [1mWrite Auxiliary File[0m unextended-module.modulemap[0m
Build	Fastlane Build & Archive	2026-07-20T11:37:55.3109840Z [11:37:55]: ▸ [35m[[36mCGMBLEKitUI[0m] [1mWrite Auxiliary File[0m unextended-module-overlay.yaml[0m
Build	Fastlane Build & Archive	2026-07-20T11:37:55.3110410Z [11:37:55]: ▸ [35m[[36mCGMBLEKitUI[0m] [1mWrite Auxiliary File[0m module.modulemap[0m
Build	Fastlane Build & Archive	2026-07-20T11:37:55.3111000Z [11:37:55]: ▸ [35m[[36mCGMBLEKitUI[0m] [1mWrite Auxiliary File[0m CGMBLEKitUI_const_extract_protocols.json[0m
Build	Fastlane Build & Archive	2026-07-20T11:37:55.3111610Z [11:37:55]: ▸ [35m[[36mCGMBLEKitUI[0m] [1mWrite Auxiliary File[0m CGMBLEKitUI.SwiftFileList[0m
Build	Fastlane Build & Archive	2026-07-20T11:37:55.3112210Z [11:37:55]: ▸ [35m[[36mCGMBLEKitUI[0m] [1mWrite Auxiliary File[0m CGMBLEKitUI.SwiftConstValuesFileList[0m
Build	Fastlane Build & Archive	2026-07-20T11:37:55.3112820Z [11:37:55]: ▸ [35m[[36mCGMBLEKitUI[0m] [1mWrite Auxiliary File[0m CGMBLEKitUI.LinkFileList[0m
Build	Fastlane Build & Archive	2026-07-20T11:37:55.3115220Z [11:37:55]: ▸ [35m[[36mCGMBLEKitUI[0m] [1mWrite Auxiliary File[0m CGMBLEKitUI-OutputFileMap.json[0m
Build	Fastlane Build & Archive	2026-07-20T11:37:55.3130260Z [11:37:55]: ▸ [35m[[36mCGMBLEKitUI[0m] [1mWrite Auxiliary File[0m 7187679823f38a2a940e0043cdf9d637-common-args.resp[0m
Build	Fastlane Build & Archive	2026-07-20T11:37:55.3131120Z [11:37:55]: ▸ [35m[[36mCGMBLEKitUI[0m] [1mWrite Auxiliary File[0m CGMBLEKitUI_vers.c[0m
Build	Fastlane Build & Archive	2026-07-20T11:37:55.3131640Z [11:37:55]: ▸ [35m[[36mCGMBLEKitUI[0m] [1mWrite Auxiliary File[0m CGMBLEKitUI.hmap[0m
Build	Fastlane Build & Archive	2026-07-20T11:37:55.3135290Z [11:37:55]: ▸ [35m[[36mCGMBLEKitUI[0m] [1mWrite Auxiliary File[0m CGMBLEKitUI.DependencyStaticMetadataFileList[0m
Build	Fastlane Build & Archive	2026-07-20T11:37:55.3136040Z [11:37:55]: ▸ [35m[[36mCGMBLEKitUI[0m] [1mWrite Auxiliary File[0m CGMBLEKitUI.DependencyMetadataFileList[0m
Build	Fastlane Build & Archive	2026-07-20T11:37:55.3137440Z [11:37:55]: ▸ [35m[[36mCGMBLEKitUI[0m] [1mWrite Auxiliary File[0m CGMBLEKitUI-project-headers.hmap[0m
Build	Fastlane Build & Archive	2026-07-20T11:37:55.3138140Z [11:37:55]: ▸ [35m[[36mCGMBLEKitUI[0m] [1mWrite Auxiliary File[0m CGMBLEKitUI-own-target-headers.hmap[0m
Build	Fastlane Build & Archive	2026-07-20T11:37:55.3138800Z [11:37:55]: ▸ [35m[[36mCGMBLEKitUI[0m] [1mWrite Auxiliary File[0m CGMBLEKitUI-generated-files.hmap[0m
Build	Fastlane Build & Archive	2026-07-20T11:37:55.3139440Z [11:37:55]: ▸ [35m[[36mCGMBLEKitUI[0m] [1mWrite Auxiliary File[0m CGMBLEKitUI-all-target-headers.hmap[0m
Build	Fastlane Build & Archive	2026-07-20T11:37:55.3146610Z [11:37:55]: ▸ [35m[[36mCGMBLEKitUI[0m] [1mWrite Auxiliary File[0m CGMBLEKitUI-all-non-framework-target-headers.hmap[0m
Build	Fastlane Build & Archive	2026-07-20T11:37:55.3147250Z [11:37:55]: ▸ [35m[[36mCGMBLEKitUI[0m] [1mCopying[0m CGMBLEKitUI.h[0m
Build	Fastlane Build & Archive	2026-07-20T11:37:55.3147770Z [11:37:55]: ▸ [35m[[36mCGMBLEKitUI[0m] [1mCopy[0m module.modulemap -> module.modulemap[0m
Build	Fastlane Build & Archive	2026-07-20T11:37:55.3148350Z [11:37:55]: ▸ [35m[[36mCGMBLEKit[0m] [1mWrite Auxiliary File[0m unextended-module.modulemap[0m
Build	Fastlane Build & Archive	2026-07-20T11:37:55.3148960Z [11:37:55]: ▸ [35m[[36mCGMBLEKit[0m] [1mWrite Auxiliary File[0m unextended-module-overlay.yaml[0m
Build	Fastlane Build & Archive	2026-07-20T11:37:55.3149550Z [11:37:55]: ▸ [35m[[36mCGMBLEKit[0m] [1mWrite Auxiliary File[0m module.modulemap[0m
Build	Fastlane Build & Archive	2026-07-20T11:37:55.3150250Z [11:37:55]: ▸ [35m[[36mCGMBLEKit[0m] [1mWrite Auxiliary File[0m e6072d4f65d7061329687fe24e3d63a7-common-args.resp[0m
Build	Fastlane Build & Archive	2026-07-20T11:37:55.3151040Z [11:37:55]: ▸ [35m[[36mCGMBLEKit[0m] [1mWrite Auxiliary File[0m CGMBLEKit_const_extract_protocols.json[0m
Build	Fastlane Build & Archive	2026-07-20T11:37:55.3151930Z [11:37:55]: ▸ [35m[[36mCGMBLEKit[0m] [1mWrite Auxiliary File[0m CGMBLEKit.SwiftFileList[0m
Build	Fastlane Build & Archive	2026-07-20T11:37:55.3152570Z [11:37:55]: ▸ [35m[[36mCGMBLEKit[0m] [1mWrite Auxiliary File[0m CGMBLEKit.SwiftConstValuesFileList[0m
Build	Fastlane Build & Archive	2026-07-20T11:37:55.3154250Z [11:37:55]: ▸ [35m[[36mCGMBLEKit[0m] [1mWrite Auxiliary File[0m CGMBLEKit.LinkFileList[0m
Build	Fastlane Build & Archive	2026-07-20T11:37:55.3156540Z [11:37:55]: ▸ [35m[[36mCGMBLEKit[0m] [1mWrite Auxiliary File[0m CGMBLEKit-OutputFileMap.json[0m
Build	Fastlane Build & Archive	2026-07-20T11:37:55.3157250Z [11:37:55]: ▸ [35m[[36mCGMBLEKit[0m] [1mWrite Auxiliary File[0m 7187679823f38a2a940e0043cdf9d637-common-args.resp[0m
Build	Fastlane Build & Archive	2026-07-20T11:37:55.3157850Z [11:37:55]: ▸ [35m[[36mCGMBLEKit[0m] [1mWrite Auxiliary File[0m CGMBLEKit_vers.c[0m
Build	Fastlane Build & Archive	2026-07-20T11:37:55.3158370Z [11:37:55]: ▸ [35m[[36mCGMBLEKit[0m] [1mWrite Auxiliary File[0m CGMBLEKit.hmap[0m
Build	Fastlane Build & Archive	2026-07-20T11:37:55.3167020Z [11:37:55]: ▸ [35m[[36mCGMBLEKit[0m] [1mWrite Auxiliary File[0m CGMBLEKit.DependencyStaticMetadataFileList[0m
Build	Fastlane Build & Archive	2026-07-20T11:37:55.3169070Z [11:37:55]: ▸ [35m[[36mCGMBLEKit[0m] [1mWrite Auxiliary File[0m CGMBLEKit.DependencyMetadataFileList[0m
Build	Fastlane Build & Archive	2026-07-20T11:37:55.3170740Z [11:37:55]: ▸ [35m[[36mCGMBLEKit[0m] [1mWrite Auxiliary File[0m CGMBLEKit-project-headers.hmap[0m
Build	Fastlane Build & Archive	2026-07-20T11:37:55.3172420Z [11:37:55]: ▸ [35m[[36mCGMBLEKit[0m] [1mWrite Auxiliary File[0m CGMBLEKit-own-target-headers.hmap[0m
Build	Fastlane Build & Archive	2026-07-20T11:37:55.3174000Z [11:37:55]: ▸ [35m[[36mCGMBLEKit[0m] [1mWrite Auxiliary File[0m CGMBLEKit-generated-files.hmap[0m
Build	Fastlane Build & Archive	2026-07-20T11:37:55.3175570Z [11:37:55]: ▸ [35m[[36mCGMBLEKit[0m] [1mWrite Auxiliary File[0m CGMBLEKit-all-target-headers.hmap[0m
Build	Fastlane Build & Archive	2026-07-20T11:37:55.3181670Z [11:37:55]: ▸ [35m[[36mCGMBLEKit[0m] [1mWrite Auxiliary File[0m CGMBLEKit-all-non-framework-target-headers.hmap[0m
Build	Fastlane Build & Archive	2026-07-20T11:37:55.3182320Z [11:37:55]: ▸ [35m[[36mCGMBLEKit[0m] [1mCopying[0m CGMBLEKit.h[0m
Build	Fastlane Build & Archive	2026-07-20T11:37:55.3183030Z [11:37:55]: ▸ [35m[[36mCGMBLEKit[0m] [1mCopying[0m AESCrypt.h[0m
Build	Fastlane Build & Archive	2026-07-20T11:37:55.3184440Z [11:37:55]: ▸ [35m[[36mCGMBLEKit[0m] [1mCopy[0m module.modulemap -> module.modulemap[0m
Build	Fastlane Build & Archive	2026-07-20T11:37:55.3185080Z [11:37:55]: ▸ [35m[[36mAlgorithms[0m] [1mWrite Auxiliary File[0m Algorithms_const_extract_protocols.json[0m
Build	Fastlane Build & Archive	2026-07-20T11:37:55.3185710Z [11:37:55]: ▸ [35m[[36mAlgorithms[0m] [1mWrite Auxiliary File[0m Algorithms.SwiftFileList[0m
Build	Fastlane Build & Archive	2026-07-20T11:37:55.3186320Z [11:37:55]: ▸ [35m[[36mAlgorithms[0m] [1mWrite Auxiliary File[0m Algorithms.SwiftConstValuesFileList[0m
Build	Fastlane Build & Archive	2026-07-20T11:37:55.3187060Z [11:37:55]: ▸ [35m[[36mAlgorithms[0m] [1mWrite Auxiliary File[0m Algorithms.LinkFileList[0m
Build	Fastlane Build & Archive	2026-07-20T11:37:55.3188090Z [11:37:55]: ▸ [35m[[36mAlgorithms[0m] [1mWrite Auxiliary File[0m Algorithms-OutputFileMap.json[0m
Build	Fastlane Build & Archive	2026-07-20T11:37:55.3188710Z [11:37:55]: ▸ [35m[[36mAlgorithms[0m] [1mWrite Auxiliary File[0m Algorithms.modulemap[0m
Build	Fastlane Build & Archive	2026-07-20T11:37:55.3189340Z [11:37:55]: ▸ [35m[[36mAlgorithms[0m] [1mWrite Auxiliary File[0m Algorithms.DependencyStaticMetadataFileList[0m
Build	Fastlane Build & Archive	2026-07-20T11:37:55.3190140Z [11:37:55]: ▸ [35m[[36mAlgorithms[0m] [1mWrite Auxiliary File[0m Algorithms.DependencyMetadataFileList[0m
Build	Fastlane Build & Archive	2026-07-20T11:37:55.3191560Z [11:37:55]: ▸ [35m[[36mAlgorithms[0m] [1mCopy[0m Algorithms.modulemap -> Algorithms.modulemap[0m
Build	Fastlane Build & Archive	2026-07-20T11:37:55.3192090Z [11:37:55]: ▸ [35m[[36mTrio[0m] [1mWrite Auxiliary File[0m Trio.hmap[0m
Build	Fastlane Build & Archive	2026-07-20T11:37:55.3192630Z [11:37:55]: ▸ [35m[[36mTrio[0m] [1mWrite Auxiliary File[0m Trio.DependencyStaticMetadataFileList[0m
Build	Fastlane Build & Archive	2026-07-20T11:37:55.3193230Z [11:37:55]: ▸ [35m[[36mTrio[0m] [1mWrite Auxiliary File[0m Trio.DependencyMetadataFileList[0m
Build	Fastlane Build & Archive	2026-07-20T11:37:55.3194800Z [11:37:55]: ▸ [35m[[36mTrio[0m] [1mWrite Auxiliary File[0m Trio-project-headers.hmap[0m
Build	Fastlane Build & Archive	2026-07-20T11:37:55.3195520Z [11:37:55]: ▸ [35m[[36mTrio[0m] [1mWrite Auxiliary File[0m Trio-own-target-headers.hmap[0m
Build	Fastlane Build & Archive	2026-07-20T11:37:55.3196110Z [11:37:55]: ▸ [35m[[36mTrio[0m] [1mWrite Auxiliary File[0m Trio-generated-files.hmap[0m
Build	Fastlane Build & Archive	2026-07-20T11:37:55.3196770Z [11:37:55]: ▸ [35m[[36mTrio[0m] [1mWrite Auxiliary File[0m Trio-all-target-headers.hmap[0m
Build	Fastlane Build & Archive	2026-07-20T11:37:55.3198750Z [11:37:55]: ▸ [35m[[36mTrio[0m] [1mWrite Auxiliary File[0m Trio-all-non-framework-target-headers.hmap[0m
Build	Fastlane Build & Archive	2026-07-20T11:37:55.3204610Z [11:37:55]: ▸ [35m[[36mTrio[0m] [1mWrite Auxiliary File[0m Script-DD88C8DF2C4D583900F2D558.sh[0m
Build	Fastlane Build & Archive	2026-07-20T11:37:55.3206750Z [11:37:55]: ▸ [35m[[36mTrio[0m] [1mWrite Auxiliary File[0m Script-3B47C6112DA0A52C00B0E5EF.sh[0m
Build	Fastlane Build & Archive	2026-07-20T11:37:55.3207380Z [11:37:55]: ▸ [35m[[36mTrio[0m] [1mWrite Auxiliary File[0m Script-3811DEF525CA169200A708ED.sh[0m
Build	Fastlane Build & Archive	2026-07-20T11:37:55.3208080Z [11:37:55]: ▸ [35m[[36mTrio[0m] [1mWrite Auxiliary File[0m Trio_const_extract_protocols.json[0m
Build	Fastlane Build & Archive	2026-07-20T11:37:55.3208660Z [11:37:55]: ▸ [35m[[36mTrio[0m] [1mWrite Auxiliary File[0m Trio.SwiftFileList[0m
Build	Fastlane Build & Archive	2026-07-20T11:37:55.3209220Z [11:37:55]: ▸ [35m[[36mTrio[0m] [1mWrite Auxiliary File[0m Trio.SwiftConstValuesFileList[0m
Build	Fastlane Build & Archive	2026-07-20T11:37:55.3209760Z [11:37:55]: ▸ [35m[[36mTrio[0m] [1mWrite Auxiliary File[0m Trio.LinkFileList[0m
Build	Fastlane Build & Archive	2026-07-20T11:37:55.3210270Z [11:37:55]: ▸ [35m[[36mTrio[0m] [1mWrite Auxiliary File[0m Trio-OutputFileMap.json[0m
Build	Fastlane Build & Archive	2026-07-20T11:37:55.3210790Z [11:37:55]: ▸ [35m[[36mTrio[0m] [1mWrite Auxiliary File[0m Entitlements.plist[0m
Build	Fastlane Build & Archive	2026-07-20T11:37:55.3211470Z [11:37:55]: ▸ [35m[[36mnanopb_nanopb[0m] [1mProcessing[0m empty-nanopb_nanopb.plist[0m
Build	Fastlane Build & Archive	2026-07-20T11:37:55.3212120Z [11:37:55]: ▸ [35m[[36mnanopb_nanopb[0m] [1mCopying[0m PrivacyInfo.xcprivacy[0m
Build	Fastlane Build & Archive	2026-07-20T11:37:55.3212810Z [11:37:55]: ▸ [35m[[36mTrio Watch Complication Extension[0m] [1mGenerate Asset Symbols[0m Assets.xcassets[0m
Build	Fastlane Build & Archive	2026-07-20T11:37:55.3213930Z [11:37:55]: ▸ [35m[[36mTrio Watch Complication Extension[0m] [1mCompile XCStrings[0m Localizable.xcstrings[0m
Build	Fastlane Build & Archive	2026-07-20T11:38:15.4701220Z [11:38:15]: ▸ [35m[[36mthird-party-IsAppEncrypted[0m] [1mCompiling[0m IsAppEncrypted.m[0m
Build	Fastlane Build & Archive	2026-07-20T11:38:17.2475490Z [11:38:17]: ▸ [35m[[36mthird-party-IsAppEncrypted[0m] [1mLinking[0m third-party-IsAppEncrypted.o[0m
Build	Fastlane Build & Archive	2026-07-20T11:38:17.2578220Z [11:38:17]: ▸ [35m[[36mnanopb[0m] [1mCompiling[0m resource_bundle_accessor.m[0m
Build	Fastlane Build & Archive	2026-07-20T11:38:17.2679220Z [11:38:17]: ▸ [35m[[36mTrio Watch Complication Extension[0m] [1mCopy[0m arm64-apple-watchos.swiftmodule -> Trio_Watch_Complication_Extension.swiftmodule[0m
Build	Fastlane Build & Archive	2026-07-20T11:38:17.2779150Z [11:38:17]: ▸ [35m[[36mTrio Watch Complication Extension[0m] [1mCopy[0m arm64-apple-watchos.swiftdoc -> Trio_Watch_Complication_Extension.swiftdoc[0m
Build	Fastlane Build & Archive	2026-07-20T11:38:17.2785970Z [11:38:17]: ▸ [35m[[36mTrio Watch Complication Extension[0m] [1mCopy[0m arm64-apple-watchos.abi.json -> Trio_Watch_Complication_Extension.abi.json[0m
Build	Fastlane Build & Archive	2026-07-20T11:38:17.2889600Z [11:38:17]: ▸ [35m[36;1mnote: [0mEmplaced /Users/runner/Library/Developer/Xcode/DerivedData/Trio-bovmnxebschsylahdeysnjjqdcte/Build/Intermediates.noindex/ArchiveIntermediates/Trio/IntermediateBuildFilesPath/UninstalledProducts/watchos/Trio Watch Complication Extension.appex/Assets.car (in target 'Trio Watch Complication Extension' from project 'Trio')[0m
Build	Fastlane Build & Archive	2026-07-20T11:38:17.2990510Z [11:38:17]: ▸ [35m[[36mTrio Watch Complication Extension[0m] [1mCopying[0m Localizable.strings[0m
Build	Fastlane Build & Archive	2026-07-20T11:38:17.3086570Z [11:38:17]: ▸ [35m[[36m_NumericsShims[0m] [1mCompiling[0m _NumericsShims.c[0m
Build	Fastlane Build & Archive	2026-07-20T11:38:17.3093380Z [11:38:17]: ▸ [35m[[36m_NumericsShims[0m] [1mLinking[0m _NumericsShims.o[0m
Build	Fastlane Build & Archive	2026-07-20T11:38:17.3179070Z [11:38:17]: ▸ [35m[[36mTrio Watch Complication Extension[0m] [1mProcessing[0m Info.plist[0m
Build	Fastlane Build & Archive	2026-07-20T11:38:17.3281190Z [11:38:17]: ▸ [35m[[36mTrio Watch Complication Extension[0m] [1mCopying[0m Localizable.strings[0m
Build	Fastlane Build & Archive	2026-07-20T11:38:17.3829380Z [11:38:17]: ▸ [35m[[36mTrio Watch Complication Extension[0m] [1mCopying[0m Localizable.strings[0m
Build	Fastlane Build & Archive	2026-07-20T11:38:17.3934200Z [11:38:17]: ▸ [35m[[36mnanopb[0m] [1mCompiling[0m pb_encode.c[0m
Build	Fastlane Build & Archive	2026-07-20T11:38:17.4037800Z [11:38:17]: ▸ [35m[[36mnanopb[0m] [1mCompiling[0m pb_decode.c[0m
Build	Fastlane Build & Archive	2026-07-20T11:38:17.5984400Z [11:38:17]: ▸ [35m[[36mnanopb[0m] [1mCompiling[0m pb_common.c[0m
Build	Fastlane Build & Archive	2026-07-20T11:38:17.6093820Z [11:38:17]: ▸ [35m[[36mTrio Watch Complication Extension[0m] [1mCopy[0m arm64_32-apple-watchos.swiftmodule -> Trio_Watch_Complication_Extension.swiftmodule[0m
Build	Fastlane Build & Archive	2026-07-20T11:38:17.6225550Z [11:38:17]: ▸ [35m[[36mTrio Watch Complication Extension[0m] [1mCopy[0m arm64_32-apple-watchos.swiftdoc -> Trio_Watch_Complication_Extension.swiftdoc[0m
Build	Fastlane Build & Archive	2026-07-20T11:38:17.6342190Z [11:38:17]: ▸ [35m[[36mTrio Watch Complication Extension[0m] [1mCopy[0m arm64_32-apple-watchos.abi.json -> Trio_Watch_Complication_Extension.abi.json[0m
Build	Fastlane Build & Archive	2026-07-20T11:38:17.6449730Z [11:38:17]: ▸ [35m[[36mTrio Watch Complication Extension[0m] [1mCopying[0m Localizable.strings[0m
Build	Fastlane Build & Archive	2026-07-20T11:38:17.6552790Z [11:38:17]: ▸ [35m[[36mTrio Watch Complication Extension[0m] [1mCopying[0m Localizable.strings[0m
Build	Fastlane Build & Archive	2026-07-20T11:38:17.6684130Z [11:38:17]: ▸ [35m[[36mTrio Watch Complication Extension[0m] [1mCopying[0m Localizable.strings[0m
Build	Fastlane Build & Archive	2026-07-20T11:38:17.6787590Z [11:38:17]: ▸ [35m[[36mTrio Watch Complication Extension[0m] [1mCopying[0m Localizable.strings[0m
Build	Fastlane Build & Archive	2026-07-20T11:38:17.6899970Z [11:38:17]: ▸ [35m[[36mTrio Watch Complication Extension[0m] [1mCopying[0m Localizable.strings[0m
Build	Fastlane Build & Archive	2026-07-20T11:38:17.6993500Z [11:38:17]: ▸ [35m[[36mTrio Watch Complication Extension[0m] [1mCopying[0m Localizable.strings[0m
Build	Fastlane Build & Archive	2026-07-20T11:38:17.6996270Z [11:38:17]: ▸ [35m[[36mTrio Watch Complication Extension[0m] [1mCopying[0m Localizable.strings[0m
Build	Fastlane Build & Archive	2026-07-20T11:38:17.7108600Z [11:38:17]: ▸ [35m[[36mTrio Watch Complication Extension[0m] [1mCopying[0m Localizable.strings[0m
Build	Fastlane Build & Archive	2026-07-20T11:38:17.7357590Z [11:38:17]: ▸ [35m[[36mTrio Watch Complication Extension[0m] [1mCopying[0m Localizable.strings[0m
Build	Fastlane Build & Archive	2026-07-20T11:38:17.7576560Z [11:38:17]: ▸ [35m[[36mTrio Watch Complication Extension[0m] [1mCopying[0m Localizable.strings[0m
Build	Fastlane Build & Archive	2026-07-20T11:38:17.7672200Z [11:38:17]: ▸ [35m[[36mTrio Watch Complication Extension[0m] [1mCopying[0m Localizable.strings[0m
Build	Fastlane Build & Archive	2026-07-20T11:38:17.8085440Z [11:38:17]: ▸ [35m[[36mTrio Watch Complication Extension[0m] [1mCopying[0m Localizable.strings[0m
Build	Fastlane Build & Archive	2026-07-20T11:38:17.8519680Z [11:38:17]: ▸ [35m[[36mTrio Watch Complication Extension[0m] [1mCopying[0m Localizable.strings[0m
Build	Fastlane Build & Archive	2026-07-20T11:38:17.8631700Z [11:38:17]: ▸ [35m[[36mTrio Watch Complication Extension[0m] [1mCopying[0m Localizable.strings[0m
Build	Fastlane Build & Archive	2026-07-20T11:38:17.8760110Z [11:38:17]: ▸ [35m[[36mTrio Watch Complication Extension[0m] [1mCopying[0m Localizable.strings[0m
Build	Fastlane Build & Archive	2026-07-20T11:38:17.8890040Z [11:38:17]: ▸ [35m[[36mTrio Watch Complication Extension[0m] [1mCopying[0m Localizable.strings[0m
Build	Fastlane Build & Archive	2026-07-20T11:38:17.9469000Z [11:38:17]: ▸ [35m[[36mTrio Watch Complication Extension[0m] [1mCopying[0m Localizable.strings[0m
Build	Fastlane Build & Archive	2026-07-20T11:38:17.9612100Z [11:38:17]: ▸ [35m[[36mTrio Watch Complication Extension[0m] [1mCopying[0m Localizable.strings[0m
Build	Fastlane Build & Archive	2026-07-20T11:38:18.0234040Z [11:38:18]: ▸ [35m[[36mnanopb_nanopb[0m] [1mRegisterExecutionPolicyException[0m nanopb_nanopb.bundle[0m
Build	Fastlane Build & Archive	2026-07-20T11:38:18.0353010Z [11:38:18]: ▸ [35m[[36mnanopb_nanopb[0m] [1mTouching[0m nanopb_nanopb.bundle[0m
Build	Fastlane Build & Archive	2026-07-20T11:38:18.0467310Z [11:38:18]: ▸ [35m[[36mthird-party-IsAppEncrypted[0m] [1mRegisterExecutionPolicyException[0m third-party-IsAppEncrypted.o[0m
Build	Fastlane Build & Archive	2026-07-20T11:38:18.0615720Z [11:38:18]: ▸ [35m[[36mnanopb[0m] [1mLinking[0m nanopb.o[0m
Build	Fastlane Build & Archive	2026-07-20T11:38:18.0720480Z [11:38:18]: ▸ [35m[[36m_NumericsShims[0m] [1mRegisterExecutionPolicyException[0m _NumericsShims.o[0m
Build	Fastlane Build & Archive	2026-07-20T11:38:18.0823210Z [11:38:18]: ▸ [35m[[36mTrio Watch Complication Extension[0m] [1mLinking[0m Trio\ Watch\ Complication\ Extension[0m
Build	Fastlane Build & Archive	2026-07-20T11:38:19.1680720Z [11:38:19]: ▸ [35m[[36mTrio Watch Complication Extension[0m] [1mLinking[0m Trio\ Watch\ Complication\ Extension[0m
Build	Fastlane Build & Archive	2026-07-20T11:38:19.2958400Z [11:38:19]: ▸ [35m[[36mTidepoolKit_TidepoolKit[0m] [1mCopying[0m Localizable.strings[0m
Build	Fastlane Build & Archive	2026-07-20T11:38:19.3061090Z [11:38:19]: ▸ [35m[[36mTidepoolKit_TidepoolKit[0m] [1mCopying[0m Localizable.strings[0m
Build	Fastlane Build & Archive	2026-07-20T11:38:19.3175830Z [11:38:19]: ▸ [35m[[36mTidepoolKit_TidepoolKit[0m] [1mCopying[0m Localizable.strings[0m
Build	Fastlane Build & Archive	2026-07-20T11:38:19.3203590Z [11:38:19]: ▸ [35m[[36mTidepoolKit_TidepoolKit[0m] [1mCopying[0m Localizable.strings[0m
Build	Fastlane Build & Archive	2026-07-20T11:38:19.3204670Z [11:38:19]: ▸ [35m[[36mTidepoolKit_TidepoolKit[0m] [1mCopying[0m Localizable.strings[0m
Build	Fastlane Build & Archive	2026-07-20T11:38:19.3205820Z [11:38:19]: ▸ [35m[[36mTidepoolKit_TidepoolKit[0m] [1mCopying[0m Localizable.strings[0m
Build	Fastlane Build & Archive	2026-07-20T11:38:19.3207320Z [11:38:19]: ▸ [35m[[36mTidepoolKit_TidepoolKit[0m] [1mCopying[0m Localizable.strings[0m
Build	Fastlane Build & Archive	2026-07-20T11:38:19.3208250Z [11:38:19]: ▸ [35m[[36mTidepoolKit_TidepoolKit[0m] [1mCopying[0m Localizable.strings[0m
Build	Fastlane Build & Archive	2026-07-20T11:38:19.3209020Z [11:38:19]: ▸ [35m[[36mTidepoolKit_TidepoolKit[0m] [1mCopying[0m Localizable.strings[0m
Build	Fastlane Build & Archive	2026-07-20T11:38:19.3209700Z [11:38:19]: ▸ [35m[[36mTidepoolKit_TidepoolKit[0m] [1mCopying[0m Localizable.strings[0m
Build	Fastlane Build & Archive	2026-07-20T11:38:19.3210450Z [11:38:19]: ▸ [35m[[36mTidepoolKit_TidepoolKit[0m] [1mCopying[0m Localizable.strings[0m
Build	Fastlane Build & Archive	2026-07-20T11:38:19.3211190Z [11:38:19]: ▸ [35m[[36mTidepoolKit_TidepoolKit[0m] [1mCopying[0m Localizable.strings[0m
Build	Fastlane Build & Archive	2026-07-20T11:38:19.3212010Z [11:38:19]: ▸ [35m[[36mTidepoolKit_TidepoolKit[0m] [1mCopying[0m Localizable.strings[0m
Build	Fastlane Build & Archive	2026-07-20T11:38:19.3213690Z [11:38:19]: ▸ [35m[[36mTidepoolKit_TidepoolKit[0m] [1mCopying[0m Localizable.strings[0m
Build	Fastlane Build & Archive	2026-07-20T11:38:19.3215340Z [11:38:19]: ▸ [35m[[36mTidepoolKit_TidepoolKit[0m] [1mCopying[0m Localizable.strings[0m
Build	Fastlane Build & Archive	2026-07-20T11:38:19.3216030Z [11:38:19]: ▸ [35m[[36mTidepoolKit_TidepoolKit[0m] [1mCopying[0m Localizable.strings[0m
Build	Fastlane Build & Archive	2026-07-20T11:38:19.3217200Z [11:38:19]: ▸ [35m[[36mTidepoolKit_TidepoolKit[0m] [1mCopying[0m Localizable.strings[0m
Build	Fastlane Build & Archive	2026-07-20T11:38:19.3219280Z [11:38:19]: ▸ [35m[[36mTidepoolKit_TidepoolKit[0m] [1mCopying[0m Localizable.strings[0m
Build	Fastlane Build & Archive	2026-07-20T11:38:19.3220300Z [11:38:19]: ▸ [35m[[36mTidepoolKit_TidepoolKit[0m] [1mCopying[0m Localizable.strings[0m
Build	Fastlane Build & Archive	2026-07-20T11:38:19.3225630Z [11:38:19]: ▸ [35m[[36mTidepoolKit_TidepoolKit[0m] [1mCopying[0m Localizable.strings[0m
Build	Fastlane Build & Archive	2026-07-20T11:38:19.3226370Z [11:38:19]: ▸ [35m[[36mTidepoolKit_TidepoolKit[0m] [1mCopying[0m Localizable.strings[0m
Build	Fastlane Build & Archive	2026-07-20T11:38:19.3227020Z [11:38:19]: ▸ [35m[[36mTidepoolKit_TidepoolKit[0m] [1mCopying[0m Localizable.strings[0m
Build	Fastlane Build & Archive	2026-07-20T11:38:19.3227740Z [11:38:19]: ▸ [35m[[36mTidepoolKit_TidepoolKit[0m] [1mCopying[0m Localizable.strings[0m
Build	Fastlane Build & Archive	2026-07-20T11:38:30.8578850Z [11:38:30]: ▸ [35m[[36mTidepoolKit[0m] [1mGenerate Asset Symbols[0m Assets.xcassets[0m
Build	Fastlane Build & Archive	2026-07-20T11:38:30.8719110Z [11:38:30]: ▸ [35m[[36mTrio Watch Complication Extension[0m] [1mCreate Universal Binary[0m Trio\ Watch\ Complication\ Extension[0m
Build	Fastlane Build & Archive	2026-07-20T11:38:30.8823510Z [11:38:30]: ▸ [35m[[36mTrio Watch Complication Extension[0m] [1mGenerating[0m Trio\ Watch\ Complication\ Extension.appex.dSYM[0m
Build	Fastlane Build & Archive	2026-07-20T11:38:30.8931600Z [11:38:30]: ▸ [35m[[36mTrio Watch Complication Extension[0m] [1mExtract App Intents Metadata[0m
Build	Fastlane Build & Archive	2026-07-20T11:38:30.9035680Z [11:38:30]: ▸ [35m[[36mnanopb[0m] [1mRegisterExecutionPolicyException[0m nanopb.o[0m
Build	Fastlane Build & Archive	2026-07-20T11:38:30.9141020Z [11:38:30]: ▸ [35m[[36mTrio Watch App[0m] [1mGenerate Asset Symbols[0m Assets.xcassets[0m
Build	Fastlane Build & Archive	2026-07-20T11:38:39.0965870Z [11:38:39]: ▸ [35m[36;1mnote: [0mEmplaced /Users/runner/Library/Developer/Xcode/DerivedData/Trio-bovmnxebschsylahdeysnjjqdcte/Build/Intermediates.noindex/ArchiveIntermediates/Trio/IntermediateBuildFilesPath/UninstalledProducts/watchos/Trio Watch App.app/Assets.car (in target 'Trio Watch App' from project 'Trio')[0m
Build	Fastlane Build & Archive	2026-07-20T11:38:39.2629460Z [11:38:39]: ▸ [35m[36;1mnote: [0mEmplaced /Users/runner/Library/Developer/Xcode/DerivedData/Trio-bovmnxebschsylahdeysnjjqdcte/Build/Intermediates.noindex/ArchiveIntermediates/Trio/IntermediateBuildFilesPath/UninstalledProducts/iphoneos/TidepoolKit_TidepoolKit.bundle/Assets.car (in target 'TidepoolKit_TidepoolKit' from project 'TidepoolKit')[0m
Build	Fastlane Build & Archive	2026-07-20T11:38:53.1431800Z [11:38:53]: ▸ [35m::warning file=/Users/runner/work/Trio/Trio/Trio Watch App Extension/WatchLogger.swift,line=113,col=17::result of 'try?' is unused[0m
Build	Fastlane Build & Archive	2026-07-20T11:38:53.1537870Z [11:38:53]: ▸ [35m                try? handle.seekToEnd()[0m
Build	Fastlane Build & Archive	2026-07-20T11:38:53.1540200Z [11:38:53]: ▸ [35m                ^~~~~~~~~~~~~~~~~~~~~~~[0m
Build	Fastlane Build & Archive	2026-07-20T11:38:53.2452520Z [11:38:53]: ▸ [35m::warning file=/Users/runner/work/Trio/Trio/Trio Watch App Extension/WatchLogger.swift,line=113,col=17::result of 'try?' is unused[0m
Build	Fastlane Build & Archive	2026-07-20T11:38:53.2557740Z [11:38:53]: ▸ [35m                try? handle.seekToEnd()[0m
Build	Fastlane Build & Archive	2026-07-20T11:38:53.4054160Z [11:38:53]: ▸ [35m                ^~~~~~~~~~~~~~~~~~~~~~~[0m
Build	Fastlane Build & Archive	2026-07-20T11:38:53.4157410Z [11:38:53]: ▸ [35m[[36mTidepoolKit_TidepoolKit[0m] [1mProcessing[0m empty-TidepoolKit_TidepoolKit.plist[0m
Build	Fastlane Build & Archive	2026-07-20T11:39:21.9123180Z [11:39:21]: ▸ [35m[[36mTrio Watch App[0m] [1mCopy[0m arm64-apple-watchos.swiftmodule -> Trio_Watch_App.swiftmodule[0m
Build	Fastlane Build & Archive	2026-07-20T11:39:21.9197080Z [11:39:21]: ▸ [35m[[36mTrio Watch App[0m] [1mCopy[0m arm64-apple-watchos.swiftdoc -> Trio_Watch_App.swiftdoc[0m
Build	Fastlane Build & Archive	2026-07-20T11:39:21.9199310Z [11:39:21]: ▸ [35m[[36mTrio Watch App[0m] [1mCopy[0m arm64-apple-watchos.abi.json -> Trio_Watch_App.abi.json[0m
Build	Fastlane Build & Archive	2026-07-20T11:39:21.9202580Z [11:39:21]: ▸ [35m[[36mTrio Watch App[0m] [1mCopy[0m arm64_32-apple-watchos.swiftmodule -> Trio_Watch_App.swiftmodule[0m
Build	Fastlane Build & Archive	2026-07-20T11:39:21.9246380Z [11:39:21]: ▸ [35m[[36mTrio Watch App[0m] [1mCopy[0m arm64_32-apple-watchos.swiftdoc -> Trio_Watch_App.swiftdoc[0m
Build	Fastlane Build & Archive	2026-07-20T11:39:21.9260820Z [11:39:21]: ▸ [35m[[36mTrio Watch App[0m] [1mCopy[0m arm64_32-apple-watchos.abi.json -> Trio_Watch_App.abi.json[0m
Build	Fastlane Build & Archive	2026-07-20T11:39:21.9264510Z [11:39:21]: ▸ [35m[1mSigning[0m Trio\ Watch\ Complication\ Extension.appex (in target 'Trio Watch Complication Extension' from project 'Trio')[0m
Build	Fastlane Build & Archive	2026-07-20T11:39:21.9267480Z [11:39:21]: ▸ [35m[[36mSwinject[0m] [1mCopy[0m arm64-apple-ios.swiftmodule -> Swinject.swiftmodule[0m
Build	Fastlane Build & Archive	2026-07-20T11:39:21.9270360Z [11:39:21]: ▸ [35m[[36mSwinject[0m] [1mCopy[0m arm64-apple-ios.swiftdoc -> Swinject.swiftdoc[0m
Build	Fastlane Build & Archive	2026-07-20T11:39:21.9272510Z [11:39:21]: ▸ [35m[[36mSwinject[0m] [1mCopy[0m arm64-apple-ios.abi.json -> Swinject.abi.json[0m
Build	Fastlane Build & Archive	2026-07-20T11:39:21.9274730Z [11:39:21]: ▸ [35m[[36mSwiftMessages_SwiftMessages[0m] [1mCopying[0m warningIconSubtle@3x.png[0m
Build	Fastlane Build & Archive	2026-07-20T11:39:21.9278310Z [11:39:21]: ▸ [35m[[36mSwiftMessages_SwiftMessages[0m] [1mCopying[0m warningIconSubtle@2x.png[0m
Build	Fastlane Build & Archive	2026-07-20T11:39:21.9280600Z [11:39:21]: ▸ [35m[[36mSwiftMessages_SwiftMessages[0m] [1mCopying[0m warningIconSubtle.png[0m
Build	Fastlane Build & Archive	2026-07-20T11:39:21.9283260Z [11:39:21]: ▸ [35m[[36mSwiftMessages_SwiftMessages[0m] [1mCopying[0m warningIconLight@3x.png[0m
Build	Fastlane Build & Archive	2026-07-20T11:39:21.9285510Z [11:39:21]: ▸ [35m[[36mSwiftMessages_SwiftMessages[0m] [1mCopying[0m warningIconLight@2x.png[0m
Build	Fastlane Build & Archive	2026-07-20T11:39:21.9287870Z [11:39:21]: ▸ [35m[[36mSwiftMessages_SwiftMessages[0m] [1mCopying[0m warningIconLight.png[0m
Build	Fastlane Build & Archive	2026-07-20T11:39:21.9290310Z [11:39:21]: ▸ [35m[[36mSwiftMessages_SwiftMessages[0m] [1mCopying[0m warningIcon@3x.png[0m
Build	Fastlane Build & Archive	2026-07-20T11:39:21.9292980Z [11:39:21]: ▸ [35m[[36mSwiftMessages_SwiftMessages[0m] [1mCopying[0m warningIcon@2x.png[0m
Build	Fastlane Build & Archive	2026-07-20T11:39:21.9296110Z [11:39:21]: ▸ [35m[[36mSwiftMessages_SwiftMessages[0m] [1mCopying[0m warningIcon.png[0m
Build	Fastlane Build & Archive	2026-07-20T11:39:21.9298640Z [11:39:21]: ▸ [35m[[36mSwiftMessages_SwiftMessages[0m] [1mCopying[0m successIconSubtle@3x.png[0m
Build	Fastlane Build & Archive	2026-07-20T11:39:21.9301390Z [11:39:21]: ▸ [35m[[36mSwiftMessages_SwiftMessages[0m] [1mCopying[0m successIconSubtle@2x.png[0m
Build	Fastlane Build & Archive	2026-07-20T11:39:21.9303930Z [11:39:21]: ▸ [35m[[36mSwiftMessages_SwiftMessages[0m] [1mCopying[0m successIconSubtle.png[0m
Build	Fastlane Build & Archive	2026-07-20T11:39:21.9306240Z [11:39:21]: ▸ [35m[[36mSwiftMessages_SwiftMessages[0m] [1mCopying[0m successIconLight@3x.png[0m
Build	Fastlane Build & Archive	2026-07-20T11:39:21.9308550Z [11:39:21]: ▸ [35m[[36mSwiftMessages_SwiftMessages[0m] [1mCopying[0m successIconLight@2x.png[0m
Build	Fastlane Build & Archive	2026-07-20T11:39:21.9310830Z [11:39:21]: ▸ [35m[[36mSwiftMessages_SwiftMessages[0m] [1mCopying[0m successIconLight.png[0m
Build	Fastlane Build & Archive	2026-07-20T11:39:21.9313200Z [11:39:21]: ▸ [35m[[36mSwiftMessages_SwiftMessages[0m] [1mCopying[0m successIcon@3x.png[0m
Build	Fastlane Build & Archive	2026-07-20T11:39:21.9315410Z [11:39:21]: ▸ [35m[[36mSwiftMessages_SwiftMessages[0m] [1mCopying[0m successIcon@2x.png[0m
Build	Fastlane Build & Archive	2026-07-20T11:39:21.9317630Z [11:39:21]: ▸ [35m[[36mSwiftMessages_SwiftMessages[0m] [1mCopying[0m successIcon.png[0m
Build	Fastlane Build & Archive	2026-07-20T11:39:21.9320680Z [11:39:21]: ▸ [35m[[36mSwiftMessages_SwiftMessages[0m] [1mCopying[0m infoIconSubtle@3x.png[0m
Build	Fastlane Build & Archive	2026-07-20T11:39:21.9323710Z [11:39:21]: ▸ [35m[[36mSwiftMessages_SwiftMessages[0m] [1mCopying[0m infoIconSubtle@2x.png[0m
Build	Fastlane Build & Archive	2026-07-20T11:39:21.9325880Z [11:39:21]: ▸ [35m[[36mSwiftMessages_SwiftMessages[0m] [1mCopying[0m infoIconSubtle.png[0m
Build	Fastlane Build & Archive	2026-07-20T11:39:21.9327910Z [11:39:21]: ▸ [35m[[36mSwiftMessages_SwiftMessages[0m] [1mCopying[0m infoIconLight@3x.png[0m
Build	Fastlane Build & Archive	2026-07-20T11:39:21.9330080Z [11:39:21]: ▸ [35m[[36mSwiftMessages_SwiftMessages[0m] [1mCopying[0m infoIconLight@2x.png[0m
Build	Fastlane Build & Archive	2026-07-20T11:39:21.9332410Z [11:39:21]: ▸ [35m[[36mSwiftMessages_SwiftMessages[0m] [1mCopying[0m infoIconLight.png[0m
Build	Fastlane Build & Archive	2026-07-20T11:39:21.9334660Z [11:39:21]: ▸ [35m[[36mSwiftMessages_SwiftMessages[0m] [1mCopying[0m infoIcon@3x.png[0m
Build	Fastlane Build & Archive	2026-07-20T11:39:21.9338000Z [11:39:21]: ▸ [35m[[36mSwiftMessages_SwiftMessages[0m] [1mCopying[0m infoIcon@2x.png[0m
Build	Fastlane Build & Archive	2026-07-20T11:39:21.9343250Z [11:39:21]: ▸ [35m[[36mSwiftMessages_SwiftMessages[0m] [1mCopying[0m infoIcon.png[0m
Build	Fastlane Build & Archive	2026-07-20T11:39:21.9345130Z [11:39:21]: ▸ [35m[[36mSwiftMessages_SwiftMessages[0m] [1mCopying[0m errorIconSubtle@3x.png[0m
Build	Fastlane Build & Archive	2026-07-20T11:39:21.9348690Z [11:39:21]: ▸ [35m[[36mSwiftMessages_SwiftMessages[0m] [1mCopying[0m errorIconSubtle@2x.png[0m
Build	Fastlane Build & Archive	2026-07-20T11:39:21.9350240Z [11:39:21]: ▸ [35m[[36mSwiftMessages_SwiftMessages[0m] [1mCopying[0m errorIconSubtle.png[0m
Build	Fastlane Build & Archive	2026-07-20T11:39:21.9351540Z [11:39:21]: ▸ [35m[[36mSwiftMessages_SwiftMessages[0m] [1mCopying[0m errorIconLight@3x.png[0m
Build	Fastlane Build & Archive	2026-07-20T11:39:21.9354190Z [11:39:21]: ▸ [35m[[36mSwiftMessages_SwiftMessages[0m] [1mCopying[0m errorIconLight@2x.png[0m
Build	Fastlane Build & Archive	2026-07-20T11:39:21.9358020Z [11:39:21]: ▸ [35m[[36mSwiftMessages_SwiftMessages[0m] [1mCopying[0m errorIconLight.png[0m
Build	Fastlane Build & Archive	2026-07-20T11:39:21.9359910Z [11:39:21]: ▸ [35m[[36mSwiftMessages_SwiftMessages[0m] [1mCopying[0m errorIcon@3x.png[0m
Build	Fastlane Build & Archive	2026-07-20T11:39:21.9361180Z [11:39:21]: ▸ [35m[[36mSwiftMessages_SwiftMessages[0m] [1mCopying[0m errorIcon@2x.png[0m
Build	Fastlane Build & Archive	2026-07-20T11:39:21.9362690Z [11:39:21]: ▸ [35m[[36mSwiftMessages_SwiftMessages[0m] [1mCopying[0m errorIcon.png[0m
Build	Fastlane Build & Archive	2026-07-20T11:39:21.9365400Z [11:39:21]: ▸ [35m[[36mSwiftMessages_SwiftMessages[0m] [1mCompiling[0m TabView.xib[0m
Build	Fastlane Build & Archive	2026-07-20T11:39:21.9367120Z [11:39:21]: ▸ [35m[[36mSwiftMessages_SwiftMessages[0m] [1mCompiling[0m StatusLine.xib[0m
Build	Fastlane Build & Archive	2026-07-20T11:39:21.9369750Z [11:39:21]: ▸ [35m[[36mSwiftMessages_SwiftMessages[0m] [1mCompiling[0m MessageView.xib[0m
Build	Fastlane Build & Archive	2026-07-20T11:39:21.9373620Z [11:39:21]: ▸ [35m[[36mSwiftMessages_SwiftMessages[0m] [1mCompiling[0m CenteredView.xib[0m
Build	Fastlane Build & Archive	2026-07-20T11:39:21.9376350Z [11:39:21]: ▸ [35m[[36mSwiftMessages_SwiftMessages[0m] [1mCompiling[0m CardView.xib[0m
Build	Fastlane Build & Archive	2026-07-20T11:39:21.9378360Z [11:39:21]: ▸ [35m[[36mSwiftDate_SwiftDate[0m] [1mProcessing[0m empty-SwiftDate_SwiftDate.plist[0m
Build	Fastlane Build & Archive	2026-07-20T11:39:21.9381970Z [11:39:21]: ▸ [35m[[36mSwiftDate_SwiftDate[0m] [1mCopying[0m langs[0m
Build	Fastlane Build & Archive	2026-07-20T11:39:21.9384060Z [11:39:21]: ▸ [35m[[36mSwiftMessages[0m] [1mCopy[0m arm64-apple-ios.swiftmodule -> SwiftMessages.swiftmodule[0m
Build	Fastlane Build & Archive	2026-07-20T11:39:21.9390030Z [11:39:21]: ▸ [35m[[36mSwiftMessages[0m] [1mCopy[0m arm64-apple-ios.swiftdoc -> SwiftMessages.swiftdoc[0m
Build	Fastlane Build & Archive	2026-07-20T11:39:21.9392520Z [11:39:21]: ▸ [35m[[36mSwiftMessages[0m] [1mCopy[0m arm64-apple-ios.abi.json -> SwiftMessages.abi.json[0m
Build	Fastlane Build & Archive	2026-07-20T11:39:21.9395450Z [11:39:21]: ▸ [35m[[36mSwiftMessages_SwiftMessages[0m] [1mProcessing[0m empty-SwiftMessages_SwiftMessages.plist[0m
Build	Fastlane Build & Archive	2026-07-20T11:39:21.9399000Z [11:39:21]: ▸ [35m[[36mTrio Watch Complication Extension[0m] [1mRegisterExecutionPolicyException[0m Trio\ Watch\ Complication\ Extension.appex[0m
Build	Fastlane Build & Archive	2026-07-20T11:39:21.9401600Z [11:39:21]: ▸ [35m[[36mSwinject[0m] [1mLinking[0m Swinject.o[0m
Build	Fastlane Build & Archive	2026-07-20T11:39:21.9404890Z [11:39:21]: ▸ [35m[[36mTrio Watch Complication Extension[0m] [1mTouching[0m Trio\ Watch\ Complication\ Extension.appex[0m
Build	Fastlane Build & Archive	2026-07-20T11:39:21.9508940Z [11:39:21]: ▸ [35m[[36mTrio Watch App[0m] [1mLinking[0m Trio\ Watch\ App[0m
Build	Fastlane Build & Archive	2026-07-20T11:39:21.9613030Z [11:39:21]: ▸ [35m[[36mTrio Watch App[0m] [1mLinking[0m Trio\ Watch\ App[0m
Build	Fastlane Build & Archive	2026-07-20T11:39:21.9717810Z [11:39:21]: ▸ [35m[[36mTrio Watch App[0m] [1mCompile XCStrings[0m Localizable.xcstrings[0m
Build	Fastlane Build & Archive	2026-07-20T11:39:21.9823780Z [11:39:21]: ▸ [35m[[36mTrio Watch App[0m] [1mCreate Universal Binary[0m Trio\ Watch\ App[0m
Build	Fastlane Build & Archive	2026-07-20T11:39:21.9964050Z [11:39:21]: ▸ [35m[[36mSwinject[0m] [1mExtract App Intents Metadata[0m
Build	Fastlane Build & Archive	2026-07-20T11:39:22.0066180Z [11:39:21]: ▸ [35m[[36mTidepoolKit_TidepoolKit[0m] [1mRegisterExecutionPolicyException[0m TidepoolKit_TidepoolKit.bundle[0m
Build	Fastlane Build & Archive	2026-07-20T11:39:22.0169810Z [11:39:21]: ▸ [35m[[36mTidepoolKit_TidepoolKit[0m] [1mTouching[0m TidepoolKit_TidepoolKit.bundle[0m
Build	Fastlane Build & Archive	2026-07-20T11:39:22.0174060Z [11:39:21]: ▸ [35m[[36mSwinject[0m] [1mRegisterExecutionPolicyException[0m Swinject.o[0m
Build	Fastlane Build & Archive	2026-07-20T11:39:22.0228930Z [11:39:21]: ▸ [35m[[36mSwiftMessages_SwiftMessages[0m] [1mRegisterExecutionPolicyException[0m SwiftMessages_SwiftMessages.bundle[0m
Build	Fastlane Build & Archive	2026-07-20T11:39:22.0233310Z [11:39:21]: ▸ [35m[[36mSwiftMessages_SwiftMessages[0m] [1mTouching[0m SwiftMessages_SwiftMessages.bundle[0m
Build	Fastlane Build & Archive	2026-07-20T11:39:22.0247900Z [11:39:21]: ▸ [35m[[36mSwiftMessages[0m] [1mLinking[0m SwiftMessages.o[0m
Build	Fastlane Build & Archive	2026-07-20T11:39:22.0350300Z [11:39:21]: ▸ [35m[[36mSwiftMessages[0m] [1mExtract App Intents Metadata[0m
Build	Fastlane Build & Archive	2026-07-20T11:39:22.0455010Z [11:39:21]: ▸ [35m[[36mSwiftMessages[0m] [1mRegisterExecutionPolicyException[0m SwiftMessages.o[0m
Build	Fastlane Build & Archive	2026-07-20T11:39:22.0558370Z [11:39:21]: ▸ [35m[[36mSwiftDate_SwiftDate[0m] [1mRegisterExecutionPolicyException[0m SwiftDate_SwiftDate.bundle[0m
Build	Fastlane Build & Archive	2026-07-20T11:39:25.3364770Z [11:39:25]: ▸ [35m[[36mTrio Watch App[0m] [1mCopying[0m Localizable.strings[0m
Build	Fastlane Build & Archive	2026-07-20T11:39:25.3432550Z [11:39:25]: ▸ [35m[[36mTrio Watch App[0m] [1mCopying[0m Localizable.strings[0m
Build	Fastlane Build & Archive	2026-07-20T11:39:25.3434450Z [11:39:25]: ▸ [35m[[36mTrio Watch App[0m] [1mCopying[0m Localizable.strings[0m
Build	Fastlane Build & Archive	2026-07-20T11:39:25.3437100Z [11:39:25]: ▸ [35m[[36mTrio Watch App[0m] [1mCopying[0m Localizable.strings[0m
Build	Fastlane Build & Archive	2026-07-20T11:39:25.3487310Z [11:39:25]: ▸ [35m[[36mTrio Watch App[0m] [1mCopying[0m Localizable.strings[0m
Build	Fastlane Build & Archive	2026-07-20T11:39:25.3493290Z [11:39:25]: ▸ [35m[[36mTrio Watch App[0m] [1mCopying[0m Localizable.strings[0m
Build	Fastlane Build & Archive	2026-07-20T11:39:25.3496930Z [11:39:25]: ▸ [35m[[36mTrio Watch App[0m] [1mCopying[0m Localizable.strings[0m
Build	Fastlane Build & Archive	2026-07-20T11:39:25.3500080Z [11:39:25]: ▸ [35m[[36mTrio Watch App[0m] [1mCopying[0m Localizable.strings[0m
Build	Fastlane Build & Archive	2026-07-20T11:39:25.3503030Z [11:39:25]: ▸ [35m[[36mTrio Watch App[0m] [1mCopying[0m Localizable.strings[0m
Build	Fastlane Build & Archive	2026-07-20T11:39:25.3503850Z [11:39:25]: ▸ [35m[[36mTrio Watch App[0m] [1mCopying[0m Localizable.strings[0m
Build	Fastlane Build & Archive	2026-07-20T11:39:25.3505750Z [11:39:25]: ▸ [35m[[36mTrio Watch App[0m] [1mCopying[0m Localizable.strings[0m
Build	Fastlane Build & Archive	2026-07-20T11:39:25.3506550Z [11:39:25]: ▸ [35m[[36mTrio Watch App[0m] [1mCopying[0m Localizable.strings[0m
Build	Fastlane Build & Archive	2026-07-20T11:39:25.3507250Z [11:39:25]: ▸ [35m[[36mTrio Watch App[0m] [1mCopying[0m Localizable.strings[0m
Build	Fastlane Build & Archive	2026-07-20T11:39:25.3507940Z [11:39:25]: ▸ [35m[[36mTrio Watch App[0m] [1mCopying[0m Localizable.strings[0m
Build	Fastlane Build & Archive	2026-07-20T11:39:25.3509560Z [11:39:25]: ▸ [35m[[36mTrio Watch App[0m] [1mCopying[0m Localizable.strings[0m
Build	Fastlane Build & Archive	2026-07-20T11:39:25.3510260Z [11:39:25]: ▸ [35m[[36mTrio Watch App[0m] [1mCopying[0m Localizable.strings[0m
Build	Fastlane Build & Archive	2026-07-20T11:39:25.3511540Z [11:39:25]: ▸ [35m[[36mTrio Watch App[0m] [1mCopying[0m Localizable.strings[0m
Build	Fastlane Build & Archive	2026-07-20T11:39:25.3513090Z [11:39:25]: ▸ [35m[[36mTrio Watch App[0m] [1mCopying[0m Localizable.strings[0m
Build	Fastlane Build & Archive	2026-07-20T11:39:25.3514400Z [11:39:25]: ▸ [35m[[36mTrio Watch App[0m] [1mCopying[0m Localizable.strings[0m
Build	Fastlane Build & Archive	2026-07-20T11:39:25.3515090Z [11:39:25]: ▸ [35m[[36mTrio Watch App[0m] [1mCopying[0m Localizable.strings[0m
Build	Fastlane Build & Archive	2026-07-20T11:39:25.3515770Z [11:39:25]: ▸ [35m[[36mTrio Watch App[0m] [1mCopying[0m Localizable.strings[0m
Build	Fastlane Build & Archive	2026-07-20T11:39:25.3518000Z [11:39:25]: ▸ [35m[[36mTrio Watch App[0m] [1mCopy[0m Trio\ Watch\ Complication\ Extension.appex -> Trio\ Watch\ Complication\ Extension.appex[0m
Build	Fastlane Build & Archive	2026-07-20T11:39:25.3518950Z [11:39:25]: ▸ [35m[[36mTrio Watch App[0m] [1mProcessing[0m empty-Trio\ Watch\ App.plist[0m
Build	Fastlane Build & Archive	2026-07-20T11:39:37.5247120Z [11:39:37]: ▸ [35m[[36mTrio Watch App[0m] [1mGenerating[0m Trio\ Watch\ App.app.dSYM[0m
Build	Fastlane Build & Archive	2026-07-20T11:39:37.5385200Z [11:39:37]: ▸ [35m[[36mTrio Watch App[0m] [1mExtract App Intents Metadata[0m
Build	Fastlane Build & Archive	2026-07-20T11:39:37.5488500Z [11:39:37]: ▸ [35m[[36mTidepoolKit[0m] [1mCopy[0m arm64-apple-ios.swiftmodule -> TidepoolKit.swiftmodule[0m
Build	Fastlane Build & Archive	2026-07-20T11:39:37.5526750Z [11:39:37]: ▸ [35m[[36mTidepoolKit[0m] [1mCopy[0m arm64-apple-ios.swiftdoc -> TidepoolKit.swiftdoc[0m
Build	Fastlane Build & Archive	2026-07-20T11:39:37.5628870Z [11:39:37]: ▸ [35m[[36mTidepoolKit[0m] [1mCopy[0m arm64-apple-ios.abi.json -> TidepoolKit.abi.json[0m
Build	Fastlane Build & Archive	2026-07-20T11:39:37.5735240Z [11:39:37]: ▸ [35m[[36mSwiftDate[0m] [1mCopy[0m arm64-apple-ios.swiftmodule -> SwiftDate.swiftmodule[0m
Build	Fastlane Build & Archive	2026-07-20T11:39:37.5843740Z [11:39:37]: ▸ [35m[[36mSwiftDate[0m] [1mCopy[0m arm64-apple-ios.swiftdoc -> SwiftDate.swiftdoc[0m
Build	Fastlane Build & Archive	2026-07-20T11:39:37.5950960Z [11:39:37]: ▸ [35m[[36mSwiftDate[0m] [1mCopy[0m arm64-apple-ios.abi.json -> SwiftDate.abi.json[0m
Build	Fastlane Build & Archive	2026-07-20T11:39:37.6055090Z [11:39:37]: ▸ [35m[[36mSlideButton[0m] [1mCopy[0m arm64-apple-ios.swiftmodule -> SlideButton.swiftmodule[0m
Build	Fastlane Build & Archive	2026-07-20T11:39:37.6157900Z [11:39:37]: ▸ [35m[[36mSlideButton[0m] [1mCopy[0m arm64-apple-ios.swiftdoc -> SlideButton.swiftdoc[0m
Build	Fastlane Build & Archive	2026-07-20T11:39:37.6261260Z [11:39:37]: ▸ [35m[[36mSlideButton[0m] [1mCopy[0m arm64-apple-ios.abi.json -> SlideButton.abi.json[0m
Build	Fastlane Build & Archive	2026-07-20T11:39:37.6365610Z [11:39:37]: ▸ [35m[[36mRealModule[0m] [1mCopy[0m arm64-apple-ios.swiftmodule -> RealModule.swiftmodule[0m
Build	Fastlane Build & Archive	2026-07-20T11:39:37.6470290Z [11:39:37]: ▸ [35m[[36mRealModule[0m] [1mCopy[0m arm64-apple-ios.swiftdoc -> RealModule.swiftdoc[0m
Build	Fastlane Build & Archive	2026-07-20T11:39:37.6573320Z [11:39:37]: ▸ [35m[[36mRealModule[0m] [1mCopy[0m arm64-apple-ios.abi.json -> RealModule.abi.json[0m
Build	Fastlane Build & Archive	2026-07-20T11:39:37.6676480Z [11:39:37]: ▸ [35m[[36mSwiftDate_SwiftDate[0m] [1mTouching[0m SwiftDate_SwiftDate.bundle[0m
Build	Fastlane Build & Archive	2026-07-20T11:39:37.6696020Z [11:39:37]: ▸ [35m[[36mMKRingProgressView[0m] [1mCopy[0m arm64-apple-ios.swiftmodule -> MKRingProgressView.swiftmodule[0m
Build	Fastlane Build & Archive	2026-07-20T11:39:37.6701540Z [11:39:37]: ▸ [35m[[36mMKRingProgressView[0m] [1mCopy[0m arm64-apple-ios.swiftdoc -> MKRingProgressView.swiftdoc[0m
Build	Fastlane Build & Archive	2026-07-20T11:39:37.6702530Z [11:39:37]: ▸ [35m[[36mMKRingProgressView[0m] [1mCopy[0m arm64-apple-ios.abi.json -> MKRingProgressView.abi.json[0m
Build	Fastlane Build & Archive	2026-07-20T11:39:37.6703550Z [11:39:37]: ▸ [35m[[36mPromises_Promises[0m] [1mProcessing[0m empty-Promises_Promises.plist[0m
Build	Fastlane Build & Archive	2026-07-20T11:39:37.6704910Z [11:39:37]: ▸ [35m[[36mPromises_Promises[0m] [1mCopying[0m PrivacyInfo.xcprivacy[0m
Build	Fastlane Build & Archive	2026-07-20T11:39:37.6705660Z [11:39:37]: ▸ [35m[[36mPromises_FBLPromises[0m] [1mProcessing[0m empty-Promises_FBLPromises.plist[0m
Build	Fastlane Build & Archive	2026-07-20T11:39:37.6707410Z [11:39:37]: ▸ [35m[[36mPromises_FBLPromises[0m] [1mCopying[0m PrivacyInfo.xcprivacy[0m
Build	Fastlane Build & Archive	2026-07-20T11:39:37.6730460Z [11:39:37]: ▸ [35m[[36mLoopKit-watchOS[0m] [1mProcessing[0m Info.plist[0m
Build	Fastlane Build & Archive	2026-07-20T11:39:37.6732520Z [11:39:37]: ▸ [35m[[36mLoopKit[0m] [1mProcessing[0m Info.plist[0m
Build	Fastlane Build & Archive	2026-07-20T11:39:37.6780370Z [11:39:37]: ▸ [35m[[36mTidepoolKit[0m] [1mLinking[0m TidepoolKit.o[0m
Build	Fastlane Build & Archive	2026-07-20T11:39:37.6782090Z [11:39:37]: ▸ [35m[[36mSlideButton[0m] [1mLinking[0m SlideButton.o[0m
Build	Fastlane Build & Archive	2026-07-20T11:39:37.6815970Z [11:39:37]: ▸ [35m[[36mTidepoolKit[0m] [1mExtract App Intents Metadata[0m
Build	Fastlane Build & Archive	2026-07-20T11:39:37.6816910Z [11:39:37]: ▸ [35m[[36mPromises[0m] [1mCopy[0m arm64-apple-ios.swiftmodule -> Promises.swiftmodule[0m
Build	Fastlane Build & Archive	2026-07-20T11:39:37.6849490Z [11:39:37]: ▸ [35m[[36mPromises[0m] [1mCopy[0m arm64-apple-ios.swiftdoc -> Promises.swiftdoc[0m
Build	Fastlane Build & Archive	2026-07-20T11:39:37.6882710Z [11:39:37]: ▸ [35m[[36mPromises[0m] [1mCopy[0m arm64-apple-ios.abi.json -> Promises.abi.json[0m
Build	Fastlane Build & Archive	2026-07-20T11:39:37.6889290Z [11:39:37]: ▸ [35m[[36mSwiftDate[0m] [1mLinking[0m SwiftDate.o[0m
Build	Fastlane Build & Archive	2026-07-20T11:39:37.6897400Z [11:39:37]: ▸ [35m[[36mSwiftDate[0m] [1mExtract App Intents Metadata[0m
Build	Fastlane Build & Archive	2026-07-20T11:39:37.6898390Z [11:39:37]: ▸ [35m[[36mSlideButton[0m] [1mExtract App Intents Metadata[0m
Build	Fastlane Build & Archive	2026-07-20T11:39:37.6904300Z [11:39:37]: ▸ [35m[1mSigning[0m Trio\ Watch\ App.app (in target 'Trio Watch App' from project 'Trio')[0m
Build	Fastlane Build & Archive	2026-07-20T11:39:37.6906730Z [11:39:37]: ▸ [35m[[36mRealModule[0m] [1mLinking[0m RealModule.o[0m
Build	Fastlane Build & Archive	2026-07-20T11:39:37.7020440Z [11:39:37]: ▸ [35m[[36mRealModule[0m] [1mExtract App Intents Metadata[0m
Build	Fastlane Build & Archive	2026-07-20T11:39:37.7122680Z [11:39:37]: ▸ [35m[[36mTrio Watch App[0m] [1mValidate Embedded Binary[0m Trio\ Watch\ Complication\ Extension.appex[0m
Build	Fastlane Build & Archive	2026-07-20T11:39:37.7225320Z [11:39:37]: ▸ [35m[[36mTidepoolKit[0m] [1mRegisterExecutionPolicyException[0m TidepoolKit.o[0m
Build	Fastlane Build & Archive	2026-07-20T11:39:37.7327050Z [11:39:37]: ▸ [35m[[36mTrio Watch App[0m] [1mRegisterExecutionPolicyException[0m Trio\ Watch\ App.app[0m
Build	Fastlane Build & Archive	2026-07-20T11:39:37.7430200Z [11:39:37]: ▸ [35m[[36mTrio Watch App[0m] [1mValidate[0m Trio\ Watch\ App.app[0m
Build	Fastlane Build & Archive	2026-07-20T11:39:37.7533980Z [11:39:37]: ▸ [35m[[36mTrio Watch App[0m] [1mTouching[0m Trio\ Watch\ App.app[0m
Build	Fastlane Build & Archive	2026-07-20T11:39:37.7551680Z [11:39:37]: ▸ [35m[[36mSwiftDate[0m] [1mRegisterExecutionPolicyException[0m SwiftDate.o[0m
Build	Fastlane Build & Archive	2026-07-20T11:39:37.7586790Z [11:39:37]: ▸ [35m[[36mSlideButton[0m] [1mRegisterExecutionPolicyException[0m SlideButton.o[0m
Build	Fastlane Build & Archive	2026-07-20T11:39:37.7692800Z [11:39:37]: ▸ [35m[[36mSlideButton[0m] [1mProcessing[0m empty-SlideButton_1E408AF8C9CA7A78_PackageProduct.plist[0m
Build	Fastlane Build & Archive	2026-07-20T11:39:37.7704520Z [11:39:37]: ▸ [35m[[36mSlideButton[0m] [1mLinking[0m SlideButton_1E408AF8C9CA7A78_PackageProduct[0m
Build	Fastlane Build & Archive	2026-07-20T11:39:37.7746160Z [11:39:37]: ▸ [35m[[36mSlideButton[0m] [1mGenerating[0m SlideButton_1E408AF8C9CA7A78_PackageProduct.framework.dSYM[0m
Build	Fastlane Build & Archive	2026-07-20T11:39:37.7747240Z [11:39:37]: ▸ [35m[[36mRealModule[0m] [1mRegisterExecutionPolicyException[0m RealModule.o[0m
Build	Fastlane Build & Archive	2026-07-20T11:39:37.7748490Z [11:39:37]: ▸ [35m[[36mMKRingProgressView[0m] [1mLinking[0m MKRingProgressView.o[0m
Build	Fastlane Build & Archive	2026-07-20T11:39:37.7749630Z [11:39:37]: ▸ [35m[[36mSlideButton[0m] [1mRegisterExecutionPolicyException[0m SlideButton_1E408AF8C9CA7A78_PackageProduct.framework[0m
Build	Fastlane Build & Archive	2026-07-20T11:39:37.7750560Z [11:39:37]: ▸ [35m[[36mMKRingProgressView[0m] [1mExtract App Intents Metadata[0m
Build	Fastlane Build & Archive	2026-07-20T11:39:37.7751880Z [11:39:37]: ▸ [35m[[36mSlideButton[0m] [1mTouching[0m SlideButton_1E408AF8C9CA7A78_PackageProduct.framework[0m
Build	Fastlane Build & Archive	2026-07-20T11:39:37.7752820Z [11:39:37]: ▸ [35m[[36mPromises_Promises[0m] [1mRegisterExecutionPolicyException[0m Promises_Promises.bundle[0m
Build	Fastlane Build & Archive	2026-07-20T11:39:37.7856890Z [11:39:37]: ▸ [35m[[36mPromises_Promises[0m] [1mTouching[0m Promises_Promises.bundle[0m
Build	Fastlane Build & Archive	2026-07-20T11:39:37.7960930Z [11:39:37]: ▸ [35m[[36mPromises_FBLPromises[0m] [1mRegisterExecutionPolicyException[0m Promises_FBLPromises.bundle[0m
Build	Fastlane Build & Archive	2026-07-20T11:39:37.8062830Z [11:39:37]: ▸ [35m[[36mPromises_FBLPromises[0m] [1mTouching[0m Promises_FBLPromises.bundle[0m
Build	Fastlane Build & Archive	2026-07-20T11:40:20.9231390Z [11:40:20]: ▸ [35m::warning file=/Users/runner/work/Trio/Trio/LoopKit/LoopKit/GlucoseKit/HKDevice+Encodable.swift,line=12,col=1::extension declares a conformance of imported type 'HKDevice' to imported protocol 'Encodable'; this will not behave correctly if the owners of 'HealthKit' introduce this conformance in the future[0m
Build	Fastlane Build & Archive	2026-07-20T11:40:20.9335910Z [11:40:20]: ▸ [35mextension HKDevice: Encodable {[0m
Build	Fastlane Build & Archive	2026-07-20T11:40:20.9436930Z [11:40:20]: ▸ [35m^[0m
Build	Fastlane Build & Archive	2026-07-20T11:40:20.9443780Z [11:40:20]: ▸ [35m::warning file=/Users/runner/work/Trio/Trio/LoopKit/LoopKit/HealthKitSampleStore.swift,line=27,col=1::sendability of function types in instance method 'save(_:withCompletion:)' does not match requirement in protocol 'HKHealthStoreProtocol'; this is an error in the Swift 6 language mode[0m
Build	Fastlane Build & Archive	2026-07-20T11:40:20.9557950Z [11:40:20]: ▸ [35mextension HKHealthStore: HKHealthStoreProtocol {[0m
Build	Fastlane Build & Archive	2026-07-20T11:40:20.9558650Z [11:40:20]: ▸ [35m^[0m
Build	Fastlane Build & Archive	2026-07-20T11:40:20.9659670Z [11:40:20]: ▸ [35m::warning file=/Users/runner/work/Trio/Trio/LoopKit/LoopKit/HealthKitSampleStore.swift,line=27,col=1::sendability of function types in instance method 'save(_:withCompletion:)' does not match requirement in protocol 'HKHealthStoreProtocol'; this is an error in the Swift 6 language mode[0m
Build	Fastlane Build & Archive	2026-07-20T11:40:20.9760030Z [11:40:20]: ▸ [35mextension HKHealthStore: HKHealthStoreProtocol {[0m
Build	Fastlane Build & Archive	2026-07-20T11:40:20.9861860Z [11:40:20]: ▸ [35m^[0m
Build	Fastlane Build & Archive	2026-07-20T11:40:20.9966400Z [11:40:20]: ▸ [35m::warning file=/Users/runner/work/Trio/Trio/LoopKit/LoopKit/HealthKitSampleStore.swift,line=27,col=1::sendability of function types in instance method 'deleteObjects(of:predicate:withCompletion:)' does not match requirement in protocol 'HKHealthStoreProtocol'; this is an error in the Swift 6 language mode[0m
Build	Fastlane Build & Archive	2026-07-20T11:40:21.0064040Z [11:40:20]: ▸ [35mextension HKHealthStore: HKHealthStoreProtocol {[0m
Build	Fastlane Build & Archive	2026-07-20T11:40:21.0165530Z [11:40:20]: ▸ [35m^[0m
Build	Fastlane Build & Archive	2026-07-20T11:40:21.0268030Z [11:40:20]: ▸ [35m::warning file=/Users/runner/work/Trio/Trio/LoopKit/LoopKit/InsulinKit/InsulinDeliveryStore.swift,line=289,col=17::capture of 'self' with non-Sendable type 'InsulinDeliveryStore' in a '@Sendable' closure[0m
Build	Fastlane Build & Archive	2026-07-20T11:40:21.0372010Z [11:40:20]: ▸ [35m                self.cacheStore.managedObjectContext.performAndWait {[0m
Build	Fastlane Build & Archive	2026-07-20T11:40:21.0473890Z [11:40:20]: ▸ [35m                ^[0m
Build	Fastlane Build & Archive	2026-07-20T11:40:21.0476360Z [11:40:20]: ▸ [35m::warning file=/Users/runner/work/Trio/Trio/LoopKit/LoopKit/InsulinKit/InsulinDeliveryStore.swift,line=327,col=17::capture of 'self' with non-Sendable type 'InsulinDeliveryStore' in a '@Sendable' closure[0m
Build	Fastlane Build & Archive	2026-07-20T11:40:21.0480450Z [11:40:20]: ▸ [35m                self.cacheStore.managedObjectContext.performAndWait {[0m
Build	Fastlane Build & Archive	2026-07-20T11:40:21.0481080Z [11:40:20]: ▸ [35m                ^[0m
Build	Fastlane Build & Archive	2026-07-20T11:40:21.0485360Z [11:40:20]: ▸ [35m::warning file=/Users/runner/work/Trio/Trio/LoopKit/LoopKit/InsulinKit/InsulinDeliveryStore.swift,line=524,col=17::capture of 'self' with non-Sendable type 'InsulinDeliveryStore' in a '@Sendable' closure[0m
Build	Fastlane Build & Archive	2026-07-20T11:40:21.0488270Z [11:40:20]: ▸ [35m                self.cacheStore.managedObjectContext.performAndWait {[0m
Build	Fastlane Build & Archive	2026-07-20T11:40:21.0489560Z [11:40:20]: ▸ [35m                ^[0m
Build	Fastlane Build & Archive	2026-07-20T11:40:21.0492130Z [11:40:20]: ▸ [35m::warning file=/Users/runner/work/Trio/Trio/LoopKit/LoopKit/InsulinKit/InsulinDeliveryStore.swift,line=532,col=145::capture of 'entries' with non-Sendable type '[DoseEntry]' in a '@Sendable' closure[0m
Build	Fastlane Build & Archive	2026-07-20T11:40:21.0496800Z [11:40:20]: ▸ [35m                            request.predicate = NSCompoundPredicate(andPredicateWithSubpredicates: [NSPredicate(format: "syncIdentifier IN %@", entries.map { $0.syncIdentifier })])[0m
Build	Fastlane Build & Archive	2026-07-20T11:40:21.0499910Z [11:40:20]: ▸ [35m                                                                                                                                                ^[0m
Build	Fastlane Build & Archive	2026-07-20T11:40:21.0502310Z [11:40:20]: ▸ [35m::warning file=/Users/runner/work/Trio/Trio/LoopKit/LoopKit/Extensions/Double.swift,line=11,col=1::extension declares a conformance of imported type 'Double' to imported protocol 'RawRepresentable'; this will not behave correctly if the owners of 'Swift' introduce this conformance in the future[0m
Build	Fastlane Build & Archive	2026-07-20T11:40:21.0503610Z [11:40:20]: ▸ [35mextension Double: RawRepresentable {[0m
Build	Fastlane Build & Archive	2026-07-20T11:40:21.0504090Z [11:40:20]: ▸ [35m^[0m
Build	Fastlane Build & Archive	2026-07-20T11:40:21.0505060Z [11:40:20]: ▸ [35m::warning file=/Users/runner/work/Trio/Trio/LoopKit/LoopKit/DeviceManager/DeviceLog/PersistentDeviceLog.swift,line=15,col=7::class 'PersistentContainer' must restate inherited '@unchecked Sendable' conformance[0m
Build	Fastlane Build & Archive	2026-07-20T11:40:21.0506310Z [11:40:20]: ▸ [35mclass PersistentContainer: NSPersistentContainer { }[0m
Build	Fastlane Build & Archive	2026-07-20T11:40:21.0507200Z [11:40:20]: ▸ [35m      ^[0m
Build	Fastlane Build & Archive	2026-07-20T11:40:21.0508060Z [11:40:20]: ▸ [35m::warning file=/Users/runner/work/Trio/Trio/LoopKit/LoopKit/CarbKit/CarbStore.swift,line=768,col=39::capture of 'self' with non-Sendable type 'CarbStore' in a '@Sendable' closure[0m
Build	Fastlane Build & Archive	2026-07-20T11:40:21.0509190Z [11:40:20]: ▸ [35m                    let entries = try self.cacheStore.managedObjectContext.fetch(request).compactMap { StoredCarbEntry(managedObject: $0) }[0m
Build	Fastlane Build & Archive	2026-07-20T11:40:21.0509890Z [11:40:20]: ▸ [35m                                      ^[0m
Build	Fastlane Build & Archive	2026-07-20T11:40:21.0510800Z [11:40:20]: ▸ [35m::warning file=/Users/runner/work/Trio/Trio/LoopKit/LoopKit/GlucoseKit/GlucoseStore.swift,line=268,col=30::capture of 'self' with non-Sendable type 'GlucoseStore' in a '@Sendable' closure[0m
Build	Fastlane Build & Archive	2026-07-20T11:40:21.0512820Z [11:40:20]: ▸ [35m                let result = self.getGlucoseSamples(start: start, end: end)[0m
Build	Fastlane Build & Archive	2026-07-20T11:40:21.0513730Z [11:40:20]: ▸ [35m                             ^[0m
Build	Fastlane Build & Archive	2026-07-20T11:40:21.0514990Z [11:40:20]: ▸ [35m::warning file=/Users/runner/work/Trio/Trio/LoopKit/LoopKit/Extensions/HKQuantity.swift,line=13,col=1::extension declares a conformance of imported type 'HKQuantity' to imported protocol 'Comparable'; this will not behave correctly if the owners of 'HealthKit' introduce this conformance in the future[0m
Build	Fastlane Build & Archive	2026-07-20T11:40:21.0516160Z [11:40:20]: ▸ [35mextension HKQuantity: Comparable { }[0m
Build	Fastlane Build & Archive	2026-07-20T11:40:21.0516560Z [11:40:20]: ▸ [35m^[0m
Build	Fastlane Build & Archive	2026-07-20T11:40:21.1137000Z [11:40:21]: ▸ [35m[[36mSwiftCharts[0m] [1mCopy[0m arm64-apple-ios.swiftmodule -> SwiftCharts.swiftmodule[0m
Build	Fastlane Build & Archive	2026-07-20T11:40:21.1310380Z [11:40:21]: ▸ [35m[[36mSwiftCharts[0m] [1mCopy[0m arm64-apple-ios.swiftdoc -> SwiftCharts.swiftdoc[0m
Build	Fastlane Build & Archive	2026-07-20T11:40:21.1311290Z [11:40:21]: ▸ [35m[[36mSwiftCharts[0m] [1mCopy[0m arm64-apple-ios.abi.json -> SwiftCharts.abi.json[0m
Build	Fastlane Build & Archive	2026-07-20T11:40:26.0886970Z [11:40:26]: ▸ [35m::warning file=/Users/runner/work/Trio/Trio/LoopKit/LoopKit/GlucoseKit/HKDevice+Encodable.swift,line=12,col=1::extension declares a conformance of imported type 'HKDevice' to imported protocol 'Encodable'; this will not behave correctly if the owners of 'HealthKit' introduce this conformance in the future[0m
Build	Fastlane Build & Archive	2026-07-20T11:40:26.0990650Z [11:40:26]: ▸ [35mextension HKDevice: Encodable {[0m
Build	Fastlane Build & Archive	2026-07-20T11:40:26.1092800Z [11:40:26]: ▸ [35m^[0m
Build	Fastlane Build & Archive	2026-07-20T11:40:26.1169150Z [11:40:26]: ▸ [35m::warning file=/Users/runner/work/Trio/Trio/LoopKit/LoopKit/HealthKitSampleStore.swift,line=27,col=1::sendability of function types in instance method 'save(_:withCompletion:)' does not match requirement in protocol 'HKHealthStoreProtocol'; this is an error in the Swift 6 language mode[0m
Build	Fastlane Build & Archive	2026-07-20T11:40:26.1207010Z [11:40:26]: ▸ [35mextension HKHealthStore: HKHealthStoreProtocol {[0m
Build	Fastlane Build & Archive	2026-07-20T11:40:26.1312290Z [11:40:26]: ▸ [35m^[0m
Build	Fastlane Build & Archive	2026-07-20T11:40:26.1420570Z [11:40:26]: ▸ [35m::warning file=/Users/runner/work/Trio/Trio/LoopKit/LoopKit/HealthKitSampleStore.swift,line=27,col=1::sendability of function types in instance method 'save(_:withCompletion:)' does not match requirement in protocol 'HKHealthStoreProtocol'; this is an error in the Swift 6 language mode[0m
Build	Fastlane Build & Archive	2026-07-20T11:40:26.1541510Z [11:40:26]: ▸ [35mextension HKHealthStore: HKHealthStoreProtocol {[0m
Build	Fastlane Build & Archive	2026-07-20T11:40:26.1644010Z [11:40:26]: ▸ [35m^[0m
Build	Fastlane Build & Archive	2026-07-20T11:40:26.1752030Z [11:40:26]: ▸ [35m::warning file=/Users/runner/work/Trio/Trio/LoopKit/LoopKit/HealthKitSampleStore.swift,line=27,col=1::sendability of function types in instance method 'deleteObjects(of:predicate:withCompletion:)' does not match requirement in protocol 'HKHealthStoreProtocol'; this is an error in the Swift 6 language mode[0m
Build	Fastlane Build & Archive	2026-07-20T11:40:26.1856030Z [11:40:26]: ▸ [35mextension HKHealthStore: HKHealthStoreProtocol {[0m
Build	Fastlane Build & Archive	2026-07-20T11:40:26.1960030Z [11:40:26]: ▸ [35m^[0m
Build	Fastlane Build & Archive	2026-07-20T11:40:26.2046930Z [11:40:26]: ▸ [35m::warning file=/Users/runner/work/Trio/Trio/LoopKit/LoopKit/InsulinKit/InsulinDeliveryStore.swift,line=289,col=17::capture of 'self' with non-Sendable type 'InsulinDeliveryStore' in a '@Sendable' closure[0m
Build	Fastlane Build & Archive	2026-07-20T11:40:26.2050960Z [11:40:26]: ▸ [35m                self.cacheStore.managedObjectContext.performAndWait {[0m
Build	Fastlane Build & Archive	2026-07-20T11:40:26.2051840Z [11:40:26]: ▸ [35m                ^[0m
Build	Fastlane Build & Archive	2026-07-20T11:40:26.2052990Z [11:40:26]: ▸ [35m::warning file=/Users/runner/work/Trio/Trio/LoopKit/LoopKit/InsulinKit/InsulinDeliveryStore.swift,line=327,col=17::capture of 'self' with non-Sendable type 'InsulinDeliveryStore' in a '@Sendable' closure[0m
Build	Fastlane Build & Archive	2026-07-20T11:40:26.2054380Z [11:40:26]: ▸ [35m                self.cacheStore.managedObjectContext.performAndWait {[0m
Build	Fastlane Build & Archive	2026-07-20T11:40:26.2058670Z [11:40:26]: ▸ [35m                ^[0m
Build	Fastlane Build & Archive	2026-07-20T11:40:26.2060450Z [11:40:26]: ▸ [35m::warning file=/Users/runner/work/Trio/Trio/LoopKit/LoopKit/InsulinKit/InsulinDeliveryStore.swift,line=524,col=17::capture of 'self' with non-Sendable type 'InsulinDeliveryStore' in a '@Sendable' closure[0m
Build	Fastlane Build & Archive	2026-07-20T11:40:26.2061810Z [11:40:26]: ▸ [35m                self.cacheStore.managedObjectContext.performAndWait {[0m
Build	Fastlane Build & Archive	2026-07-20T11:40:26.2062530Z [11:40:26]: ▸ [35m                ^[0m
Build	Fastlane Build & Archive	2026-07-20T11:40:26.2063620Z [11:40:26]: ▸ [35m::warning file=/Users/runner/work/Trio/Trio/LoopKit/LoopKit/InsulinKit/InsulinDeliveryStore.swift,line=532,col=145::capture of 'entries' with non-Sendable type '[DoseEntry]' in a '@Sendable' closure[0m
Build	Fastlane Build & Archive	2026-07-20T11:40:26.2068780Z [11:40:26]: ▸ [35m                            request.predicate = NSCompoundPredicate(andPredicateWithSubpredicates: [NSPredicate(format: "syncIdentifier IN %@", entries.map { $0.syncIdentifier })])[0m
Build	Fastlane Build & Archive	2026-07-20T11:40:26.2070280Z [11:40:26]: ▸ [35m                                                                                                                                                ^[0m
Build	Fastlane Build & Archive	2026-07-20T11:40:26.2071960Z [11:40:26]: ▸ [35m::warning file=/Users/runner/work/Trio/Trio/LoopKit/LoopKit/Extensions/Double.swift,line=11,col=1::extension declares a conformance of imported type 'Double' to imported protocol 'RawRepresentable'; this will not behave correctly if the owners of 'Swift' introduce this conformance in the future[0m
Build	Fastlane Build & Archive	2026-07-20T11:40:26.2079940Z [11:40:26]: ▸ [35mextension Double: RawRepresentable {[0m
Build	Fastlane Build & Archive	2026-07-20T11:40:26.2080590Z [11:40:26]: ▸ [35m^[0m
Build	Fastlane Build & Archive	2026-07-20T11:40:26.2081720Z [11:40:26]: ▸ [35m::warning file=/Users/runner/work/Trio/Trio/LoopKit/LoopKit/DeviceManager/DeviceLog/PersistentDeviceLog.swift,line=15,col=7::class 'PersistentContainer' must restate inherited '@unchecked Sendable' conformance[0m
Build	Fastlane Build & Archive	2026-07-20T11:40:26.2084330Z [11:40:26]: ▸ [35mclass PersistentContainer: NSPersistentContainer { }[0m
Build	Fastlane Build & Archive	2026-07-20T11:40:26.2086100Z [11:40:26]: ▸ [35m      ^[0m
Build	Fastlane Build & Archive	2026-07-20T11:40:26.2087440Z [11:40:26]: ▸ [35m::warning file=/Users/runner/work/Trio/Trio/LoopKit/LoopKit/CarbKit/CarbStore.swift,line=768,col=39::capture of 'self' with non-Sendable type 'CarbStore' in a '@Sendable' closure[0m
Build	Fastlane Build & Archive	2026-07-20T11:40:26.2096250Z [11:40:26]: ▸ [35m                    let entries = try self.cacheStore.managedObjectContext.fetch(request).compactMap { StoredCarbEntry(managedObject: $0) }[0m
Build	Fastlane Build & Archive	2026-07-20T11:40:26.2097410Z [11:40:26]: ▸ [35m                                      ^[0m
Build	Fastlane Build & Archive	2026-07-20T11:40:26.2098520Z [11:40:26]: ▸ [35m::warning file=/Users/runner/work/Trio/Trio/LoopKit/LoopKit/GlucoseKit/GlucoseStore.swift,line=268,col=30::capture of 'self' with non-Sendable type 'GlucoseStore' in a '@Sendable' closure[0m
Build	Fastlane Build & Archive	2026-07-20T11:40:26.2100840Z [11:40:26]: ▸ [35m                let result = self.getGlucoseSamples(start: start, end: end)[0m
Build	Fastlane Build & Archive	2026-07-20T11:40:26.2102110Z [11:40:26]: ▸ [35m                             ^[0m
Build	Fastlane Build & Archive	2026-07-20T11:40:26.2103580Z [11:40:26]: ▸ [35m::warning file=/Users/runner/work/Trio/Trio/LoopKit/LoopKit/Extensions/HKQuantity.swift,line=13,col=1::extension declares a conformance of imported type 'HKQuantity' to imported protocol 'Comparable'; this will not behave correctly if the owners of 'HealthKit' introduce this conformance in the future[0m
Build	Fastlane Build & Archive	2026-07-20T11:40:26.2109060Z [11:40:26]: ▸ [35mextension HKQuantity: Comparable { }[0m
Build	Fastlane Build & Archive	2026-07-20T11:40:26.2109720Z [11:40:26]: ▸ [35m^[0m
Build	Fastlane Build & Archive	2026-07-20T11:40:26.2110390Z [11:40:26]: ▸ [35m[[36mLogging[0m] [1mCopy[0m arm64-apple-ios.swiftmodule -> Logging.swiftmodule[0m
Build	Fastlane Build & Archive	2026-07-20T11:40:26.2112090Z [11:40:26]: ▸ [35m[[36mLogging[0m] [1mCopy[0m arm64-apple-ios.swiftdoc -> Logging.swiftdoc[0m
Build	Fastlane Build & Archive	2026-07-20T11:40:26.2113080Z [11:40:26]: ▸ [35m[[36mLogging[0m] [1mCopy[0m arm64-apple-ios.abi.json -> Logging.abi.json[0m
Build	Fastlane Build & Archive	2026-07-20T11:40:49.4336320Z [11:40:49]: ▸ [35m::warning file=/Users/runner/work/Trio/Trio/LoopKit/LoopKit/GlucoseKit/HKDevice+Encodable.swift,line=12,col=1::extension declares a conformance of imported type 'HKDevice' to imported protocol 'Encodable'; this will not behave correctly if the owners of 'HealthKit' introduce this conformance in the future[0m
Build	Fastlane Build & Archive	2026-07-20T11:40:49.4365460Z [11:40:49]: ▸ [35mextension HKDevice: Encodable {[0m
Build	Fastlane Build & Archive	2026-07-20T11:40:49.4376550Z [11:40:49]: ▸ [35m^[0m
Build	Fastlane Build & Archive	2026-07-20T11:40:49.4424420Z [11:40:49]: ▸ [35m::warning file=/Users/runner/work/Trio/Trio/LoopKit/LoopKit/HealthKitSampleStore.swift,line=27,col=1::sendability of function types in instance method 'save(_:withCompletion:)' does not match requirement in protocol 'HKHealthStoreProtocol'; this is an error in the Swift 6 language mode[0m
Build	Fastlane Build & Archive	2026-07-20T11:40:49.4440900Z [11:40:49]: ▸ [35mextension HKHealthStore: HKHealthStoreProtocol {[0m
Build	Fastlane Build & Archive	2026-07-20T11:40:49.4555380Z [11:40:49]: ▸ [35m^[0m
Build	Fastlane Build & Archive	2026-07-20T11:40:49.4612770Z [11:40:49]: ▸ [35m::warning file=/Users/runner/work/Trio/Trio/LoopKit/LoopKit/HealthKitSampleStore.swift,line=27,col=1::sendability of function types in instance method 'save(_:withCompletion:)' does not match requirement in protocol 'HKHealthStoreProtocol'; this is an error in the Swift 6 language mode[0m
Build	Fastlane Build & Archive	2026-07-20T11:40:49.4615220Z [11:40:49]: ▸ [35mextension HKHealthStore: HKHealthStoreProtocol {[0m
Build	Fastlane Build & Archive	2026-07-20T11:40:49.4616650Z [11:40:49]: ▸ [35m^[0m
Build	Fastlane Build & Archive	2026-07-20T11:40:49.4621030Z [11:40:49]: ▸ [35m::warning file=/Users/runner/work/Trio/Trio/LoopKit/LoopKit/HealthKitSampleStore.swift,line=27,col=1::sendability of function types in instance method 'deleteObjects(of:predicate:withCompletion:)' does not match requirement in protocol 'HKHealthStoreProtocol'; this is an error in the Swift 6 language mode[0m
Build	Fastlane Build & Archive	2026-07-20T11:40:49.4622910Z [11:40:49]: ▸ [35mextension HKHealthStore: HKHealthStoreProtocol {[0m
Build	Fastlane Build & Archive	2026-07-20T11:40:49.4623560Z [11:40:49]: ▸ [35m^[0m
Build	Fastlane Build & Archive	2026-07-20T11:40:49.4625220Z [11:40:49]: ▸ [35m::warning file=/Users/runner/work/Trio/Trio/LoopKit/LoopKit/InsulinKit/InsulinDeliveryStore.swift,line=289,col=17::capture of 'self' with non-Sendable type 'InsulinDeliveryStore' in a '@Sendable' closure[0m
Build	Fastlane Build & Archive	2026-07-20T11:40:49.4626740Z [11:40:49]: ▸ [35m                self.cacheStore.managedObjectContext.performAndWait {[0m
Build	Fastlane Build & Archive	2026-07-20T11:40:49.4627940Z [11:40:49]: ▸ [35m                ^[0m
Build	Fastlane Build & Archive	2026-07-20T11:40:49.4629400Z [11:40:49]: ▸ [35m::warning file=/Users/runner/work/Trio/Trio/LoopKit/LoopKit/InsulinKit/InsulinDeliveryStore.swift,line=327,col=17::capture of 'self' with non-Sendable type 'InsulinDeliveryStore' in a '@Sendable' closure[0m
Build	Fastlane Build & Archive	2026-07-20T11:40:49.4630640Z [11:40:49]: ▸ [35m                self.cacheStore.managedObjectContext.performAndWait {[0m
Build	Fastlane Build & Archive	2026-07-20T11:40:49.4631600Z [11:40:49]: ▸ [35m                ^[0m
Build	Fastlane Build & Archive	2026-07-20T11:40:49.4632830Z [11:40:49]: ▸ [35m::warning file=/Users/runner/work/Trio/Trio/LoopKit/LoopKit/InsulinKit/InsulinDeliveryStore.swift,line=524,col=17::capture of 'self' with non-Sendable type 'InsulinDeliveryStore' in a '@Sendable' closure[0m
Build	Fastlane Build & Archive	2026-07-20T11:40:49.4648140Z [11:40:49]: ▸ [35m                self.cacheStore.managedObjectContext.performAndWait {[0m
Build	Fastlane Build & Archive	2026-07-20T11:40:49.4650140Z [11:40:49]: ▸ [35m                ^[0m
Build	Fastlane Build & Archive	2026-07-20T11:40:49.4664690Z [11:40:49]: ▸ [35m::warning file=/Users/runner/work/Trio/Trio/LoopKit/LoopKit/InsulinKit/InsulinDeliveryStore.swift,line=532,col=145::capture of 'entries' with non-Sendable type '[DoseEntry]' in a '@Sendable' closure[0m
Build	Fastlane Build & Archive	2026-07-20T11:40:49.4666270Z [11:40:49]: ▸ [35m                            request.predicate = NSCompoundPredicate(andPredicateWithSubpredicates: [NSPredicate(format: "syncIdentifier IN %@", entries.map { $0.syncIdentifier })])[0m
Build	Fastlane Build & Archive	2026-07-20T11:40:49.4668430Z [11:40:49]: ▸ [35m                                                                                                                                                ^[0m
Build	Fastlane Build & Archive	2026-07-20T11:40:49.4670070Z [11:40:49]: ▸ [35m::warning file=/Users/runner/work/Trio/Trio/LoopKit/LoopKit/Extensions/Double.swift,line=11,col=1::extension declares a conformance of imported type 'Double' to imported protocol 'RawRepresentable'; this will not behave correctly if the owners of 'Swift' introduce this conformance in the future[0m
Build	Fastlane Build & Archive	2026-07-20T11:40:49.4671820Z [11:40:49]: ▸ [35mextension Double: RawRepresentable {[0m
Build	Fastlane Build & Archive	2026-07-20T11:40:49.4672320Z [11:40:49]: ▸ [35m^[0m
Build	Fastlane Build & Archive	2026-07-20T11:40:49.4673890Z [11:40:49]: ▸ [35m::warning file=/Users/runner/work/Trio/Trio/LoopKit/LoopKit/DeviceManager/DeviceLog/PersistentDeviceLog.swift,line=15,col=7::class 'PersistentContainer' must restate inherited '@unchecked Sendable' conformance[0m
Build	Fastlane Build & Archive	2026-07-20T11:40:49.4680880Z [11:40:49]: ▸ [35mclass PersistentContainer: NSPersistentContainer { }[0m
Build	Fastlane Build & Archive	2026-07-20T11:40:49.4681920Z [11:40:49]: ▸ [35m      ^[0m
Build	Fastlane Build & Archive	2026-07-20T11:40:49.4683180Z [11:40:49]: ▸ [35m::warning file=/Users/runner/work/Trio/Trio/LoopKit/LoopKit/CarbKit/CarbStore.swift,line=768,col=39::capture of 'self' with non-Sendable type 'CarbStore' in a '@Sendable' closure[0m
Build	Fastlane Build & Archive	2026-07-20T11:40:49.4684920Z [11:40:49]: ▸ [35m                    let entries = try self.cacheStore.managedObjectContext.fetch(request).compactMap { StoredCarbEntry(managedObject: $0) }[0m
Build	Fastlane Build & Archive	2026-07-20T11:40:49.4692170Z [11:40:49]: ▸ [35m                                      ^[0m
Build	Fastlane Build & Archive	2026-07-20T11:40:49.4693540Z [11:40:49]: ▸ [35m::warning file=/Users/runner/work/Trio/Trio/LoopKit/LoopKit/GlucoseKit/GlucoseStore.swift,line=268,col=30::capture of 'self' with non-Sendable type 'GlucoseStore' in a '@Sendable' closure[0m
Build	Fastlane Build & Archive	2026-07-20T11:40:49.4694840Z [11:40:49]: ▸ [35m                let result = self.getGlucoseSamples(start: start, end: end)[0m
Build	Fastlane Build & Archive	2026-07-20T11:40:49.4695800Z [11:40:49]: ▸ [35m                             ^[0m
Build	Fastlane Build & Archive	2026-07-20T11:40:49.4712950Z [11:40:49]: ▸ [35m::warning file=/Users/runner/work/Trio/Trio/LoopKit/LoopKit/Extensions/HKQuantity.swift,line=13,col=1::extension declares a conformance of imported type 'HKQuantity' to imported protocol 'Comparable'; this will not behave correctly if the owners of 'HealthKit' introduce this conformance in the future[0m
Build	Fastlane Build & Archive	2026-07-20T11:40:49.4721760Z [11:40:49]: ▸ [35mextension HKQuantity: Comparable { }[0m
Build	Fastlane Build & Archive	2026-07-20T11:40:49.4722670Z [11:40:49]: ▸ [35m^[0m
Build	Fastlane Build & Archive	2026-07-20T11:40:49.5128950Z [11:40:49]: ▸ [35m[[36mLoopKit-watchOS[0m] [1mCopy[0m arm64-apple-watchos.swiftmodule -> LoopKit.swiftmodule[0m
Build	Fastlane Build & Archive	2026-07-20T11:40:49.5183490Z [11:40:49]: ▸ [35m[[36mLoopKit-watchOS[0m] [1mCopy[0m arm64-apple-watchos.swiftdoc -> LoopKit.swiftdoc[0m
Build	Fastlane Build & Archive	2026-07-20T11:40:49.5185020Z [11:40:49]: ▸ [35m[[36mLoopKit-watchOS[0m] [1mCopy[0m arm64-apple-watchos.abi.json -> LoopKit.abi.json[0m
Build	Fastlane Build & Archive	2026-07-20T11:41:36.9157810Z [11:41:36]: ▸ [35m::warning file=/Users/runner/work/Trio/Trio/LoopKit/LoopKit/GlucoseKit/CgmEventStore.swift,line=147,col=26::capture of 'events' with non-Sendable type '[PersistedCgmEvent]' in a '@Sendable' closure[0m
Build	Fastlane Build & Archive	2026-07-20T11:41:36.9162910Z [11:41:36]: ▸ [35m            for event in events {[0m
Build	Fastlane Build & Archive	2026-07-20T11:41:36.9166190Z [11:41:36]: ▸ [35m                         ^[0m
Build	Fastlane Build & Archive	2026-07-20T11:41:36.9186810Z [11:41:36]: ▸ [35m::warning file=/Users/runner/work/Trio/Trio/LoopKit/LoopKit/GlucoseKit/CgmEventStore.swift,line=148,col=50::capture of 'self' with non-Sendable type 'CgmEventStore' in a '@Sendable' closure[0m
Build	Fastlane Build & Archive	2026-07-20T11:41:36.9189970Z [11:41:36]: ▸ [35m                let cgmEvent = CgmEvent(context: self.cacheStore.managedObjectContext)[0m
Build	Fastlane Build & Archive	2026-07-20T11:41:36.9190970Z [11:41:36]: ▸ [35m                                                 ^[0m
Build	Fastlane Build & Archive	2026-07-20T11:41:36.9193150Z [11:41:36]: ▸ [35m::warning file=/Users/runner/work/Trio/Trio/LoopKit/LoopKit/DeviceManager/DeviceLog/PersistentDeviceLog.swift,line=15,col=7::class 'PersistentContainer' must restate inherited '@unchecked Sendable' conformance[0m
Build	Fastlane Build & Archive	2026-07-20T11:41:36.9196590Z [11:41:36]: ▸ [35mclass PersistentContainer: NSPersistentContainer { }[0m
Build	Fastlane Build & Archive	2026-07-20T11:41:36.9198340Z [11:41:36]: ▸ [35m      ^[0m
Build	Fastlane Build & Archive	2026-07-20T11:41:36.9202120Z [11:41:36]: ▸ [35m::warning file=/Users/runner/work/Trio/Trio/LoopKit/LoopKit/HealthKitSampleStore.swift,line=27,col=1::sendability of function types in instance method 'save(_:withCompletion:)' does not match requirement in protocol 'HKHealthStoreProtocol'; this is an error in the Swift 6 language mode[0m
Build	Fastlane Build & Archive	2026-07-20T11:41:36.9205090Z [11:41:36]: ▸ [35mextension HKHealthStore: HKHealthStoreProtocol {[0m
Build	Fastlane Build & Archive	2026-07-20T11:41:36.9205790Z [11:41:36]: ▸ [35m^[0m
Build	Fastlane Build & Archive	2026-07-20T11:41:36.9207290Z [11:41:36]: ▸ [35m::warning file=/Users/runner/work/Trio/Trio/LoopKit/LoopKit/HealthKitSampleStore.swift,line=27,col=1::sendability of function types in instance method 'save(_:withCompletion:)' does not match requirement in protocol 'HKHealthStoreProtocol'; this is an error in the Swift 6 language mode[0m
Build	Fastlane Build & Archive	2026-07-20T11:41:36.9209070Z [11:41:36]: ▸ [35mextension HKHealthStore: HKHealthStoreProtocol {[0m
Build	Fastlane Build & Archive	2026-07-20T11:41:36.9209760Z [11:41:36]: ▸ [35m^[0m
Build	Fastlane Build & Archive	2026-07-20T11:41:36.9212190Z [11:41:36]: ▸ [35m::warning file=/Users/runner/work/Trio/Trio/LoopKit/LoopKit/HealthKitSampleStore.swift,line=27,col=1::sendability of function types in instance method 'deleteObjects(of:predicate:withCompletion:)' does not match requirement in protocol 'HKHealthStoreProtocol'; this is an error in the Swift 6 language mode[0m
Build	Fastlane Build & Archive	2026-07-20T11:41:36.9213700Z [11:41:36]: ▸ [35mextension HKHealthStore: HKHealthStoreProtocol {[0m
Build	Fastlane Build & Archive	2026-07-20T11:41:36.9214360Z [11:41:36]: ▸ [35m^[0m
Build	Fastlane Build & Archive	2026-07-20T11:41:36.9215690Z [11:41:36]: ▸ [35m::warning file=/Users/runner/work/Trio/Trio/LoopKit/LoopKit/DosingDecisionStore.swift,line=92,col=17::capture of 'self' with non-Sendable type 'DosingDecisionStore' in a '@Sendable' closure[0m
Build	Fastlane Build & Archive	2026-07-20T11:41:36.9216990Z [11:41:36]: ▸ [35m                self.store.managedObjectContext.performAndWait {[0m
Build	Fastlane Build & Archive	2026-07-20T11:41:36.9217530Z [11:41:36]: ▸ [35m                ^[0m
Build	Fastlane Build & Archive	2026-07-20T11:41:36.9218640Z [11:41:36]: ▸ [35m::warning file=/Users/runner/work/Trio/Trio/LoopKit/LoopKit/InsulinKit/InsulinDeliveryStore.swift,line=289,col=17::capture of 'self' with non-Sendable type 'InsulinDeliveryStore' in a '@Sendable' closure[0m
Build	Fastlane Build & Archive	2026-07-20T11:41:36.9219820Z [11:41:36]: ▸ [35m                self.cacheStore.managedObjectContext.performAndWait {[0m
Build	Fastlane Build & Archive	2026-07-20T11:41:36.9220420Z [11:41:36]: ▸ [35m                ^[0m
Build	Fastlane Build & Archive	2026-07-20T11:41:36.9221620Z [11:41:36]: ▸ [35m::warning file=/Users/runner/work/Trio/Trio/LoopKit/LoopKit/InsulinKit/InsulinDeliveryStore.swift,line=327,col=17::capture of 'self' with non-Sendable type 'InsulinDeliveryStore' in a '@Sendable' closure[0m
Build	Fastlane Build & Archive	2026-07-20T11:41:36.9224370Z [11:41:36]: ▸ [35m                self.cacheStore.managedObjectContext.performAndWait {[0m
Build	Fastlane Build & Archive	2026-07-20T11:41:36.9226280Z [11:41:36]: ▸ [35m                ^[0m
Build	Fastlane Build & Archive	2026-07-20T11:41:36.9228140Z [11:41:36]: ▸ [35m::warning file=/Users/runner/work/Trio/Trio/LoopKit/LoopKit/InsulinKit/InsulinDeliveryStore.swift,line=524,col=17::capture of 'self' with non-Sendable type 'InsulinDeliveryStore' in a '@Sendable' closure[0m
Build	Fastlane Build & Archive	2026-07-20T11:41:36.9229430Z [11:41:36]: ▸ [35m                self.cacheStore.managedObjectContext.performAndWait {[0m
Build	Fastlane Build & Archive	2026-07-20T11:41:36.9230910Z [11:41:36]: ▸ [35m                ^[0m
Build	Fastlane Build & Archive	2026-07-20T11:41:36.9232580Z [11:41:36]: ▸ [35m::warning file=/Users/runner/work/Trio/Trio/LoopKit/LoopKit/InsulinKit/InsulinDeliveryStore.swift,line=532,col=145::capture of 'entries' with non-Sendable type '[DoseEntry]' in a '@Sendable' closure[0m
Build	Fastlane Build & Archive	2026-07-20T11:41:36.9234590Z [11:41:36]: ▸ [35m                            request.predicate = NSCompoundPredicate(andPredicateWithSubpredicates: [NSPredicate(format: "syncIdentifier IN %@", entries.map { $0.syncIdentifier })])[0m
Build	Fastlane Build & Archive	2026-07-20T11:41:36.9236020Z [11:41:36]: ▸ [35m                                                                                                                                                ^[0m
Build	Fastlane Build & Archive	2026-07-20T11:41:36.9237950Z [11:41:36]: ▸ [35m::warning file=/Users/runner/work/Trio/Trio/LoopKit/LoopKit/Extensions/Double.swift,line=11,col=1::extension declares a conformance of imported type 'Double' to imported protocol 'RawRepresentable'; this will not behave correctly if the owners of 'Swift' introduce this conformance in the future[0m
Build	Fastlane Build & Archive	2026-07-20T11:41:36.9239540Z [11:41:36]: ▸ [35mextension Double: RawRepresentable {[0m
Build	Fastlane Build & Archive	2026-07-20T11:41:36.9241070Z [11:41:36]: ▸ [35m^[0m
Build	Fastlane Build & Archive	2026-07-20T11:41:36.9338090Z [11:41:36]: ▸ [35m::warning file=/Users/runner/work/Trio/Trio/LoopKit/LoopKit/GlucoseKit/HKDevice+Encodable.swift,line=12,col=1::extension declares a conformance of imported type 'HKDevice' to imported protocol 'Encodable'; this will not behave correctly if the owners of 'HealthKit' introduce this conformance in the future[0m
Build	Fastlane Build & Archive	2026-07-20T11:41:36.9339690Z [11:41:36]: ▸ [35mextension HKDevice: Encodable {[0m
Build	Fastlane Build & Archive	2026-07-20T11:41:36.9340070Z [11:41:36]: ▸ [35m^[0m
Build	Fastlane Build & Archive	2026-07-20T11:41:36.9340970Z [11:41:36]: ▸ [35m::warning file=/Users/runner/work/Trio/Trio/LoopKit/LoopKit/SettingsStore.swift,line=227,col=38::capture of 'self' with non-Sendable type 'SettingsStore' in a '@Sendable' closure[0m
Build	Fastlane Build & Archive	2026-07-20T11:41:36.9341930Z [11:41:36]: ▸ [35m                    let stored = try self.store.managedObjectContext.fetch(request)[0m
Build	Fastlane Build & Archive	2026-07-20T11:41:36.9342720Z [11:41:36]: ▸ [35m                                     ^[0m
Build	Fastlane Build & Archive	2026-07-20T11:41:36.9343610Z [11:41:36]: ▸ [35m::warning file=/Users/runner/work/Trio/Trio/LoopKit/LoopKit/CarbKit/CarbStore.swift,line=768,col=39::capture of 'self' with non-Sendable type 'CarbStore' in a '@Sendable' closure[0m
Build	Fastlane Build & Archive	2026-07-20T11:41:36.9344750Z [11:41:36]: ▸ [35m                    let entries = try self.cacheStore.managedObjectContext.fetch(request).compactMap { StoredCarbEntry(managedObject: $0) }[0m
Build	Fastlane Build & Archive	2026-07-20T11:41:36.9345830Z [11:41:36]: ▸ [35m                                      ^[0m
Build	Fastlane Build & Archive	2026-07-20T11:41:36.9346860Z [11:41:36]: ▸ [35m::warning file=/Users/runner/work/Trio/Trio/LoopKit/LoopKit/GlucoseKit/GlucoseStore.swift,line=268,col=30::capture of 'self' with non-Sendable type 'GlucoseStore' in a '@Sendable' closure[0m
Build	Fastlane Build & Archive	2026-07-20T11:41:36.9347990Z [11:41:36]: ▸ [35m                let result = self.getGlucoseSamples(start: start, end: end)[0m
Build	Fastlane Build & Archive	2026-07-20T11:41:36.9348760Z [11:41:36]: ▸ [35m                             ^[0m
Build	Fastlane Build & Archive	2026-07-20T11:41:36.9350230Z [11:41:36]: ▸ [35m::warning file=/Users/runner/work/Trio/Trio/LoopKit/LoopKit/Extensions/HKQuantity.swift,line=13,col=1::extension declares a conformance of imported type 'HKQuantity' to imported protocol 'Comparable'; this will not behave correctly if the owners of 'HealthKit' introduce this conformance in the future[0m
Build	Fastlane Build & Archive	2026-07-20T11:41:36.9352110Z [11:41:36]: ▸ [35mextension HKQuantity: Comparable { }[0m
Build	Fastlane Build & Archive	2026-07-20T11:41:36.9352980Z [11:41:36]: ▸ [35m^[0m
Build	Fastlane Build & Archive	2026-07-20T11:41:37.0415700Z [11:41:37]: ▸ [35m[[36mLoopKit-watchOS[0m] [1mCopy[0m arm64_32-apple-watchos.swiftmodule -> LoopKit.swiftmodule[0m
Build	Fastlane Build & Archive	2026-07-20T11:41:37.0526520Z [11:41:37]: ▸ [35m[[36mLoopKit-watchOS[0m] [1mCopy[0m arm64_32-apple-watchos.swiftdoc -> LoopKit.swiftdoc[0m
Build	Fastlane Build & Archive	2026-07-20T11:41:37.0640790Z [11:41:37]: ▸ [35m[[36mLoopKit-watchOS[0m] [1mCopy[0m arm64_32-apple-watchos.abi.json -> LoopKit.abi.json[0m
Build	Fastlane Build & Archive	2026-07-20T11:41:37.0748600Z [11:41:37]: ▸ [35m[[36mLoopKit-watchOS[0m] [1mCompile XCStrings[0m Localizable.xcstrings[0m
Build	Fastlane Build & Archive	2026-07-20T11:41:37.0749440Z [11:41:37]: ▸ [35m[[36mLoopKit-watchOS[0m] [1mCompile XCStrings[0m InfoPlist.xcstrings[0m
Build	Fastlane Build & Archive	2026-07-20T11:41:37.0853340Z [11:41:37]: ▸ [35m[[36mLoopKit-watchOS[0m] [1mCopying[0m Localizable.strings[0m
Build	Fastlane Build & Archive	2026-07-20T11:41:37.0956950Z [11:41:37]: ▸ [35m[[36mLoopKit-watchOS[0m] [1mCopying[0m Localizable.strings[0m
Build	Fastlane Build & Archive	2026-07-20T11:41:37.1060430Z [11:41:37]: ▸ [35m[[36mLoopKit-watchOS[0m] [1mCopying[0m Localizable.strings[0m
Build	Fastlane Build & Archive	2026-07-20T11:41:37.1163080Z [11:41:37]: ▸ [35m[[36mLoopKit-watchOS[0m] [1mCopying[0m Localizable.strings[0m
Build	Fastlane Build & Archive	2026-07-20T11:41:37.1265150Z [11:41:37]: ▸ [35m[[36mLoopKit-watchOS[0m] [1mCopying[0m InfoPlist.strings[0m
Build	Fastlane Build & Archive	2026-07-20T11:41:37.1337910Z [11:41:37]: ▸ [35m[[36mLoopKit-watchOS[0m] [1mCopying[0m Localizable.strings[0m
Build	Fastlane Build & Archive	2026-07-20T11:41:37.1338830Z [11:41:37]: ▸ [35m[[36mLoopKit-watchOS[0m] [1mCopying[0m InfoPlist.strings[0m
Build	Fastlane Build & Archive	2026-07-20T11:41:37.1339690Z [11:41:37]: ▸ [35m[[36mLoopKit-watchOS[0m] [1mCopying[0m Localizable.strings[0m
Build	Fastlane Build & Archive	2026-07-20T11:41:37.1340510Z [11:41:37]: ▸ [35m[[36mLoopKit-watchOS[0m] [1mCopying[0m Localizable.strings[0m
Build	Fastlane Build & Archive	2026-07-20T11:41:37.1341230Z [11:41:37]: ▸ [35m[[36mLoopKit-watchOS[0m] [1mCopying[0m InfoPlist.strings[0m
Build	Fastlane Build & Archive	2026-07-20T11:41:37.1342140Z [11:41:37]: ▸ [35m[[36mLoopKit-watchOS[0m] [1mCopying[0m Localizable.strings[0m
Build	Fastlane Build & Archive	2026-07-20T11:41:37.1343030Z [11:41:37]: ▸ [35m[[36mLoopKit-watchOS[0m] [1mCopying[0m InfoPlist.strings[0m
Build	Fastlane Build & Archive	2026-07-20T11:41:37.1361810Z [11:41:37]: ▸ [35m[[36mLoopKit-watchOS[0m] [1mCopying[0m Localizable.strings[0m
Build	Fastlane Build & Archive	2026-07-20T11:41:37.1463780Z [11:41:37]: ▸ [35m[[36mLoopKit-watchOS[0m] [1mCopying[0m Localizable.strings[0m
Build	Fastlane Build & Archive	2026-07-20T11:41:37.1565560Z [11:41:37]: ▸ [35m[[36mLoopKit-watchOS[0m] [1mCopying[0m Localizable.strings[0m
Build	Fastlane Build & Archive	2026-07-20T11:41:37.1668820Z [11:41:37]: ▸ [35m[[36mLoopKit-watchOS[0m] [1mCopying[0m InfoPlist.strings[0m
Build	Fastlane Build & Archive	2026-07-20T11:41:37.1771840Z [11:41:37]: ▸ [35m[[36mLoopKit-watchOS[0m] [1mCopying[0m Localizable.strings[0m
Build	Fastlane Build & Archive	2026-07-20T11:41:37.1873190Z [11:41:37]: ▸ [35m[[36mLoopKit-watchOS[0m] [1mCopying[0m InfoPlist.strings[0m
Build	Fastlane Build & Archive	2026-07-20T11:41:37.1973750Z [11:41:37]: ▸ [35m[[36mLoopKit-watchOS[0m] [1mCopying[0m Localizable.strings[0m
Build	Fastlane Build & Archive	2026-07-20T11:41:37.2076680Z [11:41:37]: ▸ [35m[[36mLoopKit-watchOS[0m] [1mCopying[0m InfoPlist.strings[0m
Build	Fastlane Build & Archive	2026-07-20T11:41:37.2175910Z [11:41:37]: ▸ [35m[[36mLoopKit-watchOS[0m] [1mCopying[0m Localizable.strings[0m
Build	Fastlane Build & Archive	2026-07-20T11:41:37.2277800Z [11:41:37]: ▸ [35m[[36mLoopKit-watchOS[0m] [1mCopying[0m Localizable.strings[0m
Build	Fastlane Build & Archive	2026-07-20T11:41:37.2379080Z [11:41:37]: ▸ [35m[[36mLoopKit-watchOS[0m] [1mCopying[0m Localizable.strings[0m
Build	Fastlane Build & Archive	2026-07-20T11:41:37.2379920Z [11:41:37]: ▸ [35m[[36mLoopKit-watchOS[0m] [1mCopying[0m InfoPlist.strings[0m
Build	Fastlane Build & Archive	2026-07-20T11:41:37.2382220Z [11:41:37]: ▸ [35m[[36mLoopKit-watchOS[0m] [1mCopying[0m Localizable.strings[0m
Build	Fastlane Build & Archive	2026-07-20T11:41:37.2383030Z [11:41:37]: ▸ [35m[[36mLoopKit-watchOS[0m] [1mCopying[0m Localizable.strings[0m
Build	Fastlane Build & Archive	2026-07-20T11:41:37.2385770Z [11:41:37]: ▸ [35m[[36mLoopKit-watchOS[0m] [1mCopying[0m Localizable.strings[0m
Build	Fastlane Build & Archive	2026-07-20T11:41:37.2386950Z [11:41:37]: ▸ [35m[[36mLoopKit-watchOS[0m] [1mCopying[0m InfoPlist.strings[0m
Build	Fastlane Build & Archive	2026-07-20T11:41:37.2390890Z [11:41:37]: ▸ [35m[[36mLoopKit-watchOS[0m] [1mCopying[0m Localizable.strings[0m
Build	Fastlane Build & Archive	2026-07-20T11:41:37.2392600Z [11:41:37]: ▸ [35m[[36mLoopKit-watchOS[0m] [1mCopying[0m InfoPlist.strings[0m
Build	Fastlane Build & Archive	2026-07-20T11:41:37.2394590Z [11:41:37]: ▸ [35m[[36mLoopKit-watchOS[0m] [1mCopying[0m Localizable.strings[0m
Build	Fastlane Build & Archive	2026-07-20T11:41:37.2403170Z [11:41:37]: ▸ [35m[[36mLoopKit-watchOS[0m] [1mCopying[0m InfoPlist.strings[0m
Build	Fastlane Build & Archive	2026-07-20T11:41:37.2413770Z [11:41:37]: ▸ [35m[[36mLoopKit-watchOS[0m] [1mCopying[0m Localizable.strings[0m
Build	Fastlane Build & Archive	2026-07-20T11:41:37.2420470Z [11:41:37]: ▸ [35m[[36mLoopKit-watchOS[0m] [1mCopying[0m Localizable.strings[0m
Build	Fastlane Build & Archive	2026-07-20T11:41:37.2424800Z [11:41:37]: ▸ [35m[[36mLoopKit-watchOS[0m] [1mCopying[0m InfoPlist.strings[0m
Build	Fastlane Build & Archive	2026-07-20T11:41:37.2426810Z [11:41:37]: ▸ [35m[[36mLoopKit-watchOS[0m] [1mCopying[0m Localizable.strings[0m
Build	Fastlane Build & Archive	2026-07-20T11:41:37.2427470Z [11:41:37]: ▸ [35m[[36mLoopKit-watchOS[0m] [1mCopying[0m InfoPlist.strings[0m
Build	Fastlane Build & Archive	2026-07-20T11:41:37.2428150Z [11:41:37]: ▸ [35m[[36mLoopKit-watchOS[0m] [1mCopying[0m Localizable.strings[0m
Build	Fastlane Build & Archive	2026-07-20T11:41:37.2428870Z [11:41:37]: ▸ [35m[[36mLoopKit-watchOS[0m] [1mCopying[0m Localizable.strings[0m
Build	Fastlane Build & Archive	2026-07-20T11:41:37.2429490Z [11:41:37]: ▸ [35m[[36mLoopKit[0m] [1mCompile XCStrings[0m Localizable.xcstrings[0m
Build	Fastlane Build & Archive	2026-07-20T11:41:37.2432490Z [11:41:37]: ▸ [35m[[36mLoopKit[0m] [1mCompile XCStrings[0m InfoPlist.xcstrings[0m
Build	Fastlane Build & Archive	2026-07-20T11:41:37.2434110Z [11:41:37]: ▸ [35m[[36mLoopKit[0m] [1mCopying[0m Localizable.strings[0m
Build	Fastlane Build & Archive	2026-07-20T11:41:37.2435500Z [11:41:37]: ▸ [35m[[36mLoopKit[0m] [1mCopying[0m Localizable.strings[0m
Build	Fastlane Build & Archive	2026-07-20T11:41:37.2437140Z [11:41:37]: ▸ [35m[[36mLoopKit[0m] [1mCopying[0m Localizable.strings[0m
Build	Fastlane Build & Archive	2026-07-20T11:41:37.2437990Z [11:41:37]: ▸ [35m[[36mLoopKit[0m] [1mCopying[0m Localizable.strings[0m
Build	Fastlane Build & Archive	2026-07-20T11:41:37.2444240Z [11:41:37]: ▸ [35m[[36mLoopKit[0m] [1mCopying[0m InfoPlist.strings[0m
Build	Fastlane Build & Archive	2026-07-20T11:41:37.2445970Z [11:41:37]: ▸ [35m[[36mLoopKit[0m] [1mCopying[0m Localizable.strings[0m
Build	Fastlane Build & Archive	2026-07-20T11:41:37.2447420Z [11:41:37]: ▸ [35m[[36mLoopKit[0m] [1mCopying[0m InfoPlist.strings[0m
Build	Fastlane Build & Archive	2026-07-20T11:41:37.2448890Z [11:41:37]: ▸ [35m[[36mLoopKit[0m] [1mCopying[0m Localizable.strings[0m
Build	Fastlane Build & Archive	2026-07-20T11:41:37.2450440Z [11:41:37]: ▸ [35m[[36mLoopKit[0m] [1mCopying[0m Localizable.strings[0m
Build	Fastlane Build & Archive	2026-07-20T11:41:37.2452100Z [11:41:37]: ▸ [35m[[36mLoopKit[0m] [1mCopying[0m InfoPlist.strings[0m
Build	Fastlane Build & Archive	2026-07-20T11:41:37.2453620Z [11:41:37]: ▸ [35m[[36mLoopKit[0m] [1mCopying[0m Localizable.strings[0m
Build	Fastlane Build & Archive	2026-07-20T11:41:37.2455570Z [11:41:37]: ▸ [35m[[36mLoopKit[0m] [1mCopying[0m InfoPlist.strings[0m
Build	Fastlane Build & Archive	2026-07-20T11:41:37.2457100Z [11:41:37]: ▸ [35m[[36mLoopKit[0m] [1mCopying[0m Localizable.strings[0m
Build	Fastlane Build & Archive	2026-07-20T11:41:37.2458480Z [11:41:37]: ▸ [35m[[36mLoopKit[0m] [1mCopying[0m Localizable.strings[0m
Build	Fastlane Build & Archive	2026-07-20T11:41:37.2459880Z [11:41:37]: ▸ [35m[[36mLoopKit[0m] [1mCopying[0m Localizable.strings[0m
Build	Fastlane Build & Archive	2026-07-20T11:41:37.2461320Z [11:41:37]: ▸ [35m[[36mLoopKit[0m] [1mCopying[0m InfoPlist.strings[0m
Build	Fastlane Build & Archive	2026-07-20T11:41:37.2462720Z [11:41:37]: ▸ [35m[[36mLoopKit[0m] [1mCopying[0m Localizable.strings[0m
Build	Fastlane Build & Archive	2026-07-20T11:41:37.2463380Z [11:41:37]: ▸ [35m[[36mLoopKit[0m] [1mCopying[0m InfoPlist.strings[0m
Build	Fastlane Build & Archive	2026-07-20T11:41:37.2463980Z [11:41:37]: ▸ [35m[[36mLoopKit[0m] [1mCopying[0m Localizable.strings[0m
Build	Fastlane Build & Archive	2026-07-20T11:41:37.2464540Z [11:41:37]: ▸ [35m[[36mLoopKit[0m] [1mCopying[0m InfoPlist.strings[0m
Build	Fastlane Build & Archive	2026-07-20T11:41:37.2465180Z [11:41:37]: ▸ [35m[[36mLoopKit[0m] [1mCopying[0m Localizable.strings[0m
Build	Fastlane Build & Archive	2026-07-20T11:41:37.2465970Z [11:41:37]: ▸ [35m[[36mLoopKit[0m] [1mCopying[0m Localizable.strings[0m
Build	Fastlane Build & Archive	2026-07-20T11:41:37.2466580Z [11:41:37]: ▸ [35m[[36mLoopKit[0m] [1mCopying[0m Localizable.strings[0m
Build	Fastlane Build & Archive	2026-07-20T11:41:37.2469780Z [11:41:37]: ▸ [35m[[36mLoopKit[0m] [1mCopying[0m InfoPlist.strings[0m
Build	Fastlane Build & Archive	2026-07-20T11:41:37.2471370Z [11:41:37]: ▸ [35m[[36mLoopKit[0m] [1mCopying[0m Localizable.strings[0m
Build	Fastlane Build & Archive	2026-07-20T11:41:37.2472020Z [11:41:37]: ▸ [35m[[36mLoopKit[0m] [1mCopying[0m Localizable.strings[0m
Build	Fastlane Build & Archive	2026-07-20T11:41:37.2472580Z [11:41:37]: ▸ [35m[[36mLoopKit[0m] [1mCopying[0m Localizable.strings[0m
Build	Fastlane Build & Archive	2026-07-20T11:41:37.2473140Z [11:41:37]: ▸ [35m[[36mLoopKit[0m] [1mCopying[0m InfoPlist.strings[0m
Build	Fastlane Build & Archive	2026-07-20T11:41:37.2473710Z [11:41:37]: ▸ [35m[[36mLoopKit[0m] [1mCopying[0m Localizable.strings[0m
Build	Fastlane Build & Archive	2026-07-20T11:41:37.2474290Z [11:41:37]: ▸ [35m[[36mLoopKit[0m] [1mCopying[0m InfoPlist.strings[0m
Build	Fastlane Build & Archive	2026-07-20T11:41:37.2475890Z [11:41:37]: ▸ [35m[[36mLoopKit[0m] [1mCopying[0m Localizable.strings[0m
Build	Fastlane Build & Archive	2026-07-20T11:41:37.2476430Z [11:41:37]: ▸ [35m[[36mLoopKit[0m] [1mCopying[0m InfoPlist.strings[0m
Build	Fastlane Build & Archive	2026-07-20T11:41:37.2477420Z [11:41:37]: ▸ [35m[[36mLoopKit[0m] [1mCopying[0m Localizable.strings[0m
Build	Fastlane Build & Archive	2026-07-20T11:41:37.2477960Z [11:41:37]: ▸ [35m[[36mLoopKit[0m] [1mCopying[0m Localizable.strings[0m
Build	Fastlane Build & Archive	2026-07-20T11:41:37.2478450Z [11:41:37]: ▸ [35m[[36mLoopKit[0m] [1mCopying[0m InfoPlist.strings[0m
Build	Fastlane Build & Archive	2026-07-20T11:41:37.2480100Z [11:41:37]: ▸ [35m[[36mLoopKit[0m] [1mCopying[0m Localizable.strings[0m
Build	Fastlane Build & Archive	2026-07-20T11:41:37.2481020Z [11:41:37]: ▸ [35m[[36mLoopKit[0m] [1mCopying[0m InfoPlist.strings[0m
Build	Fastlane Build & Archive	2026-07-20T11:41:37.2481550Z [11:41:37]: ▸ [35m[[36mLoopKit[0m] [1mCopying[0m Localizable.strings[0m
Build	Fastlane Build & Archive	2026-07-20T11:41:37.2482120Z [11:41:37]: ▸ [35m[[36mLoopKit[0m] [1mCopying[0m Localizable.strings[0m
Build	Fastlane Build & Archive	2026-07-20T11:41:37.2482770Z [11:41:37]: ▸ [35m[[36mLiveActivityExtension[0m] [1mGenerate Asset Symbols[0m Assets.xcassets[0m
Build	Fastlane Build & Archive	2026-07-20T11:41:37.2483580Z [11:41:37]: ▸ [35m[[36mLiveActivityExtension[0m] [1mCompile XCStrings[0m Localizable.xcstrings[0m
Build	Fastlane Build & Archive	2026-07-20T11:41:37.2484850Z [11:41:37]: ▸ [35m[[36mLiveActivityExtension[0m] [1mCopying[0m Localizable.strings[0m
Build	Fastlane Build & Archive	2026-07-20T11:41:37.2489030Z [11:41:37]: ▸ [35m[36;1mnote: [0mEmplaced /Users/runner/Library/Developer/Xcode/DerivedData/Trio-bovmnxebschsylahdeysnjjqdcte/Build/Intermediates.noindex/ArchiveIntermediates/Trio/IntermediateBuildFilesPath/UninstalledProducts/iphoneos/LiveActivityExtension.appex/Assets.car (in target 'LiveActivityExtension' from project 'Trio')[0m
Build	Fastlane Build & Archive	2026-07-20T11:41:37.2492960Z [11:41:37]: ▸ [35m[[36mLiveActivityExtension[0m] [1mCopying[0m Localizable.strings[0m
Build	Fastlane Build & Archive	2026-07-20T11:41:37.2494760Z [11:41:37]: ▸ [35m[[36mLiveActivityExtension[0m] [1mProcessing[0m Info.plist[0m
Build	Fastlane Build & Archive	2026-07-20T11:41:37.2496660Z [11:41:37]: ▸ [35m[[36mLiveActivityExtension[0m] [1mCopying[0m Localizable.strings[0m
Build	Fastlane Build & Archive	2026-07-20T11:41:37.2498810Z [11:41:37]: ▸ [35m[[36mLiveActivityExtension[0m] [1mCopying[0m Localizable.strings[0m
Build	Fastlane Build & Archive	2026-07-20T11:41:37.2500900Z [11:41:37]: ▸ [35m[[36mLiveActivityExtension[0m] [1mCopying[0m Localizable.strings[0m
Build	Fastlane Build & Archive	2026-07-20T11:41:37.2501920Z [11:41:37]: ▸ [35m[[36mLiveActivityExtension[0m] [1mCopying[0m Localizable.strings[0m
Build	Fastlane Build & Archive	2026-07-20T11:41:37.2502670Z [11:41:37]: ▸ [35m[[36mLiveActivityExtension[0m] [1mCopying[0m Localizable.strings[0m
Build	Fastlane Build & Archive	2026-07-20T11:41:37.2503370Z [11:41:37]: ▸ [35m[[36mLiveActivityExtension[0m] [1mCopying[0m Localizable.strings[0m
Build	Fastlane Build & Archive	2026-07-20T11:41:37.2504110Z [11:41:37]: ▸ [35m[[36mLiveActivityExtension[0m] [1mCopying[0m Localizable.strings[0m
Build	Fastlane Build & Archive	2026-07-20T11:41:37.2504860Z [11:41:37]: ▸ [35m[[36mLiveActivityExtension[0m] [1mCopying[0m Localizable.strings[0m
Build	Fastlane Build & Archive	2026-07-20T11:41:37.2505630Z [11:41:37]: ▸ [35m[[36mLiveActivityExtension[0m] [1mCopying[0m Localizable.strings[0m
Build	Fastlane Build & Archive	2026-07-20T11:41:37.2506380Z [11:41:37]: ▸ [35m[[36mLiveActivityExtension[0m] [1mCopying[0m Localizable.strings[0m
Build	Fastlane Build & Archive	2026-07-20T11:41:37.2508520Z [11:41:37]: ▸ [35m[[36mLiveActivityExtension[0m] [1mCopying[0m Localizable.strings[0m
Build	Fastlane Build & Archive	2026-07-20T11:41:37.2509750Z [11:41:37]: ▸ [35m[[36mLiveActivityExtension[0m] [1mCopying[0m Localizable.strings[0m
Build	Fastlane Build & Archive	2026-07-20T11:41:37.2510480Z [11:41:37]: ▸ [35m[[36mLiveActivityExtension[0m] [1mCopying[0m Localizable.strings[0m
Build	Fastlane Build & Archive	2026-07-20T11:41:37.2511210Z [11:41:37]: ▸ [35m[[36mLiveActivityExtension[0m] [1mCopying[0m Localizable.strings[0m
Build	Fastlane Build & Archive	2026-07-20T11:41:37.2511880Z [11:41:37]: ▸ [35m[[36mLiveActivityExtension[0m] [1mCopying[0m Localizable.strings[0m
Build	Fastlane Build & Archive	2026-07-20T11:41:37.2512620Z [11:41:37]: ▸ [35m[[36mLiveActivityExtension[0m] [1mCopying[0m Localizable.strings[0m
Build	Fastlane Build & Archive	2026-07-20T11:41:37.2513370Z [11:41:37]: ▸ [35m[[36mLiveActivityExtension[0m] [1mCopying[0m Localizable.strings[0m
Build	Fastlane Build & Archive	2026-07-20T11:41:37.2514110Z [11:41:37]: ▸ [35m[[36mLiveActivityExtension[0m] [1mCopying[0m Localizable.strings[0m
Build	Fastlane Build & Archive	2026-07-20T11:41:37.2515410Z [11:41:37]: ▸ [35m[[36mLiveActivityExtension[0m] [1mCopying[0m Localizable.strings[0m
Build	Fastlane Build & Archive	2026-07-20T11:41:37.2516540Z [11:41:37]: ▸ [35m[[36mGoogleUtilities_GoogleUtilities-UserDefaults[0m] [1mProcessing[0m empty-GoogleUtilities_GoogleUtilities-UserDefaults.plist[0m
Build	Fastlane Build & Archive	2026-07-20T11:41:37.2518400Z [11:41:37]: ▸ [35m[[36mGoogleUtilities_GoogleUtilities-UserDefaults[0m] [1mCopying[0m PrivacyInfo.xcprivacy[0m
Build	Fastlane Build & Archive	2026-07-20T11:41:37.2520170Z [11:41:37]: ▸ [35m[[36mGoogleUtilities_GoogleUtilities-NSData[0m] [1mProcessing[0m empty-GoogleUtilities_GoogleUtilities-NSData.plist[0m
Build	Fastlane Build & Archive	2026-07-20T11:41:37.2534080Z [11:41:37]: ▸ [35m[[36mGoogleUtilities_GoogleUtilities-NSData[0m] [1mCopying[0m PrivacyInfo.xcprivacy[0m
Build	Fastlane Build & Archive	2026-07-20T11:41:37.2536800Z [11:41:37]: ▸ [35m[[36mGoogleUtilities_GoogleUtilities-Logger[0m] [1mProcessing[0m empty-GoogleUtilities_GoogleUtilities-Logger.plist[0m
Build	Fastlane Build & Archive	2026-07-20T11:41:37.2537880Z [11:41:37]: ▸ [35m[[36mGoogleUtilities_GoogleUtilities-Logger[0m] [1mCopying[0m PrivacyInfo.xcprivacy[0m
Build	Fastlane Build & Archive	2026-07-20T11:41:37.2538900Z [11:41:37]: ▸ [35m[[36mGoogleUtilities_GoogleUtilities-Environment[0m] [1mProcessing[0m empty-GoogleUtilities_GoogleUtilities-Environment.plist[0m
Build	Fastlane Build & Archive	2026-07-20T11:41:37.2539890Z [11:41:37]: ▸ [35m[[36mGoogleUtilities_GoogleUtilities-Environment[0m] [1mCopying[0m PrivacyInfo.xcprivacy[0m
Build	Fastlane Build & Archive	2026-07-20T11:41:37.2541110Z [11:41:37]: ▸ [35m[[36mLoopKit-watchOS[0m] [1mCopy[0m armv7k-apple-watchos.swiftmodule -> LoopKit.swiftmodule[0m
Build	Fastlane Build & Archive	2026-07-20T11:41:37.2541890Z [11:41:37]: ▸ [35m[[36mLoopKit-watchOS[0m] [1mCopy[0m armv7k-apple-watchos.swiftdoc -> LoopKit.swiftdoc[0m
Build	Fastlane Build & Archive	2026-07-20T11:41:37.2542620Z [11:41:37]: ▸ [35m[[36mLoopKit-watchOS[0m] [1mCopy[0m armv7k-apple-watchos.abi.json -> LoopKit.abi.json[0m
Build	Fastlane Build & Archive	2026-07-20T11:41:37.2543260Z [11:41:37]: ▸ [35m[[36mSwiftCharts[0m] [1mLinking[0m SwiftCharts.o[0m
Build	Fastlane Build & Archive	2026-07-20T11:41:37.2543810Z [11:41:37]: ▸ [35m[[36mSwiftCharts[0m] [1mExtract App Intents Metadata[0m
Build	Fastlane Build & Archive	2026-07-20T11:41:37.2544540Z [11:41:37]: ▸ [35m[[36mGoogleUtilities-UserDefaults[0m] [1mCompiling[0m resource_bundle_accessor.m[0m
Build	Fastlane Build & Archive	2026-07-20T11:41:37.2545310Z [11:41:37]: ▸ [35m[[36mGoogleUtilities-NSData[0m] [1mCompiling[0m resource_bundle_accessor.m[0m
Build	Fastlane Build & Archive	2026-07-20T11:41:37.2546020Z [11:41:37]: ▸ [35m[[36mGoogleUtilities-NSData[0m] [1mCompiling[0m GULNSData+zlib.m[0m
Build	Fastlane Build & Archive	2026-07-20T11:41:37.2546690Z [11:41:37]: ▸ [35m[[36mGoogleUtilities-UserDefaults[0m] [1mCompiling[0m GULUserDefaults.m[0m
Build	Fastlane Build & Archive	2026-07-20T11:41:37.2547920Z [11:41:37]: ▸ [35m[[36mSwiftCharts[0m] [1mRegisterExecutionPolicyException[0m SwiftCharts.o[0m
Build	Fastlane Build & Archive	2026-07-20T11:41:37.2549750Z [11:41:37]: ▸ [35m[[36mLogging[0m] [1mLinking[0m Logging.o[0m
Build	Fastlane Build & Archive	2026-07-20T11:41:37.2551500Z [11:41:37]: ▸ [35m[[36mSwiftCharts[0m] [1mProcessing[0m empty-SwiftCharts.plist[0m
Build	Fastlane Build & Archive	2026-07-20T11:41:37.2553370Z [11:41:37]: ▸ [35m[[36mSwiftCharts[0m] [1mLinking[0m SwiftCharts[0m
Build	Fastlane Build & Archive	2026-07-20T11:41:37.2554020Z [11:41:37]: ▸ [35m[[36mLoopKit-watchOS[0m] [1mCompiling[0m LoopKit_vers.c[0m
Build	Fastlane Build & Archive	2026-07-20T11:41:37.2554690Z [11:41:37]: ▸ [35m[[36mLoopKit-watchOS[0m] [1mCompiling[0m LoopKit_vers.c[0m
Build	Fastlane Build & Archive	2026-07-20T11:41:37.2555240Z [11:41:37]: ▸ [35m[[36mLoopKit-watchOS[0m] [1mLinking[0m LoopKit[0m
Build	Fastlane Build & Archive	2026-07-20T11:41:37.2555770Z [11:41:37]: ▸ [35m[[36mLoopKit-watchOS[0m] [1mLinking[0m LoopKit[0m
Build	Fastlane Build & Archive	2026-07-20T11:41:37.2556350Z [11:41:37]: ▸ [35m[[36mSwiftCharts[0m] [1mGenerating[0m SwiftCharts.framework.dSYM[0m
Build	Fastlane Build & Archive	2026-07-20T11:41:37.2557000Z [11:41:37]: ▸ [35m[[36mLoopKit-watchOS[0m] [1mCompiling[0m LoopKit_vers.c[0m
Build	Fastlane Build & Archive	2026-07-20T11:41:37.2557560Z [11:41:37]: ▸ [35m[[36mLoopKit-watchOS[0m] [1mLinking[0m LoopKit[0m
Build	Fastlane Build & Archive	2026-07-20T11:41:37.2558270Z [11:41:37]: ▸ [35m[[36mMKRingProgressView[0m] [1mRegisterExecutionPolicyException[0m MKRingProgressView.o[0m
Build	Fastlane Build & Archive	2026-07-20T11:41:37.2558910Z [11:41:37]: ▸ [35m[[36mLogging[0m] [1mExtract App Intents Metadata[0m
Build	Fastlane Build & Archive	2026-07-20T11:41:37.2559470Z [11:41:37]: ▸ [35m[[36mLoopKit-watchOS[0m] [1mCreate Universal Binary[0m LoopKit[0m
Build	Fastlane Build & Archive	2026-07-20T11:41:37.2560610Z [11:41:37]: ▸ [35m[[36mLoopKit-watchOS[0m] [1mGenerating[0m LoopKit.framework.dSYM[0m
Build	Fastlane Build & Archive	2026-07-20T11:41:37.2561480Z [11:41:37]: ▸ [35m[[36mLoopKit-watchOS[0m] [1mExtract App Intents Metadata[0m
Build	Fastlane Build & Archive	2026-07-20T11:41:37.2562170Z [11:41:37]: ▸ [35m[[36mSwiftCharts[0m] [1mRegisterExecutionPolicyException[0m SwiftCharts.framework[0m
Build	Fastlane Build & Archive	2026-07-20T11:41:37.2562800Z [11:41:37]: ▸ [35m[[36mSwiftCharts[0m] [1mTouching[0m SwiftCharts.framework[0m
Build	Fastlane Build & Archive	2026-07-20T11:41:37.2563560Z [11:41:37]: ▸ [35m[[36mFirebaseRemoteConfigInterop[0m] [1mCopy[0m arm64-apple-ios.swiftmodule -> FirebaseRemoteConfigInterop.swiftmodule[0m
Build	Fastlane Build & Archive	2026-07-20T11:41:37.2564560Z [11:41:37]: ▸ [35m[[36mFirebaseRemoteConfigInterop[0m] [1mCopy[0m arm64-apple-ios.swiftdoc -> FirebaseRemoteConfigInterop.swiftdoc[0m
Build	Fastlane Build & Archive	2026-07-20T11:41:37.2565560Z [11:41:37]: ▸ [35m[[36mFirebaseRemoteConfigInterop[0m] [1mCopy[0m arm64-apple-ios.abi.json -> FirebaseRemoteConfigInterop.abi.json[0m
Build	Fastlane Build & Archive	2026-07-20T11:41:37.2566450Z [11:41:37]: ▸ [35m[[36mFirebaseCoreInternal[0m] [1mCopy[0m arm64-apple-ios.swiftmodule -> FirebaseCoreInternal.swiftmodule[0m
Build	Fastlane Build & Archive	2026-07-20T11:41:37.2568290Z [11:41:37]: ▸ [35m[[36mFirebaseCoreInternal[0m] [1mCopy[0m arm64-apple-ios.swiftdoc -> FirebaseCoreInternal.swiftdoc[0m
Build	Fastlane Build & Archive	2026-07-20T11:41:37.2569100Z [11:41:37]: ▸ [35m[[36mFirebaseCoreInternal[0m] [1mCopy[0m arm64-apple-ios.abi.json -> FirebaseCoreInternal.abi.json[0m
Build	Fastlane Build & Archive	2026-07-20T11:41:37.2569900Z [11:41:37]: ▸ [35m[[36mGoogleUtilities-Logger[0m] [1mCompiling[0m resource_bundle_accessor.m[0m
Build	Fastlane Build & Archive	2026-07-20T11:41:37.2570450Z [11:41:37]: ▸ [35m[[36mGoogleUtilities-Logger[0m] [1mCompiling[0m GULLogger.m[0m
Build	Fastlane Build & Archive	2026-07-20T11:41:37.2571030Z [11:41:37]: ▸ [35m[[36mGoogleUtilities-Environment[0m] [1mCompiling[0m resource_bundle_accessor.m[0m
Build	Fastlane Build & Archive	2026-07-20T11:41:37.2571640Z [11:41:37]: ▸ [35m[[36mGoogleUtilities-Environment[0m] [1mCompiling[0m GULKeychainUtils.m[0m
Build	Fastlane Build & Archive	2026-07-20T11:41:37.2572280Z [11:41:37]: ▸ [35m[[36mGoogleUtilities-Environment[0m] [1mCompiling[0m GULNetworkInfo.m[0m
Build	Fastlane Build & Archive	2026-07-20T11:41:37.2573010Z [11:41:37]: ▸ [35m[[36mGoogleUtilities-Environment[0m] [1mCompiling[0m GULKeychainStorage.m[0m
Build	Fastlane Build & Archive	2026-07-20T11:41:37.2574180Z [11:41:37]: ▸ [35m[[36mGoogleDataTransport_GoogleDataTransport[0m] [1mProcessing[0m empty-GoogleDataTransport_GoogleDataTransport.plist[0m
Build	Fastlane Build & Archive	2026-07-20T11:41:37.2576630Z [11:41:37]: ▸ [35m[[36mGoogleDataTransport_GoogleDataTransport[0m] [1mCopying[0m PrivacyInfo.xcprivacy[0m
Build	Fastlane Build & Archive	2026-07-20T11:41:37.2578450Z [11:41:37]: ▸ [35m[[36mGoogleUtilities-Environment[0m] [1mCompiling[0m GULAppEnvironmentUtil.m[0m
Build	Fastlane Build & Archive	2026-07-20T11:41:37.2583330Z [11:41:37]: ▸ [35m[[36mGoogleDataTransport[0m] [1mCompiling[0m resource_bundle_accessor.m[0m
Build	Fastlane Build & Archive	2026-07-20T11:41:37.2585110Z [11:41:37]: ▸ [35m[[36mGoogleDataTransport[0m] [1mCompiling[0m external_privacy_context.nanopb.c[0m
Build	Fastlane Build & Archive	2026-07-20T11:41:37.2585800Z [11:41:37]: ▸ [35m[[36mGoogleDataTransport[0m] [1mCompiling[0m external_prequest_context.nanopb.c[0m
Build	Fastlane Build & Archive	2026-07-20T11:41:37.2586410Z [11:41:37]: ▸ [35m[[36mGoogleDataTransport[0m] [1mCompiling[0m compliance.nanopb.c[0m
Build	Fastlane Build & Archive	2026-07-20T11:41:37.2587220Z [11:41:37]: ▸ [35m[[36mGoogleDataTransport[0m] [1mCompiling[0m client_metrics.nanopb.c[0m
Build	Fastlane Build & Archive	2026-07-20T11:41:37.2587740Z [11:41:37]: ▸ [35m[[36mGoogleDataTransport[0m] [1mCompiling[0m cct.nanopb.c[0m
Build	Fastlane Build & Archive	2026-07-20T11:41:37.2588320Z [11:41:37]: ▸ [35m[[36mGoogleDataTransport[0m] [1mCompiling[0m GDTCORUploadBatch.m[0m
Build	Fastlane Build & Archive	2026-07-20T11:41:37.2589010Z [11:41:37]: ▸ [35m[[36mLiveActivityExtension[0m] [1mCopy[0m arm64-apple-ios.swiftmodule -> LiveActivityExtension.swiftmodule[0m
Build	Fastlane Build & Archive	2026-07-20T11:41:37.2589860Z [11:41:37]: ▸ [35m[[36mLiveActivityExtension[0m] [1mCopy[0m arm64-apple-ios.swiftdoc -> LiveActivityExtension.swiftdoc[0m
Build	Fastlane Build & Archive	2026-07-20T11:41:37.2590610Z [11:41:37]: ▸ [35m[[36mLiveActivityExtension[0m] [1mCopy[0m arm64-apple-ios.abi.json -> LiveActivityExtension.abi.json[0m
Build	Fastlane Build & Archive	2026-07-20T11:41:37.2591840Z [11:41:37]: ▸ [35m[[36mGoogleDataTransport[0m] [1mCompiling[0m GDTCORStorageMetadata.m[0m
Build	Fastlane Build & Archive	2026-07-20T11:41:37.2592430Z [11:41:37]: ▸ [35m[[36mGoogleDataTransport[0m] [1mCompiling[0m GDTCORStorageEventSelector.m[0m
Build	Fastlane Build & Archive	2026-07-20T11:41:37.2593210Z [11:41:37]: ▸ [35m[[36mGoogleDataTransport[0m] [1mCompiling[0m GDTCORProductData.m[0m
Build	Fastlane Build & Archive	2026-07-20T11:41:37.2605390Z [11:41:37]: ▸ [35m[[36mGoogleDataTransport[0m] [1mCompiling[0m GDTCORMetricsMetadata.m[0m
Build	Fastlane Build & Archive	2026-07-20T11:41:37.2607660Z [11:41:37]: ▸ [35m[[36mGoogleDataTransport[0m] [1mCompiling[0m GDTCORMetrics.m[0m
Build	Fastlane Build & Archive	2026-07-20T11:41:37.2609060Z [11:41:37]: ▸ [35m[[36mGoogleDataTransport[0m] [1mCompiling[0m GDTCORLogSourceMetrics.m[0m
Build	Fastlane Build & Archive	2026-07-20T11:41:37.2609690Z [11:41:37]: ▸ [35m[[36mGoogleDataTransport[0m] [1mCompiling[0m GDTCOREvent+GDTMetricsSupport.m[0m
Build	Fastlane Build & Archive	2026-07-20T11:41:37.2610300Z [11:41:37]: ▸ [35m[[36mGoogleDataTransport[0m] [1mCompiling[0m GDTCOREvent+GDTCCTSupport.m[0m
Build	Fastlane Build & Archive	2026-07-20T11:41:37.2610970Z [11:41:37]: ▸ [35m[[36mGoogleDataTransport[0m] [1mCompiling[0m GDTCORUploadCoordinator.m[0m
Build	Fastlane Build & Archive	2026-07-20T11:41:37.2611560Z [11:41:37]: ▸ [35m[[36mGoogleDataTransport[0m] [1mCompiling[0m GDTCORTransport.m[0m
Build	Fastlane Build & Archive	2026-07-20T11:41:37.2612130Z [11:41:37]: ▸ [35m[[36mGoogleDataTransport[0m] [1mCompiling[0m GDTCORTransformer.m[0m
Build	Fastlane Build & Archive	2026-07-20T11:41:37.2612740Z [11:41:37]: ▸ [35m[[36mGoogleDataTransport[0m] [1mCompiling[0m GDTCORRegistrar.m[0m
Build	Fastlane Build & Archive	2026-07-20T11:41:37.2613310Z [11:41:37]: ▸ [35m[[36mGoogleDataTransport[0m] [1mCompiling[0m GDTCORReachability.m[0m
Build	Fastlane Build & Archive	2026-07-20T11:41:37.2613910Z [11:41:37]: ▸ [35m[[36mGoogleDataTransport[0m] [1mCompiling[0m GDTCORPlatform.m[0m
Build	Fastlane Build & Archive	2026-07-20T11:41:37.2614510Z [11:41:37]: ▸ [35m[[36mGoogleDataTransport[0m] [1mCompiling[0m GDTCORMetricsController.m[0m
Build	Fastlane Build & Archive	2026-07-20T11:41:37.2615180Z [11:41:37]: ▸ [35m[[36mGoogleDataTransport[0m] [1mCompiling[0m GDTCORMetrics+GDTCCTSupport.m[0m
Build	Fastlane Build & Archive	2026-07-20T11:41:37.2615780Z [11:41:37]: ▸ [35m[[36mGoogleDataTransport[0m] [1mCompiling[0m GDTCORLifecycle.m[0m
Build	Fastlane Build & Archive	2026-07-20T11:41:37.2616410Z [11:41:37]: ▸ [35m[[36mGoogleDataTransport[0m] [1mCompiling[0m GDTCORFlatFileStorage.m[0m
Build	Fastlane Build & Archive	2026-07-20T11:41:37.2617070Z [11:41:37]: ▸ [35m[[36mGoogleDataTransport[0m] [1mCompiling[0m GDTCORFlatFileStorage+Promises.m[0m
Build	Fastlane Build & Archive	2026-07-20T11:41:37.2617680Z [11:41:37]: ▸ [35m[[36mGoogleDataTransport[0m] [1mCompiling[0m GDTCOREvent.m[0m
Build	Fastlane Build & Archive	2026-07-20T11:41:37.2618230Z [11:41:37]: ▸ [35m[[36mGoogleDataTransport[0m] [1mCompiling[0m GDTCOREndpoints.m[0m
Build	Fastlane Build & Archive	2026-07-20T11:41:37.2618870Z [11:41:37]: ▸ [35m[[36mGoogleDataTransport[0m] [1mCompiling[0m GDTCORDirectorySizeTracker.m[0m
Build	Fastlane Build & Archive	2026-07-20T11:41:37.2619510Z [11:41:37]: ▸ [35m[[36mGoogleDataTransport[0m] [1mCompiling[0m GDTCORConsoleLogger.m[0m
Build	Fastlane Build & Archive	2026-07-20T11:41:37.2620100Z [11:41:37]: ▸ [35m[[36mGoogleDataTransport[0m] [1mCompiling[0m GDTCORClock.m[0m
Build	Fastlane Build & Archive	2026-07-20T11:41:37.2620650Z [11:41:37]: ▸ [35m[[36mGoogleDataTransport[0m] [1mCompiling[0m GDTCORAssert.m[0m
Build	Fastlane Build & Archive	2026-07-20T11:41:37.2621280Z [11:41:37]: ▸ [35m[[36mGoogleDataTransport[0m] [1mCompiling[0m GDTCCTUploader.m[0m
Build	Fastlane Build & Archive	2026-07-20T11:41:37.2621870Z [11:41:37]: ▸ [35m[[36mGoogleDataTransport[0m] [1mCompiling[0m GDTCCTUploadOperation.m[0m
Build	Fastlane Build & Archive	2026-07-20T11:41:37.2622460Z [11:41:37]: ▸ [35m[[36mGoogleDataTransport[0m] [1mCompiling[0m GDTCCTURLSessionDataResponse.m[0m
Build	Fastlane Build & Archive	2026-07-20T11:41:37.2623040Z [11:41:37]: ▸ [35m[[36mGoogleDataTransport[0m] [1mCompiling[0m GDTCCTNanopbHelpers.m[0m
Build	Fastlane Build & Archive	2026-07-20T11:41:37.2623710Z [11:41:37]: ▸ [35m[[36mFirebase_FirebaseInstallations[0m] [1mProcessing[0m empty-Firebase_FirebaseInstallations.plist[0m
Build	Fastlane Build & Archive	2026-07-20T11:41:37.2624380Z [11:41:37]: ▸ [35m[[36mGoogleDataTransport[0m] [1mCompiling[0m GDTCCTCompressionHelper.m[0m
Build	Fastlane Build & Archive	2026-07-20T11:41:37.2624980Z [11:41:37]: ▸ [35m[[36mFirebase_FirebaseInstallations[0m] [1mCopying[0m PrivacyInfo.xcprivacy[0m
Build	Fastlane Build & Archive	2026-07-20T11:41:37.2625660Z [11:41:37]: ▸ [35m[[36mFirebase_FirebaseCrashlytics[0m] [1mProcessing[0m empty-Firebase_FirebaseCrashlytics.plist[0m
Build	Fastlane Build & Archive	2026-07-20T11:41:37.2627010Z [11:41:37]: ▸ [35m[[36mFirebase_FirebaseCrashlytics[0m] [1mCopying[0m PrivacyInfo.xcprivacy[0m
Build	Fastlane Build & Archive	2026-07-20T11:41:37.2628780Z [11:41:37]: ▸ [35m[[36mFirebase_FirebaseCoreInternal[0m] [1mProcessing[0m empty-Firebase_FirebaseCoreInternal.plist[0m
Build	Fastlane Build & Archive	2026-07-20T11:41:37.2629500Z [11:41:37]: ▸ [35m[[36mFirebase_FirebaseCoreInternal[0m] [1mCopying[0m PrivacyInfo.xcprivacy[0m
Build	Fastlane Build & Archive	2026-07-20T11:41:37.2630220Z [11:41:37]: ▸ [35m[[36mFirebase_FirebaseCoreExtension[0m] [1mProcessing[0m empty-Firebase_FirebaseCoreExtension.plist[0m
Build	Fastlane Build & Archive	2026-07-20T11:41:37.2630910Z [11:41:37]: ▸ [35m[[36mFirebase_FirebaseCoreExtension[0m] [1mCopying[0m PrivacyInfo.xcprivacy[0m
Build	Fastlane Build & Archive	2026-07-20T11:41:37.2631560Z [11:41:37]: ▸ [35m[[36mFirebase_FirebaseCore[0m] [1mProcessing[0m empty-Firebase_FirebaseCore.plist[0m
Build	Fastlane Build & Archive	2026-07-20T11:41:37.2632180Z [11:41:37]: ▸ [35m[[36mFirebase_FirebaseCore[0m] [1mCopying[0m PrivacyInfo.xcprivacy[0m
Build	Fastlane Build & Archive	2026-07-20T11:41:37.2632730Z [11:41:37]: ▸ [35m[[36mFirebaseCoreExtension[0m] [1mCompiling[0m dummy.m[0m
Build	Fastlane Build & Archive	2026-07-20T11:41:37.2633290Z [11:41:37]: ▸ [35m[[36mFirebaseCoreExtension[0m] [1mCompiling[0m resource_bundle_accessor.m[0m
Build	Fastlane Build & Archive	2026-07-20T11:41:37.2633820Z [11:41:37]: ▸ [35m[[36mFirebase[0m] [1mCompiling[0m dummy.m[0m
Build	Fastlane Build & Archive	2026-07-20T11:41:37.2634220Z [11:41:37]: ▸ [35m[[36mFirebase[0m] [1mLinking[0m Firebase.o[0m
Build	Fastlane Build & Archive	2026-07-20T11:41:37.2634800Z [11:41:37]: ▸ [35m[[36mLoopKit-watchOS[0m] [1mRegisterExecutionPolicyException[0m LoopKit.framework[0m
Build	Fastlane Build & Archive	2026-07-20T11:41:37.2635410Z [11:41:37]: ▸ [35m[[36mLogging[0m] [1mRegisterExecutionPolicyException[0m Logging.o[0m
Build	Fastlane Build & Archive	2026-07-20T11:41:37.2635960Z [11:41:37]: ▸ [35m[[36mLiveActivityExtension[0m] [1mLinking[0m LiveActivityExtension[0m
Build	Fastlane Build & Archive	2026-07-20T11:41:37.2636480Z [11:41:37]: ▸ [35m[[36mLoopKit-watchOS[0m] [1mTouching[0m LoopKit.framework[0m
Build	Fastlane Build & Archive	2026-07-20T11:41:37.2636940Z [11:41:37]: ▸ [35m[[36mLoggerAPI[0m] [1mCompiling[0m Logger.swift[0m
Build	Fastlane Build & Archive	2026-07-20T11:41:37.2637500Z [11:41:37]: ▸ [35m[[36mLiveActivityExtension[0m] [1mGenerating[0m LiveActivityExtension.appex.dSYM[0m
Build	Fastlane Build & Archive	2026-07-20T11:41:37.2638090Z [11:41:37]: ▸ [35m[[36mLiveActivityExtension[0m] [1mExtract App Intents Metadata[0m
Build	Fastlane Build & Archive	2026-07-20T11:41:37.2638690Z [11:41:37]: ▸ [35m[[36mLoggerAPI[0m] [1mCopy[0m arm64-apple-ios.swiftmodule -> LoggerAPI.swiftmodule[0m
Build	Fastlane Build & Archive	2026-07-20T11:41:37.2639350Z [11:41:37]: ▸ [35m[[36mLoggerAPI[0m] [1mCopy[0m arm64-apple-ios.swiftdoc -> LoggerAPI.swiftdoc[0m
Build	Fastlane Build & Archive	2026-07-20T11:41:37.2639950Z [11:41:37]: ▸ [35m[[36mLoggerAPI[0m] [1mCopy[0m arm64-apple-ios.abi.json -> LoggerAPI.abi.json[0m
Build	Fastlane Build & Archive	2026-07-20T11:41:37.2640440Z [11:41:37]: ▸ [35m[[36mLoggerAPI[0m] [1mLinking[0m LoggerAPI.o[0m
Build	Fastlane Build & Archive	2026-07-20T11:41:37.2640880Z [11:41:37]: ▸ [35m[[36mLoggerAPI[0m] [1mExtract App Intents Metadata[0m
Build	Fastlane Build & Archive	2026-07-20T11:41:37.2641410Z [11:41:37]: ▸ [35m[[36mLoggerAPI[0m] [1mRegisterExecutionPolicyException[0m LoggerAPI.o[0m
Build	Fastlane Build & Archive	2026-07-20T11:41:37.2642070Z [11:41:37]: ▸ [35m[1mSigning[0m LiveActivityExtension.appex (in target 'LiveActivityExtension' from project 'Trio')[0m
Build	Fastlane Build & Archive	2026-07-20T11:41:37.2642840Z [11:41:37]: ▸ [35m[[36mLiveActivityExtension[0m] [1mRegisterExecutionPolicyException[0m LiveActivityExtension.appex[0m
Build	Fastlane Build & Archive	2026-07-20T11:41:37.2643820Z [11:41:37]: ▸ [35m[[36mGoogleUtilities_GoogleUtilities-UserDefaults[0m] [1mRegisterExecutionPolicyException[0m GoogleUtilities_GoogleUtilities-UserDefaults.bundle[0m
Build	Fastlane Build & Archive	2026-07-20T11:41:37.2644640Z [11:41:37]: ▸ [35m[[36mLiveActivityExtension[0m] [1mTouching[0m LiveActivityExtension.appex[0m
Build	Fastlane Build & Archive	2026-07-20T11:41:37.2645540Z [11:41:37]: ▸ [35m[[36mGoogleUtilities_GoogleUtilities-UserDefaults[0m] [1mTouching[0m GoogleUtilities_GoogleUtilities-UserDefaults.bundle[0m
Build	Fastlane Build & Archive	2026-07-20T11:41:37.2646500Z [11:41:37]: ▸ [35m[[36mGoogleUtilities_GoogleUtilities-NSData[0m] [1mRegisterExecutionPolicyException[0m GoogleUtilities_GoogleUtilities-NSData.bundle[0m
Build	Fastlane Build & Archive	2026-07-20T11:41:37.2647500Z [11:41:37]: ▸ [35m[[36mGoogleUtilities_GoogleUtilities-Logger[0m] [1mRegisterExecutionPolicyException[0m GoogleUtilities_GoogleUtilities-Logger.bundle[0m
Build	Fastlane Build & Archive	2026-07-20T11:41:37.2648890Z [11:41:37]: ▸ [35m[[36mGoogleUtilities_GoogleUtilities-NSData[0m] [1mTouching[0m GoogleUtilities_GoogleUtilities-NSData.bundle[0m
Build	Fastlane Build & Archive	2026-07-20T11:41:37.2649850Z [11:41:37]: ▸ [35m[[36mGoogleUtilities_GoogleUtilities-Logger[0m] [1mTouching[0m GoogleUtilities_GoogleUtilities-Logger.bundle[0m
Build	Fastlane Build & Archive	2026-07-20T11:41:37.2650570Z [11:41:37]: ▸ [35m[[36mGoogleUtilities-NSData[0m] [1mLinking[0m GoogleUtilities-NSData.o[0m
Build	Fastlane Build & Archive	2026-07-20T11:41:37.2651390Z [11:41:37]: ▸ [35m[[36mGoogleUtilities_GoogleUtilities-Environment[0m] [1mRegisterExecutionPolicyException[0m GoogleUtilities_GoogleUtilities-Environment.bundle[0m
Build	Fastlane Build & Archive	2026-07-20T11:41:37.2652370Z [11:41:37]: ▸ [35m[[36mGoogleUtilities_GoogleUtilities-Environment[0m] [1mTouching[0m GoogleUtilities_GoogleUtilities-Environment.bundle[0m
Build	Fastlane Build & Archive	2026-07-20T11:41:37.2653120Z [11:41:37]: ▸ [35m[[36mGoogleUtilities-Environment[0m] [1mLinking[0m GoogleUtilities-Environment.o[0m
Build	Fastlane Build & Archive	2026-07-20T11:41:37.2653840Z [11:41:37]: ▸ [35m[[36mGoogleUtilities-NSData[0m] [1mRegisterExecutionPolicyException[0m GoogleUtilities-NSData.o[0m
Build	Fastlane Build & Archive	2026-07-20T11:41:37.2654630Z [11:41:37]: ▸ [35m[[36mGoogleUtilities-Environment[0m] [1mRegisterExecutionPolicyException[0m GoogleUtilities-Environment.o[0m
Build	Fastlane Build & Archive	2026-07-20T11:41:37.2655540Z [11:41:37]: ▸ [35m[[36mGoogleDataTransport_GoogleDataTransport[0m] [1mRegisterExecutionPolicyException[0m GoogleDataTransport_GoogleDataTransport.bundle[0m
Build	Fastlane Build & Archive	2026-07-20T11:41:37.2656310Z [11:41:37]: ▸ [35m[[36mGoogleUtilities-Logger[0m] [1mLinking[0m GoogleUtilities-Logger.o[0m
Build	Fastlane Build & Archive	2026-07-20T11:41:37.2657070Z [11:41:37]: ▸ [35m[[36mGoogleDataTransport_GoogleDataTransport[0m] [1mTouching[0m GoogleDataTransport_GoogleDataTransport.bundle[0m
Build	Fastlane Build & Archive	2026-07-20T11:41:37.2657850Z [11:41:37]: ▸ [35m[[36mGoogleUtilities-Logger[0m] [1mRegisterExecutionPolicyException[0m GoogleUtilities-Logger.o[0m
Build	Fastlane Build & Archive	2026-07-20T11:41:37.2658580Z [11:41:37]: ▸ [35m[[36mGoogleUtilities-UserDefaults[0m] [1mLinking[0m GoogleUtilities-UserDefaults.o[0m
Build	Fastlane Build & Archive	2026-07-20T11:41:37.2659290Z [11:41:37]: ▸ [35m[[36mFirebaseRemoteConfigInterop[0m] [1mLinking[0m FirebaseRemoteConfigInterop.o[0m
Build	Fastlane Build & Archive	2026-07-20T11:41:37.2660080Z [11:41:37]: ▸ [35m[[36mGoogleUtilities-UserDefaults[0m] [1mRegisterExecutionPolicyException[0m GoogleUtilities-UserDefaults.o[0m
Build	Fastlane Build & Archive	2026-07-20T11:41:37.2660920Z [11:41:37]: ▸ [35m[[36mFirebase_FirebaseInstallations[0m] [1mRegisterExecutionPolicyException[0m Firebase_FirebaseInstallations.bundle[0m
Build	Fastlane Build & Archive	2026-07-20T11:41:37.2661660Z [11:41:37]: ▸ [35m[[36mFirebaseRemoteConfigInterop[0m] [1mExtract App Intents Metadata[0m
Build	Fastlane Build & Archive	2026-07-20T11:41:37.2662290Z [11:41:37]: ▸ [35m[[36mFirebase_FirebaseInstallations[0m] [1mTouching[0m Firebase_FirebaseInstallations.bundle[0m
Build	Fastlane Build & Archive	2026-07-20T11:41:37.2663070Z [11:41:37]: ▸ [35m[[36mFirebase_FirebaseCrashlytics[0m] [1mRegisterExecutionPolicyException[0m Firebase_FirebaseCrashlytics.bundle[0m
Build	Fastlane Build & Archive	2026-07-20T11:41:37.2663830Z [11:41:37]: ▸ [35m[[36mFirebase_FirebaseCrashlytics[0m] [1mTouching[0m Firebase_FirebaseCrashlytics.bundle[0m
Build	Fastlane Build & Archive	2026-07-20T11:41:37.2665920Z [11:41:37]: ▸ [35m[[36mFirebase_FirebaseCoreInternal[0m] [1mRegisterExecutionPolicyException[0m Firebase_FirebaseCoreInternal.bundle[0m
Build	Fastlane Build & Archive	2026-07-20T11:41:37.2666930Z [11:41:37]: ▸ [35m[[36mFirebase_FirebaseCoreInternal[0m] [1mTouching[0m Firebase_FirebaseCoreInternal.bundle[0m
Build	Fastlane Build & Archive	2026-07-20T11:41:37.2669490Z [11:41:37]: ▸ [35m[[36mFirebase_FirebaseCoreExtension[0m] [1mRegisterExecutionPolicyException[0m Firebase_FirebaseCoreExtension.bundle[0m
Build	Fastlane Build & Archive	2026-07-20T11:41:37.2671690Z [11:41:37]: ▸ [35m[[36mFirebaseCoreInternal[0m] [1mLinking[0m FirebaseCoreInternal.o[0m
Build	Fastlane Build & Archive	2026-07-20T11:41:37.2673670Z [11:41:37]: ▸ [35m[[36mFirebase_FirebaseCoreExtension[0m] [1mTouching[0m Firebase_FirebaseCoreExtension.bundle[0m
Build	Fastlane Build & Archive	2026-07-20T11:41:37.2675360Z [11:41:37]: ▸ [35m[[36mFirebaseCoreExtension[0m] [1mLinking[0m FirebaseCoreExtension.o[0m
Build	Fastlane Build & Archive	2026-07-20T11:41:37.2678250Z [11:41:37]: ▸ [35m[[36mFirebase_FirebaseCore[0m] [1mRegisterExecutionPolicyException[0m Firebase_FirebaseCore.bundle[0m
Build	Fastlane Build & Archive	2026-07-20T11:41:37.2680480Z [11:41:37]: ▸ [35m[[36mFirebase_FirebaseCore[0m] [1mTouching[0m Firebase_FirebaseCore.bundle[0m
Build	Fastlane Build & Archive	2026-07-20T11:41:37.2682350Z [11:41:37]: ▸ [35m[[36mFirebaseSessionsObjC[0m] [1mCompiling[0m sessions.nanopb.c[0m
Build	Fastlane Build & Archive	2026-07-20T11:41:37.2684200Z [11:41:37]: ▸ [35m[[36mFirebaseSessionsObjC[0m] [1mCompiling[0m FIRSESNanoPBHelpers.m[0m
Build	Fastlane Build & Archive	2026-07-20T11:42:04.7937750Z [11:42:04]: ▸ [35m[[36mKituraContracts[0m] [1mCopy[0m arm64-apple-ios.swiftmodule -> KituraContracts.swiftmodule[0m
Build	Fastlane Build & Archive	2026-07-20T11:42:04.8066000Z [11:42:04]: ▸ [35m[[36mKituraContracts[0m] [1mCopy[0m arm64-apple-ios.swiftdoc -> KituraContracts.swiftdoc[0m
Build	Fastlane Build & Archive	2026-07-20T11:42:04.8169600Z [11:42:04]: ▸ [35m[[36mKituraContracts[0m] [1mCopy[0m arm64-apple-ios.abi.json -> KituraContracts.abi.json[0m
Build	Fastlane Build & Archive	2026-07-20T11:42:04.8292360Z [11:42:04]: ▸ [35m[[36mCryptorRSA[0m] [1mCopy[0m arm64-apple-ios.swiftmodule -> CryptorRSA.swiftmodule[0m
Build	Fastlane Build & Archive	2026-07-20T11:42:04.8395620Z [11:42:04]: ▸ [35m[[36mCryptorRSA[0m] [1mCopy[0m arm64-apple-ios.swiftdoc -> CryptorRSA.swiftdoc[0m
Build	Fastlane Build & Archive	2026-07-20T11:42:04.8497060Z [11:42:04]: ▸ [35m[[36mCryptorRSA[0m] [1mCopy[0m arm64-apple-ios.abi.json -> CryptorRSA.abi.json[0m
Build	Fastlane Build & Archive	2026-07-20T11:42:04.8662980Z [11:42:04]: ▸ [35m[[36mLoopKit[0m] [1mCopy[0m arm64-apple-ios.swiftmodule -> LoopKit.swiftmodule[0m
Build	Fastlane Build & Archive	2026-07-20T11:42:04.8775830Z [11:42:04]: ▸ [35m[[36mLoopKit[0m] [1mCopy[0m arm64-apple-ios.swiftdoc -> LoopKit.swiftdoc[0m
Build	Fastlane Build & Archive	2026-07-20T11:42:04.8885380Z [11:42:04]: ▸ [35m[[36mLoopKit[0m] [1mCopy[0m arm64-apple-ios.abi.json -> LoopKit.abi.json[0m
Build	Fastlane Build & Archive	2026-07-20T11:42:04.9002740Z [11:42:04]: ▸ [35m[[36mCryptorECC[0m] [1mCopy[0m arm64-apple-ios.swiftmodule -> CryptorECC.swiftmodule[0m
Build	Fastlane Build & Archive	2026-07-20T11:42:04.9073910Z [11:42:04]: ▸ [35m[[36mCryptorECC[0m] [1mCopy[0m arm64-apple-ios.swiftdoc -> CryptorECC.swiftdoc[0m
Build	Fastlane Build & Archive	2026-07-20T11:42:04.9091620Z [11:42:04]: ▸ [35m[[36mCryptorECC[0m] [1mCopy[0m arm64-apple-ios.abi.json -> CryptorECC.abi.json[0m
Build	Fastlane Build & Archive	2026-07-20T11:42:04.9092440Z [11:42:04]: ▸ [35m[[36mCryptor[0m] [1mCopy[0m arm64-apple-ios.swiftmodule -> Cryptor.swiftmodule[0m
Build	Fastlane Build & Archive	2026-07-20T11:42:04.9093150Z [11:42:04]: ▸ [35m[[36mCryptor[0m] [1mCopy[0m arm64-apple-ios.swiftdoc -> Cryptor.swiftdoc[0m
Build	Fastlane Build & Archive	2026-07-20T11:42:04.9093930Z [11:42:04]: ▸ [35m[[36mCryptor[0m] [1mCopy[0m arm64-apple-ios.abi.json -> Cryptor.abi.json[0m
Build	Fastlane Build & Archive	2026-07-20T11:42:04.9094650Z [11:42:04]: ▸ [35m[[36mFirebaseCoreInternal[0m] [1mExtract App Intents Metadata[0m
Build	Fastlane Build & Archive	2026-07-20T11:42:04.9095290Z [11:42:04]: ▸ [35m[[36mFBLPromises[0m] [1mCompiling[0m resource_bundle_accessor.m[0m
Build	Fastlane Build & Archive	2026-07-20T11:42:04.9095890Z [11:42:04]: ▸ [35m[[36mFBLPromises[0m] [1mCompiling[0m FBLPromiseError.m[0m
Build	Fastlane Build & Archive	2026-07-20T11:42:04.9098210Z [11:42:04]: ▸ [35m[[36mFBLPromises[0m] [1mCompiling[0m FBLPromise.m[0m
Build	Fastlane Build & Archive	2026-07-20T11:42:04.9099820Z [11:42:04]: ▸ [35m[[36mFBLPromises[0m] [1mCompiling[0m FBLPromise+Wrap.m[0m
Build	Fastlane Build & Archive	2026-07-20T11:42:04.9100430Z [11:42:04]: ▸ [35m[[36mFBLPromises[0m] [1mCompiling[0m FBLPromise+Validate.m[0m
Build	Fastlane Build & Archive	2026-07-20T11:42:04.9101000Z [11:42:04]: ▸ [35m[[36mFBLPromises[0m] [1mCompiling[0m FBLPromise+Timeout.m[0m
Build	Fastlane Build & Archive	2026-07-20T11:42:04.9101600Z [11:42:04]: ▸ [35m[[36mFBLPromises[0m] [1mCompiling[0m FBLPromise+Then.m[0m
Build	Fastlane Build & Archive	2026-07-20T11:42:04.9102170Z [11:42:04]: ▸ [35m[[36mFBLPromises[0m] [1mCompiling[0m FBLPromise+Testing.m[0m
Build	Fastlane Build & Archive	2026-07-20T11:42:04.9102780Z [11:42:04]: ▸ [35m[[36mFBLPromises[0m] [1mCompiling[0m FBLPromise+Retry.m[0m
Build	Fastlane Build & Archive	2026-07-20T11:42:04.9103360Z [11:42:04]: ▸ [35m[[36mFBLPromises[0m] [1mCompiling[0m FBLPromise+Reduce.m[0m
Build	Fastlane Build & Archive	2026-07-20T11:42:04.9103990Z [11:42:04]: ▸ [35m[[36mFBLPromises[0m] [1mCompiling[0m FBLPromise+Recover.m[0m
Build	Fastlane Build & Archive	2026-07-20T11:42:04.9104560Z [11:42:04]: ▸ [35m[[36mFBLPromises[0m] [1mCompiling[0m FBLPromise+Race.m[0m
Build	Fastlane Build & Archive	2026-07-20T11:42:04.9112710Z [11:42:04]: ▸ [35m[[36mFBLPromises[0m] [1mCompiling[0m FBLPromise+Do.m[0m
Build	Fastlane Build & Archive	2026-07-20T11:42:04.9113280Z [11:42:04]: ▸ [35m[[36mFBLPromises[0m] [1mCompiling[0m FBLPromise+Delay.m[0m
Build	Fastlane Build & Archive	2026-07-20T11:42:04.9121860Z [11:42:04]: ▸ [35m[[36mFBLPromises[0m] [1mCompiling[0m FBLPromise+Catch.m[0m
Build	Fastlane Build & Archive	2026-07-20T11:42:04.9191720Z [11:42:04]: ▸ [35m[[36mFBLPromises[0m] [1mCompiling[0m FBLPromise+Await.m[0m
Build	Fastlane Build & Archive	2026-07-20T11:42:04.9296740Z [11:42:04]: ▸ [35m[[36mFBLPromises[0m] [1mCompiling[0m FBLPromise+Async.m[0m
Build	Fastlane Build & Archive	2026-07-20T11:42:04.9408750Z [11:42:04]: ▸ [35m[[36mFBLPromises[0m] [1mCompiling[0m FBLPromise+Any.m[0m
Build	Fastlane Build & Archive	2026-07-20T11:42:04.9519470Z [11:42:04]: ▸ [35m[[36mFBLPromises[0m] [1mCompiling[0m FBLPromise+Always.m[0m
Build	Fastlane Build & Archive	2026-07-20T11:42:04.9623820Z [11:42:04]: ▸ [35m[[36mFBLPromises[0m] [1mCompiling[0m FBLPromise+All.m[0m
Build	Fastlane Build & Archive	2026-07-20T11:42:04.9726350Z [11:42:04]: ▸ [35m[[36mFBLPromises[0m] [1mLinking[0m FBLPromises.o[0m
Build	Fastlane Build & Archive	2026-07-20T11:42:04.9832980Z [11:42:04]: ▸ [35m[[36mCryptoSwift_CryptoSwift[0m] [1mProcessing[0m empty-CryptoSwift_CryptoSwift.plist[0m
Build	Fastlane Build & Archive	2026-07-20T11:42:04.9935990Z [11:42:04]: ▸ [35m[[36mCryptoSwift_CryptoSwift[0m] [1mCopying[0m PrivacyInfo.xcprivacy[0m
Build	Fastlane Build & Archive	2026-07-20T11:42:05.0064780Z [11:42:04]: ▸ [35m[[36mKituraContracts[0m] [1mLinking[0m KituraContracts.o[0m
Build	Fastlane Build & Archive	2026-07-20T11:42:05.0106090Z [11:42:04]: ▸ [35m[[36mLoopKit[0m] [1mCompiling[0m LoopKit_vers.c[0m
Build	Fastlane Build & Archive	2026-07-20T11:42:05.0106780Z [11:42:04]: ▸ [35m[[36mLoopKit[0m] [1mLinking[0m LoopKit[0m
Build	Fastlane Build & Archive	2026-07-20T11:42:05.0107350Z [11:42:04]: ▸ [35m[[36mLoopKit[0m] [1mGenerating[0m LoopKit.framework.dSYM[0m
Build	Fastlane Build & Archive	2026-07-20T11:42:05.0108100Z [11:42:04]: ▸ [35m[[36mFirebaseSessions[0m] [1mCopy[0m arm64-apple-ios.swiftmodule -> FirebaseSessions.swiftmodule[0m
Build	Fastlane Build & Archive	2026-07-20T11:42:05.0111000Z [11:42:04]: ▸ [35m[[36mFirebaseSessions[0m] [1mCopy[0m arm64-apple-ios.swiftdoc -> FirebaseSessions.swiftdoc[0m
Build	Fastlane Build & Archive	2026-07-20T11:42:05.0113270Z [11:42:04]: ▸ [35m[[36mFirebaseSessions[0m] [1mCopy[0m arm64-apple-ios.abi.json -> FirebaseSessions.abi.json[0m
Build	Fastlane Build & Archive	2026-07-20T11:42:05.0115240Z [11:42:04]: ▸ [35m[[36mLoopKit[0m] [1mExtract App Intents Metadata[0m
Build	Fastlane Build & Archive	2026-07-20T11:42:05.0116650Z [11:42:04]: ▸ [35m[[36mKituraContracts[0m] [1mExtract App Intents Metadata[0m
Build	Fastlane Build & Archive	2026-07-20T11:42:06.6536070Z [11:42:06]: ▸ [35m::warning file=/Users/runner/work/Trio/Trio/TidepoolService/TidepoolServiceKit/Extensions/TDatum.swift,line=59,col=1::extension declares a conformance of imported type 'TDatum' to imported protocol 'CustomDebugStringConvertible'; this will not behave correctly if the owners of 'TidepoolKit' introduce this conformance in the future[0m
Build	Fastlane Build & Archive	2026-07-20T11:42:06.6681590Z [11:42:06]: ▸ [35mextension TDatum: CustomDebugStringConvertible {[0m
Build	Fastlane Build & Archive	2026-07-20T11:42:06.6683790Z [11:42:06]: ▸ [35m^[0m
Build	Fastlane Build & Archive	2026-07-20T11:42:06.8213640Z [11:42:06]: ▸ [35m[[36mSwiftJWT[0m] [1mCopy[0m arm64-apple-ios.swiftmodule -> SwiftJWT.swiftmodule[0m
Build	Fastlane Build & Archive	2026-07-20T11:42:06.8255350Z [11:42:06]: ▸ [35m[[36mSwiftJWT[0m] [1mCopy[0m arm64-apple-ios.swiftdoc -> SwiftJWT.swiftdoc[0m
Build	Fastlane Build & Archive	2026-07-20T11:42:06.8257080Z [11:42:06]: ▸ [35m[[36mSwiftJWT[0m] [1mCopy[0m arm64-apple-ios.abi.json -> SwiftJWT.abi.json[0m
Build	Fastlane Build & Archive	2026-07-20T11:42:06.8257880Z [11:42:06]: ▸ [35m[[36mCryptorRSA[0m] [1mLinking[0m CryptorRSA.o[0m
Build	Fastlane Build & Archive	2026-07-20T11:42:06.8258680Z [11:42:06]: ▸ [35m[[36mShareClient[0m] [1mCopy[0m arm64-apple-ios.swiftmodule -> ShareClient.swiftmodule[0m
Build	Fastlane Build & Archive	2026-07-20T11:42:06.8259570Z [11:42:06]: ▸ [35m[[36mShareClient[0m] [1mCopy[0m arm64-apple-ios.swiftdoc -> ShareClient.swiftdoc[0m
Build	Fastlane Build & Archive	2026-07-20T11:42:06.8260410Z [11:42:06]: ▸ [35m[[36mShareClient[0m] [1mCopy[0m arm64-apple-ios.abi.json -> ShareClient.abi.json[0m
Build	Fastlane Build & Archive	2026-07-20T11:42:06.8261230Z [11:42:06]: ▸ [35m[[36mFirebaseInstallations[0m] [1mCompiling[0m resource_bundle_accessor.m[0m
Build	Fastlane Build & Archive	2026-07-20T11:42:06.8262000Z [11:42:06]: ▸ [35m[[36mFirebaseInstallations[0m] [1mCompiling[0m FIRInstallationsStoredItem.m[0m
Build	Fastlane Build & Archive	2026-07-20T11:42:06.8304650Z [11:42:06]: ▸ [35m[[36mFirebaseInstallations[0m] [1mCompiling[0m FIRInstallationsStoredAuthToken.m[0m
Build	Fastlane Build & Archive	2026-07-20T11:42:06.8307090Z [11:42:06]: ▸ [35m[[36mFirebaseInstallations[0m] [1mCompiling[0m FIRInstallationsStore.m[0m
Build	Fastlane Build & Archive	2026-07-20T11:42:06.8310860Z [11:42:06]: ▸ [35m[[36mFirebaseInstallations[0m] [1mCompiling[0m FIRInstallationsSingleOperationPromiseCache.m[0m
Build	Fastlane Build & Archive	2026-07-20T11:42:06.8311930Z [11:42:06]: ▸ [35m[[36mFirebaseInstallations[0m] [1mCompiling[0m FIRInstallationsLogger.m[0m
Build	Fastlane Build & Archive	2026-07-20T11:42:06.8312620Z [11:42:06]: ▸ [35m[[36mFirebaseInstallations[0m] [1mCompiling[0m FIRInstallationsItem.m[0m
Build	Fastlane Build & Archive	2026-07-20T11:42:06.8313450Z [11:42:06]: ▸ [35m[[36mFirebaseInstallations[0m] [1mCompiling[0m FIRInstallationsItem+RegisterInstallationAPI.m[0m
Build	Fastlane Build & Archive	2026-07-20T11:42:06.8314240Z [11:42:06]: ▸ [35m[[36mFirebaseInstallations[0m] [1mCompiling[0m FIRInstallationsIIDTokenStore.m[0m
Build	Fastlane Build & Archive	2026-07-20T11:42:06.8314960Z [11:42:06]: ▸ [35m[[36mFirebaseInstallations[0m] [1mCompiling[0m FIRInstallationsIIDStore.m[0m
Build	Fastlane Build & Archive	2026-07-20T11:42:06.8315700Z [11:42:06]: ▸ [35m[[36mFirebaseInstallations[0m] [1mCompiling[0m FIRInstallationsIDController.m[0m
Build	Fastlane Build & Archive	2026-07-20T11:42:06.8316410Z [11:42:06]: ▸ [35m[[36mFirebaseInstallations[0m] [1mCompiling[0m FIRInstallationsHTTPError.m[0m
Build	Fastlane Build & Archive	2026-07-20T11:42:06.8318890Z [11:42:06]: ▸ [35m[[36mFirebaseInstallations[0m] [1mCompiling[0m FIRInstallationsErrorUtil.m[0m
Build	Fastlane Build & Archive	2026-07-20T11:42:06.8421050Z [11:42:06]: ▸ [35m[[36mFirebaseInstallations[0m] [1mCompiling[0m FIRInstallationsBackoffController.m[0m
Build	Fastlane Build & Archive	2026-07-20T11:42:06.8523110Z [11:42:06]: ▸ [35m[[36mFirebaseInstallations[0m] [1mCompiling[0m FIRInstallationsAuthTokenResult.m[0m
Build	Fastlane Build & Archive	2026-07-20T11:42:06.8627540Z [11:42:06]: ▸ [35m[[36mFirebaseInstallations[0m] [1mCompiling[0m FIRInstallationsAPIService.m[0m
Build	Fastlane Build & Archive	2026-07-20T11:42:06.8729520Z [11:42:06]: ▸ [35m[[36mFirebaseInstallations[0m] [1mCompiling[0m FIRInstallations.m[0m
Build	Fastlane Build & Archive	2026-07-20T11:42:06.8831160Z [11:42:06]: ▸ [35m[[36mFirebaseInstallations[0m] [1mCompiling[0m FIRCurrentDateProvider.m[0m
Build	Fastlane Build & Archive	2026-07-20T11:42:06.8933120Z [11:42:06]: ▸ [35m[[36mShareClient[0m] [1mCompiling[0m ShareClient_vers.c[0m
Build	Fastlane Build & Archive	2026-07-20T11:42:14.5901620Z [11:42:14]: ▸ [35m/Users/runner/Library/Developer/Xcode/DerivedData/Trio-bovmnxebschsylahdeysnjjqdcte/Build/Intermediates.noindex/ArchiveIntermediates/Trio/IntermediateBuildFilesPath/LoopKit.build/Release-iphoneos/LoopKitUI.build/DerivedSources/GeneratedAssetSymbols.swift:121:14: warning: The "vial_color" image asset name resolves to the symbol "vial" which already exists. Try renaming the asset.[0m
Build	Fastlane Build & Archive	2026-07-20T11:42:14.5975880Z [11:42:14]: ▸ [35m    #warning("The \"vial_color\" image asset name resolves to the symbol \"vial\" which already exists. Try renaming the asset.")[0m
Build	Fastlane Build & Archive	2026-07-20T11:42:14.5977130Z [11:42:14]: ▸ [35m             ^~~~~~~~~~~~~~~~~~~~~~~~~~~~~~~~~~~~~~~~~~~~~~~~~~~~~~~~~~~~~~~~~~~~~~~~~~~~~~~~~~~~~~~~~~~~~~~~~~~~~~~~~~~~~~~~~~~[0m
Build	Fastlane Build & Archive	2026-07-20T11:42:19.8927500Z [11:42:19]: ▸ [35m[[36mCryptoSwift[0m] [1mCopy[0m arm64-apple-ios.swiftmodule -> CryptoSwift.swiftmodule[0m
Build	Fastlane Build & Archive	2026-07-20T11:42:19.9034860Z [11:42:19]: ▸ [35m[[36mCryptoSwift[0m] [1mCopy[0m arm64-apple-ios.swiftdoc -> CryptoSwift.swiftdoc[0m
Build	Fastlane Build & Archive	2026-07-20T11:42:19.9036060Z [11:42:19]: ▸ [35m[[36mCryptoSwift[0m] [1mCopy[0m arm64-apple-ios.abi.json -> CryptoSwift.abi.json[0m
Build	Fastlane Build & Archive	2026-07-20T11:42:19.9149800Z [11:42:19]: ▸ [35m[[36mTidepoolServiceKit[0m] [1mCopy[0m arm64-apple-ios.swiftmodule -> TidepoolServiceKit.swiftmodule[0m
Build	Fastlane Build & Archive	2026-07-20T11:42:19.9254890Z [11:42:19]: ▸ [35m[[36mTidepoolServiceKit[0m] [1mCopy[0m arm64-apple-ios.swiftdoc -> TidepoolServiceKit.swiftdoc[0m
Build	Fastlane Build & Archive	2026-07-20T11:42:19.9355350Z [11:42:19]: ▸ [35m[[36mTidepoolServiceKit[0m] [1mCopy[0m arm64-apple-ios.abi.json -> TidepoolServiceKit.abi.json[0m
Build	Fastlane Build & Archive	2026-07-20T11:42:19.9365130Z [11:42:19]: ▸ [35m[[36mTidepoolServiceKit[0m] [1mCompiling[0m TidepoolServiceKit_vers.c[0m
Build	Fastlane Build & Archive	2026-07-20T11:42:19.9368130Z [11:42:19]: ▸ [35m[[36mFirebaseRemoteConfigInterop[0m] [1mRegisterExecutionPolicyException[0m FirebaseRemoteConfigInterop.o[0m
Build	Fastlane Build & Archive	2026-07-20T11:42:19.9383890Z [11:42:19]: ▸ [35m[[36mLoopKitUI[0m] [1mGenerate Asset Symbols[0m Assets.xcassets[0m
Build	Fastlane Build & Archive	2026-07-20T11:42:22.4085630Z [11:42:22]: ▸ [35m::warning file=/Users/runner/Library/Developer/Xcode/DerivedData/Trio-bovmnxebschsylahdeysnjjqdcte/Build/Intermediates.noindex/ArchiveIntermediates/Trio/IntermediateBuildFilesPath/LoopKit.build/Release-iphoneos/LoopKitUI.build/DerivedSources/GeneratedAssetSymbols.swift,line=121,col=14::The "vial_color" image asset name resolves to the symbol "vial" which already exists. Try renaming the asset.[0m
Build	Fastlane Build & Archive	2026-07-20T11:42:22.4212210Z [11:42:22]: ▸ [35m    #warning("The \"vial_color\" image asset name resolves to the symbol \"vial\" which already exists. Try renaming the asset.")[0m
Build	Fastlane Build & Archive	2026-07-20T11:42:22.4287200Z [11:42:22]: ▸ [35m             ^~~~~~~~~~~~~~~~~~~~~~~~~~~~~~~~~~~~~~~~~~~~~~~~~~~~~~~~~~~~~~~~~~~~~~~~~~~~~~~~~~~~~~~~~~~~~~~~~~~~~~~~~~~~~~~~~~~ (in target 'LoopKitUI' from project 'LoopKit')[0m
Build	Fastlane Build & Archive	2026-07-20T11:42:22.4289000Z [11:42:22]: ▸ [35m[[36mLoopTestingKit[0m] [1mCopy[0m arm64-apple-ios.swiftmodule -> LoopTestingKit.swiftmodule[0m
Build	Fastlane Build & Archive	2026-07-20T11:42:22.4289980Z [11:42:22]: ▸ [35m[[36mLoopTestingKit[0m] [1mCopy[0m arm64-apple-ios.swiftdoc -> LoopTestingKit.swiftdoc[0m
Build	Fastlane Build & Archive	2026-07-20T11:42:22.4388600Z [11:42:22]: ▸ [35m[[36mLoopTestingKit[0m] [1mCopy[0m arm64-apple-ios.abi.json -> LoopTestingKit.abi.json[0m
Build	Fastlane Build & Archive	2026-07-20T11:43:14.5718320Z [11:43:14]: ▸ [35m::warning file=/Users/runner/Library/Developer/Xcode/DerivedData/Trio-bovmnxebschsylahdeysnjjqdcte/Build/Intermediates.noindex/ArchiveIntermediates/Trio/IntermediateBuildFilesPath/LoopKit.build/Release-iphoneos/LoopKitUI.build/DerivedSources/GeneratedAssetSymbols.swift,line=121,col=14::The "vial_color" image asset name resolves to the symbol "vial" which already exists. Try renaming the asset.[0m
Build	Fastlane Build & Archive	2026-07-20T11:43:14.5812770Z [11:43:14]: ▸ [35m    #warning("The \"vial_color\" image asset name resolves to the symbol \"vial\" which already exists. Try renaming the asset.")[0m
Build	Fastlane Build & Archive	2026-07-20T11:43:14.5814510Z [11:43:14]: ▸ [35m             ^~~~~~~~~~~~~~~~~~~~~~~~~~~~~~~~~~~~~~~~~~~~~~~~~~~~~~~~~~~~~~~~~~~~~~~~~~~~~~~~~~~~~~~~~~~~~~~~~~~~~~~~~~~~~~~~~~~[0m
Build	Fastlane Build & Archive	2026-07-20T11:43:14.5816600Z [11:43:14]: ▸ [35m::warning file=/Users/runner/work/Trio/Trio/LoopKit/LoopKitUI/Views/GuardrailConstrainedQuantityRangeView.swift,line=51,col=10::'animation' was deprecated in iOS 15.0: Use withAnimation or animation(_:value:) instead.[0m
Build	Fastlane Build & Archive	2026-07-20T11:43:14.5818250Z [11:43:14]: ▸ [35m        .animation(forceDisableAnimations || isEditing || !hasAppeared ? nil : .default)[0m
Build	Fastlane Build & Archive	2026-07-20T11:43:14.5819200Z [11:43:14]: ▸ [35m         ^[0m
Build	Fastlane Build & Archive	2026-07-20T11:43:14.5820550Z [11:43:14]: ▸ [35m::warning file=/Users/runner/work/Trio/Trio/LoopKit/LoopKitUI/Views/GuardrailConstraintedQuantityView.swift,line=78,col=10::'animation' was deprecated in iOS 15.0: Use withAnimation or animation(_:value:) instead.[0m
Build	Fastlane Build & Archive	2026-07-20T11:43:14.5827750Z [11:43:14]: ▸ [35m        .animation(animation)[0m
Build	Fastlane Build & Archive	2026-07-20T11:43:14.5917820Z [11:43:14]: ▸ [35m         ^[0m
Build	Fastlane Build & Archive	2026-07-20T11:43:14.5925040Z [11:43:14]: ▸ [35m::warning file=/Users/runner/work/Trio/Trio/LoopKit/LoopKitUI/Views/SetupButton.swift,line=33,col=9::'contentEdgeInsets' was deprecated in iOS 15.0: This property is ignored when using UIButtonConfiguration[0m
Build	Fastlane Build & Archive	2026-07-20T11:43:14.5928830Z [11:43:14]: ▸ [35m        contentEdgeInsets.top = 14[0m
Build	Fastlane Build & Archive	2026-07-20T11:43:14.5930860Z [11:43:14]: ▸ [35m        ^[0m
Build	Fastlane Build & Archive	2026-07-20T11:43:14.5932880Z [11:43:14]: ▸ [35m::warning file=/Users/runner/work/Trio/Trio/LoopKit/LoopKitUI/Views/SetupButton.swift,line=34,col=9::'contentEdgeInsets' was deprecated in iOS 15.0: This property is ignored when using UIButtonConfiguration[0m
Build	Fastlane Build & Archive	2026-07-20T11:43:14.5934020Z [11:43:14]: ▸ [35m        contentEdgeInsets.bottom = 14[0m
Build	Fastlane Build & Archive	2026-07-20T11:43:14.5935640Z [11:43:14]: ▸ [35m        ^[0m
Build	Fastlane Build & Archive	2026-07-20T11:43:14.5937370Z [11:43:14]: ▸ [35m::warning file=/Users/runner/work/Trio/Trio/LoopKit/LoopKitUI/View Controllers/EmojiInputController.swift,line=138,col=1::extension declares a conformance of imported type 'UIInputView' to imported protocol 'UIInputViewAudioFeedback'; this will not behave correctly if the owners of 'UIKit' introduce this conformance in the future[0m
Build	Fastlane Build & Archive	2026-07-20T11:43:14.6047560Z [11:43:14]: ▸ [35mextension UIInputView: UIInputViewAudioFeedback {[0m
Build	Fastlane Build & Archive	2026-07-20T11:43:14.6048120Z [11:43:14]: ▸ [35m^[0m
Build	Fastlane Build & Archive	2026-07-20T11:43:14.6049260Z [11:43:14]: ▸ [35m::warning file=/Users/runner/work/Trio/Trio/LoopKit/LoopKitUI/Views/ProgressIndicatorView.swift,line=83,col=22::'animation' was deprecated in iOS 15.0: Use withAnimation or animation(_:value:) instead.[0m
Build	Fastlane Build & Archive	2026-07-20T11:43:14.6050450Z [11:43:14]: ▸ [35m                    .animation(.linear(duration: self.duration))[0m
Build	Fastlane Build & Archive	2026-07-20T11:43:14.6050980Z [11:43:14]: ▸ [35m                     ^[0m
Build	Fastlane Build & Archive	2026-07-20T11:43:14.6054630Z [11:43:14]: ▸ [35m::warning file=/Users/runner/work/Trio/Trio/LoopKit/LoopKitUI/Views/ProgressIndicatorView.swift,line=91,col=18::'animation' was deprecated in iOS 15.0: Use withAnimation or animation(_:value:) instead.[0m
Build	Fastlane Build & Archive	2026-07-20T11:43:14.6055720Z [11:43:14]: ▸ [35m                .animation(.spring(dampingFraction: 0.5))[0m
Build	Fastlane Build & Archive	2026-07-20T11:43:14.6056210Z [11:43:14]: ▸ [35m                 ^[0m
Build	Fastlane Build & Archive	2026-07-20T11:43:14.6057260Z [11:43:14]: ▸ [35m::warning file=/Users/runner/work/Trio/Trio/LoopKit/LoopKitUI/Views/ProgressIndicatorView.swift,line=149,col=10::'animation' was deprecated in iOS 15.0: Use withAnimation or animation(_:value:) instead.[0m
Build	Fastlane Build & Archive	2026-07-20T11:43:14.6058300Z [11:43:14]: ▸ [35m        .animation(.default)[0m
Build	Fastlane Build & Archive	2026-07-20T11:43:14.6058780Z [11:43:14]: ▸ [35m         ^[0m
Build	Fastlane Build & Archive	2026-07-20T11:43:14.6059760Z [11:43:14]: ▸ [35m::warning file=/Users/runner/work/Trio/Trio/LoopKit/LoopKitUI/Views/DateAndDurationTableViewCell.swift,line=33,col=9::switch must be exhaustive[0m
Build	Fastlane Build & Archive	2026-07-20T11:43:14.6060670Z [11:43:14]: ▸ [35m        switch datePicker.datePickerMode {[0m
Build	Fastlane Build & Archive	2026-07-20T11:43:14.6061220Z [11:43:14]: ▸ [35m        ^[0m
Build	Fastlane Build & Archive	2026-07-20T11:43:14.6062410Z [11:43:14]: ▸ [35m::warning file=/Users/runner/work/Trio/Trio/LoopKit/LoopKitUI/Views/ProgressView.swift,line=29,col=22::'animation' was deprecated in iOS 15.0: Use withAnimation or animation(_:value:) instead.[0m
Build	Fastlane Build & Archive	2026-07-20T11:43:14.6063390Z [11:43:14]: ▸ [35m                    .animation(nil)[0m
Build	Fastlane Build & Archive	2026-07-20T11:43:14.6063910Z [11:43:14]: ▸ [35m                     ^[0m
Build	Fastlane Build & Archive	2026-07-20T11:43:14.6064990Z [11:43:14]: ▸ [35m::warning file=/Users/runner/work/Trio/Trio/LoopKit/LoopKitUI/Views/ProgressView.swift,line=49,col=18::'animation' was deprecated in iOS 15.0: Use withAnimation or animation(_:value:) instead.[0m
Build	Fastlane Build & Archive	2026-07-20T11:43:14.6065940Z [11:43:14]: ▸ [35m                .animation(.linear(duration: 2))[0m
Build	Fastlane Build & Archive	2026-07-20T11:43:14.6066470Z [11:43:14]: ▸ [35m                 ^[0m
Build	Fastlane Build & Archive	2026-07-20T11:43:14.6067450Z [11:43:14]: ▸ [35m::warning file=/Users/runner/work/Trio/Trio/LoopKit/LoopKitUI/Views/ProgressView.swift,line=52,col=18::'animation' was deprecated in iOS 15.0: Use withAnimation or animation(_:value:) instead.[0m
Build	Fastlane Build & Archive	2026-07-20T11:43:14.6068940Z [11:43:14]: ▸ [35m                .animation(.linear(duration: 0.2))[0m
Build	Fastlane Build & Archive	2026-07-20T11:43:14.6069730Z [11:43:14]: ▸ [35m                 ^[0m
Build	Fastlane Build & Archive	2026-07-20T11:43:14.6071740Z [11:43:14]: ▸ [35m::warning file=/Users/runner/work/Trio/Trio/LoopKit/LoopKitUI/Views/ProgressView.swift,line=58,col=10::'animation' was deprecated in iOS 15.0: Use withAnimation or animation(_:value:) instead.[0m
Build	Fastlane Build & Archive	2026-07-20T11:43:14.6072800Z [11:43:14]: ▸ [35m        .animation(.linear(duration: 0.2))[0m
Build	Fastlane Build & Archive	2026-07-20T11:43:14.6073250Z [11:43:14]: ▸ [35m         ^[0m
Build	Fastlane Build & Archive	2026-07-20T11:43:14.6074710Z [11:43:14]: ▸ [35m::warning file=/Users/runner/work/Trio/Trio/LoopKit/LoopKitUI/Extensions/ChartPoint.swift,line=119,col=1::extension declares a conformance of imported type 'ChartPoint' to imported protocol 'TimelineValue'; this will not behave correctly if the owners of 'SwiftCharts' introduce this conformance in the future[0m
Build	Fastlane Build & Archive	2026-07-20T11:43:14.6076110Z [11:43:14]: ▸ [35mextension ChartPoint: TimelineValue {[0m
Build	Fastlane Build & Archive	2026-07-20T11:43:14.6076610Z [11:43:14]: ▸ [35m^[0m
Build	Fastlane Build & Archive	2026-07-20T11:43:14.8029890Z [11:43:14]: ▸ [35m[[36mRileyLinkBLEKit[0m] [1mCopy[0m arm64-apple-ios.swiftmodule -> RileyLinkBLEKit.swiftmodule[0m
Build	Fastlane Build & Archive	2026-07-20T11:43:14.8177600Z [11:43:14]: ▸ [35m[[36mRileyLinkBLEKit[0m] [1mCopy[0m arm64-apple-ios.swiftdoc -> RileyLinkBLEKit.swiftdoc[0m
Build	Fastlane Build & Archive	2026-07-20T11:43:14.8332820Z [11:43:14]: ▸ [35m[[36mRileyLinkBLEKit[0m] [1mCopy[0m arm64-apple-ios.abi.json -> RileyLinkBLEKit.abi.json[0m
Build	Fastlane Build & Archive	2026-07-20T11:43:14.8463490Z [11:43:14]: ▸ [35m[[36mLoopTestingKit[0m] [1mCompiling[0m LoopTestingKit_vers.c[0m
Build	Fastlane Build & Archive	2026-07-20T11:43:14.8590430Z [11:43:14]: ▸ [35m[[36mRileyLinkBLEKit[0m] [1mCompiling[0m RileyLinkBLEKit_vers.c[0m
Build	Fastlane Build & Archive	2026-07-20T11:43:14.8713190Z [11:43:14]: ▸ [35m[[36mLoopKit[0m] [1mRegisterExecutionPolicyException[0m LoopKit.framework[0m
Build	Fastlane Build & Archive	2026-07-20T11:43:14.8891560Z [11:43:14]: ▸ [35m[[36mKituraContracts[0m] [1mRegisterExecutionPolicyException[0m KituraContracts.o[0m
Build	Fastlane Build & Archive	2026-07-20T11:43:14.9010530Z [11:43:14]: ▸ [35m[[36mCryptorECC[0m] [1mLinking[0m CryptorECC.o[0m
Build	Fastlane Build & Archive	2026-07-20T11:43:14.9128690Z [11:43:14]: ▸ [35m[[36mCryptor[0m] [1mLinking[0m Cryptor.o[0m
Build	Fastlane Build & Archive	2026-07-20T11:43:14.9258610Z [11:43:14]: ▸ [35m[36;1mnote: [0mEmplaced /Users/runner/Library/Developer/Xcode/DerivedData/Trio-bovmnxebschsylahdeysnjjqdcte/Build/Intermediates.noindex/ArchiveIntermediates/Trio/IntermediateBuildFilesPath/UninstalledProducts/iphoneos/LoopKitUI.framework/Assets.car (in target 'LoopKitUI' from project 'LoopKit')[0m
Build	Fastlane Build & Archive	2026-07-20T11:43:14.9409940Z [11:43:14]: ▸ [35m[[36mLoopKit[0m] [1mTouching[0m LoopKit.framework[0m
Build	Fastlane Build & Archive	2026-07-20T11:43:14.9529060Z [11:43:14]: ▸ [35m[[36mCryptorRSA[0m] [1mExtract App Intents Metadata[0m
Build	Fastlane Build & Archive	2026-07-20T11:43:14.9734610Z [11:43:14]: ▸ [35m[[36mFirebaseCrashlyticsSwift[0m] [1mCopy[0m arm64-apple-ios.swiftmodule -> FirebaseCrashlyticsSwift.swiftmodule[0m
Build	Fastlane Build & Archive	2026-07-20T11:43:14.9764230Z [11:43:14]: ▸ [35m[[36mFirebaseCrashlyticsSwift[0m] [1mCopy[0m arm64-apple-ios.swiftdoc -> FirebaseCrashlyticsSwift.swiftdoc[0m
Build	Fastlane Build & Archive	2026-07-20T11:43:14.9771420Z [11:43:14]: ▸ [35m[[36mFirebaseCrashlyticsSwift[0m] [1mCopy[0m arm64-apple-ios.abi.json -> FirebaseCrashlyticsSwift.abi.json[0m
Build	Fastlane Build & Archive	2026-07-20T11:43:14.9779770Z [11:43:14]: ▸ [35m[[36mTidepoolServiceKit[0m] [1mLinking[0m TidepoolServiceKit[0m
Build	Fastlane Build & Archive	2026-07-20T11:43:14.9781860Z [11:43:14]: ▸ [35m[[36mShareClient[0m] [1mLinking[0m ShareClient[0m
Build	Fastlane Build & Archive	2026-07-20T11:43:14.9784460Z [11:43:14]: ▸ [35m[[36mRileyLinkBLEKit[0m] [1mLinking[0m RileyLinkBLEKit[0m
Build	Fastlane Build & Archive	2026-07-20T11:43:14.9821050Z [11:43:14]: ▸ [35m[[36mTidepoolServiceKit[0m] [1mProcessing[0m Info.plist[0m
Build	Fastlane Build & Archive	2026-07-20T11:43:14.9821970Z [11:43:14]: ▸ [35m[[36mTidepoolServiceKit[0m] [1mGenerating[0m TidepoolServiceKit.framework.dSYM[0m
Build	Fastlane Build & Archive	2026-07-20T11:43:14.9822890Z [11:43:14]: ▸ [35m[[36mTidepoolServiceKit[0m] [1mCompile XCStrings[0m Localizable.xcstrings[0m
Build	Fastlane Build & Archive	2026-07-20T11:43:14.9824870Z [11:43:14]: ▸ [35m[[36mShareClient[0m] [1mProcessing[0m Info.plist[0m
Build	Fastlane Build & Archive	2026-07-20T11:43:14.9825560Z [11:43:14]: ▸ [35m[[36mTidepoolServiceKit[0m] [1mCopying[0m Localizable.strings[0m
Build	Fastlane Build & Archive	2026-07-20T11:43:14.9826810Z [11:43:14]: ▸ [35m[[36mTidepoolServiceKit[0m] [1mCopying[0m Localizable.strings[0m
Build	Fastlane Build & Archive	2026-07-20T11:43:14.9827590Z [11:43:14]: ▸ [35m[[36mTidepoolServiceKit[0m] [1mCopying[0m Localizable.strings[0m
Build	Fastlane Build & Archive	2026-07-20T11:43:14.9828350Z [11:43:14]: ▸ [35m[[36mTidepoolServiceKit[0m] [1mCopying[0m Localizable.strings[0m
Build	Fastlane Build & Archive	2026-07-20T11:43:14.9829180Z [11:43:14]: ▸ [35m[[36mTidepoolServiceKit[0m] [1mCopying[0m Localizable.strings[0m
Build	Fastlane Build & Archive	2026-07-20T11:43:14.9829990Z [11:43:14]: ▸ [35m[[36mTidepoolServiceKit[0m] [1mCopying[0m Localizable.strings[0m
Build	Fastlane Build & Archive	2026-07-20T11:43:14.9830810Z [11:43:14]: ▸ [35m[[36mTidepoolServiceKit[0m] [1mCopying[0m Localizable.strings[0m
Build	Fastlane Build & Archive	2026-07-20T11:43:14.9831570Z [11:43:14]: ▸ [35m[[36mTidepoolServiceKit[0m] [1mCopying[0m Localizable.strings[0m
Build	Fastlane Build & Archive	2026-07-20T11:43:14.9832280Z [11:43:14]: ▸ [35m[[36mTidepoolServiceKit[0m] [1mCopying[0m Localizable.strings[0m
Build	Fastlane Build & Archive	2026-07-20T11:43:14.9833020Z [11:43:14]: ▸ [35m[[36mTidepoolServiceKit[0m] [1mCopying[0m Localizable.strings[0m
Build	Fastlane Build & Archive	2026-07-20T11:43:14.9833700Z [11:43:14]: ▸ [35m[[36mTidepoolServiceKit[0m] [1mCopying[0m Localizable.strings[0m
Build	Fastlane Build & Archive	2026-07-20T11:43:14.9834480Z [11:43:14]: ▸ [35m[[36mTidepoolServiceKit[0m] [1mCopying[0m Localizable.strings[0m
Build	Fastlane Build & Archive	2026-07-20T11:43:14.9838550Z [11:43:14]: ▸ [35m[[36mTidepoolServiceKit[0m] [1mCopying[0m Localizable.strings[0m
Build	Fastlane Build & Archive	2026-07-20T11:43:14.9841780Z [11:43:14]: ▸ [35m[[36mTidepoolServiceKit[0m] [1mCopying[0m Localizable.strings[0m
Build	Fastlane Build & Archive	2026-07-20T11:43:14.9844400Z [11:43:14]: ▸ [35m[[36mTidepoolServiceKit[0m] [1mCopying[0m Localizable.strings[0m
Build	Fastlane Build & Archive	2026-07-20T11:43:14.9846060Z [11:43:14]: ▸ [35m[[36mTidepoolServiceKit[0m] [1mCopying[0m Localizable.strings[0m
Build	Fastlane Build & Archive	2026-07-20T11:43:14.9849820Z [11:43:14]: ▸ [35m[[36mTidepoolServiceKit[0m] [1mCopying[0m Localizable.strings[0m
Build	Fastlane Build & Archive	2026-07-20T11:43:14.9855350Z [11:43:14]: ▸ [35m[[36mTidepoolServiceKit[0m] [1mCopying[0m Localizable.strings[0m
Build	Fastlane Build & Archive	2026-07-20T11:43:14.9946020Z [11:43:14]: ▸ [35m[[36mTidepoolServiceKit[0m] [1mCopying[0m Localizable.strings[0m
Build	Fastlane Build & Archive	2026-07-20T11:43:15.0105610Z [11:43:14]: ▸ [35m[[36mTidepoolServiceKit[0m] [1mCopying[0m Localizable.strings[0m
Build	Fastlane Build & Archive	2026-07-20T11:43:15.0259540Z [11:43:14]: ▸ [35m[[36mTidepoolServiceKit[0m] [1mCopying[0m Localizable.strings[0m
Build	Fastlane Build & Archive	2026-07-20T11:43:15.0392960Z [11:43:14]: ▸ [35m[[36mTidepoolServiceKit[0m] [1mCopying[0m Localizable.strings[0m
Build	Fastlane Build & Archive	2026-07-20T11:43:15.0502640Z [11:43:14]: ▸ [35m[[36mTidepoolServiceKit[0m] [1mCopying[0m Localizable.strings[0m
Build	Fastlane Build & Archive	2026-07-20T11:43:15.0606270Z [11:43:14]: ▸ [35m[[36mTidepoolServiceKit[0m] [1mCopying[0m Localizable.strings[0m
Build	Fastlane Build & Archive	2026-07-20T11:43:15.0710270Z [11:43:14]: ▸ [35m[[36mTidepoolServiceKit[0m] [1mCopying[0m Localizable.strings[0m
Build	Fastlane Build & Archive	2026-07-20T11:43:15.0783380Z [11:43:14]: ▸ [35m[[36mShareClient[0m] [1mGenerating[0m ShareClient.framework.dSYM[0m
Build	Fastlane Build & Archive	2026-07-20T11:43:15.0785870Z [11:43:14]: ▸ [35m[[36mShareClient[0m] [1mCompile XCStrings[0m Localizable.xcstrings[0m
Build	Fastlane Build & Archive	2026-07-20T11:43:15.0805710Z [11:43:14]: ▸ [35m[[36mRileyLinkBLEKit[0m] [1mProcessing[0m Info.plist[0m
Build	Fastlane Build & Archive	2026-07-20T11:43:15.0807450Z [11:43:14]: ▸ [35m[[36mShareClient[0m] [1mCopying[0m Localizable.strings[0m
Build	Fastlane Build & Archive	2026-07-20T11:43:15.0809030Z [11:43:14]: ▸ [35m[[36mShareClient[0m] [1mCopying[0m Localizable.strings[0m
Build	Fastlane Build & Archive	2026-07-20T11:43:15.0810660Z [11:43:14]: ▸ [35m[[36mShareClient[0m] [1mCopying[0m Localizable.strings[0m
Build	Fastlane Build & Archive	2026-07-20T11:43:15.0812720Z [11:43:14]: ▸ [35m[[36mShareClient[0m] [1mCopying[0m Localizable.strings[0m
Build	Fastlane Build & Archive	2026-07-20T11:43:15.0813920Z [11:43:14]: ▸ [35m[[36mShareClient[0m] [1mCopying[0m Localizable.strings[0m
Build	Fastlane Build & Archive	2026-07-20T11:43:15.0815830Z [11:43:14]: ▸ [35m[[36mShareClient[0m] [1mCopying[0m Localizable.strings[0m
Build	Fastlane Build & Archive	2026-07-20T11:43:15.0818840Z [11:43:14]: ▸ [35m[[36mShareClient[0m] [1mCopying[0m Localizable.strings[0m
Build	Fastlane Build & Archive	2026-07-20T11:43:15.0821000Z [11:43:14]: ▸ [35m[[36mShareClient[0m] [1mCopying[0m Localizable.strings[0m
Build	Fastlane Build & Archive	2026-07-20T11:43:15.0881580Z [11:43:14]: ▸ [35m[[36mShareClient[0m] [1mCopying[0m Localizable.strings[0m
Build	Fastlane Build & Archive	2026-07-20T11:43:15.0883650Z [11:43:14]: ▸ [35m[[36mShareClient[0m] [1mCopying[0m Localizable.strings[0m
Build	Fastlane Build & Archive	2026-07-20T11:43:15.0886060Z [11:43:14]: ▸ [35m[[36mShareClient[0m] [1mCopying[0m Localizable.strings[0m
Build	Fastlane Build & Archive	2026-07-20T11:43:15.0886920Z [11:43:14]: ▸ [35m[[36mShareClient[0m] [1mCopying[0m Localizable.strings[0m
Build	Fastlane Build & Archive	2026-07-20T11:43:15.0887510Z [11:43:14]: ▸ [35m[[36mShareClient[0m] [1mCopying[0m Localizable.strings[0m
Build	Fastlane Build & Archive	2026-07-20T11:43:15.0888850Z [11:43:14]: ▸ [35m[[36mShareClient[0m] [1mCopying[0m Localizable.strings[0m
Build	Fastlane Build & Archive	2026-07-20T11:43:15.0957190Z [11:43:14]: ▸ [35m[[36mShareClient[0m] [1mCopying[0m Localizable.strings[0m
Build	Fastlane Build & Archive	2026-07-20T11:43:15.0958030Z [11:43:14]: ▸ [35m[[36mShareClient[0m] [1mCopying[0m Localizable.strings[0m
Build	Fastlane Build & Archive	2026-07-20T11:43:15.0958750Z [11:43:14]: ▸ [35m[[36mShareClient[0m] [1mCopying[0m Localizable.strings[0m
Build	Fastlane Build & Archive	2026-07-20T11:43:15.0959340Z [11:43:14]: ▸ [35m[[36mShareClient[0m] [1mCopying[0m Localizable.strings[0m
Build	Fastlane Build & Archive	2026-07-20T11:43:15.0960470Z [11:43:14]: ▸ [35m[[36mShareClient[0m] [1mCopying[0m Localizable.strings[0m
Build	Fastlane Build & Archive	2026-07-20T11:43:15.0962550Z [11:43:14]: ▸ [35m[[36mShareClient[0m] [1mCopying[0m Localizable.strings[0m
Build	Fastlane Build & Archive	2026-07-20T11:43:15.0981240Z [11:43:14]: ▸ [35m[[36mShareClient[0m] [1mCopying[0m Localizable.strings[0m
Build	Fastlane Build & Archive	2026-07-20T11:43:15.0985740Z [11:43:14]: ▸ [35m[[36mRileyLinkBLEKit[0m] [1mGenerating[0m RileyLinkBLEKit.framework.dSYM[0m
Build	Fastlane Build & Archive	2026-07-20T11:43:15.0990240Z [11:43:14]: ▸ [35m[[36mRileyLinkBLEKit[0m] [1mCompile XCStrings[0m Localizable.xcstrings[0m
Build	Fastlane Build & Archive	2026-07-20T11:43:15.0992350Z [11:43:14]: ▸ [35m[[36mLoopTestingKit[0m] [1mProcessing[0m Info.plist[0m
Build	Fastlane Build & Archive	2026-07-20T11:43:15.0997530Z [11:43:14]: ▸ [35m[[36mLoopTestingKit[0m] [1mLinking[0m LoopTestingKit[0m
Build	Fastlane Build & Archive	2026-07-20T11:43:15.1000090Z [11:43:14]: ▸ [35m[[36mLoopKitUI[0m] [1mCompiling[0m TextFieldTableViewCell.xib[0m
Build	Fastlane Build & Archive	2026-07-20T11:43:15.1003060Z [11:43:14]: ▸ [35m[[36mRileyLinkBLEKit[0m] [1mCopying[0m Localizable.strings[0m
Build	Fastlane Build & Archive	2026-07-20T11:43:15.1004110Z [11:43:14]: ▸ [35m[[36mRileyLinkBLEKit[0m] [1mCopying[0m Localizable.strings[0m
Build	Fastlane Build & Archive	2026-07-20T11:43:15.1004820Z [11:43:14]: ▸ [35m[[36mRileyLinkBLEKit[0m] [1mCopying[0m Localizable.strings[0m
Build	Fastlane Build & Archive	2026-07-20T11:43:15.1010720Z [11:43:14]: ▸ [35m[[36mRileyLinkBLEKit[0m] [1mCopying[0m Localizable.strings[0m
Build	Fastlane Build & Archive	2026-07-20T11:43:15.1011700Z [11:43:14]: ▸ [35m[[36mRileyLinkBLEKit[0m] [1mCopying[0m Localizable.strings[0m
Build	Fastlane Build & Archive	2026-07-20T11:43:15.1012650Z [11:43:14]: ▸ [35m[[36mRileyLinkBLEKit[0m] [1mCopying[0m Localizable.strings[0m
Build	Fastlane Build & Archive	2026-07-20T11:43:15.1014470Z [11:43:14]: ▸ [35m[[36mRileyLinkBLEKit[0m] [1mCopying[0m Localizable.strings[0m
Build	Fastlane Build & Archive	2026-07-20T11:43:15.1022470Z [11:43:14]: ▸ [35m[[36mRileyLinkBLEKit[0m] [1mCopying[0m Localizable.strings[0m
Build	Fastlane Build & Archive	2026-07-20T11:43:15.1023210Z [11:43:14]: ▸ [35m[[36mRileyLinkBLEKit[0m] [1mCopying[0m Localizable.strings[0m
Build	Fastlane Build & Archive	2026-07-20T11:43:15.1025920Z [11:43:14]: ▸ [35m[[36mRileyLinkBLEKit[0m] [1mCopying[0m Localizable.strings[0m
Build	Fastlane Build & Archive	2026-07-20T11:43:15.1027850Z [11:43:14]: ▸ [35m[[36mRileyLinkBLEKit[0m] [1mCopying[0m Localizable.strings[0m
Build	Fastlane Build & Archive	2026-07-20T11:43:15.1029700Z [11:43:14]: ▸ [35m[[36mRileyLinkBLEKit[0m] [1mCopying[0m Localizable.strings[0m
Build	Fastlane Build & Archive	2026-07-20T11:43:15.1031470Z [11:43:14]: ▸ [35m[[36mRileyLinkBLEKit[0m] [1mCopying[0m Localizable.strings[0m
Build	Fastlane Build & Archive	2026-07-20T11:43:15.1033280Z [11:43:14]: ▸ [35m[[36mRileyLinkBLEKit[0m] [1mCopying[0m Localizable.strings[0m
Build	Fastlane Build & Archive	2026-07-20T11:43:15.1035150Z [11:43:14]: ▸ [35m[[36mRileyLinkBLEKit[0m] [1mCopying[0m Localizable.strings[0m
Build	Fastlane Build & Archive	2026-07-20T11:43:15.1037020Z [11:43:14]: ▸ [35m[[36mRileyLinkBLEKit[0m] [1mCopying[0m Localizable.strings[0m
Build	Fastlane Build & Archive	2026-07-20T11:43:15.1040420Z [11:43:14]: ▸ [35m[[36mRileyLinkBLEKit[0m] [1mCopying[0m Localizable.strings[0m
Build	Fastlane Build & Archive	2026-07-20T11:43:15.1042640Z [11:43:14]: ▸ [35m[[36mRileyLinkBLEKit[0m] [1mCopying[0m Localizable.strings[0m
Build	Fastlane Build & Archive	2026-07-20T11:43:15.1043880Z [11:43:14]: ▸ [35m[[36mRileyLinkBLEKit[0m] [1mCopying[0m Localizable.strings[0m
Build	Fastlane Build & Archive	2026-07-20T11:43:15.1044730Z [11:43:14]: ▸ [35m[[36mRileyLinkBLEKit[0m] [1mCopying[0m Localizable.strings[0m
Build	Fastlane Build & Archive	2026-07-20T11:43:15.1045380Z [11:43:14]: ▸ [35m[[36mRileyLinkBLEKit[0m] [1mCopying[0m Localizable.strings[0m
Build	Fastlane Build & Archive	2026-07-20T11:43:15.1046300Z [11:43:14]: ▸ [35m[[36mRileyLinkBLEKit[0m] [1mCopying[0m Localizable.strings[0m
Build	Fastlane Build & Archive	2026-07-20T11:43:15.1047130Z [11:43:14]: ▸ [35m[[36mLoopTestingKit[0m] [1mGenerating[0m LoopTestingKit.framework.dSYM[0m
Build	Fastlane Build & Archive	2026-07-20T11:43:15.1052700Z [11:43:14]: ▸ [35m[[36mLoopKitUI[0m] [1mCompiling[0m SetConstrainedScheduleEntryTableViewCell.xib[0m
Build	Fastlane Build & Archive	2026-07-20T11:43:15.1053510Z [11:43:14]: ▸ [35m[[36mLoopKitUI[0m] [1mCompiling[0m ReservoirVolumeHUDView.xib[0m
Build	Fastlane Build & Archive	2026-07-20T11:43:15.1054390Z [11:43:14]: ▸ [35m[[36mLoopKitUI[0m] [1mCompiling[0m RepeatingScheduleValueTableViewCell.xib[0m
Build	Fastlane Build & Archive	2026-07-20T11:43:15.1056910Z [11:43:14]: ▸ [35m[[36mLoopKitUI[0m] [1mCompiling[0m LabeledTextFieldTableViewCell.xib[0m
Build	Fastlane Build & Archive	2026-07-20T11:43:15.1058340Z [11:43:14]: ▸ [35m[[36mLoopKitUI[0m] [1mCompiling[0m InsulinSensitivityScalingTableViewCell.xib[0m
Build	Fastlane Build & Archive	2026-07-20T11:43:15.1059050Z [11:43:14]: ▸ [35m[[36mLoopKitUI[0m] [1mCompiling[0m GlucoseRangeTableViewCell.xib[0m
Build	Fastlane Build & Archive	2026-07-20T11:43:15.1059910Z [11:43:14]: ▸ [35m[[36mLoopKitUI[0m] [1mCompiling[0m GlucoseRangeOverrideTableViewCell.xib[0m
Build	Fastlane Build & Archive	2026-07-20T11:43:15.1060720Z [11:43:14]: ▸ [35m[[36mLoopKitUI[0m] [1mCompiling[0m DoubleRangeTableViewCell.xib[0m
Build	Fastlane Build & Archive	2026-07-20T11:43:15.1117510Z [11:43:14]: ▸ [35m[[36mLoopKitUI[0m] [1mCompiling[0m DecimalTextFieldTableViewCell.xib[0m
Build	Fastlane Build & Archive	2026-07-20T11:43:15.1120300Z [11:43:14]: ▸ [35m[[36mLoopKitUI[0m] [1mCompiling[0m DateAndDurationTableViewCell.xib[0m
Build	Fastlane Build & Archive	2026-07-20T11:43:15.1123500Z [11:43:14]: ▸ [35m[[36mLoopKitUI[0m] [1mCompiling[0m BatteryLevelHUDView.xib[0m
Build	Fastlane Build & Archive	2026-07-20T11:43:15.1130460Z [11:43:14]: ▸ [35m[[36mLoopKitUI[0m] [1mCompiling[0m AuthenticationTableViewCell.xib[0m
Build	Fastlane Build & Archive	2026-07-20T11:43:15.1137100Z [11:43:14]: ▸ [35m[[36mLoopKitUI[0m] [1mCompile XCStrings[0m LegacyInsulinDeliveryTableViewController.xcstrings[0m
Build	Fastlane Build & Archive	2026-07-20T11:43:15.1142930Z [11:43:14]: ▸ [35m[[36mLoopKitUI[0m] [1mCompile XCStrings[0m InsulinKit.xcstrings[0m
Build	Fastlane Build & Archive	2026-07-20T11:43:15.1542550Z [11:43:14]: ▸ [35m[[36mLoopKitUI[0m] [1mCopying[0m LegacyInsulinDeliveryTableViewController.strings[0m
Build	Fastlane Build & Archive	2026-07-20T11:43:15.1545830Z [11:43:14]: ▸ [35m[[36mLoopKitUI[0m] [1mCopying[0m InsulinKit.strings[0m
Build	Fastlane Build & Archive	2026-07-20T11:43:15.1553610Z [11:43:14]: ▸ [35m[[36mLoopKitUI[0m] [1mCopying[0m LegacyInsulinDeliveryTableViewController.strings[0m
Build	Fastlane Build & Archive	2026-07-20T11:43:15.1608200Z [11:43:14]: ▸ [35m[[36mLoopKitUI[0m] [1mCopying[0m InsulinKit.strings[0m
Build	Fastlane Build & Archive	2026-07-20T11:43:15.1609690Z [11:43:14]: ▸ [35m[[36mLoopKitUI[0m] [1mCopying[0m LegacyInsulinDeliveryTableViewController.strings[0m
Build	Fastlane Build & Archive	2026-07-20T11:43:15.1610410Z [11:43:14]: ▸ [35m[[36mLoopKitUI[0m] [1mCopying[0m InsulinKit.strings[0m
Build	Fastlane Build & Archive	2026-07-20T11:43:15.1611140Z [11:43:14]: ▸ [35m[[36mLoopKitUI[0m] [1mCopying[0m LegacyInsulinDeliveryTableViewController.strings[0m
Build	Fastlane Build & Archive	2026-07-20T11:43:15.1611860Z [11:43:14]: ▸ [35m[[36mLoopKitUI[0m] [1mCopying[0m InsulinKit.strings[0m
Build	Fastlane Build & Archive	2026-07-20T11:43:15.1612560Z [11:43:14]: ▸ [35m[[36mLoopKitUI[0m] [1mCopying[0m LegacyInsulinDeliveryTableViewController.strings[0m
Build	Fastlane Build & Archive	2026-07-20T11:43:15.1613180Z [11:43:14]: ▸ [35m[[36mLoopKitUI[0m] [1mCopying[0m InsulinKit.strings[0m
Build	Fastlane Build & Archive	2026-07-20T11:43:15.1613810Z [11:43:14]: ▸ [35m[[36mLoopKitUI[0m] [1mCopying[0m LegacyInsulinDeliveryTableViewController.strings[0m
Build	Fastlane Build & Archive	2026-07-20T11:43:15.1614930Z [11:43:14]: ▸ [35m[[36mLoopKitUI[0m] [1mCopying[0m InsulinKit.strings[0m
Build	Fastlane Build & Archive	2026-07-20T11:43:15.1635780Z [11:43:14]: ▸ [35m[[36mLoopKitUI[0m] [1mCopying[0m LegacyInsulinDeliveryTableViewController.strings[0m
Build	Fastlane Build & Archive	2026-07-20T11:43:15.1636990Z [11:43:14]: ▸ [35m[[36mLoopKitUI[0m] [1mCopying[0m InsulinKit.strings[0m
Build	Fastlane Build & Archive	2026-07-20T11:43:15.1638180Z [11:43:14]: ▸ [35m[[36mLoopKitUI[0m] [1mCopying[0m LegacyInsulinDeliveryTableViewController.strings[0m
Build	Fastlane Build & Archive	2026-07-20T11:43:15.1638950Z [11:43:14]: ▸ [35m[[36mLoopKitUI[0m] [1mCopying[0m InsulinKit.strings[0m
Build	Fastlane Build & Archive	2026-07-20T11:43:15.1639770Z [11:43:14]: ▸ [35m[[36mLoopKitUI[0m] [1mCopying[0m LegacyInsulinDeliveryTableViewController.strings[0m
Build	Fastlane Build & Archive	2026-07-20T11:43:15.1641700Z [11:43:14]: ▸ [35m[[36mLoopKitUI[0m] [1mCopying[0m InsulinKit.strings[0m
Build	Fastlane Build & Archive	2026-07-20T11:43:15.1642540Z [11:43:14]: ▸ [35m[[36mLoopKitUI[0m] [1mCopying[0m LegacyInsulinDeliveryTableViewController.strings[0m
Build	Fastlane Build & Archive	2026-07-20T11:43:15.1643420Z [11:43:14]: ▸ [35m[[36mLoopKitUI[0m] [1mCopying[0m InsulinKit.strings[0m
Build	Fastlane Build & Archive	2026-07-20T11:43:15.1644220Z [11:43:14]: ▸ [35m[[36mLoopKitUI[0m] [1mCopying[0m LegacyInsulinDeliveryTableViewController.strings[0m
Build	Fastlane Build & Archive	2026-07-20T11:43:15.1644950Z [11:43:14]: ▸ [35m[[36mLoopKitUI[0m] [1mCopying[0m InsulinKit.strings[0m
Build	Fastlane Build & Archive	2026-07-20T11:43:15.1645740Z [11:43:14]: ▸ [35m[[36mLoopKitUI[0m] [1mCopying[0m LegacyInsulinDeliveryTableViewController.strings[0m
Build	Fastlane Build & Archive	2026-07-20T11:43:15.1646490Z [11:43:14]: ▸ [35m[[36mLoopKitUI[0m] [1mCopying[0m InsulinKit.strings[0m
Build	Fastlane Build & Archive	2026-07-20T11:43:15.1647100Z [11:43:14]: ▸ [35m[[36mLoopKitUI[0m] [1mCopying[0m LegacyInsulinDeliveryTableViewController.strings[0m
Build	Fastlane Build & Archive	2026-07-20T11:43:15.1647840Z [11:43:14]: ▸ [35m[[36mLoopKitUI[0m] [1mCopying[0m InsulinKit.strings[0m
Build	Fastlane Build & Archive	2026-07-20T11:43:15.1648440Z [11:43:14]: ▸ [35m[[36mLoopKitUI[0m] [1mCopying[0m LegacyInsulinDeliveryTableViewController.strings[0m
Build	Fastlane Build & Archive	2026-07-20T11:43:15.1649190Z [11:43:14]: ▸ [35m[[36mLoopKitUI[0m] [1mCopying[0m InsulinKit.strings[0m
Build	Fastlane Build & Archive	2026-07-20T11:43:15.1649820Z [11:43:14]: ▸ [35m[[36mLoopKitUI[0m] [1mCopying[0m LegacyInsulinDeliveryTableViewController.strings[0m
Build	Fastlane Build & Archive	2026-07-20T11:43:15.1650420Z [11:43:14]: ▸ [35m[[36mLoopKitUI[0m] [1mCopying[0m InsulinKit.strings[0m
Build	Fastlane Build & Archive	2026-07-20T11:43:15.1651060Z [11:43:14]: ▸ [35m[[36mLoopKitUI[0m] [1mCopying[0m LegacyInsulinDeliveryTableViewController.strings[0m
Build	Fastlane Build & Archive	2026-07-20T11:43:15.1651710Z [11:43:14]: ▸ [35m[[36mLoopKitUI[0m] [1mCopying[0m InsulinKit.strings[0m
Build	Fastlane Build & Archive	2026-07-20T11:43:15.1652340Z [11:43:14]: ▸ [35m[[36mLoopKitUI[0m] [1mCopying[0m LegacyInsulinDeliveryTableViewController.strings[0m
Build	Fastlane Build & Archive	2026-07-20T11:43:15.1652960Z [11:43:14]: ▸ [35m[[36mLoopKitUI[0m] [1mCopying[0m InsulinKit.strings[0m
Build	Fastlane Build & Archive	2026-07-20T11:43:15.1653620Z [11:43:14]: ▸ [35m[[36mLoopKitUI[0m] [1mCopying[0m LegacyInsulinDeliveryTableViewController.strings[0m
Build	Fastlane Build & Archive	2026-07-20T11:43:15.1692270Z [11:43:14]: ▸ [35m[[36mLoopKitUI[0m] [1mCopying[0m LegacyInsulinDeliveryTableViewController.strings[0m
Build	Fastlane Build & Archive	2026-07-20T11:43:15.1788040Z [11:43:14]: ▸ [35m[[36mLoopKitUI[0m] [1mCopying[0m InsulinKit.strings[0m
Build	Fastlane Build & Archive	2026-07-20T11:43:15.1790120Z [11:43:14]: ▸ [35m[[36mLoopKitUI[0m] [1mCopying[0m LegacyInsulinDeliveryTableViewController.strings[0m
Build	Fastlane Build & Archive	2026-07-20T11:43:15.1791910Z [11:43:14]: ▸ [35m[[36mLoopKitUI[0m] [1mCopying[0m InsulinKit.strings[0m
Build	Fastlane Build & Archive	2026-07-20T11:43:15.1793540Z [11:43:14]: ▸ [35m[[36mLoopKitUI[0m] [1mCopying[0m LegacyInsulinDeliveryTableViewController.strings[0m
Build	Fastlane Build & Archive	2026-07-20T11:43:15.1795080Z [11:43:14]: ▸ [35m[[36mLoopKitUI[0m] [1mCopying[0m InsulinKit.strings[0m
Build	Fastlane Build & Archive	2026-07-20T11:43:15.1796380Z [11:43:14]: ▸ [35m[[36mLoopKitUI[0m] [1mCompile XCStrings[0m Localizable.xcstrings[0m
Build	Fastlane Build & Archive	2026-07-20T11:43:15.1798440Z [11:43:14]: ▸ [35m[[36mLoopKitUI[0m] [1mCompiling[0m OverrideSelectionViewController.storyboard[0m
Build	Fastlane Build & Archive	2026-07-20T11:43:15.1800110Z [11:43:14]: ▸ [35m[[36mLoopKitUI[0m] [1mCopying[0m Localizable.strings[0m
Build	Fastlane Build & Archive	2026-07-20T11:43:15.1801370Z [11:43:14]: ▸ [35m[[36mLoopKitUI[0m] [1mCopying[0m Localizable.strings[0m
Build	Fastlane Build & Archive	2026-07-20T11:43:15.1802600Z [11:43:14]: ▸ [35m[[36mLoopKitUI[0m] [1mCopying[0m Localizable.strings[0m
Build	Fastlane Build & Archive	2026-07-20T11:43:15.1804820Z [11:43:14]: ▸ [35m[[36mLoopKitUI[0m] [1mCopying[0m Localizable.strings[0m
Build	Fastlane Build & Archive	2026-07-20T11:43:15.1806090Z [11:43:14]: ▸ [35m[[36mLoopKitUI[0m] [1mCopying[0m Localizable.strings[0m
Build	Fastlane Build & Archive	2026-07-20T11:43:15.1808050Z [11:43:14]: ▸ [35m[[36mLoopKitUI[0m] [1mCopying[0m Localizable.strings[0m
Build	Fastlane Build & Archive	2026-07-20T11:43:15.1809250Z [11:43:14]: ▸ [35m[[36mLoopKitUI[0m] [1mCopying[0m Localizable.strings[0m
Build	Fastlane Build & Archive	2026-07-20T11:43:15.1811050Z [11:43:14]: ▸ [35m[[36mLoopKitUI[0m] [1mCopying[0m Localizable.strings[0m
Build	Fastlane Build & Archive	2026-07-20T11:43:15.1812560Z [11:43:14]: ▸ [35m[[36mLoopKitUI[0m] [1mCopying[0m Localizable.strings[0m
Build	Fastlane Build & Archive	2026-07-20T11:43:15.1814210Z [11:43:14]: ▸ [35m[[36mLoopKitUI[0m] [1mCopying[0m Localizable.strings[0m
Build	Fastlane Build & Archive	2026-07-20T11:43:15.1815580Z [11:43:14]: ▸ [35m[[36mLoopKitUI[0m] [1mCopying[0m Localizable.strings[0m
Build	Fastlane Build & Archive	2026-07-20T11:43:15.1817860Z [11:43:14]: ▸ [35m[[36mLoopKitUI[0m] [1mCopying[0m Localizable.strings[0m
Build	Fastlane Build & Archive	2026-07-20T11:43:15.1819630Z [11:43:14]: ▸ [35m[[36mLoopKitUI[0m] [1mCopying[0m Localizable.strings[0m
Build	Fastlane Build & Archive	2026-07-20T11:43:15.1821210Z [11:43:14]: ▸ [35m[[36mLoopKitUI[0m] [1mCopying[0m Localizable.strings[0m
Build	Fastlane Build & Archive	2026-07-20T11:43:15.1822600Z [11:43:14]: ▸ [35m[[36mLoopKitUI[0m] [1mCopying[0m Localizable.strings[0m
Build	Fastlane Build & Archive	2026-07-20T11:43:15.1824030Z [11:43:14]: ▸ [35m[[36mLoopKitUI[0m] [1mCopying[0m Localizable.strings[0m
Build	Fastlane Build & Archive	2026-07-20T11:43:15.1844690Z [11:43:14]: ▸ [35m[[36mLoopKitUI[0m] [1mCopying[0m Localizable.strings[0m
Build	Fastlane Build & Archive	2026-07-20T11:43:15.1846370Z [11:43:14]: ▸ [35m[[36mLoopKitUI[0m] [1mCopying[0m Localizable.strings[0m
Build	Fastlane Build & Archive	2026-07-20T11:43:15.1847630Z [11:43:14]: ▸ [35m[[36mLoopKitUI[0m] [1mCopying[0m Localizable.strings[0m
Build	Fastlane Build & Archive	2026-07-20T11:43:15.1849000Z [11:43:14]: ▸ [35m[[36mLoopKitUI[0m] [1mCopying[0m Localizable.strings[0m
Build	Fastlane Build & Archive	2026-07-20T11:43:15.1850480Z [11:43:14]: ▸ [35m[[36mLoopKitUI[0m] [1mCopying[0m Localizable.strings[0m
Build	Fastlane Build & Archive	2026-07-20T11:43:15.1852550Z [11:43:14]: ▸ [35m[[36mLoopKitUI[0m] [1mCopying[0m Localizable.strings[0m
Build	Fastlane Build & Archive	2026-07-20T11:43:15.1853290Z [11:43:14]: ▸ [35m[[36mLoopKitUI[0m] [1mCopying[0m Localizable.strings[0m
Build	Fastlane Build & Archive	2026-07-20T11:43:15.1853870Z [11:43:14]: ▸ [35m[[36mLoopKitUI[0m] [1mCopying[0m Localizable.strings[0m
Build	Fastlane Build & Archive	2026-07-20T11:43:15.1854530Z [11:43:14]: ▸ [35m[[36mLoopKitUI[0m] [1mCopying[0m Localizable.strings[0m
Build	Fastlane Build & Archive	2026-07-20T11:43:15.1855080Z [11:43:14]: ▸ [35m[[36mLoopKitUI[0m] [1mCopying[0m Localizable.strings[0m
Build	Fastlane Build & Archive	2026-07-20T11:43:15.1855580Z [11:43:14]: ▸ [35m[[36mLoopKitUI[0m] [1mCopying[0m Localizable.strings[0m
Build	Fastlane Build & Archive	2026-07-20T11:43:15.1856110Z [11:43:14]: ▸ [35m[[36mLoopKitUI[0m] [1mCompiling[0m EmojiInputController.storyboard[0m
Build	Fastlane Build & Archive	2026-07-20T11:43:15.1856740Z [11:43:14]: ▸ [35m[[36mLoopKitUI[0m] [1mCompiling[0m LegacyInsulinDeliveryTableViewController.storyboard[0m
Build	Fastlane Build & Archive	2026-07-20T11:43:15.1857330Z [11:43:14]: ▸ [35m[[36mLoopKitUI[0m] [1mCompiling[0m InsulinKit.storyboard[0m
Build	Fastlane Build & Archive	2026-07-20T11:43:15.1857830Z [11:43:14]: ▸ [35m[[36mTidepoolServiceKit[0m] [1mExtract App Intents Metadata[0m
Build	Fastlane Build & Archive	2026-07-20T11:43:15.1858530Z [11:43:14]: ▸ [35m[[36mFirebaseCrashlyticsSwift[0m] [1mLinking[0m FirebaseCrashlyticsSwift.o[0m
Build	Fastlane Build & Archive	2026-07-20T11:43:15.1860050Z [11:43:14]: ▸ [35m[[36mShareClient[0m] [1mExtract App Intents Metadata[0m
Build	Fastlane Build & Archive	2026-07-20T11:43:15.1860680Z [11:43:14]: ▸ [35m[[36mRileyLinkBLEKit[0m] [1mExtract App Intents Metadata[0m
Build	Fastlane Build & Archive	2026-07-20T11:43:15.1861150Z [11:43:14]: ▸ [35m[[36mLoopTestingKit[0m] [1mExtract App Intents Metadata[0m
Build	Fastlane Build & Archive	2026-07-20T11:43:15.1861600Z [11:43:14]: ▸ [35m[[36mLoopKitUI[0m] [1mProcessing[0m Info.plist[0m
Build	Fastlane Build & Archive	2026-07-20T11:43:15.1862080Z [11:43:14]: ▸ [35m[[36mFirebaseCrashlyticsSwift[0m] [1mExtract App Intents Metadata[0m
Build	Fastlane Build & Archive	2026-07-20T11:43:15.1864220Z [11:43:14]: ▸ [35m[[36mCryptorECC[0m] [1mExtract App Intents Metadata[0m
Build	Fastlane Build & Archive	2026-07-20T11:43:15.1864660Z [11:43:14]: ▸ [35m[[36mCryptor[0m] [1mExtract App Intents Metadata[0m
Build	Fastlane Build & Archive	2026-07-20T11:43:15.1865270Z [11:43:14]: ▸ [35m[[36mTidepoolServiceKit[0m] [1mRegisterExecutionPolicyException[0m TidepoolServiceKit.framework[0m
Build	Fastlane Build & Archive	2026-07-20T11:43:15.1867740Z [11:43:14]: ▸ [35m[[36mTidepoolServiceKit[0m] [1mTouching[0m TidepoolServiceKit.framework[0m
Build	Fastlane Build & Archive	2026-07-20T11:43:15.1868590Z [11:43:14]: ▸ [35m[[36mShareClient[0m] [1mRegisterExecutionPolicyException[0m ShareClient.framework[0m
Build	Fastlane Build & Archive	2026-07-20T11:43:15.1869360Z [11:43:14]: ▸ [35m[[36mShareClient[0m] [1mTouching[0m ShareClient.framework[0m
Build	Fastlane Build & Archive	2026-07-20T11:43:15.1870000Z [11:43:14]: ▸ [35m[[36mRileyLinkBLEKit[0m] [1mRegisterExecutionPolicyException[0m RileyLinkBLEKit.framework[0m
Build	Fastlane Build & Archive	2026-07-20T11:43:15.1872080Z [11:43:14]: ▸ [35m[[36mFirebaseCore[0m] [1mCompiling[0m resource_bundle_accessor.m[0m
Build	Fastlane Build & Archive	2026-07-20T11:43:15.1872620Z [11:43:14]: ▸ [35m[[36mFirebaseCore[0m] [1mCompiling[0m FIRVersion.m[0m
Build	Fastlane Build & Archive	2026-07-20T11:43:15.1873070Z [11:43:14]: ▸ [35m[[36mFirebaseCore[0m] [1mCompiling[0m FIRTimestamp.m[0m
Build	Fastlane Build & Archive	2026-07-20T11:43:15.1873520Z [11:43:14]: ▸ [35m[[36mFirebaseCore[0m] [1mCompiling[0m FIROptions.m[0m
Build	Fastlane Build & Archive	2026-07-20T11:43:15.1874000Z [11:43:14]: ▸ [35m[[36mFirebaseCore[0m] [1mCompiling[0m FIRConfiguration.m[0m
Build	Fastlane Build & Archive	2026-07-20T11:43:15.1874740Z [11:43:14]: ▸ [35m[[36mFirebaseCore[0m] [1mCompiling[0m FIRComponentType.m[0m
Build	Fastlane Build & Archive	2026-07-20T11:43:15.1875750Z [11:43:14]: ▸ [35m[[36mFirebaseCore[0m] [1mCompiling[0m FIRComponentContainer.m[0m
Build	Fastlane Build & Archive	2026-07-20T11:43:15.1876260Z [11:43:14]: ▸ [35m[[36mFirebaseCore[0m] [1mCompiling[0m FIRComponent.m[0m
Build	Fastlane Build & Archive	2026-07-20T11:43:15.1881070Z [11:43:14]: ▸ [35m[[36mFirebaseCore[0m] [1mCompiling[0m FIRAnalyticsConfiguration.m[0m
Build	Fastlane Build & Archive	2026-07-20T11:43:15.1884430Z [11:43:14]: ▸ [35m[[36mFirebaseCore[0m] [1mCompiling[0m FIRFirebaseUserAgent.m[0m
Build	Fastlane Build & Archive	2026-07-20T11:43:15.1885950Z [11:43:14]: ▸ [35m[[36mFirebaseCore[0m] [1mCompiling[0m FIRBundleUtil.m[0m
Build	Fastlane Build & Archive	2026-07-20T11:43:15.1888800Z [11:43:14]: ▸ [35m[[36mFirebaseCore[0m] [1mCompiling[0m FIRLogger.m[0m
Build	Fastlane Build & Archive	2026-07-20T11:43:15.1891020Z [11:43:14]: ▸ [35m[[36mFirebaseCore[0m] [1mCompiling[0m FIRHeartbeatLogger.m[0m
Build	Fastlane Build & Archive	2026-07-20T11:43:15.1895800Z [11:43:14]: ▸ [35m[[36mRileyLinkBLEKit[0m] [1mTouching[0m RileyLinkBLEKit.framework[0m
Build	Fastlane Build & Archive	2026-07-20T11:43:15.1897300Z [11:43:14]: ▸ [35m[[36mFirebaseCore[0m] [1mCompiling[0m FIRApp.m[0m
Build	Fastlane Build & Archive	2026-07-20T11:43:15.1900920Z [11:43:14]: ▸ [35m[[36mFirebase[0m] [1mRegisterExecutionPolicyException[0m Firebase.o[0m
Build	Fastlane Build & Archive	2026-07-20T11:43:15.1902810Z [11:43:14]: ▸ [35m[[36mFirebaseCoreInternal[0m] [1mRegisterExecutionPolicyException[0m FirebaseCoreInternal.o[0m
Build	Fastlane Build & Archive	2026-07-20T11:43:15.1905270Z [11:43:14]: ▸ [35m[[36mFirebaseCoreExtension[0m] [1mRegisterExecutionPolicyException[0m FirebaseCoreExtension.o[0m
Build	Fastlane Build & Archive	2026-07-20T11:43:15.1907490Z [11:43:14]: ▸ [35m[[36mLoopTestingKit[0m] [1mRegisterExecutionPolicyException[0m LoopTestingKit.framework[0m
Build	Fastlane Build & Archive	2026-07-20T11:43:15.1910220Z [11:43:14]: ▸ [35m[[36mFirebaseCrashlyticsSwift[0m] [1mRegisterExecutionPolicyException[0m FirebaseCrashlyticsSwift.o[0m
Build	Fastlane Build & Archive	2026-07-20T11:43:15.1912600Z [11:43:14]: ▸ [35m[[36mLoopTestingKit[0m] [1mTouching[0m LoopTestingKit.framework[0m
Build	Fastlane Build & Archive	2026-07-20T11:43:15.1916100Z [11:43:14]: ▸ [35m[[36mFirebaseCrashlytics[0m] [1mCompiling[0m FIRCLSException.mm[0m
Build	Fastlane Build & Archive	2026-07-20T11:43:15.1918490Z [11:43:14]: ▸ [35m[[36mFirebaseCrashlytics[0m] [1mCompiling[0m FIRCLSDemangleOperation.mm[0m
Build	Fastlane Build & Archive	2026-07-20T11:43:15.1920950Z [11:43:14]: ▸ [35m[[36mFirebaseCrashlytics[0m] [1mCompiling[0m crashlytics.nanopb.c[0m
Build	Fastlane Build & Archive	2026-07-20T11:43:15.1923310Z [11:43:14]: ▸ [35m[[36mAlgorithms[0m] [1mCopy[0m arm64-apple-ios.swiftmodule -> Algorithms.swiftmodule[0m
Build	Fastlane Build & Archive	2026-07-20T11:43:15.1925030Z [11:43:14]: ▸ [35m[[36mAlgorithms[0m] [1mCopy[0m arm64-apple-ios.swiftdoc -> Algorithms.swiftdoc[0m
Build	Fastlane Build & Archive	2026-07-20T11:43:15.1926680Z [11:43:14]: ▸ [35m[[36mAlgorithms[0m] [1mCopy[0m arm64-apple-ios.abi.json -> Algorithms.abi.json[0m
Build	Fastlane Build & Archive	2026-07-20T11:43:15.1928240Z [11:43:14]: ▸ [35m[[36mFirebaseCrashlytics[0m] [1mCompiling[0m resource_bundle_accessor.m[0m
Build	Fastlane Build & Archive	2026-07-20T11:43:15.1929640Z [11:43:14]: ▸ [35m[[36mFirebaseCrashlytics[0m] [1mCompiling[0m FIRStackFrame.m[0m
Build	Fastlane Build & Archive	2026-07-20T11:43:15.1931890Z [11:43:14]: ▸ [35m[[36mFirebaseCrashlytics[0m] [1mCompiling[0m FIRExceptionModel.m[0m
Build	Fastlane Build & Archive	2026-07-20T11:43:15.1933970Z [11:43:14]: ▸ [35m[[36mFirebaseCrashlytics[0m] [1mCompiling[0m FIRCrashlyticsReport.m[0m
Build	Fastlane Build & Archive	2026-07-20T11:43:15.1935340Z [11:43:14]: ▸ [35m[[36mFirebaseCrashlytics[0m] [1mCompiling[0m FIRCLSdSYM.m[0m
Build	Fastlane Build & Archive	2026-07-20T11:43:15.1936630Z [11:43:14]: ▸ [35m[[36mFirebaseCrashlytics[0m] [1mCompiling[0m FIRCLSUtility.m[0m
Build	Fastlane Build & Archive	2026-07-20T11:43:15.1937970Z [11:43:14]: ▸ [35m[[36mFirebaseCrashlytics[0m] [1mCompiling[0m FIRCLSUserLogging.m[0m
Build	Fastlane Build & Archive	2026-07-20T11:43:15.1939350Z [11:43:14]: ▸ [35m[[36mFirebaseCrashlytics[0m] [1mCompiling[0m FIRCLSUserDefaults.m[0m
Build	Fastlane Build & Archive	2026-07-20T11:43:15.1940690Z [11:43:14]: ▸ [35m[[36mFirebaseCrashlytics[0m] [1mCompiling[0m FIRCLSUUID.m[0m
Build	Fastlane Build & Archive	2026-07-20T11:43:15.1943040Z [11:43:14]: ▸ [35m[[36mFirebaseCrashlytics[0m] [1mCompiling[0m FIRCrashlytics.m[0m
Build	Fastlane Build & Archive	2026-07-20T11:43:15.1944560Z [11:43:14]: ▸ [35m[[36mFirebaseCrashlytics[0m] [1mCompiling[0m FIRCLSUnwind_x86.c[0m
Build	Fastlane Build & Archive	2026-07-20T11:43:15.1945930Z [11:43:14]: ▸ [35m[[36mFirebaseCrashlytics[0m] [1mCompiling[0m FIRCLSUnwind_arm.c[0m
Build	Fastlane Build & Archive	2026-07-20T11:43:15.1947300Z [11:43:14]: ▸ [35m[[36mFirebaseCrashlytics[0m] [1mCompiling[0m FIRCLSUnwind.c[0m
Build	Fastlane Build & Archive	2026-07-20T11:43:15.1951680Z [11:43:14]: ▸ [35m[[36mFirebaseCrashlytics[0m] [1mCompiling[0m FIRCLSURLBuilder.m[0m
Build	Fastlane Build & Archive	2026-07-20T11:43:15.1953300Z [11:43:14]: ▸ [35m[[36mFirebaseCrashlytics[0m] [1mCompiling[0m FIRCLSThreadState.c[0m
Build	Fastlane Build & Archive	2026-07-20T11:43:15.1954780Z [11:43:14]: ▸ [35m[[36mFirebaseCrashlytics[0m] [1mCompiling[0m FIRCLSThreadArrayOperation.m[0m
Build	Fastlane Build & Archive	2026-07-20T11:43:15.1956350Z [11:43:14]: ▸ [35m[[36mFirebaseCrashlytics[0m] [1mCompiling[0m FIRCLSSymbolicationOperation.m[0m
Build	Fastlane Build & Archive	2026-07-20T11:43:15.1957860Z [11:43:15]: ▸ [35m[[36mFirebaseCrashlytics[0m] [1mCompiling[0m FIRCLSSymbolResolver.m[0m
Build	Fastlane Build & Archive	2026-07-20T11:43:15.1958460Z [11:43:15]: ▸ [35m[[36mFirebaseCrashlytics[0m] [1mCompiling[0m FIRCLSSignal.c[0m
Build	Fastlane Build & Archive	2026-07-20T11:43:15.1959050Z [11:43:15]: ▸ [35m[[36mFirebaseCrashlytics[0m] [1mCompiling[0m FIRCLSSettingsManager.m[0m
Build	Fastlane Build & Archive	2026-07-20T11:43:15.1959600Z [11:43:15]: ▸ [35m[[36mFirebaseCrashlytics[0m] [1mCompiling[0m FIRCLSSettings.m[0m
Build	Fastlane Build & Archive	2026-07-20T11:43:15.1961220Z [11:43:15]: ▸ [35m[[36mFirebaseCrashlytics[0m] [1mCompiling[0m FIRCLSSerializeSymbolicatedFramesOperation.m[0m
Build	Fastlane Build & Archive	2026-07-20T11:43:15.1970020Z [11:43:15]: ▸ [35m[[36mFirebaseCrashlytics[0m] [1mCompiling[0m FIRCLSRolloutsPersistenceManager.m[0m
Build	Fastlane Build & Archive	2026-07-20T11:43:15.1972100Z [11:43:15]: ▸ [35m[[36mFirebaseCrashlytics[0m] [1mCompiling[0m FIRCLSReportUploader.m[0m
Build	Fastlane Build & Archive	2026-07-20T11:43:15.1973880Z [11:43:15]: ▸ [35m[[36mFirebaseCrashlytics[0m] [1mCompiling[0m FIRCLSReportAdapter.m[0m
Build	Fastlane Build & Archive	2026-07-20T11:43:15.1975700Z [11:43:15]: ▸ [35m[[36mFirebaseCrashlytics[0m] [1mCompiling[0m FIRCLSReportManager.m[0m
Build	Fastlane Build & Archive	2026-07-20T11:43:15.1976390Z [11:43:15]: ▸ [35m[[36mFirebaseCrashlytics[0m] [1mCompiling[0m FIRCLSRecordIdentity.m[0m
Build	Fastlane Build & Archive	2026-07-20T11:43:15.1977170Z [11:43:15]: ▸ [35m[[36mFirebaseCrashlytics[0m] [1mCompiling[0m FIRCLSRecordHost.m[0m
Build	Fastlane Build & Archive	2026-07-20T11:43:15.1978960Z [11:43:15]: ▸ [35m[[36mFirebaseCrashlytics[0m] [1mCompiling[0m FIRCLSRecordBase.m[0m
Build	Fastlane Build & Archive	2026-07-20T11:43:15.1980780Z [11:43:15]: ▸ [35m[[36mFirebaseCrashlytics[0m] [1mCompiling[0m FIRCLSRecordApplication.m[0m
Build	Fastlane Build & Archive	2026-07-20T11:43:15.1982580Z [11:43:15]: ▸ [35m[[36mFirebaseCrashlytics[0m] [1mCompiling[0m FIRCLSProcessReportOperation.m[0m
Build	Fastlane Build & Archive	2026-07-20T11:43:15.1984320Z [11:43:15]: ▸ [35m[[36mFirebaseCrashlytics[0m] [1mCompiling[0m FIRCLSOnDemandModel.m[0m
Build	Fastlane Build & Archive	2026-07-20T11:43:15.1986250Z [11:43:15]: ▸ [35m[[36mFirebaseCrashlytics[0m] [1mCompiling[0m FIRCLSNotificationManager.m[0m
Build	Fastlane Build & Archive	2026-07-20T11:43:15.1989050Z [11:43:15]: ▸ [35m[[36mFirebaseCrashlytics[0m] [1mCompiling[0m FIRCLSProcess.c[0m
Build	Fastlane Build & Archive	2026-07-20T11:43:15.1990820Z [11:43:15]: ▸ [35m[[36mFirebaseCrashlytics[0m] [1mCompiling[0m FIRCLSNetworkResponseHandler.m[0m
Build	Fastlane Build & Archive	2026-07-20T11:43:15.1991960Z [11:43:15]: ▸ [35m[[36mFirebaseCrashlytics[0m] [1mCompiling[0m FIRCLSNetworkOperation.m[0m
Build	Fastlane Build & Archive	2026-07-20T11:43:15.1992550Z [11:43:15]: ▸ [35m[[36mFirebaseCrashlytics[0m] [1mCompiling[0m FIRCLSMetricKitManager.m[0m
Build	Fastlane Build & Archive	2026-07-20T11:43:15.1993380Z [11:43:15]: ▸ [35m[[36mFirebaseCrashlytics[0m] [1mCompiling[0m FIRCLSManagerData.m[0m
Build	Fastlane Build & Archive	2026-07-20T11:43:15.1993950Z [11:43:15]: ▸ [35m[[36mFirebaseCrashlytics[0m] [1mCompiling[0m FIRCLSMachOSlice.m[0m
Build	Fastlane Build & Archive	2026-07-20T11:43:15.1994540Z [11:43:15]: ▸ [35m[[36mFirebaseCrashlytics[0m] [1mCompiling[0m FIRCLSMachOBinary.m[0m
Build	Fastlane Build & Archive	2026-07-20T11:43:15.1995080Z [11:43:15]: ▸ [35m[[36mFirebaseCrashlytics[0m] [1mCompiling[0m FIRCLSMachO.m[0m
Build	Fastlane Build & Archive	2026-07-20T11:43:15.1995840Z [11:43:15]: ▸ [35m[[36mFirebaseCrashlytics[0m] [1mCompiling[0m FIRCLSMachException.c[0m
Build	Fastlane Build & Archive	2026-07-20T11:43:15.1996410Z [11:43:15]: ▸ [35m[[36mFirebaseCrashlytics[0m] [1mCompiling[0m FIRCLSLogger.m[0m
Build	Fastlane Build & Archive	2026-07-20T11:43:15.1999130Z [11:43:15]: ▸ [35m[[36mFirebaseCrashlytics[0m] [1mCompiling[0m FIRCLSLaunchMarkerModel.m[0m
Build	Fastlane Build & Archive	2026-07-20T11:43:15.2005480Z [11:43:15]: ▸ [35m[[36mFirebaseCrashlytics[0m] [1mCompiling[0m FIRCLSInternalReport.m[0m
Build	Fastlane Build & Archive	2026-07-20T11:43:15.2013860Z [11:43:15]: ▸ [35m[[36mFirebaseCrashlytics[0m] [1mCompiling[0m FIRCLSInternalLogging.c[0m
Build	Fastlane Build & Archive	2026-07-20T11:43:15.2014480Z [11:43:15]: ▸ [35m[[36mFirebaseCrashlytics[0m] [1mCompiling[0m FIRCLSInstallIdentifierModel.m[0m
Build	Fastlane Build & Archive	2026-07-20T11:43:15.2015040Z [11:43:15]: ▸ [35m[[36mFirebaseCrashlytics[0m] [1mCompiling[0m FIRCLSHandler.m[0m
Build	Fastlane Build & Archive	2026-07-20T11:43:15.2015570Z [11:43:15]: ▸ [35m[[36mFirebaseCrashlytics[0m] [1mCompiling[0m FIRCLSHost.m[0m
Build	Fastlane Build & Archive	2026-07-20T11:43:15.2017940Z [11:43:15]: ▸ [35m[[36mFirebaseCrashlytics[0m] [1mCompiling[0m FIRCLSFileManager.m[0m
Build	Fastlane Build & Archive	2026-07-20T11:43:15.2019830Z [11:43:15]: ▸ [35m[[36mFirebaseCrashlytics[0m] [1mCompiling[0m FIRCLSFile.m[0m
Build	Fastlane Build & Archive	2026-07-20T11:43:15.2021260Z [11:43:15]: ▸ [35m[[36mFirebaseCrashlytics[0m] [1mCompiling[0m FIRCLSFABNetworkClient.m[0m
Build	Fastlane Build & Archive	2026-07-20T11:43:15.2030010Z [11:43:15]: ▸ [35m[[36mFirebaseCrashlytics[0m] [1mCompiling[0m FIRCLSFABAsyncOperation.m[0m
Build	Fastlane Build & Archive	2026-07-20T11:43:15.2032140Z [11:43:15]: ▸ [35m[[36mFirebaseCrashlytics[0m] [1mCompiling[0m FIRCLSFABHost.m[0m
Build	Fastlane Build & Archive	2026-07-20T11:43:15.2032740Z [11:43:15]: ▸ [35m[[36mFirebaseCrashlytics[0m] [1mCompiling[0m FIRCLSExistingReportManager.m[0m
Build	Fastlane Build & Archive	2026-07-20T11:43:15.2033460Z [11:43:15]: ▸ [35m[[36mFirebaseCrashlytics[0m] [1mCompiling[0m FIRCLSExecutionIdentifierModel.m[0m
Build	Fastlane Build & Archive	2026-07-20T11:43:15.2039150Z [11:43:15]: ▸ [35m[[36mFirebaseCrashlytics[0m] [1mCompiling[0m FIRCLSDwarfUnwind.c[0m
Build	Fastlane Build & Archive	2026-07-20T11:43:15.2039770Z [11:43:15]: ▸ [35m[[36mFirebaseCrashlytics[0m] [1mCompiling[0m FIRCLSDwarfExpressionMachine.c[0m
Build	Fastlane Build & Archive	2026-07-20T11:43:15.2040420Z [11:43:15]: ▸ [35m[[36mFirebaseCrashlytics[0m] [1mCompiling[0m FIRCLSDownloadAndSaveSettingsOperation.m[0m
Build	Fastlane Build & Archive	2026-07-20T11:43:15.2041320Z [11:43:15]: ▸ [35m[[36mFirebaseCrashlytics[0m] [1mCompiling[0m FIRCLSDataParsing.c[0m
Build	Fastlane Build & Archive	2026-07-20T11:43:15.2042330Z [11:43:15]: ▸ [35m[[36mFirebaseCrashlytics[0m] [1mCompiling[0m FIRCLSDataCollectionToken.m[0m
Build	Fastlane Build & Archive	2026-07-20T11:43:15.2043040Z [11:43:15]: ▸ [35m[[36mFirebaseCrashlytics[0m] [1mCompiling[0m FIRCLSDataCollectionArbiter.m[0m
Build	Fastlane Build & Archive	2026-07-20T11:43:15.2043630Z [11:43:15]: ▸ [35m[[36mFirebaseCrashlytics[0m] [1mCompiling[0m FIRCLSCrashedMarkerFile.c[0m
Build	Fastlane Build & Archive	2026-07-20T11:43:15.2046200Z [11:43:15]: ▸ [35m[[36mFirebaseCrashlytics[0m] [1mCompiling[0m FIRCLSContextManager.m[0m
Build	Fastlane Build & Archive	2026-07-20T11:43:15.2046770Z [11:43:15]: ▸ [35m[[36mFirebaseCrashlytics[0m] [1mCompiling[0m FIRCLSContextInitData.m[0m
Build	Fastlane Build & Archive	2026-07-20T11:43:15.2047320Z [11:43:15]: ▸ [35m[[36mFirebaseCrashlytics[0m] [1mCompiling[0m FIRCLSContext.m[0m
Build	Fastlane Build & Archive	2026-07-20T11:43:15.2047840Z [11:43:15]: ▸ [35m[[36mFirebaseCrashlytics[0m] [1mCompiling[0m FIRCLSConstants.m[0m
Build	Fastlane Build & Archive	2026-07-20T11:43:15.2048390Z [11:43:15]: ▸ [35m[[36mFirebaseCrashlytics[0m] [1mCompiling[0m FIRCLSCompoundOperation.m[0m
Build	Fastlane Build & Archive	2026-07-20T11:43:15.2051900Z [11:43:15]: ▸ [35m[[36mFirebaseCrashlytics[0m] [1mCompiling[0m FIRCLSCompactUnwind.c[0m
Build	Fastlane Build & Archive	2026-07-20T11:43:15.2065830Z [11:43:15]: ▸ [35m[[36mFirebaseCrashlytics[0m] [1mCompiling[0m FIRCLSCodeMapping.m[0m
Build	Fastlane Build & Archive	2026-07-20T11:43:15.2072130Z [11:43:15]: ▸ [35m[[36mFirebaseCrashlytics[0m] [1mCompiling[0m FIRCLSCallStackTree.m[0m
Build	Fastlane Build & Archive	2026-07-20T11:43:15.2073900Z [11:43:15]: ▸ [35m[[36mFirebaseCrashlytics[0m] [1mCompiling[0m FIRCLSByteUtility.m[0m
Build	Fastlane Build & Archive	2026-07-20T11:43:15.2082020Z [11:43:15]: ▸ [35m[[36mFirebaseCrashlytics[0m] [1mCompiling[0m FIRCLSBinaryImage.m[0m
Build	Fastlane Build & Archive	2026-07-20T11:43:15.2082680Z [11:43:15]: ▸ [35m[[36mFirebaseCrashlytics[0m] [1mCompiling[0m FIRCLSAsyncOperation.m[0m
Build	Fastlane Build & Archive	2026-07-20T11:43:15.2083280Z [11:43:15]: ▸ [35m[[36mFirebaseCrashlytics[0m] [1mCompiling[0m FIRCLSApplicationIdentifierModel.m[0m
Build	Fastlane Build & Archive	2026-07-20T11:43:15.2083890Z [11:43:15]: ▸ [35m[[36mFirebaseCrashlytics[0m] [1mCompiling[0m FIRCLSApplication.m[0m
Build	Fastlane Build & Archive	2026-07-20T11:43:15.2084480Z [11:43:15]: ▸ [35m[[36mFirebaseCrashlytics[0m] [1mCompiling[0m FIRCLSAnalyticsManager.m[0m
Build	Fastlane Build & Archive	2026-07-20T11:43:15.2085060Z [11:43:15]: ▸ [35m[[36mFBLPromises[0m] [1mRegisterExecutionPolicyException[0m FBLPromises.o[0m
Build	Fastlane Build & Archive	2026-07-20T11:43:15.2085630Z [11:43:15]: ▸ [35m[[36mFirebaseCrashlytics[0m] [1mCompiling[0m FIRCLSAllocate.c[0m
Build	Fastlane Build & Archive	2026-07-20T11:43:15.2086110Z [11:43:15]: ▸ [35m[[36mFirebaseCore[0m] [1mLinking[0m FirebaseCore.o[0m
Build	Fastlane Build & Archive	2026-07-20T11:43:15.2086640Z [11:43:15]: ▸ [35m[[36mCryptorRSA[0m] [1mRegisterExecutionPolicyException[0m CryptorRSA.o[0m
Build	Fastlane Build & Archive	2026-07-20T11:43:15.2087150Z [11:43:15]: ▸ [35m[[36mPromises[0m] [1mLinking[0m Promises.o[0m
Build	Fastlane Build & Archive	2026-07-20T11:43:15.2087650Z [11:43:15]: ▸ [35m[[36mGoogleDataTransport[0m] [1mLinking[0m GoogleDataTransport.o[0m
Build	Fastlane Build & Archive	2026-07-20T11:43:15.2088130Z [11:43:15]: ▸ [35m[[36mPromises[0m] [1mExtract App Intents Metadata[0m
Build	Fastlane Build & Archive	2026-07-20T11:43:15.2088680Z [11:43:15]: ▸ [35m[[36mCryptorECC[0m] [1mRegisterExecutionPolicyException[0m CryptorECC.o[0m
Build	Fastlane Build & Archive	2026-07-20T11:43:15.2089170Z [11:43:15]: ▸ [35m[[36mAlgorithms[0m] [1mLinking[0m Algorithms.o[0m
Build	Fastlane Build & Archive	2026-07-20T11:43:15.2089780Z [11:43:15]: ▸ [35m[[36mCryptoSwift_CryptoSwift[0m] [1mRegisterExecutionPolicyException[0m CryptoSwift_CryptoSwift.bundle[0m
Build	Fastlane Build & Archive	2026-07-20T11:43:15.2090370Z [11:43:15]: ▸ [35m[[36mCGMBLEKit[0m] [1mProcessing[0m Info.plist[0m
Build	Fastlane Build & Archive	2026-07-20T11:43:15.2090840Z [11:43:15]: ▸ [35m[[36mCGMBLEKit[0m] [1mCompile XCStrings[0m Localizable.xcstrings[0m
Build	Fastlane Build & Archive	2026-07-20T11:43:15.2091360Z [11:43:15]: ▸ [35m[[36mCGMBLEKit[0m] [1mCopying[0m Localizable.strings[0m
Build	Fastlane Build & Archive	2026-07-20T11:43:15.2091810Z [11:43:15]: ▸ [35m[[36mCGMBLEKit[0m] [1mCopying[0m Localizable.strings[0m
Build	Fastlane Build & Archive	2026-07-20T11:43:15.2092250Z [11:43:15]: ▸ [35m[[36mCGMBLEKit[0m] [1mCopying[0m Localizable.strings[0m
Build	Fastlane Build & Archive	2026-07-20T11:43:15.2092690Z [11:43:15]: ▸ [35m[[36mCGMBLEKit[0m] [1mCopying[0m Localizable.strings[0m
Build	Fastlane Build & Archive	2026-07-20T11:43:15.2093230Z [11:43:15]: ▸ [35m[[36mCGMBLEKit[0m] [1mCopying[0m Localizable.strings[0m
Build	Fastlane Build & Archive	2026-07-20T11:43:15.2093700Z [11:43:15]: ▸ [35m[[36mCGMBLEKit[0m] [1mCopying[0m Localizable.strings[0m
Build	Fastlane Build & Archive	2026-07-20T11:43:15.2094140Z [11:43:15]: ▸ [35m[[36mCGMBLEKit[0m] [1mCopying[0m Localizable.strings[0m
Build	Fastlane Build & Archive	2026-07-20T11:43:15.2094590Z [11:43:15]: ▸ [35m[[36mCGMBLEKit[0m] [1mCopying[0m Localizable.strings[0m
Build	Fastlane Build & Archive	2026-07-20T11:43:15.2095020Z [11:43:15]: ▸ [35m[[36mCGMBLEKit[0m] [1mCopying[0m Localizable.strings[0m
Build	Fastlane Build & Archive	2026-07-20T11:43:15.2095450Z [11:43:15]: ▸ [35m[[36mCGMBLEKit[0m] [1mCopying[0m Localizable.strings[0m
Build	Fastlane Build & Archive	2026-07-20T11:43:15.2097600Z [11:43:15]: ▸ [35m[[36mCGMBLEKit[0m] [1mCopying[0m Localizable.strings[0m
Build	Fastlane Build & Archive	2026-07-20T11:43:15.2099010Z [11:43:15]: ▸ [35m[[36mCGMBLEKit[0m] [1mCopying[0m Localizable.strings[0m
Build	Fastlane Build & Archive	2026-07-20T11:43:15.2100460Z [11:43:15]: ▸ [35m[[36mCGMBLEKit[0m] [1mCopying[0m Localizable.strings[0m
Build	Fastlane Build & Archive	2026-07-20T11:43:15.2101770Z [11:43:15]: ▸ [35m[[36mCGMBLEKit[0m] [1mCopying[0m Localizable.strings[0m
Build	Fastlane Build & Archive	2026-07-20T11:43:15.2103750Z [11:43:15]: ▸ [35m[[36mCGMBLEKit[0m] [1mCopying[0m Localizable.strings[0m
Build	Fastlane Build & Archive	2026-07-20T11:43:15.2105260Z [11:43:15]: ▸ [35m[[36mCGMBLEKit[0m] [1mCopying[0m Localizable.strings[0m
Build	Fastlane Build & Archive	2026-07-20T11:43:15.2106720Z [11:43:15]: ▸ [35m[[36mCGMBLEKit[0m] [1mCopying[0m Localizable.strings[0m
Build	Fastlane Build & Archive	2026-07-20T11:43:15.2107200Z [11:43:15]: ▸ [35m[[36mCGMBLEKit[0m] [1mCopying[0m Localizable.strings[0m
Build	Fastlane Build & Archive	2026-07-20T11:43:15.2107660Z [11:43:15]: ▸ [35m[[36mCGMBLEKit[0m] [1mCopying[0m Localizable.strings[0m
Build	Fastlane Build & Archive	2026-07-20T11:43:15.2108140Z [11:43:15]: ▸ [35m[[36mCGMBLEKit[0m] [1mCopying[0m Localizable.strings[0m
Build	Fastlane Build & Archive	2026-07-20T11:43:15.2108600Z [11:43:15]: ▸ [35m[[36mCGMBLEKit[0m] [1mCopying[0m Localizable.strings[0m
Build	Fastlane Build & Archive	2026-07-20T11:43:15.2109050Z [11:43:15]: ▸ [35m[[36mCGMBLEKit[0m] [1mCopying[0m Localizable.strings[0m
Build	Fastlane Build & Archive	2026-07-20T11:43:15.2109500Z [11:43:15]: ▸ [35m[[36mCGMBLEKit[0m] [1mCopying[0m Localizable.strings[0m
Build	Fastlane Build & Archive	2026-07-20T11:43:15.2109950Z [11:43:15]: ▸ [35m[[36mCGMBLEKit[0m] [1mCopying[0m Localizable.strings[0m
Build	Fastlane Build & Archive	2026-07-20T11:43:15.2110390Z [11:43:15]: ▸ [35m[[36mCGMBLEKit[0m] [1mCopying[0m Localizable.strings[0m
Build	Fastlane Build & Archive	2026-07-20T11:43:15.2110840Z [11:43:15]: ▸ [35m[[36mCGMBLEKit[0m] [1mCopying[0m Localizable.strings[0m
Build	Fastlane Build & Archive	2026-07-20T11:43:15.2111290Z [11:43:15]: ▸ [35m[[36mAlgorithms[0m] [1mExtract App Intents Metadata[0m
Build	Fastlane Build & Archive	2026-07-20T11:43:15.2111800Z [11:43:15]: ▸ [35m[[36mPromises[0m] [1mRegisterExecutionPolicyException[0m Promises.o[0m
Build	Fastlane Build & Archive	2026-07-20T11:43:15.2112450Z [11:43:15]: ▸ [35m[[36mGoogleDataTransport[0m] [1mRegisterExecutionPolicyException[0m GoogleDataTransport.o[0m
Build	Fastlane Build & Archive	2026-07-20T11:43:15.2113060Z [11:43:15]: ▸ [35m[[36mCryptor[0m] [1mRegisterExecutionPolicyException[0m Cryptor.o[0m
Build	Fastlane Build & Archive	2026-07-20T11:43:15.2113660Z [11:43:15]: ▸ [35m[[36mFirebaseCore[0m] [1mRegisterExecutionPolicyException[0m FirebaseCore.o[0m
Build	Fastlane Build & Archive	2026-07-20T11:43:15.2114270Z [11:43:15]: ▸ [35m[[36mCryptoSwift_CryptoSwift[0m] [1mTouching[0m CryptoSwift_CryptoSwift.bundle[0m
Build	Fastlane Build & Archive	2026-07-20T11:43:15.2557320Z [11:43:15]: ▸ [35m[[36mCryptoSwift[0m] [1mLinking[0m CryptoSwift.o[0m
Build	Fastlane Build & Archive	2026-07-20T11:43:15.2560490Z [11:43:15]: ▸ [35m[[36mFirebaseSessionsObjC[0m] [1mLinking[0m FirebaseSessionsObjC.o[0m
Build	Fastlane Build & Archive	2026-07-20T11:43:15.2562470Z [11:43:15]: ▸ [35m[[36mFirebaseInstallations[0m] [1mLinking[0m FirebaseInstallations.o[0m
Build	Fastlane Build & Archive	2026-07-20T11:43:15.2563890Z [11:43:15]: ▸ [35m[[36mSwiftJWT[0m] [1mLinking[0m SwiftJWT.o[0m
Build	Fastlane Build & Archive	2026-07-20T11:43:15.2565030Z [11:43:15]: ▸ [35m[[36mSwiftJWT[0m] [1mExtract App Intents Metadata[0m
Build	Fastlane Build & Archive	2026-07-20T11:43:15.2566630Z [11:43:15]: ▸ [35m[[36mSwiftJWT[0m] [1mRegisterExecutionPolicyException[0m SwiftJWT.o[0m
Build	Fastlane Build & Archive	2026-07-20T11:43:15.2568080Z [11:43:15]: ▸ [35m[[36mCryptoSwift[0m] [1mExtract App Intents Metadata[0m
Build	Fastlane Build & Archive	2026-07-20T11:43:15.2569750Z [11:43:15]: ▸ [35m[[36mFirebaseSessionsObjC[0m] [1mRegisterExecutionPolicyException[0m FirebaseSessionsObjC.o[0m
Build	Fastlane Build & Archive	2026-07-20T11:43:15.3459080Z [11:43:15]: ▸ [35m[[36mFirebaseInstallations[0m] [1mRegisterExecutionPolicyException[0m FirebaseInstallations.o[0m
Build	Fastlane Build & Archive	2026-07-20T11:43:15.3461770Z [11:43:15]: ▸ [35m[[36mFirebaseSessions[0m] [1mLinking[0m FirebaseSessions.o[0m
Build	Fastlane Build & Archive	2026-07-20T11:43:15.3463380Z [11:43:15]: ▸ [35m[[36mFirebaseSessions[0m] [1mExtract App Intents Metadata[0m
Build	Fastlane Build & Archive	2026-07-20T11:43:15.3465040Z [11:43:15]: ▸ [35m[[36mCryptoSwift[0m] [1mRegisterExecutionPolicyException[0m CryptoSwift.o[0m
Build	Fastlane Build & Archive	2026-07-20T11:43:15.3468000Z [11:43:15]: ▸ [35m[[36mCryptoSwift[0m] [1mProcessing[0m empty-CryptoSwift_-360922625E627667_PackageProduct.plist[0m
Build	Fastlane Build & Archive	2026-07-20T11:43:15.3469820Z [11:43:15]: ▸ [35m[[36mCryptoSwift[0m] [1mLinking[0m CryptoSwift_-360922625E627667_PackageProduct[0m
Build	Fastlane Build & Archive	2026-07-20T11:43:15.3479630Z [11:43:15]: ▸ [35m[[36mCryptoSwift[0m] [1mCopying[0m CryptoSwift_CryptoSwift.bundle[0m
Build	Fastlane Build & Archive	2026-07-20T11:43:15.3480500Z [11:43:15]: ▸ [35m[[36mCryptoSwift[0m] [1mGenerating[0m CryptoSwift_-360922625E627667_PackageProduct.framework.dSYM[0m
Build	Fastlane Build & Archive	2026-07-20T11:43:15.3482440Z [11:43:15]: ▸ [35m[[36mFirebaseSessions[0m] [1mRegisterExecutionPolicyException[0m FirebaseSessions.o[0m
Build	Fastlane Build & Archive	2026-07-20T11:43:15.3483110Z [11:43:15]: ▸ [35m[[36mFirebaseCrashlytics[0m] [1mLinking[0m FirebaseCrashlytics.o[0m
Build	Fastlane Build & Archive	2026-07-20T11:43:15.3580790Z [11:43:15]: ▸ [35m[[36mCryptoSwift[0m] [1mRegisterExecutionPolicyException[0m CryptoSwift_-360922625E627667_PackageProduct.framework[0m
Build	Fastlane Build & Archive	2026-07-20T11:43:15.3686600Z [11:43:15]: ▸ [35m[[36mAlgorithms[0m] [1mRegisterExecutionPolicyException[0m Algorithms.o[0m
Build	Fastlane Build & Archive	2026-07-20T11:43:15.3806520Z [11:43:15]: ▸ [35m[[36mCryptoSwift[0m] [1mTouching[0m CryptoSwift_-360922625E627667_PackageProduct.framework[0m
Build	Fastlane Build & Archive	2026-07-20T11:43:15.3889620Z [11:43:15]: ▸ [35m[[36mFirebaseCrashlytics[0m] [1mRegisterExecutionPolicyException[0m FirebaseCrashlytics.o[0m
Build	Fastlane Build & Archive	2026-07-20T11:43:15.3893730Z [11:43:15]: ▸ [35m[[36mCGMBLEKit[0m] [1mCopy[0m arm64-apple-ios.swiftdoc -> CGMBLEKit.swiftdoc[0m
Build	Fastlane Build & Archive	2026-07-20T11:43:15.3895310Z [11:43:15]: ▸ [35m[[36mCGMBLEKit[0m] [1mCopy[0m arm64-apple-ios.abi.json -> CGMBLEKit.abi.json[0m
Build	Fastlane Build & Archive	2026-07-20T11:43:15.3897150Z [11:43:15]: ▸ [35m[[36mCGMBLEKit[0m] [1mCopy[0m arm64-apple-ios.swiftmodule -> CGMBLEKit.swiftmodule[0m
Build	Fastlane Build & Archive	2026-07-20T11:43:15.3898670Z [11:43:15]: ▸ [35m[[36mCGMBLEKit[0m] [1mCompiling[0m CGMBLEKit_vers.c[0m
Build	Fastlane Build & Archive	2026-07-20T11:43:15.3899790Z [11:43:15]: ▸ [35m[[36mCGMBLEKit[0m] [1mCompiling[0m AESCrypt.m[0m
Build	Fastlane Build & Archive	2026-07-20T11:43:15.3900830Z [11:43:15]: ▸ [35m[[36mCGMBLEKit[0m] [1mLinking[0m CGMBLEKit[0m
Build	Fastlane Build & Archive	2026-07-20T11:43:15.3901980Z [11:43:15]: ▸ [35m[[36mCGMBLEKit[0m] [1mGenerating[0m CGMBLEKit.framework.dSYM[0m
Build	Fastlane Build & Archive	2026-07-20T11:43:15.3903290Z [11:43:15]: ▸ [35m[[36mCGMBLEKit[0m] [1mExtract App Intents Metadata[0m
Build	Fastlane Build & Archive	2026-07-20T11:43:15.3904690Z [11:43:15]: ▸ [35m[[36mCGMBLEKit[0m] [1mRegisterExecutionPolicyException[0m CGMBLEKit.framework[0m
Build	Fastlane Build & Archive	2026-07-20T11:43:15.3906160Z [11:43:15]: ▸ [35m[[36mCGMBLEKit[0m] [1mTouching[0m CGMBLEKit.framework[0m
Build	Fastlane Build & Archive	2026-07-20T11:43:15.4330910Z [11:43:15]: ▸ [35m[[36mLoopKitUI[0m] [1mCopy[0m arm64-apple-ios.swiftmodule -> LoopKitUI.swiftmodule[0m
Build	Fastlane Build & Archive	2026-07-20T11:43:15.4439010Z [11:43:15]: ▸ [35m[[36mLoopKitUI[0m] [1mCopy[0m arm64-apple-ios.swiftdoc -> LoopKitUI.swiftdoc[0m
Build	Fastlane Build & Archive	2026-07-20T11:43:15.4482330Z [11:43:15]: ▸ [35m[[36mLoopKitUI[0m] [1mCopy[0m arm64-apple-ios.abi.json -> LoopKitUI.abi.json[0m
Build	Fastlane Build & Archive	2026-07-20T11:43:15.4602670Z [11:43:15]: ▸ [35m[[36mLoopKitUI[0m] [1mCompiling[0m LoopKitUI_vers.c[0m
Build	Fastlane Build & Archive	2026-07-20T11:43:23.2885030Z [11:43:23]: ▸ [35m[[36mTidepoolServiceKitUI[0m] [1mGenerate Asset Symbols[0m Assets.xcassets[0m
Build	Fastlane Build & Archive	2026-07-20T11:43:23.2989450Z [11:43:23]: ▸ [35m[[36mLoopKitUI[0m] [1mLinking[0m LoopKitUI[0m
Build	Fastlane Build & Archive	2026-07-20T11:43:26.1868410Z [11:43:26]: ▸ [35m[[36mLoopKitUI[0m] [1mGenerating[0m LoopKitUI.framework.dSYM[0m
Build	Fastlane Build & Archive	2026-07-20T11:43:26.5557820Z [11:43:26]: ▸ [35m[36;1mnote: [0mEmplaced /Users/runner/Library/Developer/Xcode/DerivedData/Trio-bovmnxebschsylahdeysnjjqdcte/Build/Intermediates.noindex/ArchiveIntermediates/Trio/IntermediateBuildFilesPath/UninstalledProducts/iphoneos/TidepoolServiceKitUI.framework/Assets.car (in target 'TidepoolServiceKitUI' from project 'TidepoolService')[0m
Build	Fastlane Build & Archive	2026-07-20T11:43:29.3651450Z [11:43:29]: ▸ [35m::warning file=/Users/runner/work/Trio/Trio/TidepoolService/TidepoolServiceKitUI/TidepoolService+UI.swift,line=32,col=1::extension declares a conformance of imported type 'TidepoolService' to imported protocol 'ServiceUI'; this will not behave correctly if the owners of 'TidepoolServiceKit' introduce this conformance in the future[0m
Build	Fastlane Build & Archive	2026-07-20T11:43:29.3794200Z [11:43:29]: ▸ [35mextension TidepoolService: ServiceUI {[0m
Build	Fastlane Build & Archive	2026-07-20T11:43:29.3932220Z [11:43:29]: ▸ [35m^[0m
Build	Fastlane Build & Archive	2026-07-20T11:43:29.4043650Z [11:43:29]: ▸ [35m::warning file=/Users/runner/work/Trio/Trio/TidepoolService/TidepoolServiceKitUI/TidepoolService+UI.swift,line=47,col=36::no 'async' operations occur within 'await' expression[0m
Build	Fastlane Build & Archive	2026-07-20T11:43:29.4153560Z [11:43:29]: ▸ [35m                guard let window = await navController.view.window else {[0m
Build	Fastlane Build & Archive	2026-07-20T11:43:29.4264670Z [11:43:29]: ▸ [35m                                   ^[0m
Build	Fastlane Build & Archive	2026-07-20T11:43:29.4383440Z [11:43:29]: ▸ [35m::warning file=/Users/runner/work/Trio/Trio/TidepoolService/TidepoolServiceKitUI/TidepoolService+UI.swift,line=56,col=17::no 'async' operations occur within 'await' expression[0m
Build	Fastlane Build & Archive	2026-07-20T11:43:29.4514570Z [11:43:29]: ▸ [35m                await navController.notifyServiceCreatedAndOnboarded(service)[0m
Build	Fastlane Build & Archive	2026-07-20T11:43:29.4619640Z [11:43:29]: ▸ [35m                ^[0m
Build	Fastlane Build & Archive	2026-07-20T11:43:29.4738120Z [11:43:29]: ▸ [35m::warning file=/Users/runner/work/Trio/Trio/TidepoolService/TidepoolServiceKitUI/TidepoolService+UI.swift,line=78,col=40::no 'async' operations occur within 'await' expression[0m
Build	Fastlane Build & Archive	2026-07-20T11:43:29.4865090Z [11:43:29]: ▸ [35m                    guard let window = await navController.view.window else {[0m
Build	Fastlane Build & Archive	2026-07-20T11:43:29.5006310Z [11:43:29]: ▸ [35m                                       ^[0m
Build	Fastlane Build & Archive	2026-07-20T11:43:30.9228330Z [11:43:30]: ▸ [35m[[36mTidepoolServiceKitUI[0m] [1mCopy[0m arm64-apple-ios.swiftmodule -> TidepoolServiceKitUI.swiftmodule[0m
Build	Fastlane Build & Archive	2026-07-20T11:43:30.9347460Z [11:43:30]: ▸ [35m[[36mTidepoolServiceKitUI[0m] [1mCopy[0m arm64-apple-ios.swiftdoc -> TidepoolServiceKitUI.swiftdoc[0m
Build	Fastlane Build & Archive	2026-07-20T11:43:30.9472660Z [11:43:30]: ▸ [35m[[36mTidepoolServiceKitUI[0m] [1mCopy[0m arm64-apple-ios.abi.json -> TidepoolServiceKitUI.abi.json[0m
Build	Fastlane Build & Archive	2026-07-20T11:43:30.9579050Z [11:43:30]: ▸ [35m[[36mTidepoolServiceKitUI[0m] [1mCompiling[0m TidepoolServiceKitUI_vers.c[0m
Build	Fastlane Build & Archive	2026-07-20T11:43:30.9681900Z [11:43:30]: ▸ [35m[[36mMockKit[0m] [1mGenerate Asset Symbols[0m Assets.xcassets[0m
Build	Fastlane Build & Archive	2026-07-20T11:43:32.9317320Z [11:43:32]: ▸ [35m[[36mRileyLinkKit[0m] [1mCopy[0m arm64-apple-ios.swiftmodule -> RileyLinkKit.swiftmodule[0m
Build	Fastlane Build & Archive	2026-07-20T11:43:32.9424600Z [11:43:32]: ▸ [35m[[36mRileyLinkKit[0m] [1mCopy[0m arm64-apple-ios.swiftdoc -> RileyLinkKit.swiftdoc[0m
Build	Fastlane Build & Archive	2026-07-20T11:43:32.9528660Z [11:43:32]: ▸ [35m[[36mRileyLinkKit[0m] [1mCopy[0m arm64-apple-ios.abi.json -> RileyLinkKit.abi.json[0m
Build	Fastlane Build & Archive	2026-07-20T11:43:42.2561210Z [11:43:42]: ▸ [35m[36;1mnote: [0mEmplaced /Users/runner/Library/Developer/Xcode/DerivedData/Trio-bovmnxebschsylahdeysnjjqdcte/Build/Intermediates.noindex/ArchiveIntermediates/Trio/IntermediateBuildFilesPath/UninstalledProducts/iphoneos/MockKit.framework/Assets.car (in target 'MockKit' from project 'LoopKit')[0m
Build	Fastlane Build & Archive	2026-07-20T11:43:42.2667910Z [11:43:42]: ▸ [35m[[36mRileyLinkKit[0m] [1mCompiling[0m RileyLinkKit_vers.c[0m
Build	Fastlane Build & Archive	2026-07-20T11:43:42.2768790Z [11:43:42]: ▸ [35m[[36mRileyLinkKitUI[0m] [1mGenerate Asset Symbols[0m RileyLinkKitUI.xcassets[0m
Build	Fastlane Build & Archive	2026-07-20T11:43:44.6815200Z [11:43:44]: ▸ [35m[36;1mnote: [0mEmplaced /Users/runner/Library/Developer/Xcode/DerivedData/Trio-bovmnxebschsylahdeysnjjqdcte/Build/Intermediates.noindex/ArchiveIntermediates/Trio/IntermediateBuildFilesPath/UninstalledProducts/iphoneos/RileyLinkKitUI.framework/Assets.car (in target 'RileyLinkKitUI' from project 'RileyLinkKit')[0m
Build	Fastlane Build & Archive	2026-07-20T11:43:44.6949070Z [11:43:44]: ▸ [35m::warning file=/Users/runner/work/Trio/Trio/dexcom-share-client-swift/ShareClientUI/ShareService+UI.swift,line=12,col=1::extension declares a conformance of imported type 'ShareService' to imported protocol 'ServiceAuthenticationUI'; this will not behave correctly if the owners of 'ShareClient' introduce this conformance in the future[0m
Build	Fastlane Build & Archive	2026-07-20T11:43:44.7085580Z [11:43:44]: ▸ [35mextension ShareService: ServiceAuthenticationUI {[0m
Build	Fastlane Build & Archive	2026-07-20T11:43:44.7197830Z [11:43:44]: ▸ [35m^[0m
Build	Fastlane Build & Archive	2026-07-20T11:43:44.7314540Z [11:43:44]: ▸ [35m::warning file=/Users/runner/work/Trio/Trio/dexcom-share-client-swift/ShareClientUI/ShareClientManager+UI.swift,line=14,col=1::extension declares a conformance of imported type 'ShareClientManager' to imported protocols 'CGMManagerUI', 'DeviceManagerUI', 'DisplayGlucoseUnitObserver', 'CGMStatusIndicator'; this will not behave correctly if the owners of 'ShareClient' introduce this conformance in the future[0m
Build	Fastlane Build & Archive	2026-07-20T11:43:44.7385120Z [11:43:44]: ▸ [35mextension ShareClientManager: CGMManagerUI {[0m
Build	Fastlane Build & Archive	2026-07-20T11:43:44.7388050Z [11:43:44]: ▸ [35m^[0m
Build	Fastlane Build & Archive	2026-07-20T11:43:44.7443560Z [11:43:44]: ▸ [35m[[36mShareClientUI[0m] [1mCopy[0m arm64-apple-ios.swiftmodule -> ShareClientUI.swiftmodule[0m
Build	Fastlane Build & Archive	2026-07-20T11:43:44.7444490Z [11:43:44]: ▸ [35m[[36mShareClientUI[0m] [1mCopy[0m arm64-apple-ios.swiftdoc -> ShareClientUI.swiftdoc[0m
Build	Fastlane Build & Archive	2026-07-20T11:43:44.7445310Z [11:43:44]: ▸ [35m[[36mShareClientUI[0m] [1mCopy[0m arm64-apple-ios.abi.json -> ShareClientUI.abi.json[0m
Build	Fastlane Build & Archive	2026-07-20T11:43:44.7446040Z [11:43:44]: ▸ [35m[[36mShareClientUI[0m] [1mCompiling[0m ShareClientUI_vers.c[0m
Build	Fastlane Build & Archive	2026-07-20T11:43:44.7446640Z [11:43:44]: ▸ [35m[[36mLoopKitUI[0m] [1mExtract App Intents Metadata[0m
Build	Fastlane Build & Archive	2026-07-20T11:43:44.7447250Z [11:43:44]: ▸ [35m[[36mMedtrumKit[0m] [1mGenerate Asset Symbols[0m MedtrumUI.xcassets[0m
Build	Fastlane Build & Archive	2026-07-20T11:43:45.6042870Z [11:43:45]: ▸ [35m[[36mMockKit[0m] [1mCopy[0m arm64-apple-ios.swiftmodule -> MockKit.swiftmodule[0m
Build	Fastlane Build & Archive	2026-07-20T11:43:45.6147860Z [11:43:45]: ▸ [35m[[36mMockKit[0m] [1mCopy[0m arm64-apple-ios.swiftdoc -> MockKit.swiftdoc[0m
Build	Fastlane Build & Archive	2026-07-20T11:43:45.6253320Z [11:43:45]: ▸ [35m[[36mRileyLinkKitUI[0m] [1mCopy[0m arm64-apple-ios.swiftmodule -> RileyLinkKitUI.swiftmodule[0m
Build	Fastlane Build & Archive	2026-07-20T11:43:45.6298300Z [11:43:45]: ▸ [35m[[36mRileyLinkKitUI[0m] [1mCopy[0m arm64-apple-ios.swiftdoc -> RileyLinkKitUI.swiftdoc[0m
Build	Fastlane Build & Archive	2026-07-20T11:43:45.6400030Z [11:43:45]: ▸ [35m[[36mRileyLinkKitUI[0m] [1mCopy[0m arm64-apple-ios.abi.json -> RileyLinkKitUI.abi.json[0m
Build	Fastlane Build & Archive	2026-07-20T11:43:45.6460550Z [11:43:45]: ▸ [35m[[36mMockKit[0m] [1mCopy[0m arm64-apple-ios.abi.json -> MockKit.abi.json[0m
Build	Fastlane Build & Archive	2026-07-20T11:43:51.7452300Z [11:43:51]: ▸ [35m/Users/runner/work/Trio/Trio/OmnipodKit/OmnipodKitPlugin/OmnipodKitPlugin.swift:11:8: warning: file 'OmnipodKitPlugin.swift' is part of module 'OmnipodKit'; ignoring import[0m
Build	Fastlane Build & Archive	2026-07-20T11:43:51.7457850Z [11:43:51]: ▸ [35mimport OmnipodKit[0m
Build	Fastlane Build & Archive	2026-07-20T11:43:51.7477590Z [11:43:51]: ▸ [35m       ^[0m
Build	Fastlane Build & Archive	2026-07-20T11:44:13.1519430Z [11:44:13]: ▸ [35m[[36mRileyLinkKitUI[0m] [1mCompiling[0m RileyLinkKitUI_vers.c[0m
Build	Fastlane Build & Archive	2026-07-20T11:44:19.2871280Z [11:44:19]: ▸ [35m[[36mMockKit[0m] [1mCompiling[0m MockKit_vers.c[0m
Build	Fastlane Build & Archive	2026-07-20T11:44:19.2873820Z [11:44:19]: ▸ [35m[36;1mnote: [0mEmplaced /Users/runner/Library/Developer/Xcode/DerivedData/Trio-bovmnxebschsylahdeysnjjqdcte/Build/Intermediates.noindex/ArchiveIntermediates/Trio/IntermediateBuildFilesPath/UninstalledProducts/iphoneos/MedtrumKit.framework/Assets.car (in target 'MedtrumKit' from project 'MedtrumKit')[0m
Build	Fastlane Build & Archive	2026-07-20T11:44:19.3008510Z [11:44:19]: ▸ [35m[[36mOmnipodKit[0m] [1mGenerate Asset Symbols[0m OmniUI.xcassets[0m
Build	Fastlane Build & Archive	2026-07-20T11:44:19.3128910Z [11:44:19]: ▸ [35m[36;1mnote: [0mEmplaced /Users/runner/Library/Developer/Xcode/DerivedData/Trio-bovmnxebschsylahdeysnjjqdcte/Build/Intermediates.noindex/ArchiveIntermediates/Trio/IntermediateBuildFilesPath/UninstalledProducts/iphoneos/OmnipodKit.framework/Assets.car (in target 'OmnipodKit' from project 'OmnipodKit')[0m
Build	Fastlane Build & Archive	2026-07-20T11:44:19.3316520Z [11:44:19]: ▸ [35m::warning file=/Users/runner/work/Trio/Trio/OmnipodKit/OmnipodKitPlugin/OmnipodKitPlugin.swift,line=11,col=8::File 'OmnipodKitPlugin.swift' is part of module 'OmnipodKit'; ignoring import[0m
Build	Fastlane Build & Archive	2026-07-20T11:44:19.3432570Z [11:44:19]: ▸ [35mimport OmnipodKit[0m
Build	Fastlane Build & Archive	2026-07-20T11:44:19.3543780Z [11:44:19]: ▸ [35m       ^ (in target 'OmnipodKit' from project 'OmnipodKit')[0m
Build	Fastlane Build & Archive	2026-07-20T11:45:29.9711470Z [11:45:29]: ▸ [35m::warning file=/Users/runner/work/Trio/Trio/OmnipodKit/OmnipodKitPlugin/OmnipodKitPlugin.swift,line=11,col=8::file 'OmnipodKitPlugin.swift' is part of module 'OmnipodKit'; ignoring import[0m
Build	Fastlane Build & Archive	2026-07-20T11:45:29.9807630Z [11:45:29]: ▸ [35mimport OmnipodKit[0m
Build	Fastlane Build & Archive	2026-07-20T11:45:29.9909970Z [11:45:29]: ▸ [35m       ^[0m
Build	Fastlane Build & Archive	2026-07-20T11:45:30.1316590Z [11:45:30]: ▸ [35m[[36mMockKitUI[0m] [1mGenerate Asset Symbols[0m Assets.xcassets[0m
Build	Fastlane Build & Archive	2026-07-20T11:45:30.1449590Z [11:45:30]: ▸ [35m[[36mMinimedKit[0m] [1mCopy[0m arm64-apple-ios.swiftmodule -> MinimedKit.swiftmodule[0m
Build	Fastlane Build & Archive	2026-07-20T11:45:30.1563560Z [11:45:30]: ▸ [35m[[36mMinimedKit[0m] [1mCopy[0m arm64-apple-ios.swiftdoc -> MinimedKit.swiftdoc[0m
Build	Fastlane Build & Archive	2026-07-20T11:45:30.1672210Z [11:45:30]: ▸ [35m[[36mMinimedKit[0m] [1mCopy[0m arm64-apple-ios.abi.json -> MinimedKit.abi.json[0m
Build	Fastlane Build & Archive	2026-07-20T11:45:30.1781300Z [11:45:30]: ▸ [35m[[36mMedtrumKit[0m] [1mCopy[0m arm64-apple-ios.swiftmodule -> MedtrumKit.swiftmodule[0m
Build	Fastlane Build & Archive	2026-07-20T11:45:30.1897240Z [11:45:30]: ▸ [35m[[36mMedtrumKit[0m] [1mCopy[0m arm64-apple-ios.swiftdoc -> MedtrumKit.swiftdoc[0m
Build	Fastlane Build & Archive	2026-07-20T11:45:30.2002980Z [11:45:30]: ▸ [35m[[36mMedtrumKit[0m] [1mCopy[0m arm64-apple-ios.abi.json -> MedtrumKit.abi.json[0m
Build	Fastlane Build & Archive	2026-07-20T11:45:30.2111610Z [11:45:30]: ▸ [35m[36;1mnote: [0mEmplaced /Users/runner/Library/Developer/Xcode/DerivedData/Trio-bovmnxebschsylahdeysnjjqdcte/Build/Intermediates.noindex/ArchiveIntermediates/Trio/IntermediateBuildFilesPath/UninstalledProducts/iphoneos/MockKitUI.framework/Assets.car (in target 'MockKitUI' from project 'LoopKit')[0m
Build	Fastlane Build & Archive	2026-07-20T11:45:30.2215120Z [11:45:30]: ▸ [35m[[36mMinimedKit[0m] [1mCompiling[0m MinimedKit_vers.c[0m
Build	Fastlane Build & Archive	2026-07-20T11:45:30.2317820Z [11:45:30]: ▸ [35m[[36mMedtrumKit[0m] [1mCompiling[0m MedtrumKit_vers.c[0m
Build	Fastlane Build & Archive	2026-07-20T11:45:30.2424280Z [11:45:30]: ▸ [35m::warning file=/Users/runner/work/Trio/Trio/LoopKit/MockKitUI/MockCGMManager+UI.swift,line=17,col=1::extension declares a conformance of imported type 'MockCGMManager' to imported protocols 'CGMManagerUI', 'DeviceManagerUI', 'DisplayGlucoseUnitObserver', 'CGMStatusIndicator'; this will not behave correctly if the owners of 'MockKit' introduce this conformance in the future[0m
Build	Fastlane Build & Archive	2026-07-20T11:45:30.2529690Z [11:45:30]: ▸ [35mextension MockCGMManager: CGMManagerUI {[0m
Build	Fastlane Build & Archive	2026-07-20T11:45:30.2632500Z [11:45:30]: ▸ [35m^[0m
Build	Fastlane Build & Archive	2026-07-20T11:45:30.2737890Z [11:45:30]: ▸ [35m::warning file=/Users/runner/work/Trio/Trio/LoopKit/MockKitUI/MockPumpManager+UI.swift,line=16,col=1::extension declares a conformance of imported type 'MockPumpManager' to imported protocols 'PumpManagerUI', 'DeviceManagerUI', 'PumpStatusIndicator'; this will not behave correctly if the owners of 'MockKit' introduce this conformance in the future[0m
Build	Fastlane Build & Archive	2026-07-20T11:45:30.2844040Z [11:45:30]: ▸ [35mextension MockPumpManager: PumpManagerUI {[0m
Build	Fastlane Build & Archive	2026-07-20T11:45:30.2958800Z [11:45:30]: ▸ [35m^[0m
Build	Fastlane Build & Archive	2026-07-20T11:45:30.3070200Z [11:45:30]: ▸ [35m::warning file=/Users/runner/work/Trio/Trio/LoopKit/MockKitUI/ViewModel/MockCGMManagerSettingsViewModel.swift,line=93,col=13::initialization of immutable value 'glucoseUnitPerMinute' was never used; consider replacing with assignment to '_' or removing it[0m
Build	Fastlane Build & Archive	2026-07-20T11:45:30.3169440Z [11:45:30]: ▸ [35m        let glucoseUnitPerMinute = displayGlucosePreference.unit.unitDivided(by: .minute())[0m
Build	Fastlane Build & Archive	2026-07-20T11:45:30.3271310Z [11:45:30]: ▸ [35m        ~~~~^~~~~~~~~~~~~~~~~~~~[0m
Build	Fastlane Build & Archive	2026-07-20T11:45:30.3397440Z [11:45:30]: ▸ [35m::warning file=/Users/runner/work/Trio/Trio/LoopKit/MockKitUI/MockService+UI.swift,line=15,col=1::extension declares a conformance of imported type 'MockService' to imported protocol 'ServiceUI'; this will not behave correctly if the owners of 'MockKit' introduce this conformance in the future[0m
Build	Fastlane Build & Archive	2026-07-20T11:45:30.3503560Z [11:45:30]: ▸ [35mextension MockService: ServiceUI {[0m
Build	Fastlane Build & Archive	2026-07-20T11:45:30.3633360Z [11:45:30]: ▸ [35m^[0m
Build	Fastlane Build & Archive	2026-07-20T11:45:30.3743530Z [11:45:30]: ▸ [35m::warning file=/Users/runner/work/Trio/Trio/LibreTransmitter/Bluetooth/Transmitter/Libre2DirectTransmitter.swift,line=63,col=66::string interpolation produces a debug description for an optional value; did you mean to make this explicit?[0m
Build	Fastlane Build & Archive	2026-07-20T11:45:30.3850260Z [11:45:30]: ▸ [35m        print("Libre 2 detection using MAC address as matcher: \(UserDefaults.standard.preSelectedSensor?.macAddress?.lowercased()) vs \(name.lowercased())")[0m
Build	Fastlane Build & Archive	2026-07-20T11:45:30.3953950Z [11:45:30]: ▸ [35m                                                                 ^~~~~~~~~~~~~~~~~~~~~~~~~~~~~~~~~~~~~~~~~~~~~~~~~~~~~~~~~~~~~~~~~[0m
Build	Fastlane Build & Archive	2026-07-20T11:45:30.4058570Z [11:45:30]: ▸ [35m::warning file=/Users/runner/work/Trio/Trio/LibreTransmitter/LibreSensor/SensorPairing/SensorPairingService.swift,line=184,col=125::string interpolation produces a debug description for an optional value; did you mean to make this explicit?[0m
Build	Fastlane Build & Archive	2026-07-20T11:45:30.4161690Z [11:45:30]: ▸ [35m                                        print("got patchhex: \(patchHex) and sensorType: \(sensorType), with mac address: \(macAddress)")[0m
Build	Fastlane Build & Archive	2026-07-20T11:45:30.4266070Z [11:45:30]: ▸ [35m                                                                                                                            ^~~~~~~~~~[0m
Build	Fastlane Build & Archive	2026-07-20T11:45:30.4397420Z [11:45:30]: ▸ [35m[[36mMockKitUI[0m] [1mCopy[0m arm64-apple-ios.swiftmodule -> MockKitUI.swiftmodule[0m
Build	Fastlane Build & Archive	2026-07-20T11:45:30.4504450Z [11:45:30]: ▸ [35m[[36mMockKitUI[0m] [1mCopy[0m arm64-apple-ios.swiftdoc -> MockKitUI.swiftdoc[0m
Build	Fastlane Build & Archive	2026-07-20T11:45:30.4618560Z [11:45:30]: ▸ [35m[[36mMockKitUI[0m] [1mCopy[0m arm64-apple-ios.abi.json -> MockKitUI.abi.json[0m
Build	Fastlane Build & Archive	2026-07-20T11:45:30.4722230Z [11:45:30]: ▸ [35m[[36mMinimedKitUI[0m] [1mGenerate Asset Symbols[0m MinimedKitUI.xcassets[0m
Build	Fastlane Build & Archive	2026-07-20T11:45:30.4822910Z [11:45:30]: ▸ [35m[[36mMockKitUI[0m] [1mCompiling[0m MockKitUI_vers.c[0m
Build	Fastlane Build & Archive	2026-07-20T11:45:30.4926190Z [11:45:30]: ▸ [35m::warning file=/Users/runner/work/Trio/Trio/MinimedKit/MinimedKitUI/MinimedPumpManager+UI.swift,line=16,col=1::extension declares a conformance of imported type 'MinimedPumpManager' to imported protocols 'PumpManagerUI', 'DeviceManagerUI', 'PumpStatusIndicator'; this will not behave correctly if the owners of 'MinimedKit' introduce this conformance in the future[0m
Build	Fastlane Build & Archive	2026-07-20T11:45:30.5029070Z [11:45:30]: ▸ [35mextension MinimedPumpManager: PumpManagerUI {[0m
Build	Fastlane Build & Archive	2026-07-20T11:45:30.5130640Z [11:45:30]: ▸ [35m^[0m
Build	Fastlane Build & Archive	2026-07-20T11:45:30.5232200Z [11:45:30]: ▸ [35m[36;1mnote: [0mEmplaced /Users/runner/Library/Developer/Xcode/DerivedData/Trio-bovmnxebschsylahdeysnjjqdcte/Build/Intermediates.noindex/ArchiveIntermediates/Trio/IntermediateBuildFilesPath/UninstalledProducts/iphoneos/MinimedKitUI.framework/Assets.car (in target 'MinimedKitUI' from project 'MinimedKit')[0m
Build	Fastlane Build & Archive	2026-07-20T11:45:30.5334180Z [11:45:30]: ▸ [35m[[36mMinimedKitUI[0m] [1mCopy[0m arm64-apple-ios.swiftmodule -> MinimedKitUI.swiftmodule[0m
Build	Fastlane Build & Archive	2026-07-20T11:45:30.5435730Z [11:45:30]: ▸ [35m[[36mMinimedKitUI[0m] [1mCopy[0m arm64-apple-ios.swiftdoc -> MinimedKitUI.swiftdoc[0m
Build	Fastlane Build & Archive	2026-07-20T11:45:30.5542220Z [11:45:30]: ▸ [35m[[36mMinimedKitUI[0m] [1mCopy[0m arm64-apple-ios.abi.json -> MinimedKitUI.abi.json[0m
Build	Fastlane Build & Archive	2026-07-20T11:45:30.5642650Z [11:45:30]: ▸ [35m[[36mLoopKitUI[0m] [1mRegisterExecutionPolicyException[0m LoopKitUI.framework[0m
Build	Fastlane Build & Archive	2026-07-20T11:45:30.5741890Z [11:45:30]: ▸ [35m[[36mMinimedKitUI[0m] [1mCompiling[0m MinimedKitUI_vers.c[0m
Build	Fastlane Build & Archive	2026-07-20T11:45:30.5843760Z [11:45:30]: ▸ [35m[[36mLoopKitUI[0m] [1mTouching[0m LoopKitUI.framework[0m
Build	Fastlane Build & Archive	2026-07-20T11:45:30.5969130Z [11:45:30]: ▸ [35m[[36mLibreTransmitter[0m] [1mCopy[0m arm64-apple-ios.swiftmodule -> LibreTransmitter.swiftmodule[0m
Build	Fastlane Build & Archive	2026-07-20T11:45:30.6076330Z [11:45:30]: ▸ [35m[[36mLibreTransmitter[0m] [1mCopy[0m arm64-apple-ios.swiftdoc -> LibreTransmitter.swiftdoc[0m
Build	Fastlane Build & Archive	2026-07-20T11:45:30.6186140Z [11:45:30]: ▸ [35m[[36mLibreTransmitter[0m] [1mCopy[0m arm64-apple-ios.abi.json -> LibreTransmitter.abi.json[0m
Build	Fastlane Build & Archive	2026-07-20T11:45:30.6298610Z [11:45:30]: ▸ [35m[[36mLibreTransmitter[0m] [1mCompiling[0m LibreTransmitter_vers.c[0m
Build	Fastlane Build & Archive	2026-07-20T11:45:30.6407610Z [11:45:30]: ▸ [35m[[36mTidepoolServiceKitUI[0m] [1mProcessing[0m Info.plist[0m
Build	Fastlane Build & Archive	2026-07-20T11:45:30.6508350Z [11:45:30]: ▸ [35m[[36mTidepoolServiceKitUI[0m] [1mCompile XCStrings[0m Localizable.xcstrings[0m
Build	Fastlane Build & Archive	2026-07-20T11:45:30.6620010Z [11:45:30]: ▸ [35m[[36mTidepoolServiceKitUI[0m] [1mLinking[0m TidepoolServiceKitUI[0m
Build	Fastlane Build & Archive	2026-07-20T11:45:30.6726510Z [11:45:30]: ▸ [35m[[36mTidepoolServiceKitUI[0m] [1mCopying[0m Localizable.strings[0m
Build	Fastlane Build & Archive	2026-07-20T11:45:30.6851020Z [11:45:30]: ▸ [35m[[36mTidepoolServiceKitUI[0m] [1mGenerating[0m TidepoolServiceKitUI.framework.dSYM[0m
Build	Fastlane Build & Archive	2026-07-20T11:45:30.6965530Z [11:45:30]: ▸ [35m[[36mTidepoolServiceKitUI[0m] [1mCopying[0m Localizable.strings[0m
Build	Fastlane Build & Archive	2026-07-20T11:45:30.7068600Z [11:45:30]: ▸ [35m[[36mTidepoolServiceKitUI[0m] [1mCopying[0m Localizable.strings[0m
Build	Fastlane Build & Archive	2026-07-20T11:45:30.7197540Z [11:45:30]: ▸ [35m[[36mTidepoolServiceKitUI[0m] [1mCopying[0m Localizable.strings[0m
Build	Fastlane Build & Archive	2026-07-20T11:45:30.7326620Z [11:45:30]: ▸ [35m[[36mTidepoolServiceKitUI[0m] [1mCopying[0m Localizable.strings[0m
Build	Fastlane Build & Archive	2026-07-20T11:45:30.7328830Z [11:45:30]: ▸ [35m[[36mTidepoolServiceKitUI[0m] [1mCopying[0m Localizable.strings[0m
Build	Fastlane Build & Archive	2026-07-20T11:45:30.7455300Z [11:45:30]: ▸ [35m[[36mTidepoolServiceKitUI[0m] [1mCopying[0m Localizable.strings[0m
Build	Fastlane Build & Archive	2026-07-20T11:45:30.7560370Z [11:45:30]: ▸ [35m[[36mTidepoolServiceKitUI[0m] [1mCopying[0m Localizable.strings[0m
Build	Fastlane Build & Archive	2026-07-20T11:45:30.7664210Z [11:45:30]: ▸ [35m[[36mTidepoolServiceKitUI[0m] [1mCopying[0m Localizable.strings[0m
Build	Fastlane Build & Archive	2026-07-20T11:45:30.7774840Z [11:45:30]: ▸ [35m[[36mTidepoolServiceKitUI[0m] [1mCopying[0m Localizable.strings[0m
Build	Fastlane Build & Archive	2026-07-20T11:45:30.7881970Z [11:45:30]: ▸ [35m[[36mTidepoolServiceKitUI[0m] [1mCopying[0m Localizable.strings[0m
Build	Fastlane Build & Archive	2026-07-20T11:45:30.8011840Z [11:45:30]: ▸ [35m[[36mTidepoolServiceKitUI[0m] [1mCopying[0m Localizable.strings[0m
Build	Fastlane Build & Archive	2026-07-20T11:45:30.8123050Z [11:45:30]: ▸ [35m[[36mTidepoolServiceKitUI[0m] [1mCopying[0m Localizable.strings[0m
Build	Fastlane Build & Archive	2026-07-20T11:45:30.8256410Z [11:45:30]: ▸ [35m[[36mTidepoolServiceKitUI[0m] [1mCopying[0m Localizable.strings[0m
Build	Fastlane Build & Archive	2026-07-20T11:45:30.8488480Z [11:45:30]: ▸ [35m[[36mTidepoolServiceKitUI[0m] [1mCopying[0m Localizable.strings[0m
Build	Fastlane Build & Archive	2026-07-20T11:45:30.8489310Z [11:45:30]: ▸ [35m[[36mTidepoolServiceKitUI[0m] [1mCopying[0m Localizable.strings[0m
Build	Fastlane Build & Archive	2026-07-20T11:45:30.8591220Z [11:45:30]: ▸ [35m[[36mTidepoolServiceKitUI[0m] [1mCopying[0m Localizable.strings[0m
Build	Fastlane Build & Archive	2026-07-20T11:45:30.8693670Z [11:45:30]: ▸ [35m[[36mTidepoolServiceKitUI[0m] [1mCopying[0m Localizable.strings[0m
Build	Fastlane Build & Archive	2026-07-20T11:45:30.8795510Z [11:45:30]: ▸ [35m[[36mTidepoolServiceKitUI[0m] [1mCopying[0m Localizable.strings[0m
Build	Fastlane Build & Archive	2026-07-20T11:45:30.8900960Z [11:45:30]: ▸ [35m[[36mTidepoolServiceKitUI[0m] [1mCopying[0m Localizable.strings[0m
Build	Fastlane Build & Archive	2026-07-20T11:45:30.9003730Z [11:45:30]: ▸ [35m[[36mTidepoolServiceKitUI[0m] [1mCopying[0m Localizable.strings[0m
Build	Fastlane Build & Archive	2026-07-20T11:45:30.9110380Z [11:45:30]: ▸ [35m[[36mTidepoolServiceKitUI[0m] [1mCopying[0m Localizable.strings[0m
Build	Fastlane Build & Archive	2026-07-20T11:45:30.9212060Z [11:45:30]: ▸ [35m[[36mTidepoolServiceKitUI[0m] [1mCopying[0m Localizable.strings[0m
Build	Fastlane Build & Archive	2026-07-20T11:45:30.9318110Z [11:45:30]: ▸ [35m[[36mTidepoolServiceKitUI[0m] [1mCopying[0m Localizable.strings[0m
Build	Fastlane Build & Archive	2026-07-20T11:45:30.9422700Z [11:45:30]: ▸ [35m[[36mTidepoolServiceKitUI[0m] [1mCopying[0m Localizable.strings[0m
Build	Fastlane Build & Archive	2026-07-20T11:45:30.9536620Z [11:45:30]: ▸ [35m[[36mShareClientUI[0m] [1mProcessing[0m Info.plist[0m
Build	Fastlane Build & Archive	2026-07-20T11:45:30.9640870Z [11:45:30]: ▸ [35m[[36mShareClientUI[0m] [1mLinking[0m ShareClientUI[0m
Build	Fastlane Build & Archive	2026-07-20T11:45:30.9745280Z [11:45:30]: ▸ [35m[[36mShareClientUI[0m] [1mCompile XCStrings[0m Localizable.xcstrings[0m
Build	Fastlane Build & Archive	2026-07-20T11:45:30.9848020Z [11:45:30]: ▸ [35m[[36mShareClientUI[0m] [1mGenerating[0m ShareClientUI.framework.dSYM[0m
Build	Fastlane Build & Archive	2026-07-20T11:45:30.9960020Z [11:45:30]: ▸ [35m[[36mShareClientUI[0m] [1mCopying[0m Localizable.strings[0m
Build	Fastlane Build & Archive	2026-07-20T11:45:31.0078300Z [11:45:30]: ▸ [35m[[36mShareClientUI[0m] [1mCopying[0m Localizable.strings[0m
Build	Fastlane Build & Archive	2026-07-20T11:45:31.0185030Z [11:45:30]: ▸ [35m[[36mShareClientUI[0m] [1mCopying[0m Localizable.strings[0m
Build	Fastlane Build & Archive	2026-07-20T11:45:31.0286690Z [11:45:30]: ▸ [35m[[36mShareClientUI[0m] [1mCopying[0m Localizable.strings[0m
Build	Fastlane Build & Archive	2026-07-20T11:45:31.0390690Z [11:45:30]: ▸ [35m[[36mShareClientUI[0m] [1mCopying[0m Localizable.strings[0m
Build	Fastlane Build & Archive	2026-07-20T11:45:31.0494670Z [11:45:30]: ▸ [35m[[36mShareClientUI[0m] [1mCopying[0m Localizable.strings[0m
Build	Fastlane Build & Archive	2026-07-20T11:45:31.0609130Z [11:45:30]: ▸ [35m[[36mShareClientUI[0m] [1mCopying[0m Localizable.strings[0m
Build	Fastlane Build & Archive	2026-07-20T11:45:31.0714020Z [11:45:30]: ▸ [35m[[36mShareClientUI[0m] [1mCopying[0m Localizable.strings[0m
Build	Fastlane Build & Archive	2026-07-20T11:45:31.0817150Z [11:45:30]: ▸ [35m[[36mShareClientUI[0m] [1mCopying[0m Localizable.strings[0m
Build	Fastlane Build & Archive	2026-07-20T11:45:31.0930560Z [11:45:30]: ▸ [35m[[36mShareClientUI[0m] [1mCopying[0m Localizable.strings[0m
Build	Fastlane Build & Archive	2026-07-20T11:45:31.1035850Z [11:45:30]: ▸ [35m[[36mShareClientUI[0m] [1mCopying[0m Localizable.strings[0m
Build	Fastlane Build & Archive	2026-07-20T11:45:31.1159950Z [11:45:30]: ▸ [35m[[36mShareClientUI[0m] [1mCopying[0m Localizable.strings[0m
Build	Fastlane Build & Archive	2026-07-20T11:45:31.1280670Z [11:45:30]: ▸ [35m[[36mShareClientUI[0m] [1mCopying[0m Localizable.strings[0m
Build	Fastlane Build & Archive	2026-07-20T11:45:31.1419980Z [11:45:30]: ▸ [35m[[36mShareClientUI[0m] [1mCopying[0m Localizable.strings[0m
Build	Fastlane Build & Archive	2026-07-20T11:45:31.1528190Z [11:45:30]: ▸ [35m[[36mShareClientUI[0m] [1mCopying[0m Localizable.strings[0m
Build	Fastlane Build & Archive	2026-07-20T11:45:31.1635700Z [11:45:30]: ▸ [35m[[36mShareClientUI[0m] [1mCopying[0m Localizable.strings[0m
Build	Fastlane Build & Archive	2026-07-20T11:45:31.1742250Z [11:45:30]: ▸ [35m[[36mShareClientUI[0m] [1mCopying[0m Localizable.strings[0m
Build	Fastlane Build & Archive	2026-07-20T11:45:31.1848280Z [11:45:30]: ▸ [35m[[36mShareClientUI[0m] [1mCopying[0m Localizable.strings[0m
Build	Fastlane Build & Archive	2026-07-20T11:45:31.1962060Z [11:45:30]: ▸ [35m[[36mShareClientUI[0m] [1mCopying[0m Localizable.strings[0m
Build	Fastlane Build & Archive	2026-07-20T11:45:31.2066710Z [11:45:30]: ▸ [35m[[36mShareClientUI[0m] [1mCopying[0m Localizable.strings[0m
Build	Fastlane Build & Archive	2026-07-20T11:45:31.2207370Z [11:45:30]: ▸ [35m[[36mShareClientUI[0m] [1mCopying[0m Localizable.strings[0m
Build	Fastlane Build & Archive	2026-07-20T11:45:31.2327690Z [11:45:30]: ▸ [35m[[36mShareClientUI[0m] [1mCopying[0m Localizable.strings[0m
Build	Fastlane Build & Archive	2026-07-20T11:45:31.2328520Z [11:45:30]: ▸ [35m[[36mShareClientUI[0m] [1mCopying[0m Localizable.strings[0m
Build	Fastlane Build & Archive	2026-07-20T11:45:31.2436150Z [11:45:30]: ▸ [35m[[36mRileyLinkKit[0m] [1mProcessing[0m Info.plist[0m
Build	Fastlane Build & Archive	2026-07-20T11:45:31.2545570Z [11:45:30]: ▸ [35m[[36mRileyLinkKit[0m] [1mLinking[0m RileyLinkKit[0m
Build	Fastlane Build & Archive	2026-07-20T11:45:31.2653820Z [11:45:30]: ▸ [35m[[36mMockKit[0m] [1mLinking[0m MockKit[0m
Build	Fastlane Build & Archive	2026-07-20T11:45:31.2773860Z [11:45:30]: ▸ [35m[[36mMedtrumKit[0m] [1mLinking[0m MedtrumKit[0m
Build	Fastlane Build & Archive	2026-07-20T11:45:31.3006060Z [11:45:30]: ▸ [35m[[36mLibreTransmitter[0m] [1mLinking[0m LibreTransmitter[0m
Build	Fastlane Build & Archive	2026-07-20T11:45:31.3111890Z [11:45:30]: ▸ [35m[[36mRileyLinkKit[0m] [1mGenerating[0m RileyLinkKit.framework.dSYM[0m
Build	Fastlane Build & Archive	2026-07-20T11:45:31.3226530Z [11:45:30]: ▸ [35m[[36mMockKit[0m] [1mProcessing[0m Info.plist[0m
Build	Fastlane Build & Archive	2026-07-20T11:45:31.3359200Z [11:45:30]: ▸ [35m[[36mMockKit[0m] [1mGenerating[0m MockKit.framework.dSYM[0m
Build	Fastlane Build & Archive	2026-07-20T11:45:31.3461380Z [11:45:30]: ▸ [35m[[36mMockKit[0m] [1mCopying[0m sub.caf[0m
Build	Fastlane Build & Archive	2026-07-20T11:45:31.3636380Z [11:45:30]: ▸ [35m[[36mMockKit[0m] [1mCopying[0m critical.caf[0m
Build	Fastlane Build & Archive	2026-07-20T11:45:31.3738220Z [11:45:30]: ▸ [35m[[36mMockKit[0m] [1mCompile XCStrings[0m Localizable.xcstrings[0m
Build	Fastlane Build & Archive	2026-07-20T11:45:31.3739860Z [11:45:30]: ▸ [35m[[36mMedtrumKit[0m] [1mCompiling[0m MedtrumReservoirView.xib[0m
Build	Fastlane Build & Archive	2026-07-20T11:45:31.3841450Z [11:45:30]: ▸ [35m[[36mMockKit[0m] [1mCopying[0m Localizable.strings[0m
Build	Fastlane Build & Archive	2026-07-20T11:45:31.3944150Z [11:45:30]: ▸ [35m[[36mMockKit[0m] [1mCopying[0m Localizable.strings[0m
Build	Fastlane Build & Archive	2026-07-20T11:45:31.4045710Z [11:45:30]: ▸ [35m[[36mG7SensorKit[0m] [1mCopy[0m arm64-apple-ios.swiftmodule -> G7SensorKit.swiftmodule[0m
Build	Fastlane Build & Archive	2026-07-20T11:45:31.4148650Z [11:45:30]: ▸ [35m[[36mG7SensorKit[0m] [1mCopy[0m arm64-apple-ios.swiftdoc -> G7SensorKit.swiftdoc[0m
Build	Fastlane Build & Archive	2026-07-20T11:45:31.4256900Z [11:45:30]: ▸ [35m[[36mG7SensorKit[0m] [1mCopy[0m arm64-apple-ios.abi.json -> G7SensorKit.abi.json[0m
Build	Fastlane Build & Archive	2026-07-20T11:45:31.4355990Z [11:45:30]: ▸ [35m[[36mMockKit[0m] [1mCopying[0m Localizable.strings[0m
Build	Fastlane Build & Archive	2026-07-20T11:45:31.4457970Z [11:45:30]: ▸ [35m[[36mMockKit[0m] [1mCopying[0m Localizable.strings[0m
Build	Fastlane Build & Archive	2026-07-20T11:45:31.4570330Z [11:45:30]: ▸ [35m[[36mMockKit[0m] [1mCopying[0m Localizable.strings[0m
Build	Fastlane Build & Archive	2026-07-20T11:45:31.4685440Z [11:45:30]: ▸ [35m[[36mMockKit[0m] [1mCopying[0m Localizable.strings[0m
Build	Fastlane Build & Archive	2026-07-20T11:45:31.4790040Z [11:45:30]: ▸ [35m[[36mMockKit[0m] [1mCopying[0m Localizable.strings[0m
Build	Fastlane Build & Archive	2026-07-20T11:45:31.4916340Z [11:45:30]: ▸ [35m[[36mMockKit[0m] [1mCopying[0m Localizable.strings[0m
Build	Fastlane Build & Archive	2026-07-20T11:45:31.5038790Z [11:45:30]: ▸ [35m[[36mMockKit[0m] [1mCopying[0m Localizable.strings[0m
Build	Fastlane Build & Archive	2026-07-20T11:45:31.5143980Z [11:45:30]: ▸ [35m[[36mMockKit[0m] [1mCopying[0m Localizable.strings[0m
Build	Fastlane Build & Archive	2026-07-20T11:45:31.5252200Z [11:45:30]: ▸ [35m[[36mMockKit[0m] [1mCopying[0m Localizable.strings[0m
Build	Fastlane Build & Archive	2026-07-20T11:45:31.5383020Z [11:45:30]: ▸ [35m[[36mMockKit[0m] [1mCopying[0m Localizable.strings[0m
Build	Fastlane Build & Archive	2026-07-20T11:45:31.5487600Z [11:45:30]: ▸ [35m[[36mMockKit[0m] [1mCopying[0m Localizable.strings[0m
Build	Fastlane Build & Archive	2026-07-20T11:45:31.5592940Z [11:45:30]: ▸ [35m[[36mMockKit[0m] [1mCopying[0m Localizable.strings[0m
Build	Fastlane Build & Archive	2026-07-20T11:45:31.5706100Z [11:45:30]: ▸ [35m[[36mMockKit[0m] [1mCopying[0m Localizable.strings[0m
Build	Fastlane Build & Archive	2026-07-20T11:45:31.5828940Z [11:45:30]: ▸ [35m[[36mMockKit[0m] [1mCopying[0m Localizable.strings[0m
Build	Fastlane Build & Archive	2026-07-20T11:45:31.5931450Z [11:45:30]: ▸ [35m[[36mMockKit[0m] [1mCopying[0m Localizable.strings[0m
Build	Fastlane Build & Archive	2026-07-20T11:45:31.6033170Z [11:45:30]: ▸ [35m[[36mMockKit[0m] [1mCopying[0m Localizable.strings[0m
Build	Fastlane Build & Archive	2026-07-20T11:45:31.6134850Z [11:45:30]: ▸ [35m[[36mMockKit[0m] [1mCopying[0m Localizable.strings[0m
Build	Fastlane Build & Archive	2026-07-20T11:45:31.6236780Z [11:45:30]: ▸ [35m[[36mMockKit[0m] [1mCopying[0m Localizable.strings[0m
Build	Fastlane Build & Archive	2026-07-20T11:45:31.6337410Z [11:45:30]: ▸ [35m[[36mMockKit[0m] [1mCopying[0m Localizable.strings[0m
Build	Fastlane Build & Archive	2026-07-20T11:45:31.6450370Z [11:45:30]: ▸ [35m[[36mMockKit[0m] [1mCopying[0m Localizable.strings[0m
Build	Fastlane Build & Archive	2026-07-20T11:45:31.6554750Z [11:45:30]: ▸ [35m[[36mMockKit[0m] [1mCopying[0m Localizable.strings[0m
Build	Fastlane Build & Archive	2026-07-20T11:45:31.6657500Z [11:45:30]: ▸ [35m[[36mMockKit[0m] [1mCopying[0m Localizable.strings[0m
Build	Fastlane Build & Archive	2026-07-20T11:45:31.6758990Z [11:45:30]: ▸ [35m[[36mMockKit[0m] [1mCopying[0m Localizable.strings[0m
Build	Fastlane Build & Archive	2026-07-20T11:45:31.6795260Z [11:45:30]: ▸ [35m[[36mMedtrumKit[0m] [1mCompile XCStrings[0m Localizable.xcstrings[0m
Build	Fastlane Build & Archive	2026-07-20T11:45:31.6896780Z [11:45:30]: ▸ [35m[[36mLibreTransmitter[0m] [1mProcessing[0m Info.plist[0m
Build	Fastlane Build & Archive	2026-07-20T11:45:31.6999290Z [11:45:30]: ▸ [35m[[36mMedtrumKit[0m] [1mCopying[0m Localizable.strings[0m
Build	Fastlane Build & Archive	2026-07-20T11:45:31.7106980Z [11:45:30]: ▸ [35m[[36mMedtrumKit[0m] [1mCopying[0m Localizable.strings[0m
Build	Fastlane Build & Archive	2026-07-20T11:45:31.7210030Z [11:45:30]: ▸ [35m[[36mMedtrumKit[0m] [1mCopying[0m Localizable.strings[0m
Build	Fastlane Build & Archive	2026-07-20T11:45:31.7313600Z [11:45:30]: ▸ [35m[[36mMedtrumKit[0m] [1mCopying[0m Localizable.strings[0m
Build	Fastlane Build & Archive	2026-07-20T11:45:31.7419910Z [11:45:30]: ▸ [35m[[36mMedtrumKit[0m] [1mCopying[0m Localizable.strings[0m
Build	Fastlane Build & Archive	2026-07-20T11:45:31.7522230Z [11:45:30]: ▸ [35m[[36mMedtrumKit[0m] [1mCopying[0m Localizable.strings[0m
Build	Fastlane Build & Archive	2026-07-20T11:45:31.7626230Z [11:45:30]: ▸ [35m[[36mMedtrumKit[0m] [1mCopying[0m Localizable.strings[0m
Build	Fastlane Build & Archive	2026-07-20T11:45:31.7739490Z [11:45:30]: ▸ [35m[[36mMedtrumKit[0m] [1mCopying[0m Localizable.strings[0m
Build	Fastlane Build & Archive	2026-07-20T11:45:31.7845290Z [11:45:30]: ▸ [35m[[36mMedtrumKit[0m] [1mCopying[0m Localizable.strings[0m
Build	Fastlane Build & Archive	2026-07-20T11:45:31.7950300Z [11:45:30]: ▸ [35m[[36mMedtrumKit[0m] [1mCopying[0m Localizable.strings[0m
Build	Fastlane Build & Archive	2026-07-20T11:45:31.8053830Z [11:45:30]: ▸ [35m[[36mMedtrumKit[0m] [1mCopying[0m Localizable.strings[0m
Build	Fastlane Build & Archive	2026-07-20T11:45:31.8155920Z [11:45:30]: ▸ [35m[[36mMedtrumKit[0m] [1mCopying[0m Localizable.strings[0m
Build	Fastlane Build & Archive	2026-07-20T11:45:31.8270710Z [11:45:30]: ▸ [35m[[36mMedtrumKit[0m] [1mCopying[0m Localizable.strings[0m
Build	Fastlane Build & Archive	2026-07-20T11:45:31.8378210Z [11:45:30]: ▸ [35m[[36mMedtrumKit[0m] [1mCopying[0m Localizable.strings[0m
Build	Fastlane Build & Archive	2026-07-20T11:45:31.8480620Z [11:45:30]: ▸ [35m[[36mMedtrumKit[0m] [1mCopying[0m Localizable.strings[0m
Build	Fastlane Build & Archive	2026-07-20T11:45:31.8563570Z [11:45:30]: ▸ [35m[[36mMedtrumKit[0m] [1mCopying[0m Localizable.strings[0m
Build	Fastlane Build & Archive	2026-07-20T11:45:31.8689460Z [11:45:30]: ▸ [35m[[36mMedtrumKit[0m] [1mCopying[0m Localizable.strings[0m
Build	Fastlane Build & Archive	2026-07-20T11:45:31.8827270Z [11:45:30]: ▸ [35m[[36mMedtrumKit[0m] [1mCopying[0m Localizable.strings[0m
Build	Fastlane Build & Archive	2026-07-20T11:45:31.8930310Z [11:45:30]: ▸ [35m[[36mMedtrumKit[0m] [1mCopying[0m Localizable.strings[0m
Build	Fastlane Build & Archive	2026-07-20T11:45:31.9038500Z [11:45:30]: ▸ [35m[[36mMedtrumKit[0m] [1mCopying[0m Localizable.strings[0m
Build	Fastlane Build & Archive	2026-07-20T11:45:31.9142080Z [11:45:30]: ▸ [35m[[36mMedtrumKit[0m] [1mCopying[0m Localizable.strings[0m
Build	Fastlane Build & Archive	2026-07-20T11:45:31.9267820Z [11:45:30]: ▸ [35m[[36mMedtrumKit[0m] [1mCopying[0m Localizable.strings[0m
Build	Fastlane Build & Archive	2026-07-20T11:45:31.9408300Z [11:45:30]: ▸ [35m[[36mMedtrumKit[0m] [1mCopying[0m Localizable.strings[0m
Build	Fastlane Build & Archive	2026-07-20T11:45:31.9512680Z [11:45:30]: ▸ [35m[[36mMedtrumKit[0m] [1mCopying[0m Localizable.strings[0m
Build	Fastlane Build & Archive	2026-07-20T11:45:31.9627280Z [11:45:30]: ▸ [35m[[36mMedtrumKit[0m] [1mCopying[0m Localizable.strings[0m
Build	Fastlane Build & Archive	2026-07-20T11:45:31.9730010Z [11:45:30]: ▸ [35m[[36mMedtrumKit[0m] [1mCopying[0m Localizable.strings[0m
Build	Fastlane Build & Archive	2026-07-20T11:45:31.9832130Z [11:45:30]: ▸ [35m[[36mLibreTransmitter[0m] [1mGenerating[0m LibreTransmitter.framework.dSYM[0m
Build	Fastlane Build & Archive	2026-07-20T11:45:31.9933920Z [11:45:30]: ▸ [35m[[36mLibreTransmitter[0m] [1mCompile XCStrings[0m Localizable.xcstrings[0m
Build	Fastlane Build & Archive	2026-07-20T11:45:32.0037050Z [11:45:30]: ▸ [35m[[36mG7SensorKit[0m] [1mProcessing[0m empty-G7SensorKit.plist[0m
Build	Fastlane Build & Archive	2026-07-20T11:45:32.0140710Z [11:45:30]: ▸ [35m[[36mLibreTransmitter[0m] [1mCopying[0m Localizable.strings[0m
Build	Fastlane Build & Archive	2026-07-20T11:45:32.0270980Z [11:45:30]: ▸ [35m[[36mLibreTransmitter[0m] [1mCopying[0m Localizable.strings[0m
Build	Fastlane Build & Archive	2026-07-20T11:45:32.0272930Z [11:45:30]: ▸ [35m[[36mLibreTransmitter[0m] [1mCopying[0m Localizable.strings[0m
Build	Fastlane Build & Archive	2026-07-20T11:45:32.0378540Z [11:45:30]: ▸ [35m[[36mLibreTransmitter[0m] [1mCopying[0m Localizable.strings[0m
Build	Fastlane Build & Archive	2026-07-20T11:45:32.0491110Z [11:45:30]: ▸ [35m[[36mLibreTransmitter[0m] [1mCopying[0m Localizable.strings[0m
Build	Fastlane Build & Archive	2026-07-20T11:45:32.0611670Z [11:45:30]: ▸ [35m[[36mLibreTransmitter[0m] [1mCopying[0m Localizable.strings[0m
Build	Fastlane Build & Archive	2026-07-20T11:45:32.0717280Z [11:45:30]: ▸ [35m[[36mLibreTransmitter[0m] [1mCopying[0m Localizable.strings[0m
Build	Fastlane Build & Archive	2026-07-20T11:45:32.0821110Z [11:45:30]: ▸ [35m[[36mLibreTransmitter[0m] [1mCopying[0m Localizable.strings[0m
Build	Fastlane Build & Archive	2026-07-20T11:45:32.0981020Z [11:45:30]: ▸ [35m[[36mLibreTransmitter[0m] [1mCopying[0m Localizable.strings[0m
Build	Fastlane Build & Archive	2026-07-20T11:45:32.1148210Z [11:45:30]: ▸ [35m[[36mLibreTransmitter[0m] [1mCopying[0m Localizable.strings[0m
Build	Fastlane Build & Archive	2026-07-20T11:45:32.1266380Z [11:45:30]: ▸ [35m[[36mLibreTransmitter[0m] [1mCopying[0m Localizable.strings[0m
Build	Fastlane Build & Archive	2026-07-20T11:45:32.1267850Z [11:45:30]: ▸ [35m[[36mLibreTransmitter[0m] [1mCopying[0m Localizable.strings[0m
Build	Fastlane Build & Archive	2026-07-20T11:45:32.1376900Z [11:45:30]: ▸ [35m[[36mLibreTransmitter[0m] [1mCopying[0m Localizable.strings[0m
Build	Fastlane Build & Archive	2026-07-20T11:45:32.1504580Z [11:45:30]: ▸ [35m[[36mLibreTransmitter[0m] [1mCopying[0m Localizable.strings[0m
Build	Fastlane Build & Archive	2026-07-20T11:45:32.1607400Z [11:45:30]: ▸ [35m[[36mLibreTransmitter[0m] [1mCopying[0m Localizable.strings[0m
Build	Fastlane Build & Archive	2026-07-20T11:45:32.1723530Z [11:45:30]: ▸ [35m[[36mLibreTransmitter[0m] [1mCopying[0m Localizable.strings[0m
Build	Fastlane Build & Archive	2026-07-20T11:45:32.1827280Z [11:45:30]: ▸ [35m[[36mLibreTransmitter[0m] [1mCopying[0m Localizable.strings[0m
Build	Fastlane Build & Archive	2026-07-20T11:45:32.1930010Z [11:45:30]: ▸ [35m[[36mLibreTransmitter[0m] [1mCopying[0m Localizable.strings[0m
Build	Fastlane Build & Archive	2026-07-20T11:45:32.2044910Z [11:45:30]: ▸ [35m[[36mLibreTransmitter[0m] [1mCopying[0m Localizable.strings[0m
Build	Fastlane Build & Archive	2026-07-20T11:45:32.2158820Z [11:45:30]: ▸ [35m[[36mLibreTransmitter[0m] [1mCopying[0m Localizable.strings[0m
Build	Fastlane Build & Archive	2026-07-20T11:45:32.2261740Z [11:45:30]: ▸ [35m[[36mLibreTransmitter[0m] [1mCopying[0m Localizable.strings[0m
Build	Fastlane Build & Archive	2026-07-20T11:45:32.2379330Z [11:45:30]: ▸ [35m[[36mLibreTransmitter[0m] [1mCopying[0m Localizable.strings[0m
Build	Fastlane Build & Archive	2026-07-20T11:45:32.2479520Z [11:45:30]: ▸ [35m[[36mLibreTransmitter[0m] [1mCopying[0m Localizable.strings[0m
Build	Fastlane Build & Archive	2026-07-20T11:45:32.2581700Z [11:45:30]: ▸ [35m[[36mLibreTransmitter[0m] [1mCopying[0m Localizable.strings[0m
Build	Fastlane Build & Archive	2026-07-20T11:45:32.2682160Z [11:45:30]: ▸ [35m[[36mLibreTransmitter[0m] [1mCopying[0m Localizable.strings[0m
Build	Fastlane Build & Archive	2026-07-20T11:45:32.2783780Z [11:45:30]: ▸ [35m[[36mLibreTransmitter[0m] [1mCopying[0m Localizable.strings[0m
Build	Fastlane Build & Archive	2026-07-20T11:45:32.2884580Z [11:45:30]: ▸ [35m[[36mG7SensorKit[0m] [1mCompile XCStrings[0m Localizable.xcstrings[0m
Build	Fastlane Build & Archive	2026-07-20T11:45:32.2987090Z [11:45:30]: ▸ [35m[[36mG7SensorKit[0m] [1mCopying[0m Localizable.strings[0m
Build	Fastlane Build & Archive	2026-07-20T11:45:32.3090060Z [11:45:30]: ▸ [35m[[36mG7SensorKit[0m] [1mCopying[0m Localizable.strings[0m
Build	Fastlane Build & Archive	2026-07-20T11:45:32.3192400Z [11:45:30]: ▸ [35m[[36mG7SensorKit[0m] [1mCopying[0m Localizable.strings[0m
Build	Fastlane Build & Archive	2026-07-20T11:45:32.3293670Z [11:45:30]: ▸ [35m[[36mG7SensorKit[0m] [1mCopying[0m Localizable.strings[0m
Build	Fastlane Build & Archive	2026-07-20T11:45:32.3396890Z [11:45:30]: ▸ [35m[[36mG7SensorKit[0m] [1mCopying[0m Localizable.strings[0m
Build	Fastlane Build & Archive	2026-07-20T11:45:32.3526220Z [11:45:30]: ▸ [35m[[36mG7SensorKit[0m] [1mCopying[0m Localizable.strings[0m
Build	Fastlane Build & Archive	2026-07-20T11:45:32.3638520Z [11:45:30]: ▸ [35m[[36mG7SensorKit[0m] [1mCopying[0m Localizable.strings[0m
Build	Fastlane Build & Archive	2026-07-20T11:45:32.3762120Z [11:45:30]: ▸ [35m[[36mG7SensorKit[0m] [1mCopying[0m Localizable.strings[0m
Build	Fastlane Build & Archive	2026-07-20T11:45:32.3877100Z [11:45:30]: ▸ [35m[[36mG7SensorKit[0m] [1mCopying[0m Localizable.strings[0m
Build	Fastlane Build & Archive	2026-07-20T11:45:32.3991650Z [11:45:30]: ▸ [35m[[36mG7SensorKit[0m] [1mCopying[0m Localizable.strings[0m
Build	Fastlane Build & Archive	2026-07-20T11:45:32.4115780Z [11:45:30]: ▸ [35m[[36mG7SensorKit[0m] [1mCopying[0m Localizable.strings[0m
Build	Fastlane Build & Archive	2026-07-20T11:45:32.4238940Z [11:45:30]: ▸ [35m[[36mG7SensorKit[0m] [1mCopying[0m Localizable.strings[0m
Build	Fastlane Build & Archive	2026-07-20T11:45:32.4389510Z [11:45:30]: ▸ [35m[[36mG7SensorKit[0m] [1mCopying[0m Localizable.strings[0m
Build	Fastlane Build & Archive	2026-07-20T11:45:32.4501410Z [11:45:30]: ▸ [35m[[36mG7SensorKit[0m] [1mCopying[0m Localizable.strings[0m
Build	Fastlane Build & Archive	2026-07-20T11:45:32.4629180Z [11:45:30]: ▸ [35m[[36mG7SensorKit[0m] [1mCopying[0m Localizable.strings[0m
Build	Fastlane Build & Archive	2026-07-20T11:45:32.4747120Z [11:45:30]: ▸ [35m[[36mG7SensorKit[0m] [1mCopying[0m Localizable.strings[0m
Build	Fastlane Build & Archive	2026-07-20T11:45:32.4875740Z [11:45:30]: ▸ [35m[[36mG7SensorKit[0m] [1mCopying[0m Localizable.strings[0m
Build	Fastlane Build & Archive	2026-07-20T11:45:32.4977750Z [11:45:30]: ▸ [35m[[36mG7SensorKit[0m] [1mCopying[0m Localizable.strings[0m
Build	Fastlane Build & Archive	2026-07-20T11:45:32.5088280Z [11:45:30]: ▸ [35m[[36mG7SensorKit[0m] [1mCopying[0m Localizable.strings[0m
Build	Fastlane Build & Archive	2026-07-20T11:45:32.5196910Z [11:45:30]: ▸ [35m[[36mG7SensorKit[0m] [1mCopying[0m Localizable.strings[0m
Build	Fastlane Build & Archive	2026-07-20T11:45:32.5299420Z [11:45:30]: ▸ [35m[[36mG7SensorKit[0m] [1mCopying[0m Localizable.strings[0m
Build	Fastlane Build & Archive	2026-07-20T11:45:32.5405370Z [11:45:30]: ▸ [35m[[36mG7SensorKit[0m] [1mCopying[0m Localizable.strings[0m
Build	Fastlane Build & Archive	2026-07-20T11:45:32.5510230Z [11:45:30]: ▸ [35m[[36mG7SensorKit[0m] [1mCopying[0m Localizable.strings[0m
Build	Fastlane Build & Archive	2026-07-20T11:45:32.5613760Z [11:45:30]: ▸ [35m[[36mG7SensorKit[0m] [1mCopying[0m Localizable.strings[0m
Build	Fastlane Build & Archive	2026-07-20T11:45:32.5716950Z [11:45:30]: ▸ [35m[[36mG7SensorKit[0m] [1mCopying[0m Localizable.strings[0m
Build	Fastlane Build & Archive	2026-07-20T11:45:32.5819320Z [11:45:30]: ▸ [35m[[36mDanaKit[0m] [1mGenerate Asset Symbols[0m DanaKitUI.xcassets[0m
Build	Fastlane Build & Archive	2026-07-20T11:45:32.5932080Z [11:45:30]: ▸ [35m[[36mMedtrumKit[0m] [1mProcessing[0m Info.plist[0m
Build	Fastlane Build & Archive	2026-07-20T11:45:32.6034290Z [11:45:30]: ▸ [35m[[36mDanaKit[0m] [1mCopying[0m blank.wav[0m
Build	Fastlane Build & Archive	2026-07-20T11:45:32.6165800Z [11:45:30]: ▸ [35m[[36mMedtrumKit[0m] [1mGenerating[0m MedtrumKit.framework.dSYM[0m
Build	Fastlane Build & Archive	2026-07-20T11:45:32.6279600Z [11:45:30]: ▸ [35m[[36mDanaKit[0m] [1mCopying[0m README.md[0m
Build	Fastlane Build & Archive	2026-07-20T11:45:32.6421920Z [11:45:30]: ▸ [35m[[36mDanaKit[0m] [1mCompiling[0m DanaKitReservoirView.xib[0m
Build	Fastlane Build & Archive	2026-07-20T11:45:32.6545520Z [11:45:30]: ▸ [35m[[36mDanaKit[0m] [1mCompile XCStrings[0m Localizable.xcstrings[0m
Build	Fastlane Build & Archive	2026-07-20T11:45:32.6649940Z [11:45:30]: ▸ [35m[[36mDanaKit[0m] [1mCopying[0m Localizable.strings[0m
Build	Fastlane Build & Archive	2026-07-20T11:45:32.6759620Z [11:45:30]: ▸ [35m[36;1mnote: [0mEmplaced /Users/runner/Library/Developer/Xcode/DerivedData/Trio-bovmnxebschsylahdeysnjjqdcte/Build/Intermediates.noindex/ArchiveIntermediates/Trio/IntermediateBuildFilesPath/UninstalledProducts/iphoneos/DanaKit.framework/Assets.car (in target 'DanaKit' from project 'DanaKit')[0m
Build	Fastlane Build & Archive	2026-07-20T11:45:32.6886410Z [11:45:30]: ▸ [35m[[36mDanaKit[0m] [1mCopying[0m Localizable.strings[0m
Build	Fastlane Build & Archive	2026-07-20T11:45:32.7035400Z [11:45:30]: ▸ [35m[[36mDanaKit[0m] [1mProcessing[0m Info.plist[0m
Build	Fastlane Build & Archive	2026-07-20T11:45:32.7160280Z [11:45:30]: ▸ [35m[[36mDanaKit[0m] [1mCopying[0m Localizable.strings[0m
Build	Fastlane Build & Archive	2026-07-20T11:45:32.7262200Z [11:45:30]: ▸ [35m[[36mDanaKit[0m] [1mCopying[0m Localizable.strings[0m
Build	Fastlane Build & Archive	2026-07-20T11:45:32.7363590Z [11:45:30]: ▸ [35m[[36mDanaKit[0m] [1mCopying[0m Localizable.strings[0m
Build	Fastlane Build & Archive	2026-07-20T11:45:32.7466900Z [11:45:30]: ▸ [35m[[36mDanaKit[0m] [1mCopying[0m Localizable.strings[0m
Build	Fastlane Build & Archive	2026-07-20T11:45:32.7566000Z [11:45:30]: ▸ [35m[[36mDanaKit[0m] [1mCopying[0m Localizable.strings[0m
Build	Fastlane Build & Archive	2026-07-20T11:45:32.7668330Z [11:45:30]: ▸ [35m[[36mDanaKit[0m] [1mCopying[0m Localizable.strings[0m
Build	Fastlane Build & Archive	2026-07-20T11:45:32.7769920Z [11:45:30]: ▸ [35m[[36mDanaKit[0m] [1mCopying[0m Localizable.strings[0m
Build	Fastlane Build & Archive	2026-07-20T11:45:32.7870500Z [11:45:30]: ▸ [35m[[36mDanaKit[0m] [1mCopying[0m Localizable.strings[0m
Build	Fastlane Build & Archive	2026-07-20T11:45:32.7973610Z [11:45:30]: ▸ [35m[[36mDanaKit[0m] [1mCopying[0m Localizable.strings[0m
Build	Fastlane Build & Archive	2026-07-20T11:45:32.8073010Z [11:45:30]: ▸ [35m[[36mDanaKit[0m] [1mCopying[0m Localizable.strings[0m
Build	Fastlane Build & Archive	2026-07-20T11:45:32.8173640Z [11:45:30]: ▸ [35m[[36mDanaKit[0m] [1mCopying[0m Localizable.strings[0m
Build	Fastlane Build & Archive	2026-07-20T11:45:32.8276910Z [11:45:30]: ▸ [35m[[36mDanaKit[0m] [1mCopying[0m Localizable.strings[0m
Build	Fastlane Build & Archive	2026-07-20T11:45:32.8376860Z [11:45:30]: ▸ [35m[[36mDanaKit[0m] [1mCopying[0m Localizable.strings[0m
Build	Fastlane Build & Archive	2026-07-20T11:45:32.8490300Z [11:45:30]: ▸ [35m[[36mDanaKit[0m] [1mCopying[0m Localizable.strings[0m
Build	Fastlane Build & Archive	2026-07-20T11:45:32.8593240Z [11:45:30]: ▸ [35m[[36mDanaKit[0m] [1mCopying[0m Localizable.strings[0m
Build	Fastlane Build & Archive	2026-07-20T11:45:32.8697120Z [11:45:30]: ▸ [35m[[36mDanaKit[0m] [1mCopying[0m Localizable.strings[0m
Build	Fastlane Build & Archive	2026-07-20T11:45:32.8853990Z [11:45:30]: ▸ [35m[[36mDanaKit[0m] [1mCopying[0m Localizable.strings[0m
Build	Fastlane Build & Archive	2026-07-20T11:45:32.8962620Z [11:45:30]: ▸ [35m[[36mDanaKit[0m] [1mCopying[0m Localizable.strings[0m
Build	Fastlane Build & Archive	2026-07-20T11:45:32.9095910Z [11:45:30]: ▸ [35m[[36mDanaKit[0m] [1mCopying[0m Localizable.strings[0m
Build	Fastlane Build & Archive	2026-07-20T11:45:32.9221670Z [11:45:30]: ▸ [35m[[36mDanaKit[0m] [1mCopying[0m Localizable.strings[0m
Build	Fastlane Build & Archive	2026-07-20T11:45:32.9326340Z [11:45:30]: ▸ [35m[[36mDanaKit[0m] [1mCopying[0m Localizable.strings[0m
Build	Fastlane Build & Archive	2026-07-20T11:45:32.9460970Z [11:45:30]: ▸ [35m[[36mDanaKit[0m] [1mCopying[0m Localizable.strings[0m
Build	Fastlane Build & Archive	2026-07-20T11:45:32.9575580Z [11:45:30]: ▸ [35m[[36mDanaKit[0m] [1mCopying[0m Localizable.strings[0m
Build	Fastlane Build & Archive	2026-07-20T11:45:32.9722800Z [11:45:30]: ▸ [35m[[36mDanaKit[0m] [1mCopying[0m Localizable.strings[0m
Build	Fastlane Build & Archive	2026-07-20T11:45:32.9824290Z [11:45:30]: ▸ [35m[[36mShareClientUI[0m] [1mExtract App Intents Metadata[0m
Build	Fastlane Build & Archive	2026-07-20T11:45:32.9935730Z [11:45:30]: ▸ [35m[[36mTidepoolServiceKitUI[0m] [1mExtract App Intents Metadata[0m
Build	Fastlane Build & Archive	2026-07-20T11:45:33.0037600Z [11:45:30]: ▸ [35m[[36mRileyLinkKit[0m] [1mExtract App Intents Metadata[0m
Build	Fastlane Build & Archive	2026-07-20T11:45:33.0140340Z [11:45:30]: ▸ [35m[[36mMockKit[0m] [1mExtract App Intents Metadata[0m
Build	Fastlane Build & Archive	2026-07-20T11:45:33.0244070Z [11:45:30]: ▸ [35m[[36mMedtrumKit[0m] [1mExtract App Intents Metadata[0m
Build	Fastlane Build & Archive	2026-07-20T11:45:33.0346850Z [11:45:30]: ▸ [35m[[36mLibreTransmitter[0m] [1mExtract App Intents Metadata[0m
Build	Fastlane Build & Archive	2026-07-20T11:45:33.0450010Z [11:45:30]: ▸ [35m[[36mG7SensorKit[0m] [1mCompiling[0m G7SensorKit_vers.c[0m
Build	Fastlane Build & Archive	2026-07-20T11:45:33.0550070Z [11:45:30]: ▸ [35m[[36mG7SensorKit[0m] [1mLinking[0m G7SensorKit[0m
Build	Fastlane Build & Archive	2026-07-20T11:45:33.0651810Z [11:45:30]: ▸ [35m[[36mG7SensorKit[0m] [1mGenerating[0m G7SensorKit.framework.dSYM[0m
Build	Fastlane Build & Archive	2026-07-20T11:45:33.0753530Z [11:45:30]: ▸ [35m[[36mG7SensorKit[0m] [1mExtract App Intents Metadata[0m
Build	Fastlane Build & Archive	2026-07-20T11:45:33.0856160Z [11:45:30]: ▸ [35m[[36mCGMBLEKitUI[0m] [1mGenerate Asset Symbols[0m Assets.xcassets[0m
Build	Fastlane Build & Archive	2026-07-20T11:45:33.0971520Z [11:45:30]: ▸ [35m[[36mTidepoolServiceKitUI[0m] [1mRegisterExecutionPolicyException[0m TidepoolServiceKitUI.framework[0m
Build	Fastlane Build & Archive	2026-07-20T11:45:33.1092780Z [11:45:30]: ▸ [35m[[36mTidepoolServiceKitUI[0m] [1mTouching[0m TidepoolServiceKitUI.framework[0m
Build	Fastlane Build & Archive	2026-07-20T11:45:33.1225910Z [11:45:30]: ▸ [35m[[36mShareClientUI[0m] [1mRegisterExecutionPolicyException[0m ShareClientUI.framework[0m
Build	Fastlane Build & Archive	2026-07-20T11:45:59.5131250Z [11:45:59]: ▸ [35m::warning file=/Users/runner/work/Trio/Trio/DanaKit/DanaKit/Packets/DanaLoopSetEventHistory.swift,line=32,col=9::variable 'param1' was never mutated; consider changing to 'let' constant[0m
Build	Fastlane Build & Archive	2026-07-20T11:45:59.5240940Z [11:45:59]: ▸ [35m    var param1 = options.param1[0m
Build	Fastlane Build & Archive	2026-07-20T11:45:59.5343220Z [11:45:59]: ▸ [35m    ~~~ ^[0m
Build	Fastlane Build & Archive	2026-07-20T11:45:59.5449790Z [11:45:59]: ▸ [35m::warning file=/Users/runner/work/Trio/Trio/DanaKit/DanaKit/PumpManager/DanaKitPumpManagerState.swift,line=433,col=31::string interpolation produces a debug description for an optional value; did you mean to make this explicit?[0m
Build	Fastlane Build & Archive	2026-07-20T11:45:59.5555000Z [11:45:59]: ▸ [35m            "* insulinType: \(insulinType ?? .none)",[0m
Build	Fastlane Build & Archive	2026-07-20T11:45:59.5657200Z [11:45:59]: ▸ [35m                              ^~~~~~~~~~~~~~~~~~~~[0m
Build	Fastlane Build & Archive	2026-07-20T11:45:59.6375730Z [11:45:59]: ▸ [35m::warning file=/Users/runner/work/Trio/Trio/CGMBLEKit/CGMBLEKitUI/TransmitterManager+UI.swift,line=15,col=1::extension declares a conformance of imported type 'G5CGMManager' to imported protocols 'CGMManagerUI', 'DeviceManagerUI', 'DisplayGlucoseUnitObserver', 'CGMStatusIndicator'; this will not behave correctly if the owners of 'CGMBLEKit' introduce this conformance in the future[0m
Build	Fastlane Build & Archive	2026-07-20T11:45:59.6485640Z [11:45:59]: ▸ [35mextension G5CGMManager: CGMManagerUI {[0m
Build	Fastlane Build & Archive	2026-07-20T11:45:59.6586440Z [11:45:59]: ▸ [35m^[0m
Build	Fastlane Build & Archive	2026-07-20T11:45:59.6693730Z [11:45:59]: ▸ [35m::warning file=/Users/runner/work/Trio/Trio/CGMBLEKit/CGMBLEKitUI/TransmitterManager+UI.swift,line=52,col=1::extension declares a conformance of imported type 'G6CGMManager' to imported protocols 'CGMManagerUI', 'DeviceManagerUI', 'DisplayGlucoseUnitObserver', 'CGMStatusIndicator'; this will not behave correctly if the owners of 'CGMBLEKit' introduce this conformance in the future[0m
Build	Fastlane Build & Archive	2026-07-20T11:45:59.6816950Z [11:45:59]: ▸ [35mextension G6CGMManager: CGMManagerUI {[0m
Build	Fastlane Build & Archive	2026-07-20T11:45:59.6922030Z [11:45:59]: ▸ [35m^[0m
Build	Fastlane Build & Archive	2026-07-20T11:45:59.7050740Z [11:45:59]: ▸ [35m[[36mCGMBLEKitUI[0m] [1mCopy[0m arm64-apple-ios.swiftmodule -> CGMBLEKitUI.swiftmodule[0m
Build	Fastlane Build & Archive	2026-07-20T11:45:59.7154350Z [11:45:59]: ▸ [35m[[36mCGMBLEKitUI[0m] [1mCopy[0m arm64-apple-ios.swiftdoc -> CGMBLEKitUI.swiftdoc[0m
Build	Fastlane Build & Archive	2026-07-20T11:45:59.7280160Z [11:45:59]: ▸ [35m[[36mCGMBLEKitUI[0m] [1mCopy[0m arm64-apple-ios.abi.json -> CGMBLEKitUI.abi.json[0m
Build	Fastlane Build & Archive	2026-07-20T11:45:59.7387310Z [11:45:59]: ▸ [35m[36;1mnote: [0mEmplaced /Users/runner/Library/Developer/Xcode/DerivedData/Trio-bovmnxebschsylahdeysnjjqdcte/Build/Intermediates.noindex/ArchiveIntermediates/Trio/IntermediateBuildFilesPath/UninstalledProducts/iphoneos/CGMBLEKitUI.framework/Assets.car (in target 'CGMBLEKitUI' from project 'CGMBLEKit')[0m
Build	Fastlane Build & Archive	2026-07-20T11:45:59.7493130Z [11:45:59]: ▸ [35m[[36mShareClientUI[0m] [1mTouching[0m ShareClientUI.framework[0m
Build	Fastlane Build & Archive	2026-07-20T11:45:59.7597750Z [11:45:59]: ▸ [35m[[36mRileyLinkKit[0m] [1mRegisterExecutionPolicyException[0m RileyLinkKit.framework[0m
Build	Fastlane Build & Archive	2026-07-20T11:45:59.7698210Z [11:45:59]: ▸ [35m[[36mCGMBLEKitUI[0m] [1mCompiling[0m CGMBLEKitUI_vers.c[0m
Build	Fastlane Build & Archive	2026-07-20T11:45:59.7802900Z [11:45:59]: ▸ [35m[[36mCGMBLEKitUI[0m] [1mCompile XCStrings[0m TransmitterManagerSetup.xcstrings[0m
Build	Fastlane Build & Archive	2026-07-20T11:45:59.7904130Z [11:45:59]: ▸ [35m[[36mCGMBLEKitUI[0m] [1mLinking[0m CGMBLEKitUI[0m
Build	Fastlane Build & Archive	2026-07-20T11:45:59.8006180Z [11:45:59]: ▸ [35m[[36mRileyLinkKit[0m] [1mTouching[0m RileyLinkKit.framework[0m
Build	Fastlane Build & Archive	2026-07-20T11:45:59.8108040Z [11:45:59]: ▸ [35m[[36mCGMBLEKitUI[0m] [1mCopying[0m TransmitterManagerSetup.strings[0m
Build	Fastlane Build & Archive	2026-07-20T11:45:59.8212190Z [11:45:59]: ▸ [35m[[36mCGMBLEKitUI[0m] [1mCopying[0m TransmitterManagerSetup.strings[0m
Build	Fastlane Build & Archive	2026-07-20T11:45:59.8323600Z [11:45:59]: ▸ [35m[[36mCGMBLEKitUI[0m] [1mCopying[0m TransmitterManagerSetup.strings[0m
Build	Fastlane Build & Archive	2026-07-20T11:45:59.8426150Z [11:45:59]: ▸ [35m[[36mCGMBLEKitUI[0m] [1mCopying[0m TransmitterManagerSetup.strings[0m
Build	Fastlane Build & Archive	2026-07-20T11:45:59.8528840Z [11:45:59]: ▸ [35m[[36mCGMBLEKitUI[0m] [1mCopying[0m TransmitterManagerSetup.strings[0m
Build	Fastlane Build & Archive	2026-07-20T11:45:59.8535590Z [11:45:59]: ▸ [35m[[36mCGMBLEKitUI[0m] [1mCopying[0m TransmitterManagerSetup.strings[0m
Build	Fastlane Build & Archive	2026-07-20T11:45:59.8637700Z [11:45:59]: ▸ [35m[[36mCGMBLEKitUI[0m] [1mCopying[0m TransmitterManagerSetup.strings[0m
Build	Fastlane Build & Archive	2026-07-20T11:45:59.8740180Z [11:45:59]: ▸ [35m[[36mCGMBLEKitUI[0m] [1mCopying[0m TransmitterManagerSetup.strings[0m
Build	Fastlane Build & Archive	2026-07-20T11:45:59.8842330Z [11:45:59]: ▸ [35m[[36mCGMBLEKitUI[0m] [1mCopying[0m TransmitterManagerSetup.strings[0m
Build	Fastlane Build & Archive	2026-07-20T11:45:59.8945070Z [11:45:59]: ▸ [35m[[36mCGMBLEKitUI[0m] [1mCopying[0m TransmitterManagerSetup.strings[0m
Build	Fastlane Build & Archive	2026-07-20T11:45:59.9048570Z [11:45:59]: ▸ [35m[[36mCGMBLEKitUI[0m] [1mCopying[0m TransmitterManagerSetup.strings[0m
Build	Fastlane Build & Archive	2026-07-20T11:45:59.9150910Z [11:45:59]: ▸ [35m[[36mCGMBLEKitUI[0m] [1mCopying[0m TransmitterManagerSetup.strings[0m
Build	Fastlane Build & Archive	2026-07-20T11:45:59.9253000Z [11:45:59]: ▸ [35m[[36mCGMBLEKitUI[0m] [1mCopying[0m TransmitterManagerSetup.strings[0m
Build	Fastlane Build & Archive	2026-07-20T11:45:59.9363990Z [11:45:59]: ▸ [35m[[36mCGMBLEKitUI[0m] [1mCopying[0m TransmitterManagerSetup.strings[0m
Build	Fastlane Build & Archive	2026-07-20T11:45:59.9466780Z [11:45:59]: ▸ [35m[[36mCGMBLEKitUI[0m] [1mCopying[0m TransmitterManagerSetup.strings[0m
Build	Fastlane Build & Archive	2026-07-20T11:45:59.9571410Z [11:45:59]: ▸ [35m[[36mCGMBLEKitUI[0m] [1mCopying[0m TransmitterManagerSetup.strings[0m
Build	Fastlane Build & Archive	2026-07-20T11:45:59.9675300Z [11:45:59]: ▸ [35m[[36mCGMBLEKitUI[0m] [1mCopying[0m TransmitterManagerSetup.strings[0m
Build	Fastlane Build & Archive	2026-07-20T11:45:59.9787690Z [11:45:59]: ▸ [35m[[36mCGMBLEKitUI[0m] [1mCopying[0m TransmitterManagerSetup.strings[0m
Build	Fastlane Build & Archive	2026-07-20T11:45:59.9899050Z [11:45:59]: ▸ [35m[[36mCGMBLEKitUI[0m] [1mCopying[0m TransmitterManagerSetup.strings[0m
Build	Fastlane Build & Archive	2026-07-20T11:46:00.0017340Z [11:45:59]: ▸ [35m[[36mCGMBLEKitUI[0m] [1mCopying[0m TransmitterManagerSetup.strings[0m
Build	Fastlane Build & Archive	2026-07-20T11:46:00.0162870Z [11:45:59]: ▸ [35m[[36mCGMBLEKitUI[0m] [1mCompile XCStrings[0m Localizable.xcstrings[0m
Build	Fastlane Build & Archive	2026-07-20T11:46:00.0312470Z [11:45:59]: ▸ [35m[[36mCGMBLEKitUI[0m] [1mCompiling[0m TransmitterManagerSetup.storyboard[0m
Build	Fastlane Build & Archive	2026-07-20T11:46:00.0462190Z [11:45:59]: ▸ [35m[[36mCGMBLEKitUI[0m] [1mCopying[0m Localizable.strings[0m
Build	Fastlane Build & Archive	2026-07-20T11:46:00.0590960Z [11:45:59]: ▸ [35m[[36mCGMBLEKitUI[0m] [1mProcessing[0m Info.plist[0m
Build	Fastlane Build & Archive	2026-07-20T11:46:00.0692080Z [11:45:59]: ▸ [35m[[36mCGMBLEKitUI[0m] [1mGenerating[0m CGMBLEKitUI.framework.dSYM[0m
Build	Fastlane Build & Archive	2026-07-20T11:46:00.0824580Z [11:45:59]: ▸ [35m[[36mCGMBLEKitUI[0m] [1mCopying[0m Localizable.strings[0m
Build	Fastlane Build & Archive	2026-07-20T11:46:00.0931160Z [11:45:59]: ▸ [35m[[36mCGMBLEKitUI[0m] [1mCopying[0m Localizable.strings[0m
Build	Fastlane Build & Archive	2026-07-20T11:46:00.1031060Z [11:45:59]: ▸ [35m[[36mCGMBLEKitUI[0m] [1mCopying[0m Localizable.strings[0m
Build	Fastlane Build & Archive	2026-07-20T11:46:00.1133440Z [11:45:59]: ▸ [35m[[36mCGMBLEKitUI[0m] [1mCopying[0m Localizable.strings[0m
Build	Fastlane Build & Archive	2026-07-20T11:46:00.1235150Z [11:45:59]: ▸ [35m[[36mCGMBLEKitUI[0m] [1mCopying[0m Localizable.strings[0m
Build	Fastlane Build & Archive	2026-07-20T11:46:00.1337320Z [11:45:59]: ▸ [35m[[36mCGMBLEKitUI[0m] [1mCopying[0m Localizable.strings[0m
Build	Fastlane Build & Archive	2026-07-20T11:46:00.1437130Z [11:45:59]: ▸ [35m[[36mCGMBLEKitUI[0m] [1mCopying[0m Localizable.strings[0m
Build	Fastlane Build & Archive	2026-07-20T11:46:00.1542760Z [11:45:59]: ▸ [35m[[36mCGMBLEKitUI[0m] [1mCopying[0m Localizable.strings[0m
Build	Fastlane Build & Archive	2026-07-20T11:46:00.1645190Z [11:45:59]: ▸ [35m[[36mCGMBLEKitUI[0m] [1mCopying[0m Localizable.strings[0m
Build	Fastlane Build & Archive	2026-07-20T11:46:00.1746890Z [11:45:59]: ▸ [35m[[36mCGMBLEKitUI[0m] [1mCopying[0m Localizable.strings[0m
Build	Fastlane Build & Archive	2026-07-20T11:46:00.1848740Z [11:45:59]: ▸ [35m[[36mCGMBLEKitUI[0m] [1mCopying[0m Localizable.strings[0m
Build	Fastlane Build & Archive	2026-07-20T11:46:00.1954480Z [11:45:59]: ▸ [35m[[36mCGMBLEKitUI[0m] [1mCopying[0m Localizable.strings[0m
Build	Fastlane Build & Archive	2026-07-20T11:46:00.2058630Z [11:45:59]: ▸ [35m[[36mCGMBLEKitUI[0m] [1mCopying[0m Localizable.strings[0m
Build	Fastlane Build & Archive	2026-07-20T11:46:00.2160260Z [11:45:59]: ▸ [35m[[36mCGMBLEKitUI[0m] [1mCopying[0m Localizable.strings[0m
Build	Fastlane Build & Archive	2026-07-20T11:46:00.2261410Z [11:45:59]: ▸ [35m[[36mCGMBLEKitUI[0m] [1mCopying[0m Localizable.strings[0m
Build	Fastlane Build & Archive	2026-07-20T11:46:00.2363460Z [11:45:59]: ▸ [35m[[36mCGMBLEKitUI[0m] [1mCopying[0m Localizable.strings[0m
Build	Fastlane Build & Archive	2026-07-20T11:46:00.2464960Z [11:45:59]: ▸ [35m[[36mCGMBLEKitUI[0m] [1mCopying[0m Localizable.strings[0m
Build	Fastlane Build & Archive	2026-07-20T11:46:00.2579120Z [11:45:59]: ▸ [35m[[36mCGMBLEKitUI[0m] [1mCopying[0m Localizable.strings[0m
Build	Fastlane Build & Archive	2026-07-20T11:46:00.2681310Z [11:45:59]: ▸ [35m[[36mCGMBLEKitUI[0m] [1mCopying[0m Localizable.strings[0m
Build	Fastlane Build & Archive	2026-07-20T11:46:00.2782400Z [11:45:59]: ▸ [35m[[36mCGMBLEKitUI[0m] [1mCopying[0m Localizable.strings[0m
Build	Fastlane Build & Archive	2026-07-20T11:46:00.2883890Z [11:45:59]: ▸ [35m[[36mCGMBLEKitUI[0m] [1mCopying[0m Localizable.strings[0m
Build	Fastlane Build & Archive	2026-07-20T11:46:00.2983740Z [11:45:59]: ▸ [35m[[36mCGMBLEKitUI[0m] [1mCopying[0m Localizable.strings[0m
Build	Fastlane Build & Archive	2026-07-20T11:46:00.3085430Z [11:45:59]: ▸ [35m[[36mCGMBLEKitUI[0m] [1mCopying[0m Localizable.strings[0m
Build	Fastlane Build & Archive	2026-07-20T11:46:00.3187370Z [11:45:59]: ▸ [35m[[36mCGMBLEKitUI[0m] [1mCopying[0m Localizable.strings[0m
Build	Fastlane Build & Archive	2026-07-20T11:46:00.3289500Z [11:45:59]: ▸ [35m[[36mCGMBLEKitUI[0m] [1mCopying[0m Localizable.strings[0m
Build	Fastlane Build & Archive	2026-07-20T11:46:00.3397540Z [11:45:59]: ▸ [35m[[36mCGMBLEKitUI[0m] [1mCopying[0m Localizable.strings[0m
Build	Fastlane Build & Archive	2026-07-20T11:46:00.3499880Z [11:45:59]: ▸ [35m[[36mMockKit[0m] [1mRegisterExecutionPolicyException[0m MockKit.framework[0m
Build	Fastlane Build & Archive	2026-07-20T11:46:00.3622070Z [11:45:59]: ▸ [35m[[36mRileyLinkKitUI[0m] [1mCompiling[0m SetupImageTableViewCell.xib[0m
Build	Fastlane Build & Archive	2026-07-20T11:46:00.3763960Z [11:45:59]: ▸ [35m[[36mRileyLinkKitUI[0m] [1mLinking[0m RileyLinkKitUI[0m
Build	Fastlane Build & Archive	2026-07-20T11:46:00.3877280Z [11:45:59]: ▸ [35m[[36mMinimedKit[0m] [1mLinking[0m MinimedKit[0m
Build	Fastlane Build & Archive	2026-07-20T11:46:00.3980730Z [11:45:59]: ▸ [35m[[36mRileyLinkKitUI[0m] [1mProcessing[0m Info.plist[0m
Build	Fastlane Build & Archive	2026-07-20T11:46:00.4084660Z [11:45:59]: ▸ [35m[[36mRileyLinkKitUI[0m] [1mGenerating[0m RileyLinkKitUI.framework.dSYM[0m
Build	Fastlane Build & Archive	2026-07-20T11:46:00.4188060Z [11:45:59]: ▸ [35m[[36mRileyLinkKitUI[0m] [1mCompile XCStrings[0m Localizable.xcstrings[0m
Build	Fastlane Build & Archive	2026-07-20T11:46:00.4312680Z [11:45:59]: ▸ [35m[[36mMinimedKit[0m] [1mProcessing[0m empty-MinimedKit.plist[0m
Build	Fastlane Build & Archive	2026-07-20T11:46:00.4417740Z [11:45:59]: ▸ [35m[[36mRileyLinkKitUI[0m] [1mCopying[0m Localizable.strings[0m
Build	Fastlane Build & Archive	2026-07-20T11:46:00.4523400Z [11:45:59]: ▸ [35m[[36mRileyLinkKitUI[0m] [1mCopying[0m Localizable.strings[0m
Build	Fastlane Build & Archive	2026-07-20T11:46:00.4625940Z [11:45:59]: ▸ [35m[[36mRileyLinkKitUI[0m] [1mCopying[0m Localizable.strings[0m
Build	Fastlane Build & Archive	2026-07-20T11:46:00.4731340Z [11:45:59]: ▸ [35m[[36mRileyLinkKitUI[0m] [1mCopying[0m Localizable.strings[0m
Build	Fastlane Build & Archive	2026-07-20T11:46:00.4832110Z [11:45:59]: ▸ [35m[[36mRileyLinkKitUI[0m] [1mCopying[0m Localizable.strings[0m
Build	Fastlane Build & Archive	2026-07-20T11:46:00.4935170Z [11:45:59]: ▸ [35m[[36mRileyLinkKitUI[0m] [1mCopying[0m Localizable.strings[0m
Build	Fastlane Build & Archive	2026-07-20T11:46:00.5056340Z [11:45:59]: ▸ [35m[[36mRileyLinkKitUI[0m] [1mCopying[0m Localizable.strings[0m
Build	Fastlane Build & Archive	2026-07-20T11:46:00.5183530Z [11:45:59]: ▸ [35m[[36mRileyLinkKitUI[0m] [1mCopying[0m Localizable.strings[0m
Build	Fastlane Build & Archive	2026-07-20T11:46:00.5275570Z [11:45:59]: ▸ [35m[[36mRileyLinkKitUI[0m] [1mCopying[0m Localizable.strings[0m
Build	Fastlane Build & Archive	2026-07-20T11:46:00.5382410Z [11:45:59]: ▸ [35m[[36mRileyLinkKitUI[0m] [1mCopying[0m Localizable.strings[0m
Build	Fastlane Build & Archive	2026-07-20T11:46:00.5488490Z [11:45:59]: ▸ [35m[[36mRileyLinkKitUI[0m] [1mCopying[0m Localizable.strings[0m
Build	Fastlane Build & Archive	2026-07-20T11:46:00.5595710Z [11:45:59]: ▸ [35m[[36mRileyLinkKitUI[0m] [1mCopying[0m Localizable.strings[0m
Build	Fastlane Build & Archive	2026-07-20T11:46:00.5703870Z [11:45:59]: ▸ [35m[[36mRileyLinkKitUI[0m] [1mCopying[0m Localizable.strings[0m
Build	Fastlane Build & Archive	2026-07-20T11:46:00.5806220Z [11:45:59]: ▸ [35m[[36mRileyLinkKitUI[0m] [1mCopying[0m Localizable.strings[0m
Build	Fastlane Build & Archive	2026-07-20T11:46:00.5916200Z [11:45:59]: ▸ [35m[[36mRileyLinkKitUI[0m] [1mCopying[0m Localizable.strings[0m
Build	Fastlane Build & Archive	2026-07-20T11:46:00.6023580Z [11:45:59]: ▸ [35m[[36mRileyLinkKitUI[0m] [1mCopying[0m Localizable.strings[0m
Build	Fastlane Build & Archive	2026-07-20T11:46:00.6140910Z [11:45:59]: ▸ [35m[[36mRileyLinkKitUI[0m] [1mCopying[0m Localizable.strings[0m
Build	Fastlane Build & Archive	2026-07-20T11:46:00.6250800Z [11:45:59]: ▸ [35m[[36mRileyLinkKitUI[0m] [1mCopying[0m Localizable.strings[0m
Build	Fastlane Build & Archive	2026-07-20T11:46:00.6252270Z [11:45:59]: ▸ [35m[[36mRileyLinkKitUI[0m] [1mCopying[0m Localizable.strings[0m
Build	Fastlane Build & Archive	2026-07-20T11:46:00.6354030Z [11:45:59]: ▸ [35m[[36mRileyLinkKitUI[0m] [1mCopying[0m Localizable.strings[0m
Build	Fastlane Build & Archive	2026-07-20T11:46:00.6458390Z [11:45:59]: ▸ [35m[[36mRileyLinkKitUI[0m] [1mCopying[0m Localizable.strings[0m
Build	Fastlane Build & Archive	2026-07-20T11:46:00.6561900Z [11:45:59]: ▸ [35m[[36mRileyLinkKitUI[0m] [1mCopying[0m Localizable.strings[0m
Build	Fastlane Build & Archive	2026-07-20T11:46:00.6664130Z [11:45:59]: ▸ [35m[[36mRileyLinkKitUI[0m] [1mCopying[0m Localizable.strings[0m
Build	Fastlane Build & Archive	2026-07-20T11:46:00.6765910Z [11:45:59]: ▸ [35m[[36mRileyLinkKitUI[0m] [1mCopying[0m Localizable.strings[0m
Build	Fastlane Build & Archive	2026-07-20T11:46:00.6869980Z [11:45:59]: ▸ [35m[[36mRileyLinkKitUI[0m] [1mCopying[0m Localizable.strings[0m
Build	Fastlane Build & Archive	2026-07-20T11:46:00.6983990Z [11:45:59]: ▸ [35m[[36mRileyLinkKitUI[0m] [1mCopying[0m Localizable.strings[0m
Build	Fastlane Build & Archive	2026-07-20T11:46:00.7088860Z [11:45:59]: ▸ [35m[[36mRileyLinkKitUI[0m] [1mCopying[0m Localizable.strings[0m
Build	Fastlane Build & Archive	2026-07-20T11:46:00.7192130Z [11:45:59]: ▸ [35m[[36mRileyLinkKitUI[0m] [1mCopying[0m Localizable.strings[0m
Build	Fastlane Build & Archive	2026-07-20T11:46:00.7294110Z [11:45:59]: ▸ [35m[[36mMinimedKit[0m] [1mGenerating[0m MinimedKit.framework.dSYM[0m
Build	Fastlane Build & Archive	2026-07-20T11:46:00.7398950Z [11:45:59]: ▸ [35m[[36mMinimedKit[0m] [1mCompile XCStrings[0m Localizable.xcstrings[0m
Build	Fastlane Build & Archive	2026-07-20T11:46:00.7500760Z [11:45:59]: ▸ [35m[[36mMinimedKit[0m] [1mCopying[0m Localizable.strings[0m
Build	Fastlane Build & Archive	2026-07-20T11:46:00.7603480Z [11:45:59]: ▸ [35m[[36mRileyLinkKitUI[0m] [1mExtract App Intents Metadata[0m
Build	Fastlane Build & Archive	2026-07-20T11:46:00.7705740Z [11:45:59]: ▸ [35m[[36mMinimedKit[0m] [1mCopying[0m Localizable.strings[0m
Build	Fastlane Build & Archive	2026-07-20T11:46:00.7808590Z [11:45:59]: ▸ [35m[[36mMinimedKit[0m] [1mCopying[0m Localizable.strings[0m
Build	Fastlane Build & Archive	2026-07-20T11:46:00.7910940Z [11:45:59]: ▸ [35m[[36mMinimedKit[0m] [1mCopying[0m Localizable.strings[0m
Build	Fastlane Build & Archive	2026-07-20T11:46:00.8012590Z [11:45:59]: ▸ [35m[[36mMinimedKit[0m] [1mCopying[0m Localizable.strings[0m
Build	Fastlane Build & Archive	2026-07-20T11:46:00.8116360Z [11:45:59]: ▸ [35m[[36mMinimedKit[0m] [1mCopying[0m Localizable.strings[0m
Build	Fastlane Build & Archive	2026-07-20T11:46:00.8218540Z [11:45:59]: ▸ [35m[[36mMinimedKit[0m] [1mCopying[0m Localizable.strings[0m
Build	Fastlane Build & Archive	2026-07-20T11:46:00.8320240Z [11:45:59]: ▸ [35m[[36mMinimedKit[0m] [1mCopying[0m Localizable.strings[0m
Build	Fastlane Build & Archive	2026-07-20T11:46:00.8422090Z [11:45:59]: ▸ [35m[[36mMinimedKit[0m] [1mCopying[0m Localizable.strings[0m
Build	Fastlane Build & Archive	2026-07-20T11:46:00.8524600Z [11:45:59]: ▸ [35m[[36mMinimedKit[0m] [1mCopying[0m Localizable.strings[0m
Build	Fastlane Build & Archive	2026-07-20T11:46:00.8630200Z [11:45:59]: ▸ [35m[[36mMinimedKit[0m] [1mCopying[0m Localizable.strings[0m
Build	Fastlane Build & Archive	2026-07-20T11:46:00.8732950Z [11:45:59]: ▸ [35m[[36mMinimedKit[0m] [1mCopying[0m Localizable.strings[0m
Build	Fastlane Build & Archive	2026-07-20T11:46:00.8834950Z [11:45:59]: ▸ [35m[[36mMinimedKit[0m] [1mCopying[0m Localizable.strings[0m
Build	Fastlane Build & Archive	2026-07-20T11:46:00.8940370Z [11:45:59]: ▸ [35m[[36mMinimedKit[0m] [1mCopying[0m Localizable.strings[0m
Build	Fastlane Build & Archive	2026-07-20T11:46:00.9042200Z [11:45:59]: ▸ [35m[[36mMinimedKit[0m] [1mCopying[0m Localizable.strings[0m
Build	Fastlane Build & Archive	2026-07-20T11:46:00.9149270Z [11:45:59]: ▸ [35m[[36mMinimedKit[0m] [1mCopying[0m Localizable.strings[0m
Build	Fastlane Build & Archive	2026-07-20T11:46:00.9254300Z [11:45:59]: ▸ [35m[[36mMinimedKit[0m] [1mCopying[0m Localizable.strings[0m
Build	Fastlane Build & Archive	2026-07-20T11:46:00.9362530Z [11:45:59]: ▸ [35m[[36mMinimedKit[0m] [1mCopying[0m Localizable.strings[0m
Build	Fastlane Build & Archive	2026-07-20T11:46:00.9482500Z [11:45:59]: ▸ [35m[[36mMinimedKit[0m] [1mCopying[0m Localizable.strings[0m
Build	Fastlane Build & Archive	2026-07-20T11:46:00.9602440Z [11:45:59]: ▸ [35m[[36mMinimedKit[0m] [1mCopying[0m Localizable.strings[0m
Build	Fastlane Build & Archive	2026-07-20T11:46:00.9703980Z [11:45:59]: ▸ [35m[[36mMinimedKit[0m] [1mCopying[0m Localizable.strings[0m
Build	Fastlane Build & Archive	2026-07-20T11:46:00.9805800Z [11:45:59]: ▸ [35m[[36mMinimedKit[0m] [1mCopying[0m Localizable.strings[0m
Build	Fastlane Build & Archive	2026-07-20T11:46:00.9911860Z [11:45:59]: ▸ [35m[[36mMinimedKit[0m] [1mCopying[0m Localizable.strings[0m
Build	Fastlane Build & Archive	2026-07-20T11:46:01.0032890Z [11:45:59]: ▸ [35m[[36mMinimedKit[0m] [1mCopying[0m Localizable.strings[0m
Build	Fastlane Build & Archive	2026-07-20T11:46:01.0135810Z [11:45:59]: ▸ [35m[[36mMinimedKit[0m] [1mCopying[0m Localizable.strings[0m
Build	Fastlane Build & Archive	2026-07-20T11:46:01.0272760Z [11:45:59]: ▸ [35m[[36mMinimedKit[0m] [1mCopying[0m Localizable.strings[0m
Build	Fastlane Build & Archive	2026-07-20T11:46:01.0274500Z [11:45:59]: ▸ [35m[[36mMinimedKit[0m] [1mCopying[0m Localizable.strings[0m
Build	Fastlane Build & Archive	2026-07-20T11:46:01.0382950Z [11:45:59]: ▸ [35m[[36mMockKit[0m] [1mTouching[0m MockKit.framework[0m
Build	Fastlane Build & Archive	2026-07-20T11:46:01.0490330Z [11:45:59]: ▸ [35m[[36mMinimedKit[0m] [1mExtract App Intents Metadata[0m
Build	Fastlane Build & Archive	2026-07-20T11:46:01.0595250Z [11:45:59]: ▸ [35m[[36mMockKitUI[0m] [1mLinking[0m MockKitUI[0m
Build	Fastlane Build & Archive	2026-07-20T11:46:01.0697460Z [11:45:59]: ▸ [35m[[36mMockKitUI[0m] [1mProcessing[0m Info.plist[0m
Build	Fastlane Build & Archive	2026-07-20T11:46:01.0808790Z [11:45:59]: ▸ [35m::warning file=/Users/runner/work/Trio/Trio/LibreTransmitter/LibreTransmitterUI/LibreTransmitterManager+UI.swift,line=21,col=1::extension declares a conformance of imported type 'LibreTransmitterManagerV3' to imported protocols 'CGMManagerUI', 'CGMStatusIndicator'; this will not behave correctly if the owners of 'LibreTransmitter' introduce this conformance in the future[0m
Build	Fastlane Build & Archive	2026-07-20T11:46:01.0953110Z [11:45:59]: ▸ [35mextension LibreTransmitterManagerV3: CGMManagerUI {[0m
Build	Fastlane Build & Archive	2026-07-20T11:46:01.1063050Z [11:45:59]: ▸ [35m^[0m
Build	Fastlane Build & Archive	2026-07-20T11:46:01.1177270Z [11:45:59]: ▸ [35m::warning file=/Users/runner/work/Trio/Trio/LibreTransmitter/LibreTransmitterUI/LibreTransmitterManager+UI.swift,line=129,col=1::extension declares a conformance of imported type 'LibreTransmitterManagerV3' to imported protocol 'DeviceManagerUI'; this will not behave correctly if the owners of 'LibreTransmitter' introduce this conformance in the future[0m
Build	Fastlane Build & Archive	2026-07-20T11:46:01.1280750Z [11:45:59]: ▸ [35mextension LibreTransmitterManagerV3: DeviceManagerUI {[0m
Build	Fastlane Build & Archive	2026-07-20T11:46:01.1390770Z [11:45:59]: ▸ [35m^[0m
Build	Fastlane Build & Archive	2026-07-20T11:46:01.1502060Z [11:45:59]: ▸ [35m[[36mMockKitUI[0m] [1mGenerating[0m MockKitUI.framework.dSYM[0m
Build	Fastlane Build & Archive	2026-07-20T11:46:01.1620220Z [11:45:59]: ▸ [35m[[36mMockKitUI[0m] [1mCompile XCStrings[0m Localizable.xcstrings[0m
Build	Fastlane Build & Archive	2026-07-20T11:46:01.1731230Z [11:45:59]: ▸ [35m[[36mOmnipodKit[0m] [1mCopy[0m arm64-apple-ios.swiftmodule -> OmnipodKit.swiftmodule[0m
Build	Fastlane Build & Archive	2026-07-20T11:46:01.1835900Z [11:45:59]: ▸ [35m[[36mOmnipodKit[0m] [1mCopy[0m arm64-apple-ios.swiftdoc -> OmnipodKit.swiftdoc[0m
Build	Fastlane Build & Archive	2026-07-20T11:46:01.1939710Z [11:45:59]: ▸ [35m[[36mOmnipodKit[0m] [1mCopy[0m arm64-apple-ios.abi.json -> OmnipodKit.abi.json[0m
Build	Fastlane Build & Archive	2026-07-20T11:46:01.2043680Z [11:45:59]: ▸ [35m[[36mMockKitUI[0m] [1mCopying[0m Localizable.strings[0m
Build	Fastlane Build & Archive	2026-07-20T11:46:01.2150540Z [11:45:59]: ▸ [35m[[36mMockKitUI[0m] [1mCopying[0m Localizable.strings[0m
Build	Fastlane Build & Archive	2026-07-20T11:46:01.2252500Z [11:45:59]: ▸ [35m[[36mMockKitUI[0m] [1mCopying[0m Localizable.strings[0m
Build	Fastlane Build & Archive	2026-07-20T11:46:01.2378030Z [11:45:59]: ▸ [35m[[36mMockKitUI[0m] [1mCopying[0m Localizable.strings[0m
Build	Fastlane Build & Archive	2026-07-20T11:46:01.2480360Z [11:45:59]: ▸ [35m[[36mMockKitUI[0m] [1mCopying[0m Localizable.strings[0m
Build	Fastlane Build & Archive	2026-07-20T11:46:01.2588400Z [11:45:59]: ▸ [35m[[36mMockKitUI[0m] [1mCopying[0m Localizable.strings[0m
Build	Fastlane Build & Archive	2026-07-20T11:46:01.2705170Z [11:45:59]: ▸ [35m[[36mMockKitUI[0m] [1mCopying[0m Localizable.strings[0m
Build	Fastlane Build & Archive	2026-07-20T11:46:01.2812000Z [11:45:59]: ▸ [35m[[36mMockKitUI[0m] [1mCopying[0m Localizable.strings[0m
Build	Fastlane Build & Archive	2026-07-20T11:46:01.2944260Z [11:45:59]: ▸ [35m[[36mMockKitUI[0m] [1mCopying[0m Localizable.strings[0m
Build	Fastlane Build & Archive	2026-07-20T11:46:01.3062430Z [11:45:59]: ▸ [35m[[36mMockKitUI[0m] [1mCopying[0m Localizable.strings[0m
Build	Fastlane Build & Archive	2026-07-20T11:46:01.3171230Z [11:45:59]: ▸ [35m[[36mMockKitUI[0m] [1mCopying[0m Localizable.strings[0m
Build	Fastlane Build & Archive	2026-07-20T11:46:01.3172770Z [11:45:59]: ▸ [35m[[36mMockKitUI[0m] [1mCopying[0m Localizable.strings[0m
Build	Fastlane Build & Archive	2026-07-20T11:46:01.3294250Z [11:45:59]: ▸ [35m[[36mMockKitUI[0m] [1mCopying[0m Localizable.strings[0m
Build	Fastlane Build & Archive	2026-07-20T11:46:01.3396880Z [11:45:59]: ▸ [35m[[36mMockKitUI[0m] [1mCopying[0m Localizable.strings[0m
Build	Fastlane Build & Archive	2026-07-20T11:46:01.3526100Z [11:45:59]: ▸ [35m[[36mMockKitUI[0m] [1mCopying[0m Localizable.strings[0m
Build	Fastlane Build & Archive	2026-07-20T11:46:01.3663860Z [11:45:59]: ▸ [35m[[36mMockKitUI[0m] [1mCopying[0m Localizable.strings[0m
Build	Fastlane Build & Archive	2026-07-20T11:46:01.3767660Z [11:45:59]: ▸ [35m[[36mMockKitUI[0m] [1mCopying[0m Localizable.strings[0m
Build	Fastlane Build & Archive	2026-07-20T11:46:01.3878430Z [11:45:59]: ▸ [35m[[36mMockKitUI[0m] [1mCopying[0m Localizable.strings[0m
Build	Fastlane Build & Archive	2026-07-20T11:46:01.3982720Z [11:45:59]: ▸ [35m[[36mMockKitUI[0m] [1mCopying[0m Localizable.strings[0m
Build	Fastlane Build & Archive	2026-07-20T11:46:01.4086210Z [11:45:59]: ▸ [35m[[36mMockKitUI[0m] [1mCopying[0m Localizable.strings[0m
Build	Fastlane Build & Archive	2026-07-20T11:46:01.4189390Z [11:45:59]: ▸ [35m[[36mMockKitUI[0m] [1mCopying[0m Localizable.strings[0m
Build	Fastlane Build & Archive	2026-07-20T11:46:01.4292180Z [11:45:59]: ▸ [35m[[36mMockKitUI[0m] [1mCopying[0m Localizable.strings[0m
Build	Fastlane Build & Archive	2026-07-20T11:46:01.4397410Z [11:45:59]: ▸ [35m[[36mMockKitUI[0m] [1mCopying[0m Localizable.strings[0m
Build	Fastlane Build & Archive	2026-07-20T11:46:01.4494960Z [11:45:59]: ▸ [35m[[36mG7SensorKitUI[0m] [1mGenerate Asset Symbols[0m Assets.xcassets[0m
Build	Fastlane Build & Archive	2026-07-20T11:46:01.4599050Z [11:45:59]: ▸ [35m[36;1mnote: [0mEmplaced /Users/runner/Library/Developer/Xcode/DerivedData/Trio-bovmnxebschsylahdeysnjjqdcte/Build/Intermediates.noindex/ArchiveIntermediates/Trio/IntermediateBuildFilesPath/UninstalledProducts/iphoneos/G7SensorKitUI.framework/Assets.car (in target 'G7SensorKitUI' from project 'G7SensorKit')[0m
Build	Fastlane Build & Archive	2026-07-20T11:46:01.4697750Z [11:45:59]: ▸ [35m[[36mCGMBLEKitUI[0m] [1mExtract App Intents Metadata[0m
Build	Fastlane Build & Archive	2026-07-20T11:46:01.4800700Z [11:45:59]: ▸ [35m[[36mMedtrumKit[0m] [1mRegisterExecutionPolicyException[0m MedtrumKit.framework[0m
Build	Fastlane Build & Archive	2026-07-20T11:46:01.4904120Z [11:45:59]: ▸ [35m::warning file=/Users/runner/work/Trio/Trio/G7SensorKit/G7SensorKitUI/G7CGMManager/G7CGMManager+UI.swift,line=25,col=1::extension declares a conformance of imported type 'G7CGMManager' to imported protocols 'CGMManagerUI', 'DeviceManagerUI', 'DisplayGlucoseUnitObserver', 'CGMStatusIndicator'; this will not behave correctly if the owners of 'G7SensorKit' introduce this conformance in the future[0m
Build	Fastlane Build & Archive	2026-07-20T11:46:01.5007610Z [11:45:59]: ▸ [35mextension G7CGMManager: CGMManagerUI {[0m
Build	Fastlane Build & Archive	2026-07-20T11:46:01.5109200Z [11:45:59]: ▸ [35m^[0m
Build	Fastlane Build & Archive	2026-07-20T11:46:01.5109750Z [11:45:59]: ▸ [35m[[36mOmnipodKit[0m] [1mCompiling[0m OmnipodKit_vers.c[0m
Build	Fastlane Build & Archive	2026-07-20T11:46:01.5211780Z [11:45:59]: ▸ [35m[[36mMockKitUI[0m] [1mExtract App Intents Metadata[0m
Build	Fastlane Build & Archive	2026-07-20T11:46:01.5313330Z [11:45:59]: ▸ [35m[[36mLibreTransmitterUI[0m] [1mCopy[0m arm64-apple-ios.swiftmodule -> LibreTransmitterUI.swiftmodule[0m
Build	Fastlane Build & Archive	2026-07-20T11:46:01.5414490Z [11:45:59]: ▸ [35m[[36mLibreTransmitterUI[0m] [1mCopy[0m arm64-apple-ios.swiftdoc -> LibreTransmitterUI.swiftdoc[0m
Build	Fastlane Build & Archive	2026-07-20T11:46:01.5517700Z [11:45:59]: ▸ [35m[[36mLibreTransmitterUI[0m] [1mCopy[0m arm64-apple-ios.abi.json -> LibreTransmitterUI.abi.json[0m
Build	Fastlane Build & Archive	2026-07-20T11:46:01.5618400Z [11:45:59]: ▸ [35m[[36mLibreTransmitter[0m] [1mRegisterExecutionPolicyException[0m LibreTransmitter.framework[0m
Build	Fastlane Build & Archive	2026-07-20T11:46:01.5721020Z [11:45:59]: ▸ [35m[[36mRileyLinkKitUI[0m] [1mRegisterExecutionPolicyException[0m RileyLinkKitUI.framework[0m
Build	Fastlane Build & Archive	2026-07-20T11:46:01.5822630Z [11:45:59]: ▸ [35m[[36mRileyLinkKitUI[0m] [1mTouching[0m RileyLinkKitUI.framework[0m
Build	Fastlane Build & Archive	2026-07-20T11:46:01.5925520Z [11:45:59]: ▸ [35m[[36mOmnipodKit[0m] [1mLinking[0m OmnipodKit[0m
Build	Fastlane Build & Archive	2026-07-20T11:46:01.6027770Z [11:45:59]: ▸ [35m[[36mOmnipodKit[0m] [1mCopying[0m heartbeat.wav[0m
Build	Fastlane Build & Archive	2026-07-20T11:46:01.6129940Z [11:45:59]: ▸ [35m[[36mOmnipodKit[0m] [1mCopying[0m blank.wav[0m
Build	Fastlane Build & Archive	2026-07-20T11:46:01.6231450Z [11:45:59]: ▸ [35m[[36mOmnipodKit[0m] [1mCompiling[0m OmniReservoirView.xib[0m
Build	Fastlane Build & Archive	2026-07-20T11:46:01.6345480Z [11:45:59]: ▸ [35m[[36mOmnipodKit[0m] [1mCompile XCStrings[0m Localizable.xcstrings[0m
Build	Fastlane Build & Archive	2026-07-20T11:46:01.6422270Z [11:45:59]: ▸ [35m[[36mOmnipodKit[0m] [1mProcessing[0m Info.plist[0m
Build	Fastlane Build & Archive	2026-07-20T11:46:01.6526130Z [11:45:59]: ▸ [35m[[36mOmnipodKit[0m] [1mGenerating[0m OmnipodKit.framework.dSYM[0m
Build	Fastlane Build & Archive	2026-07-20T11:46:01.6643860Z [11:45:59]: ▸ [35m[[36mG7SensorKitUI[0m] [1mCopy[0m arm64-apple-ios.swiftmodule -> G7SensorKitUI.swiftmodule[0m
Build	Fastlane Build & Archive	2026-07-20T11:46:01.6746670Z [11:45:59]: ▸ [35m[[36mG7SensorKitUI[0m] [1mCopy[0m arm64-apple-ios.swiftdoc -> G7SensorKitUI.swiftdoc[0m
Build	Fastlane Build & Archive	2026-07-20T11:46:01.6847260Z [11:45:59]: ▸ [35m[[36mG7SensorKitUI[0m] [1mCopy[0m arm64-apple-ios.abi.json -> G7SensorKitUI.abi.json[0m
Build	Fastlane Build & Archive	2026-07-20T11:46:01.6949280Z [11:45:59]: ▸ [35m[[36mMockKitUI[0m] [1mRegisterExecutionPolicyException[0m MockKitUI.framework[0m
Build	Fastlane Build & Archive	2026-07-20T11:46:01.7065200Z [11:45:59]: ▸ [35m[[36mMockKitUI[0m] [1mTouching[0m MockKitUI.framework[0m
Build	Fastlane Build & Archive	2026-07-20T11:46:01.7170590Z [11:45:59]: ▸ [35m[[36mOmnipodKit[0m] [1mCopying[0m Localizable.strings[0m
Build	Fastlane Build & Archive	2026-07-20T11:46:01.7270900Z [11:45:59]: ▸ [35m[[36mOmnipodKit[0m] [1mCopying[0m Localizable.strings[0m
Build	Fastlane Build & Archive	2026-07-20T11:46:01.7371400Z [11:45:59]: ▸ [35m[[36mOmnipodKit[0m] [1mCopying[0m Localizable.strings[0m
Build	Fastlane Build & Archive	2026-07-20T11:46:01.7471710Z [11:45:59]: ▸ [35m[[36mOmnipodKit[0m] [1mCopying[0m Localizable.strings[0m
Build	Fastlane Build & Archive	2026-07-20T11:46:01.7574450Z [11:45:59]: ▸ [35m[[36mOmnipodKit[0m] [1mCopying[0m Localizable.strings[0m
Build	Fastlane Build & Archive	2026-07-20T11:46:01.7682320Z [11:45:59]: ▸ [35m[[36mOmnipodKit[0m] [1mCopying[0m Localizable.strings[0m
Build	Fastlane Build & Archive	2026-07-20T11:46:01.7784050Z [11:45:59]: ▸ [35m[[36mOmnipodKit[0m] [1mCopying[0m Localizable.strings[0m
Build	Fastlane Build & Archive	2026-07-20T11:46:01.7886320Z [11:45:59]: ▸ [35m[[36mOmnipodKit[0m] [1mCopying[0m Localizable.strings[0m
Build	Fastlane Build & Archive	2026-07-20T11:46:01.7986920Z [11:45:59]: ▸ [35m[[36mOmnipodKit[0m] [1mCopying[0m Localizable.strings[0m
Build	Fastlane Build & Archive	2026-07-20T11:46:01.8089770Z [11:45:59]: ▸ [35m[[36mOmnipodKit[0m] [1mCopying[0m Localizable.strings[0m
Build	Fastlane Build & Archive	2026-07-20T11:46:01.8193390Z [11:45:59]: ▸ [35m[[36mOmnipodKit[0m] [1mCopying[0m Localizable.strings[0m
Build	Fastlane Build & Archive	2026-07-20T11:46:01.8305550Z [11:45:59]: ▸ [35m[[36mOmnipodKit[0m] [1mCopying[0m Localizable.strings[0m
Build	Fastlane Build & Archive	2026-07-20T11:46:01.8406950Z [11:45:59]: ▸ [35m[[36mOmnipodKit[0m] [1mCopying[0m Localizable.strings[0m
Build	Fastlane Build & Archive	2026-07-20T11:46:01.8510140Z [11:45:59]: ▸ [35m[[36mOmnipodKit[0m] [1mCopying[0m Localizable.strings[0m
Build	Fastlane Build & Archive	2026-07-20T11:46:01.8613830Z [11:45:59]: ▸ [35m[[36mOmnipodKit[0m] [1mCopying[0m Localizable.strings[0m
Build	Fastlane Build & Archive	2026-07-20T11:46:01.8722910Z [11:45:59]: ▸ [35m[[36mOmnipodKit[0m] [1mCopying[0m Localizable.strings[0m
Build	Fastlane Build & Archive	2026-07-20T11:46:01.8817350Z [11:45:59]: ▸ [35m[[36mOmnipodKit[0m] [1mCopying[0m Localizable.strings[0m
Build	Fastlane Build & Archive	2026-07-20T11:46:01.8917950Z [11:45:59]: ▸ [35m[[36mOmnipodKit[0m] [1mCopying[0m Localizable.strings[0m
Build	Fastlane Build & Archive	2026-07-20T11:46:01.9021870Z [11:45:59]: ▸ [35m[[36mOmnipodKit[0m] [1mCopying[0m Localizable.strings[0m
Build	Fastlane Build & Archive	2026-07-20T11:46:01.9123230Z [11:45:59]: ▸ [35m[[36mOmnipodKit[0m] [1mCopying[0m Localizable.strings[0m
Build	Fastlane Build & Archive	2026-07-20T11:46:01.9224660Z [11:45:59]: ▸ [35m[[36mOmnipodKit[0m] [1mCopying[0m Localizable.strings[0m
Build	Fastlane Build & Archive	2026-07-20T11:46:01.9329110Z [11:45:59]: ▸ [35m[[36mOmnipodKit[0m] [1mCopying[0m Localizable.strings[0m
Build	Fastlane Build & Archive	2026-07-20T11:46:01.9429040Z [11:45:59]: ▸ [35m[[36mOmnipodKit[0m] [1mCopying[0m Localizable.strings[0m
Build	Fastlane Build & Archive	2026-07-20T11:46:01.9530210Z [11:45:59]: ▸ [35m[[36mOmnipodKit[0m] [1mCopying[0m Localizable.strings[0m
Build	Fastlane Build & Archive	2026-07-20T11:46:01.9632740Z [11:45:59]: ▸ [35m[[36mOmnipodKit[0m] [1mCopying[0m Localizable.strings[0m
Build	Fastlane Build & Archive	2026-07-20T11:46:01.9733450Z [11:45:59]: ▸ [35m[[36mOmnipodKit[0m] [1mCopying[0m Localizable.strings[0m
Build	Fastlane Build & Archive	2026-07-20T11:46:01.9834560Z [11:45:59]: ▸ [35m[[36mMinimedKit[0m] [1mRegisterExecutionPolicyException[0m MinimedKit.framework[0m
Build	Fastlane Build & Archive	2026-07-20T11:46:01.9936990Z [11:45:59]: ▸ [35m[[36mMedtrumKit[0m] [1mTouching[0m MedtrumKit.framework[0m
Build	Fastlane Build & Archive	2026-07-20T11:46:02.0038170Z [11:45:59]: ▸ [35m[[36mOmnipodKit[0m] [1mExtract App Intents Metadata[0m
Build	Fastlane Build & Archive	2026-07-20T11:46:02.0140300Z [11:45:59]: ▸ [35m[[36mLibreTransmitterUI[0m] [1mCompiling[0m LibreTransmitterUI_vers.c[0m
Build	Fastlane Build & Archive	2026-07-20T11:46:02.0242790Z [11:45:59]: ▸ [35m[[36mMinimedKit[0m] [1mTouching[0m MinimedKit.framework[0m
Build	Fastlane Build & Archive	2026-07-20T11:46:02.0345270Z [11:45:59]: ▸ [35m[[36mMinimedKitUI[0m] [1mCompiling[0m ReservoirHUDView.xib[0m
Build	Fastlane Build & Archive	2026-07-20T11:46:02.0446700Z [11:45:59]: ▸ [35m[[36mMinimedKitUI[0m] [1mLinking[0m MinimedKitUI[0m
Build	Fastlane Build & Archive	2026-07-20T11:46:02.0548950Z [11:45:59]: ▸ [35m[[36mMinimedKitUI[0m] [1mCompile XCStrings[0m MinimedPumpManager.xcstrings[0m
Build	Fastlane Build & Archive	2026-07-20T11:46:02.0655870Z [11:45:59]: ▸ [35m[[36mMinimedKitUI[0m] [1mCompile XCStrings[0m Localizable.xcstrings[0m
Build	Fastlane Build & Archive	2026-07-20T11:46:02.0758340Z [11:45:59]: ▸ [35m[[36mMinimedKitUI[0m] [1mCopying[0m MinimedPumpManager.strings[0m
Build	Fastlane Build & Archive	2026-07-20T11:46:02.0858230Z [11:45:59]: ▸ [35m[[36mMinimedKitUI[0m] [1mCopying[0m Localizable.strings[0m
Build	Fastlane Build & Archive	2026-07-20T11:46:02.0958810Z [11:45:59]: ▸ [35m[[36mMinimedKitUI[0m] [1mCopying[0m MinimedPumpManager.strings[0m
Build	Fastlane Build & Archive	2026-07-20T11:46:02.1060230Z [11:45:59]: ▸ [35m[[36mMinimedKitUI[0m] [1mCopying[0m Localizable.strings[0m
Build	Fastlane Build & Archive	2026-07-20T11:46:02.1160530Z [11:45:59]: ▸ [35m[[36mMinimedKitUI[0m] [1mCopying[0m Localizable.strings[0m
Build	Fastlane Build & Archive	2026-07-20T11:46:02.1262240Z [11:45:59]: ▸ [35m[[36mMinimedKitUI[0m] [1mCopying[0m MinimedPumpManager.strings[0m
Build	Fastlane Build & Archive	2026-07-20T11:46:02.1362920Z [11:45:59]: ▸ [35m[[36mMinimedKitUI[0m] [1mCopying[0m Localizable.strings[0m
Build	Fastlane Build & Archive	2026-07-20T11:46:02.1466120Z [11:45:59]: ▸ [35m[[36mMinimedKitUI[0m] [1mCopying[0m MinimedPumpManager.strings[0m
Build	Fastlane Build & Archive	2026-07-20T11:46:02.1569340Z [11:45:59]: ▸ [35m[[36mMinimedKitUI[0m] [1mCopying[0m Localizable.strings[0m
Build	Fastlane Build & Archive	2026-07-20T11:46:02.1671630Z [11:45:59]: ▸ [35m[[36mMinimedKitUI[0m] [1mCopying[0m MinimedPumpManager.strings[0m
Build	Fastlane Build & Archive	2026-07-20T11:46:02.1774040Z [11:45:59]: ▸ [35m[[36mMinimedKitUI[0m] [1mCopying[0m Localizable.strings[0m
Build	Fastlane Build & Archive	2026-07-20T11:46:02.1874780Z [11:45:59]: ▸ [35m[[36mMinimedKitUI[0m] [1mCopying[0m MinimedPumpManager.strings[0m
Build	Fastlane Build & Archive	2026-07-20T11:46:02.1982210Z [11:45:59]: ▸ [35m[[36mMinimedKitUI[0m] [1mCopying[0m Localizable.strings[0m
Build	Fastlane Build & Archive	2026-07-20T11:46:02.2095320Z [11:45:59]: ▸ [35m[[36mMinimedKitUI[0m] [1mCopying[0m MinimedPumpManager.strings[0m
Build	Fastlane Build & Archive	2026-07-20T11:46:02.2197790Z [11:45:59]: ▸ [35m[[36mMinimedKitUI[0m] [1mCopying[0m Localizable.strings[0m
Build	Fastlane Build & Archive	2026-07-20T11:46:02.2299340Z [11:45:59]: ▸ [35m[[36mMinimedKitUI[0m] [1mCopying[0m Localizable.strings[0m
Build	Fastlane Build & Archive	2026-07-20T11:46:02.2419190Z [11:45:59]: ▸ [35m[[36mMinimedKitUI[0m] [1mCopying[0m MinimedPumpManager.strings[0m
Build	Fastlane Build & Archive	2026-07-20T11:46:02.2422070Z [11:45:59]: ▸ [35m[[36mMinimedKitUI[0m] [1mCopying[0m Localizable.strings[0m
Build	Fastlane Build & Archive	2026-07-20T11:46:02.2524140Z [11:45:59]: ▸ [35m[[36mMinimedKitUI[0m] [1mCopying[0m MinimedPumpManager.strings[0m
Build	Fastlane Build & Archive	2026-07-20T11:46:02.2614110Z [11:45:59]: ▸ [35m[[36mMinimedKitUI[0m] [1mCopying[0m Localizable.strings[0m
Build	Fastlane Build & Archive	2026-07-20T11:46:02.2716760Z [11:45:59]: ▸ [35m[[36mMinimedKitUI[0m] [1mCopying[0m MinimedPumpManager.strings[0m
Build	Fastlane Build & Archive	2026-07-20T11:46:02.2819180Z [11:45:59]: ▸ [35m[[36mMinimedKitUI[0m] [1mCopying[0m Localizable.strings[0m
Build	Fastlane Build & Archive	2026-07-20T11:46:02.2920920Z [11:45:59]: ▸ [35m[[36mMinimedKitUI[0m] [1mCopying[0m MinimedPumpManager.strings[0m
Build	Fastlane Build & Archive	2026-07-20T11:46:02.3023520Z [11:45:59]: ▸ [35m[[36mMinimedKitUI[0m] [1mCopying[0m Localizable.strings[0m
Build	Fastlane Build & Archive	2026-07-20T11:46:02.3125500Z [11:45:59]: ▸ [35m[[36mMinimedKitUI[0m] [1mCopying[0m Localizable.strings[0m
Build	Fastlane Build & Archive	2026-07-20T11:46:02.3226950Z [11:45:59]: ▸ [35m[[36mMinimedKitUI[0m] [1mCopying[0m MinimedPumpManager.strings[0m
Build	Fastlane Build & Archive	2026-07-20T11:46:02.3328430Z [11:45:59]: ▸ [35m[[36mMinimedKitUI[0m] [1mCopying[0m Localizable.strings[0m
Build	Fastlane Build & Archive	2026-07-20T11:46:02.3431260Z [11:45:59]: ▸ [35m[[36mMinimedKitUI[0m] [1mCopying[0m MinimedPumpManager.strings[0m
Build	Fastlane Build & Archive	2026-07-20T11:46:02.3534570Z [11:45:59]: ▸ [35m[[36mMinimedKitUI[0m] [1mCopying[0m Localizable.strings[0m
Build	Fastlane Build & Archive	2026-07-20T11:46:02.3637120Z [11:45:59]: ▸ [35m[[36mMinimedKitUI[0m] [1mCopying[0m Localizable.strings[0m
Build	Fastlane Build & Archive	2026-07-20T11:46:02.3738620Z [11:45:59]: ▸ [35m[[36mMinimedKitUI[0m] [1mCopying[0m Localizable.strings[0m
Build	Fastlane Build & Archive	2026-07-20T11:46:02.3841550Z [11:45:59]: ▸ [35m[[36mMinimedKitUI[0m] [1mCopying[0m MinimedPumpManager.strings[0m
Build	Fastlane Build & Archive	2026-07-20T11:46:02.3956820Z [11:45:59]: ▸ [35m[[36mMinimedKitUI[0m] [1mCopying[0m Localizable.strings[0m
Build	Fastlane Build & Archive	2026-07-20T11:46:02.4059550Z [11:45:59]: ▸ [35m[[36mMinimedKitUI[0m] [1mCopying[0m MinimedPumpManager.strings[0m
Build	Fastlane Build & Archive	2026-07-20T11:46:02.4160010Z [11:45:59]: ▸ [35m[[36mMinimedKitUI[0m] [1mCopying[0m Localizable.strings[0m
Build	Fastlane Build & Archive	2026-07-20T11:46:02.4261890Z [11:45:59]: ▸ [35m[[36mMinimedKitUI[0m] [1mCopying[0m MinimedPumpManager.strings[0m
Build	Fastlane Build & Archive	2026-07-20T11:46:02.4363710Z [11:45:59]: ▸ [35m[[36mMinimedKitUI[0m] [1mCopying[0m Localizable.strings[0m
Build	Fastlane Build & Archive	2026-07-20T11:46:02.4468250Z [11:45:59]: ▸ [35m[[36mMinimedKitUI[0m] [1mCopying[0m MinimedPumpManager.strings[0m
Build	Fastlane Build & Archive	2026-07-20T11:46:02.4568850Z [11:45:59]: ▸ [35m[[36mMinimedKitUI[0m] [1mCopying[0m Localizable.strings[0m
Build	Fastlane Build & Archive	2026-07-20T11:46:02.4671000Z [11:45:59]: ▸ [35m[[36mMinimedKitUI[0m] [1mCopying[0m MinimedPumpManager.strings[0m
Build	Fastlane Build & Archive	2026-07-20T11:46:02.4774510Z [11:45:59]: ▸ [35m[[36mMinimedKitUI[0m] [1mCopying[0m MinimedPumpManager.strings[0m
Build	Fastlane Build & Archive	2026-07-20T11:46:02.4876780Z [11:45:59]: ▸ [35m[[36mMinimedKitUI[0m] [1mCopying[0m Localizable.strings[0m
Build	Fastlane Build & Archive	2026-07-20T11:46:02.4978830Z [11:45:59]: ▸ [35m[[36mMinimedKitUI[0m] [1mCopying[0m MinimedPumpManager.strings[0m
Build	Fastlane Build & Archive	2026-07-20T11:46:02.5079770Z [11:45:59]: ▸ [35m[[36mMinimedKitUI[0m] [1mCopying[0m Localizable.strings[0m
Build	Fastlane Build & Archive	2026-07-20T11:46:02.5182930Z [11:45:59]: ▸ [35m[[36mMinimedKitUI[0m] [1mCopying[0m MinimedPumpManager.strings[0m
Build	Fastlane Build & Archive	2026-07-20T11:46:02.5282930Z [11:45:59]: ▸ [35m[[36mMinimedKitUI[0m] [1mCopying[0m Localizable.strings[0m
Build	Fastlane Build & Archive	2026-07-20T11:46:02.5386760Z [11:45:59]: ▸ [35m[[36mMinimedKitUI[0m] [1mCopying[0m Localizable.strings[0m
Build	Fastlane Build & Archive	2026-07-20T11:46:02.5488780Z [11:45:59]: ▸ [35m[[36mMinimedKitUI[0m] [1mCopying[0m MinimedPumpManager.strings[0m
Build	Fastlane Build & Archive	2026-07-20T11:46:02.5590780Z [11:45:59]: ▸ [35m[[36mMinimedKitUI[0m] [1mCopying[0m Localizable.strings[0m
Build	Fastlane Build & Archive	2026-07-20T11:46:02.5691730Z [11:45:59]: ▸ [35m[[36mMinimedKitUI[0m] [1mCompiling[0m MinimedPumpManager.storyboard[0m
Build	Fastlane Build & Archive	2026-07-20T11:46:02.5793990Z [11:45:59]: ▸ [35m[[36mLibreTransmitter[0m] [1mTouching[0m LibreTransmitter.framework[0m
Build	Fastlane Build & Archive	2026-07-20T11:46:02.5894690Z [11:45:59]: ▸ [35m[[36mLibreTransmitterUI[0m] [1mProcessing[0m Info.plist[0m
Build	Fastlane Build & Archive	2026-07-20T11:46:02.5997820Z [11:45:59]: ▸ [35m[[36mLibreTransmitterUI[0m] [1mLinking[0m LibreTransmitterUI[0m
Build	Fastlane Build & Archive	2026-07-20T11:46:02.6100970Z [11:45:59]: ▸ [35m[[36mLibreTransmitterUI[0m] [1mGenerating[0m LibreTransmitterUI.framework.dSYM[0m
Build	Fastlane Build & Archive	2026-07-20T11:46:02.6201490Z [11:45:59]: ▸ [35m[[36mMinimedKitUI[0m] [1mProcessing[0m empty-MinimedKitUI.plist[0m
Build	Fastlane Build & Archive	2026-07-20T11:46:02.6307560Z [11:45:59]: ▸ [35m[[36mMinimedKitUI[0m] [1mGenerating[0m MinimedKitUI.framework.dSYM[0m
Build	Fastlane Build & Archive	2026-07-20T11:46:02.6411970Z [11:45:59]: ▸ [35m[[36mLibreTransmitterUI[0m] [1mCompile XCStrings[0m Localizable.xcstrings[0m
Build	Fastlane Build & Archive	2026-07-20T11:46:02.6513110Z [11:45:59]: ▸ [35m[[36mG7SensorKitUI[0m] [1mCompiling[0m G7SensorKitUI_vers.c[0m
Build	Fastlane Build & Archive	2026-07-20T11:46:02.6615400Z [11:45:59]: ▸ [35m[[36mMinimedKitUI[0m] [1mExtract App Intents Metadata[0m
Build	Fastlane Build & Archive	2026-07-20T11:46:02.6717170Z [11:45:59]: ▸ [35m[[36mOmnipodKit[0m] [1mRegisterExecutionPolicyException[0m OmnipodKit.framework[0m
Build	Fastlane Build & Archive	2026-07-20T11:46:02.6817900Z [11:45:59]: ▸ [35m[[36mOmnipodKit[0m] [1mTouching[0m OmnipodKit.framework[0m
Build	Fastlane Build & Archive	2026-07-20T11:46:02.6920210Z [11:45:59]: ▸ [35m[[36mLibreTransmitterUI[0m] [1mCopying[0m Localizable.strings[0m
Build	Fastlane Build & Archive	2026-07-20T11:46:02.7023470Z [11:45:59]: ▸ [35m[[36mLibreTransmitterUI[0m] [1mCopying[0m Localizable.strings[0m
Build	Fastlane Build & Archive	2026-07-20T11:46:02.7125800Z [11:45:59]: ▸ [35m[[36mLibreTransmitterUI[0m] [1mCopying[0m Localizable.strings[0m
Build	Fastlane Build & Archive	2026-07-20T11:46:02.7227490Z [11:45:59]: ▸ [35m[[36mLibreTransmitterUI[0m] [1mCopying[0m Localizable.strings[0m
Build	Fastlane Build & Archive	2026-07-20T11:46:02.7328640Z [11:45:59]: ▸ [35m[[36mLibreTransmitterUI[0m] [1mCopying[0m Localizable.strings[0m
Build	Fastlane Build & Archive	2026-07-20T11:46:02.7432500Z [11:45:59]: ▸ [35m[[36mLibreTransmitterUI[0m] [1mCopying[0m Localizable.strings[0m
Build	Fastlane Build & Archive	2026-07-20T11:46:02.7533950Z [11:45:59]: ▸ [35m[[36mLibreTransmitterUI[0m] [1mCopying[0m Localizable.strings[0m
Build	Fastlane Build & Archive	2026-07-20T11:46:02.7635680Z [11:45:59]: ▸ [35m[[36mLibreTransmitterUI[0m] [1mCopying[0m Localizable.strings[0m
Build	Fastlane Build & Archive	2026-07-20T11:46:02.7736090Z [11:45:59]: ▸ [35m[[36mLibreTransmitterUI[0m] [1mCopying[0m Localizable.strings[0m
Build	Fastlane Build & Archive	2026-07-20T11:46:02.7837920Z [11:45:59]: ▸ [35m[[36mLibreTransmitterUI[0m] [1mCopying[0m Localizable.strings[0m
Build	Fastlane Build & Archive	2026-07-20T11:46:02.7940400Z [11:45:59]: ▸ [35m[[36mLibreTransmitterUI[0m] [1mCopying[0m Localizable.strings[0m
Build	Fastlane Build & Archive	2026-07-20T11:46:02.8041240Z [11:45:59]: ▸ [35m[[36mLibreTransmitterUI[0m] [1mCopying[0m Localizable.strings[0m
Build	Fastlane Build & Archive	2026-07-20T11:46:02.8142650Z [11:45:59]: ▸ [35m[[36mLibreTransmitterUI[0m] [1mCopying[0m Localizable.strings[0m
Build	Fastlane Build & Archive	2026-07-20T11:46:02.8244760Z [11:45:59]: ▸ [35m[[36mLibreTransmitterUI[0m] [1mCopying[0m Localizable.strings[0m
Build	Fastlane Build & Archive	2026-07-20T11:46:02.8345990Z [11:45:59]: ▸ [35m[[36mLibreTransmitterUI[0m] [1mCopying[0m Localizable.strings[0m
Build	Fastlane Build & Archive	2026-07-20T11:46:02.8448370Z [11:45:59]: ▸ [35m[[36mLibreTransmitterUI[0m] [1mCopying[0m Localizable.strings[0m
Build	Fastlane Build & Archive	2026-07-20T11:46:02.8551860Z [11:45:59]: ▸ [35m[[36mLibreTransmitterUI[0m] [1mCopying[0m Localizable.strings[0m
Build	Fastlane Build & Archive	2026-07-20T11:46:02.8652430Z [11:45:59]: ▸ [35m[[36mLibreTransmitterUI[0m] [1mCopying[0m Localizable.strings[0m
Build	Fastlane Build & Archive	2026-07-20T11:46:02.8755160Z [11:45:59]: ▸ [35m[[36mLibreTransmitterUI[0m] [1mCopying[0m Localizable.strings[0m
Build	Fastlane Build & Archive	2026-07-20T11:46:02.8856130Z [11:45:59]: ▸ [35m[[36mLibreTransmitterUI[0m] [1mCopying[0m Localizable.strings[0m
Build	Fastlane Build & Archive	2026-07-20T11:46:02.8957530Z [11:45:59]: ▸ [35m[[36mLibreTransmitterUI[0m] [1mCopying[0m Localizable.strings[0m
Build	Fastlane Build & Archive	2026-07-20T11:46:02.9058570Z [11:45:59]: ▸ [35m[[36mLibreTransmitterUI[0m] [1mCopying[0m Localizable.strings[0m
Build	Fastlane Build & Archive	2026-07-20T11:46:02.9160480Z [11:45:59]: ▸ [35m[[36mLibreTransmitterUI[0m] [1mCopying[0m Localizable.strings[0m
Build	Fastlane Build & Archive	2026-07-20T11:46:02.9180830Z [11:45:59]: ▸ [35m[[36mLibreTransmitterUI[0m] [1mCopying[0m Localizable.strings[0m
Build	Fastlane Build & Archive	2026-07-20T11:46:02.9283820Z [11:45:59]: ▸ [35m[[36mLibreTransmitterUI[0m] [1mCopying[0m Localizable.strings[0m
Build	Fastlane Build & Archive	2026-07-20T11:46:02.9386040Z [11:45:59]: ▸ [35m[[36mLibreTransmitterUI[0m] [1mCopying[0m Localizable.strings[0m
Build	Fastlane Build & Archive	2026-07-20T11:46:02.9487880Z [11:45:59]: ▸ [35m[[36mLibreTransmitterUI[0m] [1mCopying[0m Localizable.strings[0m
Build	Fastlane Build & Archive	2026-07-20T11:46:02.9589490Z [11:45:59]: ▸ [35m[[36mG7SensorKit[0m] [1mRegisterExecutionPolicyException[0m G7SensorKit.framework[0m
Build	Fastlane Build & Archive	2026-07-20T11:46:02.9691330Z [11:45:59]: ▸ [35m[[36mLibreTransmitterUI[0m] [1mExtract App Intents Metadata[0m
Build	Fastlane Build & Archive	2026-07-20T11:46:02.9795890Z [11:45:59]: ▸ [35m[[36mMinimedKitUI[0m] [1mRegisterExecutionPolicyException[0m MinimedKitUI.framework[0m
Build	Fastlane Build & Archive	2026-07-20T11:46:02.9897640Z [11:45:59]: ▸ [35m[[36mMinimedKitUI[0m] [1mTouching[0m MinimedKitUI.framework[0m
Build	Fastlane Build & Archive	2026-07-20T11:46:03.0001120Z [11:45:59]: ▸ [35m[[36mG7SensorKit[0m] [1mTouching[0m G7SensorKit.framework[0m
Build	Fastlane Build & Archive	2026-07-20T11:46:03.0103380Z [11:45:59]: ▸ [35m[[36mG7SensorKitUI[0m] [1mProcessing[0m empty-G7SensorKitUI.plist[0m
Build	Fastlane Build & Archive	2026-07-20T11:46:03.0316460Z [11:45:59]: ▸ [35m[[36mG7SensorKitUI[0m] [1mLinking[0m G7SensorKitUI[0m
Build	Fastlane Build & Archive	2026-07-20T11:46:03.0318070Z [11:45:59]: ▸ [35m[[36mG7SensorKitUI[0m] [1mCompile XCStrings[0m Localizable.xcstrings[0m
Build	Fastlane Build & Archive	2026-07-20T11:46:03.0421310Z [11:45:59]: ▸ [35m[[36mG7SensorKitUI[0m] [1mCopying[0m Localizable.strings[0m
Build	Fastlane Build & Archive	2026-07-20T11:46:03.0523790Z [11:45:59]: ▸ [35m[[36mG7SensorKitUI[0m] [1mCopying[0m Localizable.strings[0m
Build	Fastlane Build & Archive	2026-07-20T11:46:03.0622350Z [11:45:59]: ▸ [35m[[36mG7SensorKitUI[0m] [1mCopying[0m Localizable.strings[0m
Build	Fastlane Build & Archive	2026-07-20T11:46:03.0722650Z [11:45:59]: ▸ [35m[[36mG7SensorKitUI[0m] [1mCopying[0m Localizable.strings[0m
Build	Fastlane Build & Archive	2026-07-20T11:46:03.0825480Z [11:45:59]: ▸ [35m[[36mG7SensorKitUI[0m] [1mCopying[0m Localizable.strings[0m
Build	Fastlane Build & Archive	2026-07-20T11:46:03.0925730Z [11:45:59]: ▸ [35m[[36mG7SensorKitUI[0m] [1mCopying[0m Localizable.strings[0m
Build	Fastlane Build & Archive	2026-07-20T11:46:03.1026420Z [11:45:59]: ▸ [35m[[36mG7SensorKitUI[0m] [1mCopying[0m Localizable.strings[0m
Build	Fastlane Build & Archive	2026-07-20T11:46:03.1128230Z [11:45:59]: ▸ [35m[[36mG7SensorKitUI[0m] [1mCopying[0m Localizable.strings[0m
Build	Fastlane Build & Archive	2026-07-20T11:46:03.1228710Z [11:45:59]: ▸ [35m[[36mG7SensorKitUI[0m] [1mCopying[0m Localizable.strings[0m
Build	Fastlane Build & Archive	2026-07-20T11:46:03.1331270Z [11:45:59]: ▸ [35m[[36mG7SensorKitUI[0m] [1mCopying[0m Localizable.strings[0m
Build	Fastlane Build & Archive	2026-07-20T11:46:03.1431880Z [11:45:59]: ▸ [35m[[36mG7SensorKitUI[0m] [1mCopying[0m Localizable.strings[0m
Build	Fastlane Build & Archive	2026-07-20T11:46:03.1534620Z [11:45:59]: ▸ [35m[[36mG7SensorKitUI[0m] [1mCopying[0m Localizable.strings[0m
Build	Fastlane Build & Archive	2026-07-20T11:46:03.1648380Z [11:45:59]: ▸ [35m[[36mG7SensorKitUI[0m] [1mCopying[0m Localizable.strings[0m
Build	Fastlane Build & Archive	2026-07-20T11:46:03.1751930Z [11:45:59]: ▸ [35m[[36mG7SensorKitUI[0m] [1mCopying[0m Localizable.strings[0m
Build	Fastlane Build & Archive	2026-07-20T11:46:03.1852400Z [11:45:59]: ▸ [35m[[36mG7SensorKitUI[0m] [1mCopying[0m Localizable.strings[0m
Build	Fastlane Build & Archive	2026-07-20T11:46:03.1954000Z [11:45:59]: ▸ [35m[[36mG7SensorKitUI[0m] [1mCopying[0m Localizable.strings[0m
Build	Fastlane Build & Archive	2026-07-20T11:46:03.2055610Z [11:45:59]: ▸ [35m[[36mG7SensorKitUI[0m] [1mCopying[0m Localizable.strings[0m
Build	Fastlane Build & Archive	2026-07-20T11:46:03.2155700Z [11:45:59]: ▸ [35m[[36mG7SensorKitUI[0m] [1mCopying[0m Localizable.strings[0m
Build	Fastlane Build & Archive	2026-07-20T11:46:03.2258030Z [11:45:59]: ▸ [35m[[36mG7SensorKitUI[0m] [1mCopying[0m Localizable.strings[0m
Build	Fastlane Build & Archive	2026-07-20T11:46:03.2359350Z [11:45:59]: ▸ [35m[[36mG7SensorKitUI[0m] [1mCopying[0m Localizable.strings[0m
Build	Fastlane Build & Archive	2026-07-20T11:46:03.2461540Z [11:45:59]: ▸ [35m[[36mG7SensorKitUI[0m] [1mCopying[0m Localizable.strings[0m
Build	Fastlane Build & Archive	2026-07-20T11:46:03.2563240Z [11:45:59]: ▸ [35m[[36mG7SensorKitUI[0m] [1mCopying[0m Localizable.strings[0m
Build	Fastlane Build & Archive	2026-07-20T11:46:03.2665630Z [11:45:59]: ▸ [35m[[36mG7SensorKitUI[0m] [1mCopying[0m Localizable.strings[0m
Build	Fastlane Build & Archive	2026-07-20T11:46:03.2770390Z [11:45:59]: ▸ [35m[[36mG7SensorKitUI[0m] [1mCopying[0m Localizable.strings[0m
Build	Fastlane Build & Archive	2026-07-20T11:46:03.2872730Z [11:45:59]: ▸ [35m[[36mG7SensorKitUI[0m] [1mCopying[0m Localizable.strings[0m
Build	Fastlane Build & Archive	2026-07-20T11:46:03.2974320Z [11:45:59]: ▸ [35m[[36mG7SensorKitUI[0m] [1mCopying[0m Localizable.strings[0m
Build	Fastlane Build & Archive	2026-07-20T11:46:03.3076610Z [11:45:59]: ▸ [35m[[36mLibreTransmitterUI[0m] [1mRegisterExecutionPolicyException[0m LibreTransmitterUI.framework[0m
Build	Fastlane Build & Archive	2026-07-20T11:46:03.3178470Z [11:45:59]: ▸ [35m[[36mCGMBLEKitUI[0m] [1mRegisterExecutionPolicyException[0m CGMBLEKitUI.framework[0m
Build	Fastlane Build & Archive	2026-07-20T11:46:03.3279660Z [11:45:59]: ▸ [35m[[36mLibreTransmitterUI[0m] [1mTouching[0m LibreTransmitterUI.framework[0m
Build	Fastlane Build & Archive	2026-07-20T11:46:03.3382540Z [11:45:59]: ▸ [35m[[36mCGMBLEKitUI[0m] [1mTouching[0m CGMBLEKitUI.framework[0m
Build	Fastlane Build & Archive	2026-07-20T11:46:03.3485810Z [11:45:59]: ▸ [35m[[36mG7SensorKitUI[0m] [1mGenerating[0m G7SensorKitUI.framework.dSYM[0m
Build	Fastlane Build & Archive	2026-07-20T11:46:03.3592640Z [11:45:59]: ▸ [35m[[36mG7SensorKitUI[0m] [1mExtract App Intents Metadata[0m
Build	Fastlane Build & Archive	2026-07-20T11:46:03.3695360Z [11:45:59]: ▸ [35m[[36mG7SensorKitUI[0m] [1mRegisterExecutionPolicyException[0m G7SensorKitUI.framework[0m
Build	Fastlane Build & Archive	2026-07-20T11:46:03.3796650Z [11:45:59]: ▸ [35m[[36mG7SensorKitUI[0m] [1mTouching[0m G7SensorKitUI.framework[0m
Build	Fastlane Build & Archive	2026-07-20T11:46:03.3900710Z [11:45:59]: ▸ [35m[[36mDanaKit[0m] [1mCopy[0m arm64-apple-ios.swiftdoc -> DanaKit.swiftdoc[0m
Build	Fastlane Build & Archive	2026-07-20T11:46:03.4006950Z [11:45:59]: ▸ [35m[[36mDanaKit[0m] [1mCopy[0m arm64-apple-ios.swiftmodule -> DanaKit.swiftmodule[0m
Build	Fastlane Build & Archive	2026-07-20T11:46:03.4120500Z [11:45:59]: ▸ [35m[[36mDanaKit[0m] [1mCopy[0m arm64-apple-ios.abi.json -> DanaKit.abi.json[0m
Build	Fastlane Build & Archive	2026-07-20T11:46:03.4210460Z [11:45:59]: ▸ [35m[[36mDanaKit[0m] [1mCompiling[0m DanaKit_vers.c[0m
Build	Fastlane Build & Archive	2026-07-20T11:46:03.4312440Z [11:45:59]: ▸ [35m[[36mDanaKit[0m] [1mLinking[0m DanaKit[0m
Build	Fastlane Build & Archive	2026-07-20T11:46:03.4414300Z [11:46:00]: ▸ [35m[[36mDanaKit[0m] [1mGenerating[0m DanaKit.framework.dSYM[0m
Build	Fastlane Build & Archive	2026-07-20T11:46:03.4518050Z [11:46:00]: ▸ [35m[[36mDanaKit[0m] [1mExtract App Intents Metadata[0m
Build	Fastlane Build & Archive	2026-07-20T11:46:03.4620630Z [11:46:00]: ▸ [35m[[36mDanaKit[0m] [1mRegisterExecutionPolicyException[0m DanaKit.framework[0m
Build	Fastlane Build & Archive	2026-07-20T11:46:03.4722320Z [11:46:00]: ▸ [35m[[36mDanaKit[0m] [1mTouching[0m DanaKit.framework[0m
Build	Fastlane Build & Archive	2026-07-20T11:46:03.4824820Z [11:46:00]: ▸ [35m[[36mTrio[0m] [1mRunning script[0m Swiftformat[0m
Build	Fastlane Build & Archive	2026-07-20T11:47:54.4851940Z [11:47:54]: ▸ [35m[[36mTrio[0m] [1mCopy[0m nanopb_nanopb.bundle -> nanopb_nanopb.bundle[0m
Build	Fastlane Build & Archive	2026-07-20T11:47:54.4972030Z [11:47:54]: ▸ [35m[[36mTrio[0m] [1mCopy[0m TidepoolKit_TidepoolKit.bundle -> TidepoolKit_TidepoolKit.bundle[0m
Build	Fastlane Build & Archive	2026-07-20T11:47:54.5079920Z [11:47:54]: ▸ [35m[[36mTrio[0m] [1mCopy[0m SwiftMessages_SwiftMessages.bundle -> SwiftMessages_SwiftMessages.bundle[0m
Build	Fastlane Build & Archive	2026-07-20T11:47:54.5183760Z [11:47:54]: ▸ [35m[[36mTrio[0m] [1mCopy[0m SwiftDate_SwiftDate.bundle -> SwiftDate_SwiftDate.bundle[0m
Build	Fastlane Build & Archive	2026-07-20T11:47:54.5284510Z [11:47:54]: ▸ [35m[[36mTrio[0m] [1mCopy[0m Promises_Promises.bundle -> Promises_Promises.bundle[0m
Build	Fastlane Build & Archive	2026-07-20T11:47:54.5387440Z [11:47:54]: ▸ [35m[[36mTrio[0m] [1mCopy[0m Promises_FBLPromises.bundle -> Promises_FBLPromises.bundle[0m
Build	Fastlane Build & Archive	2026-07-20T11:47:54.5489700Z [11:47:54]: ▸ [35m[[36mTrio[0m] [1mCopy[0m GoogleUtilities_GoogleUtilities-UserDefaults.bundle -> GoogleUtilities_GoogleUtilities-UserDefaults.bundle[0m
Build	Fastlane Build & Archive	2026-07-20T11:47:54.5696700Z [11:47:54]: ▸ [35m[[36mTrio[0m] [1mCopy[0m GoogleUtilities_GoogleUtilities-NSData.bundle -> GoogleUtilities_GoogleUtilities-NSData.bundle[0m
Build	Fastlane Build & Archive	2026-07-20T11:47:54.5795760Z [11:47:54]: ▸ [35m[[36mTrio[0m] [1mCopy[0m GoogleUtilities_GoogleUtilities-Logger.bundle -> GoogleUtilities_GoogleUtilities-Logger.bundle[0m
Build	Fastlane Build & Archive	2026-07-20T11:47:54.5880670Z [11:47:54]: ▸ [35m[[36mTrio[0m] [1mCopy[0m GoogleUtilities_GoogleUtilities-Environment.bundle -> GoogleUtilities_GoogleUtilities-Environment.bundle[0m
Build	Fastlane Build & Archive	2026-07-20T11:47:54.5890520Z [11:47:54]: ▸ [35m[[36mTrio[0m] [1mCopy[0m GoogleDataTransport_GoogleDataTransport.bundle -> GoogleDataTransport_GoogleDataTransport.bundle[0m
Build	Fastlane Build & Archive	2026-07-20T11:47:54.5909360Z [11:47:54]: ▸ [35m[[36mTrio[0m] [1mCopy[0m SlideButton_1E408AF8C9CA7A78_PackageProduct.framework -> SlideButton_1E408AF8C9CA7A78_PackageProduct.framework[0m
Build	Fastlane Build & Archive	2026-07-20T11:47:54.5914410Z [11:47:54]: ▸ [35m[[36mTrio[0m] [1mCopy[0m CryptoSwift_-360922625E627667_PackageProduct.framework -> CryptoSwift_-360922625E627667_PackageProduct.framework[0m
Build	Fastlane Build & Archive	2026-07-20T11:47:54.5917830Z [11:47:54]: ▸ [35m[[36mTrio[0m] [1mCopy[0m ConnectIQ.framework -> ConnectIQ.framework[0m
Build	Fastlane Build & Archive	2026-07-20T11:47:54.5920900Z [11:47:54]: ▸ [35m[[36mTrio[0m] [1mCopy[0m Firebase_FirebaseInstallations.bundle -> Firebase_FirebaseInstallations.bundle[0m
Build	Fastlane Build & Archive	2026-07-20T11:47:54.5935370Z [11:47:54]: ▸ [35m[[36mTrio[0m] [1mCopy[0m Firebase_FirebaseCrashlytics.bundle -> Firebase_FirebaseCrashlytics.bundle[0m
Build	Fastlane Build & Archive	2026-07-20T11:47:54.5936810Z [11:47:54]: ▸ [35m[[36mTrio[0m] [1mCopy[0m Firebase_FirebaseCoreInternal.bundle -> Firebase_FirebaseCoreInternal.bundle[0m
Build	Fastlane Build & Archive	2026-07-20T11:47:54.5941950Z [11:47:54]: ▸ [35m[[36mTrio[0m] [1mCopy[0m Firebase_FirebaseCoreExtension.bundle -> Firebase_FirebaseCoreExtension.bundle[0m
Build	Fastlane Build & Archive	2026-07-20T11:47:54.5952900Z [11:47:54]: ▸ [35m[[36mTrio[0m] [1mCopy[0m Firebase_FirebaseCore.bundle -> Firebase_FirebaseCore.bundle[0m
Build	Fastlane Build & Archive	2026-07-20T11:47:54.5956370Z [11:47:54]: ▸ [35m[[36mTrio[0m] [1mCopy[0m CryptoSwift_CryptoSwift.bundle -> CryptoSwift_CryptoSwift.bundle[0m
Build	Fastlane Build & Archive	2026-07-20T11:47:54.5959730Z [11:47:54]: ▸ [35m[1mSigning[0m SlideButton_1E408AF8C9CA7A78_PackageProduct.framework (in target 'Trio' from project 'Trio')[0m
Build	Fastlane Build & Archive	2026-07-20T11:47:54.5974040Z [11:47:54]: ▸ [35m[1mSigning[0m CryptoSwift_-360922625E627667_PackageProduct.framework (in target 'Trio' from project 'Trio')[0m
Build	Fastlane Build & Archive	2026-07-20T11:47:54.6079930Z [11:47:54]: ▸ [35m[1mSigning[0m ConnectIQ.framework (in target 'Trio' from project 'Trio')[0m
Build	Fastlane Build & Archive	2026-07-20T11:47:54.6107560Z [11:47:54]: ▸ [35m[[36mTrio[0m] [1mGenerate Asset Symbols[0m Assets.xcassets[0m
Build	Fastlane Build & Archive	2026-07-20T11:47:58.2956220Z [11:47:58]: ▸ [35m[[36mTrio[0m] [1mDataModelCodegen[0m /Users/runner/work/Trio/Trio/Model/TrioCoreDataPersistentContainer.xcdatamodeld[0m
Build	Fastlane Build & Archive	2026-07-20T11:47:58.3058190Z [11:47:58]: ▸ [35m[[36mTrio[0m] [1mCopying[0m snow.sks[0m
Build	Fastlane Build & Archive	2026-07-20T11:47:58.3160720Z [11:47:58]: ▸ [35m[[36mTrio[0m] [1mCopying[0m json[0m
Build	Fastlane Build & Archive	2026-07-20T11:47:58.3266560Z [11:47:58]: ▸ [35m[[36mTrio[0m] [1mCopying[0m GoogleService-Info.plist[0m
Build	Fastlane Build & Archive	2026-07-20T11:47:58.3374080Z [11:47:58]: ▸ [35m[[36mTrio[0m] [1mCopying[0m BuildDetails.plist[0m
Build	Fastlane Build & Archive	2026-07-20T11:47:58.3481440Z [11:47:58]: ▸ [35m[[36mTrio[0m] [1mCompile XCStrings[0m Localizable.xcstrings[0m
Build	Fastlane Build & Archive	2026-07-20T11:47:58.3810430Z [11:47:58]: ▸ [35m[[36mTrio[0m] [1mCompile XCStrings[0m InfoPlist.xcstrings[0m
Build	Fastlane Build & Archive	2026-07-20T11:47:58.3911390Z [11:47:58]: ▸ [35m[[36mTrio[0m] [1mCopying[0m InfoPlist.strings[0m
Build	Fastlane Build & Archive	2026-07-20T11:47:58.4015620Z [11:47:58]: ▸ [35m[[36mTrio[0m] [1mCopying[0m InfoPlist.strings[0m
Build	Fastlane Build & Archive	2026-07-20T11:47:58.4150210Z [11:47:58]: ▸ [35m[[36mTrio[0m] [1mCopying[0m InfoPlist.strings[0m
Build	Fastlane Build & Archive	2026-07-20T11:47:58.4257960Z [11:47:58]: ▸ [35m[[36mTrio[0m] [1mCopying[0m InfoPlist.strings[0m
Build	Fastlane Build & Archive	2026-07-20T11:47:58.4360110Z [11:47:58]: ▸ [35m[[36mTrio[0m] [1mCopying[0m InfoPlist.strings[0m
Build	Fastlane Build & Archive	2026-07-20T11:47:58.4461240Z [11:47:58]: ▸ [35m[[36mTrio[0m] [1mCopying[0m InfoPlist.strings[0m
Build	Fastlane Build & Archive	2026-07-20T11:47:58.4563350Z [11:47:58]: ▸ [35m[[36mTrio[0m] [1mCopying[0m InfoPlist.strings[0m
Build	Fastlane Build & Archive	2026-07-20T11:47:58.4663640Z [11:47:58]: ▸ [35m[[36mTrio[0m] [1mCopying[0m InfoPlist.strings[0m
Build	Fastlane Build & Archive	2026-07-20T11:47:58.4765690Z [11:47:58]: ▸ [35m[[36mTrio[0m] [1mCopying[0m InfoPlist.strings[0m
Build	Fastlane Build & Archive	2026-07-20T11:47:58.4867210Z [11:47:58]: ▸ [35m[[36mTrio[0m] [1mCopying[0m InfoPlist.strings[0m
Build	Fastlane Build & Archive	2026-07-20T11:47:58.4969640Z [11:47:58]: ▸ [35m[[36mTrio[0m] [1mCopying[0m InfoPlist.strings[0m
Build	Fastlane Build & Archive	2026-07-20T11:47:58.5071230Z [11:47:58]: ▸ [35m[[36mTrio[0m] [1mCopying[0m InfoPlist.strings[0m
Build	Fastlane Build & Archive	2026-07-20T11:47:58.5207720Z [11:47:58]: ▸ [35m[[36mTrio[0m] [1mCopying[0m InfoPlist.strings[0m
Build	Fastlane Build & Archive	2026-07-20T11:47:58.5385200Z [11:47:58]: ▸ [35m[[36mTrio[0m] [1mCopying[0m InfoPlist.strings[0m
Build	Fastlane Build & Archive	2026-07-20T11:47:58.5537430Z [11:47:58]: ▸ [35m[[36mTrio[0m] [1mCopying[0m InfoPlist.strings[0m
Build	Fastlane Build & Archive	2026-07-20T11:47:58.5728990Z [11:47:58]: ▸ [35m[[36mTrio[0m] [1mCopying[0m InfoPlist.strings[0m
Build	Fastlane Build & Archive	2026-07-20T11:47:58.5876380Z [11:47:58]: ▸ [35m[[36mTrio[0m] [1mCopying[0m InfoPlist.strings[0m
Build	Fastlane Build & Archive	2026-07-20T11:47:58.6017890Z [11:47:58]: ▸ [35m[[36mTrio[0m] [1mCopying[0m InfoPlist.strings[0m
Build	Fastlane Build & Archive	2026-07-20T11:47:58.6093090Z [11:47:58]: ▸ [35m[[36mTrio[0m] [1mCopying[0m InfoPlist.strings[0m
Build	Fastlane Build & Archive	2026-07-20T11:47:58.6093800Z [11:47:58]: ▸ [35m[[36mTrio[0m] [1mCopying[0m InfoPlist.strings[0m
Build	Fastlane Build & Archive	2026-07-20T11:47:58.6094460Z [11:47:58]: ▸ [35m[[36mTrio[0m] [1mCopying[0m InfoPlist.strings[0m
Build	Fastlane Build & Archive	2026-07-20T11:47:58.6095140Z [11:47:58]: ▸ [35m[[36mTrio[0m] [1mCopying[0m InfoPlist.strings[0m
Build	Fastlane Build & Archive	2026-07-20T11:47:58.6095740Z [11:47:58]: ▸ [35m[[36mTrio[0m] [1mCopying[0m InfoPlist.strings[0m
Build	Fastlane Build & Archive	2026-07-20T11:47:58.6096310Z [11:47:58]: ▸ [35m[[36mTrio[0m] [1mCopying[0m InfoPlist.strings[0m
Build	Fastlane Build & Archive	2026-07-20T11:47:58.6096840Z [11:47:58]: ▸ [35m[[36mTrio[0m] [1mCopying[0m InfoPlist.strings[0m
Build	Fastlane Build & Archive	2026-07-20T11:47:58.6097370Z [11:47:58]: ▸ [35m[[36mTrio[0m] [1mCopying[0m InfoPlist.strings[0m
Build	Fastlane Build & Archive	2026-07-20T11:47:58.6097970Z [11:47:58]: ▸ [35m[[36mTrio[0m] [1mCopying[0m InfoPlist.strings[0m
Build	Fastlane Build & Archive	2026-07-20T11:47:58.6098520Z [11:47:58]: ▸ [35m[[36mTrio[0m] [1mCopying[0m InfoPlist.strings[0m
Build	Fastlane Build & Archive	2026-07-20T11:47:58.6099040Z [11:47:58]: ▸ [35m[[36mTrio[0m] [1mCopying[0m InfoPlist.strings[0m
Build	Fastlane Build & Archive	2026-07-20T11:47:58.6107300Z [11:47:58]: ▸ [35m::error ::error: Build input files cannot be found: '/Users/runner/work/Trio/Trio/Trio/Sources/Models/AlgorithmGlucose.swift', '/Users/runner/work/Trio/Trio/Trio/Sources/APS/OpenAPS/Script.swift', '/Users/runner/work/Trio/Trio/Trio/Sources/APS/OpenAPS/JavaScriptWorker.swift', '/Users/runner/work/Trio/Trio/Trio/Sources/APS/OpenAPSSwift/OrefFunctionResult.swift', '/Users/runner/work/Trio/Trio/Trio/Sources/APS/OpenAPSSwift/OpenAPSSwift.swift', '/Users/runner/work/Trio/Trio/Trio/Sources/Models/GlucoseNotificationsOption.swift', '/Users/runner/work/Trio/Trio/Trio/Sources/Modules/GlucoseNotificationSettings/GlucoseNotificationSettingsDataFlow.swift', '/Users/runner/work/Trio/Trio/Trio/Sources/Modules/GlucoseNotificationSettings/GlucoseNotificationSettingsProvider.swift', '/Users/runner/work/Trio/Trio/Trio/Sources/Modules/GlucoseNotificationSettings/GlucoseNotificationSettingsStateModel.swift', '/Users/runner/work/Trio/Trio/Trio/Sources/Modules/GlucoseNotificationSettings/View/GlucoseNotificationSettingsRootView.swift', '/Users/runner/work/Trio/Trio/Trio/Sources/Modules/Snooze/SnoozeDataFlow.swift', '/Users/runner/work/Trio/Trio/Trio/Sources/Modules/Snooze/SnoozeProvider.swift', '/Users/runner/work/Trio/Trio/Trio/Sources/Modules/Snooze/SnoozeStateModel.swift', '/Users/runner/work/Trio/Trio/Trio/Sources/Modules/Snooze/View/SnoozeRootView.swift'. Did you forget to declare these files as outputs of any script phases or custom build rules which produce them? (in target 'Trio' from project 'Trio')[0m
Build	Fastlane Build & Archive	2026-07-20T11:47:58.6227900Z [11:47:58]: ▸ [35m::error ::error: Build input files cannot be found: '/Users/runner/work/Trio/Trio/Trio/Sources/Models/AlgorithmGlucose.swift', '/Users/runner/work/Trio/Trio/Trio/Sources/APS/OpenAPS/Script.swift', '/Users/runner/work/Trio/Trio/Trio/Sources/APS/OpenAPS/JavaScriptWorker.swift', '/Users/runner/work/Trio/Trio/Trio/Sources/APS/OpenAPSSwift/OrefFunctionResult.swift', '/Users/runner/work/Trio/Trio/Trio/Sources/APS/OpenAPSSwift/OpenAPSSwift.swift', '/Users/runner/work/Trio/Trio/Trio/Sources/Models/GlucoseNotificationsOption.swift', '/Users/runner/work/Trio/Trio/Trio/Sources/Modules/GlucoseNotificationSettings/GlucoseNotificationSettingsDataFlow.swift', '/Users/runner/work/Trio/Trio/Trio/Sources/Modules/GlucoseNotificationSettings/GlucoseNotificationSettingsProvider.swift', '/Users/runner/work/Trio/Trio/Trio/Sources/Modules/GlucoseNotificationSettings/GlucoseNotificationSettingsStateModel.swift', '/Users/runner/work/Trio/Trio/Trio/Sources/Modules/GlucoseNotificationSettings/View/GlucoseNotificationSettingsRootView.swift', '/Users/runner/work/Trio/Trio/Trio/Sources/Modules/Snooze/SnoozeDataFlow.swift', '/Users/runner/work/Trio/Trio/Trio/Sources/Modules/Snooze/SnoozeProvider.swift', '/Users/runner/work/Trio/Trio/Trio/Sources/Modules/Snooze/SnoozeStateModel.swift', '/Users/runner/work/Trio/Trio/Trio/Sources/Modules/Snooze/View/SnoozeRootView.swift'. Did you forget to declare these files as outputs of any script phases or custom build rules which produce them? (in target 'Trio' from project 'Trio')[0m
Build	Fastlane Build & Archive	2026-07-20T11:47:58.9916230Z [11:47:58]: ▸ [35m[36;1mnote: [0mRun script build phase 'Swiftformat' will be run during every build because the option to run the script phase "Based on dependency analysis" is unchecked. (in target 'Trio' from project 'Trio')[0m
Build	Fastlane Build & Archive	2026-07-20T11:47:59.0050730Z [11:47:58]: ▸ [35m[36;1mnote: [0mRun script build phase 'Run Script: Capture Build Details' will be run during every build because the option to run the script phase "Based on dependency analysis" is unchecked. (in target 'Trio' from project 'Trio')[0m
Build	Fastlane Build & Archive	2026-07-20T11:47:59.0158130Z [11:47:58]: ▸ [35m::warning ::Run script build phase 'Run Script: Copy dSYM to Crashlytics' will be run during every build because it does not specify any outputs. To address this issue, either add output dependencies to the script phase, or configure it to run in every build by unchecking "Based on dependency analysis" in the script phase. (in target 'Trio' from project 'Trio')[0m
Build	Fastlane Build & Archive	2026-07-20T11:47:59.0277640Z [11:47:58]: ▸ [35m::warning ::Skipping duplicate build file in Compile Sources build phase: /Users/runner/work/Trio/Trio/Trio/Sources/Modules/WatchConfig/View/WatchConfigRootView.swift (in target 'Trio' from project 'Trio')[0m
Build	Fastlane Build & Archive	2026-07-20T11:47:59.0281290Z [11:47:58]: ▸ [35m** ARCHIVE FAILED **[0m
Build	Fastlane Build & Archive	2026-07-20T11:47:59.0406780Z [11:47:58]: ▸ [35mThe following build commands failed:[0m
Build	Fastlane Build & Archive	2026-07-20T11:47:59.0513840Z [11:47:58]: ▸ [35m	SwiftDriver\ Compilation\ Requirements Trio normal arm64 com.apple.xcode.tools.swift.compiler (in target 'Trio' from project 'Trio')[0m
Build	Fastlane Build & Archive	2026-07-20T11:47:59.0616400Z [11:47:58]: ▸ [35m	SwiftDriver\ Compilation Trio normal arm64 com.apple.xcode.tools.swift.compiler (in target 'Trio' from project 'Trio')[0m
Build	Fastlane Build & Archive	2026-07-20T11:47:59.2798140Z [11:47:59]: ▸ [35m	Archiving workspace Trio with scheme Trio[0m
Build	Fastlane Build & Archive	2026-07-20T11:47:59.2934300Z [11:47:59]: ▸ [35m(3 failures)[0m
Build	Fastlane Build & Archive	2026-07-20T11:47:59.3611520Z [11:47:59]: [31mExit status: 65[0m
Build	Fastlane Build & Archive	2026-07-20T11:47:59.3836590Z [11:47:59]: 
Build	Fastlane Build & Archive	2026-07-20T11:47:59.3939170Z [11:47:59]: [33mMaybe the error shown is caused by using the wrong version of Xcode[0m
Build	Fastlane Build & Archive	2026-07-20T11:47:59.4064340Z [11:47:59]: [33mFound multiple versions of Xcode in '/Applications/'[0m
Build	Fastlane Build & Archive	2026-07-20T11:47:59.4166490Z [11:47:59]: [33mMake sure you selected the right version for your project[0m
Build	Fastlane Build & Archive	2026-07-20T11:47:59.4291620Z [11:47:59]: [33mThis build process was executed using '/Applications/Xcode_26.2.app'[0m
Build	Fastlane Build & Archive	2026-07-20T11:47:59.4394340Z [11:47:59]: [33mIf you want to update your Xcode path, either[0m
Build	Fastlane Build & Archive	2026-07-20T11:47:59.4402910Z [11:47:59]: 
Build	Fastlane Build & Archive	2026-07-20T11:47:59.4406310Z [11:47:59]: - Specify the Xcode version in your Fastfile
Build	Fastlane Build & Archive	2026-07-20T11:47:59.4408770Z [11:47:59]: ▸ [35mxcversion(version: "8.1") # Selects Xcode 8.1.0[0m
Build	Fastlane Build & Archive	2026-07-20T11:47:59.4409370Z [11:47:59]: 
Build	Fastlane Build & Archive	2026-07-20T11:47:59.4409970Z [11:47:59]: - Specify an absolute path to your Xcode installation in your Fastfile
Build	Fastlane Build & Archive	2026-07-20T11:47:59.4410770Z [11:47:59]: ▸ [35mxcode_select "/Applications/Xcode8.app"[0m
Build	Fastlane Build & Archive	2026-07-20T11:47:59.4412390Z [11:47:59]: 
Build	Fastlane Build & Archive	2026-07-20T11:47:59.4414950Z [11:47:59]: - Manually update the path using
Build	Fastlane Build & Archive	2026-07-20T11:47:59.4419320Z [11:47:59]: ▸ [35msudo xcode-select -s /Applications/Xcode.app[0m
Build	Fastlane Build & Archive	2026-07-20T11:47:59.4539870Z [11:47:59]: 
Build	Fastlane Build & Archive	2026-07-20T11:47:59.4641600Z 
Build	Fastlane Build & Archive	2026-07-20T11:47:59.4742650Z +----------------------------------------------+
Build	Fastlane Build & Archive	2026-07-20T11:47:59.4844370Z |              [32m[33mBuild environment[0m               |
Build	Fastlane Build & Archive	2026-07-20T11:47:59.4946600Z +---------------+------------------------------+
Build	Fastlane Build & Archive	2026-07-20T11:47:59.5048040Z | xcode_path    | /Applications/Xcode_26.2.app |
Build	Fastlane Build & Archive	2026-07-20T11:47:59.5149140Z | gym_version   | 2.235.0                      |
Build	Fastlane Build & Archive	2026-07-20T11:47:59.5251530Z | export_method | app-store                    |
Build	Fastlane Build & Archive	2026-07-20T11:47:59.5354950Z | sdk           | iPhoneOS26.2.sdk             |
Build	Fastlane Build & Archive	2026-07-20T11:47:59.5441810Z +---------------+------------------------------+
Build	Fastlane Build & Archive	2026-07-20T11:47:59.5452610Z 
Build	Fastlane Build & Archive	2026-07-20T11:47:59.5453900Z [11:47:59]: ▸ [35mnote: Run script build phase 'Swiftformat' will be run during every build because the option to run the script phase "Based on dependency analysis" is unchecked. (in target 'Trio' from project 'Trio')[0m
Build	Fastlane Build & Archive	2026-07-20T11:47:59.5456570Z [11:47:59]: ▸ [35mnote: Run script build phase 'Run Script: Capture Build Details' will be run during every build because the option to run the script phase "Based on dependency analysis" is unchecked. (in target 'Trio' from project 'Trio')[0m
Build	Fastlane Build & Archive	2026-07-20T11:47:59.5458710Z [11:47:59]: ▸ [35mwarning: Run script build phase 'Run Script: Copy dSYM to Crashlytics' will be run during every build because it does not specify any outputs. To address this issue, either add output dependencies to the script phase, or configure it to run in every build by unchecking "Based on dependency analysis" in the script phase. (in target 'Trio' from project 'Trio')[0m
Build	Fastlane Build & Archive	2026-07-20T11:47:59.5461340Z [11:47:59]: ▸ [35mwarning: Skipping duplicate build file in Compile Sources build phase: /Users/runner/work/Trio/Trio/Trio/Sources/Modules/WatchConfig/View/WatchConfigRootView.swift (in target 'Trio' from project 'Trio')[0m
Build	Fastlane Build & Archive	2026-07-20T11:47:59.5464640Z [11:47:59]: 
Build	Fastlane Build & Archive	2026-07-20T11:47:59.5490140Z [11:47:59]: [31m⬆️  Check out the few lines of raw `xcodebuild` output above for potential hints on how to solve this error[0m
Build	Fastlane Build & Archive	2026-07-20T11:47:59.5491620Z [11:47:59]: [33m📋  For the complete and more detailed error log, check the full log at:[0m
Build	Fastlane Build & Archive	2026-07-20T11:47:59.5492320Z [11:47:59]: [33m📋  /Users/runner/work/Trio/Trio/buildlog/LoopKit-Trio.log[0m
Build	Fastlane Build & Archive	2026-07-20T11:47:59.5492830Z [11:47:59]: 
Build	Fastlane Build & Archive	2026-07-20T11:47:59.5493400Z [11:47:59]: [31mLooks like fastlane ran into a build/archive error with your project[0m
Build	Fastlane Build & Archive	2026-07-20T11:47:59.5494190Z [11:47:59]: [31mIt's hard to tell what's causing the error, so we wrote some guides on how[0m
Build	Fastlane Build & Archive	2026-07-20T11:47:59.5494970Z [11:47:59]: [31mto troubleshoot build and signing issues: https://docs.fastlane.tools/codesigning/getting-started/[0m
Build	Fastlane Build & Archive	2026-07-20T11:47:59.5496350Z [11:47:59]: [31mBefore submitting an issue on GitHub, please follow the guide above and make[0m
Build	Fastlane Build & Archive	2026-07-20T11:47:59.5497060Z [11:47:59]: [31msure your project is set up correctly.[0m
Build	Fastlane Build & Archive	2026-07-20T11:47:59.5497970Z [11:47:59]: [31mfastlane uses `xcodebuild` commands to generate your binary, you can see the[0m
Build	Fastlane Build & Archive	2026-07-20T11:47:59.5498620Z [11:47:59]: [31mthe full commands printed out in yellow in the above log.[0m
Build	Fastlane Build & Archive	2026-07-20T11:47:59.5499330Z [11:47:59]: [31mMake sure to inspect the output above, as usually you'll find more error information there[0m
Build	Fastlane Build & Archive	2026-07-20T11:47:59.5499890Z [11:47:59]: 
Build	Fastlane Build & Archive	2026-07-20T11:47:59.5503200Z +-----------------------------------------------------------------------------------------------------------------------------------------------------------------------------------------------------------------------------------------------------------------------------------------------------------------------------------------------------------------------------------------------------------------------------------------------------------------------------------------------------------------+
Build	Fastlane Build & Archive	2026-07-20T11:47:59.5512380Z |                                                                                                                                                                                                                                                  [33mLane Context[0m                                                                                                                                                                                                                                                   |
Build	Fastlane Build & Archive	2026-07-20T11:47:59.5517590Z +------------------------------------+----------------------------------------------------------------------------------------------------------------------------------------------------------------------------------------------------------------------------------------------------------------------------------------------------------------------------------------------------------------------------------------------------------------------------------------------------------------------------+
Build	Fastlane Build & Archive	2026-07-20T11:47:59.5524390Z | DEFAULT_PLATFORM                   | ios                                                                                                                                                                                                                                                                                                                                                                                                                                                                        |
Build	Fastlane Build & Archive	2026-07-20T11:47:59.5525890Z | PLATFORM_NAME                      | ios                                                                                                                                                                                                                                                                                                                                                                                                                                                                        |
Build	Fastlane Build & Archive	2026-07-20T11:47:59.5527290Z | LANE_NAME                          | ios build_trio                                                                                                                                                                                                                                                                                                                                                                                                                                                             |
Build	Fastlane Build & Archive	2026-07-20T11:47:59.5528770Z | KEYCHAIN_PATH                      | ~/Library/Keychains/fastlane_tmp_keychain                                                                                                                                                                                                                                                                                                                                                                                                                                  |
Build	Fastlane Build & Archive	2026-07-20T11:47:59.5533900Z | ORIGINAL_DEFAULT_KEYCHAIN          | "/Users/runner/Library/Keychains/login.keychain-db"                                                                                                                                                                                                                                                                                                                                                                                                                        |
Build	Fastlane Build & Archive	2026-07-20T11:47:59.5537170Z | LATEST_TESTFLIGHT_BUILD_NUMBER     | 59                                                                                                                                                                                                                                                                                                                                                                                                                                                                         |
Build	Fastlane Build & Archive	2026-07-20T11:47:59.5538630Z | LATEST_TESTFLIGHT_VERSION          | 0.8.3                                                                                                                                                                                                                                                                                                                                                                                                                                                                      |
Build	Fastlane Build & Archive	2026-07-20T11:47:59.5541270Z | BUILD_NUMBER                       | 60                                                                                                                                                                                                                                                                                                                                                                                                                                                                         |
Build	Fastlane Build & Archive	2026-07-20T11:47:59.5542700Z | SIGH_PROFILE_TYPE                  | app-store                                                                                                                                                                                                                                                                                                                                                                                                                                                                  |
Build	Fastlane Build & Archive	2026-07-20T11:47:59.5555870Z | MATCH_PROVISIONING_PROFILE_MAPPING | {"org.nightscout.***.trio" => "match AppStore org.nightscout.***.trio", "org.nightscout.***.trio.watchkitapp" => "match AppStore org.nightscout.***.trio.watchkitapp", "org.nightscout.***.trio.watchkitapp.TrioWatchComplication" => "match AppStore org.nightscout.***.trio.watchkitapp.TrioWatchComplication", "org.nightscout.***.trio.LiveActivity" => "match AppStore org.nightscout.***.trio.LiveActivity"} |
Build	Fastlane Build & Archive	2026-07-20T11:47:59.5564980Z +------------------------------------+----------------------------------------------------------------------------------------------------------------------------------------------------------------------------------------------------------------------------------------------------------------------------------------------------------------------------------------------------------------------------------------------------------------------------------------------------------------------------+
Build	Fastlane Build & Archive	2026-07-20T11:47:59.5571890Z [11:47:59]: [31mCalled from Fastfile at line 126[0m
Build	Fastlane Build & Archive	2026-07-20T11:47:59.5572370Z [11:47:59]: [31m```[0m
Build	Fastlane Build & Archive	2026-07-20T11:47:59.5572800Z [11:47:59]: [31m    124:	    )[0m
Build	Fastlane Build & Archive	2026-07-20T11:47:59.5573670Z [11:47:59]: [31m    125:	[0m
Build	Fastlane Build & Archive	2026-07-20T11:47:59.5574110Z [11:47:59]: [31m => 126:	    gym([0m
Build	Fastlane Build & Archive	2026-07-20T11:47:59.5574640Z [11:47:59]: [31m    127:	      export_method: "app-store",[0m
Build	Fastlane Build & Archive	2026-07-20T11:47:59.5575350Z [11:47:59]: [31m    128:	      scheme: "Trio",[0m
Build	Fastlane Build & Archive	2026-07-20T11:47:59.5575740Z [11:47:59]: [31m```[0m
Build	Fastlane Build & Archive	2026-07-20T11:47:59.5577410Z [11:47:59]: [31mError building the application - see the log above[0m
Build	Fastlane Build & Archive	2026-07-20T11:47:59.6801550Z 
Build	Fastlane Build & Archive	2026-07-20T11:47:59.7634900Z [31m
Build	Fastlane Build & Archive	2026-07-20T11:47:59.7635490Z +-----------------------------------------------------+
Build	Fastlane Build & Archive	2026-07-20T11:47:59.7735900Z [!] Error building the application - see the log above[0m
Build	Fastlane Build & Archive	2026-07-20T11:47:59.7736570Z |                  [32mfastlane summary[0m                   |
Build	Fastlane Build & Archive	2026-07-20T11:47:59.7837230Z +------+--------------------------------+-------------+
Build	Fastlane Build & Archive	2026-07-20T11:47:59.7940890Z | Step | Action                         | Time (in s) |
Build	Fastlane Build & Archive	2026-07-20T11:47:59.8052970Z +------+--------------------------------+-------------+
Build	Fastlane Build & Archive	2026-07-20T11:47:59.8157120Z | 1    | default_platform               | 0           |
Build	Fastlane Build & Archive	2026-07-20T11:47:59.8261070Z | 2    | setup_ci                       | 0           |
Build	Fastlane Build & Archive	2026-07-20T11:47:59.8366260Z | 3    | update_project_team            | 1           |
Build	Fastlane Build & Archive	2026-07-20T11:47:59.8467800Z | 4    | app_store_connect_api_key      | 0           |
Build	Fastlane Build & Archive	2026-07-20T11:47:59.8577510Z | 5    | latest_testflight_build_number | 0           |
Build	Fastlane Build & Archive	2026-07-20T11:47:59.8679580Z | 6    | increment_build_number         | 1           |
Build	Fastlane Build & Archive	2026-07-20T11:47:59.8780840Z | 7    | match                          | 2           |
Build	Fastlane Build & Archive	2026-07-20T11:47:59.8883450Z | 8    | update_code_signing_settings   | 0           |
Build	Fastlane Build & Archive	2026-07-20T11:47:59.8983220Z | 9    | update_code_signing_settings   | 0           |
Build	Fastlane Build & Archive	2026-07-20T11:47:59.9084530Z | 10   | update_code_signing_settings   | 0           |
Build	Fastlane Build & Archive	2026-07-20T11:47:59.9186820Z | 11   | update_code_signing_settings   | 0           |
Build	Fastlane Build & Archive	2026-07-20T11:47:59.9292500Z | 💥   | [31mgym[0m                            | 823         |
Build	Fastlane Build & Archive	2026-07-20T11:47:59.9393920Z +------+--------------------------------+-------------+
Build	Fastlane Build & Archive	2026-07-20T11:47:59.9493800Z 
Build	Fastlane Build & Archive	2026-07-20T11:47:59.9593860Z [11:47:59]: [31mfastlane finished with errors[0m
Build	Fastlane Build & Archive	2026-07-20T11:47:59.9594730Z 
Build	Fastlane Build & Archive	2026-07-20T11:47:59.9595030Z #######################################################################
Build	Fastlane Build & Archive	2026-07-20T11:47:59.9597360Z # fastlane 2.237.0 is available. You are on 2.235.0.
Build	Fastlane Build & Archive	2026-07-20T11:47:59.9600820Z # You should use the latest version.
Build	Fastlane Build & Archive	2026-07-20T11:47:59.9601360Z # Please update using `bundle update fastlane`.
Build	Fastlane Build & Archive	2026-07-20T11:47:59.9601990Z #######################################################################
Build	Fastlane Build & Archive	2026-07-20T11:48:00.2155410Z 
Build	Fastlane Build & Archive	2026-07-20T11:48:00.2259500Z [32m2.237.0 Improvements[0m
Build	Fastlane Build & Archive	2026-07-20T11:48:00.2385270Z * [ci] drop CircleCI for GHA (#30108) via Connor Tumbleson (@iBotPeaches)
Build	Fastlane Build & Archive	2026-07-20T11:48:00.2487990Z * [fastlane_core] Restore altool -f flag, keep -assetFile only for iTMSTransporter (#30106) via Roman Gardukevich (@OdNairy)
Build	Fastlane Build & Archive	2026-07-20T11:48:00.2592960Z * [gym] handle xcpretty errors cleaner & promote xcbeautify (#30099) via Connor Tumbleson (@iBotPeaches)
Build	Fastlane Build & Archive	2026-07-20T11:48:00.2733060Z * [docs] Reflect specification changes regarding iPad Pro 12.9-inch screenshots in `deliver` (#30103) via 417-72KI (@417-72KI)
Build	Fastlane Build & Archive	2026-07-20T11:48:00.2856310Z * [core] Reduce duplication on output and noise during failure. (#30097) via Connor Tumbleson (@iBotPeaches)
Build	Fastlane Build & Archive	2026-07-20T11:48:00.2857090Z * Bump actions/checkout from 6 to 7 (#30100) via dependabot[bot] (@dependabot[bot])
Build	Fastlane Build & Archive	2026-07-20T11:48:00.3036410Z * [match] Restore renew expired certs (opt in) (#30096) via Roman Gardukevich (@OdNairy)
Build	Fastlane Build & Archive	2026-07-20T11:48:00.3154180Z * [match] fail fast for SSH authentication prompts in non-interactive shell (#30078) via Pratik Patil (@PratikPatil131)
Build	Fastlane Build & Archive	2026-07-20T11:48:00.3283280Z * [gem] move to faraday 1.10.6 (#30095) via Connor Tumbleson (@iBotPeaches)
Build	Fastlane Build & Archive	2026-07-20T11:48:00.3407660Z * [core] Skip repeating the output again when an sh command fails (#19545) via Peter Tutervai (@tutipeti)
Build	Fastlane Build & Archive	2026-07-20T11:48:00.3532890Z * [scan] Forward force_legacy_xcresulttool to trainer (#30092) via Eyüp Can Akman (@eyupcanakman)
Build	Fastlane Build & Archive	2026-07-20T11:48:00.3702230Z * [trainer] Fix output_remove_retry_attempts not stripping failures for skipped-on-retry tests (modern xcresult parser) (#30081) via Oliver Fox (@foxware00)
Build	Fastlane Build & Archive	2026-07-20T11:48:00.3811310Z * [scan] Handle array destination in xcodebuild_destination_parameter (#30069) via Ricardo Sawir (@sawirricardo)
Build	Fastlane Build & Archive	2026-07-20T11:48:00.3913680Z * [action][swiftlint] Fix path option for SwiftLint 0.48.0 and above (#30080) via Augusto Xavier (@augustocbx)
Build	Fastlane Build & Archive	2026-07-20T11:48:00.4015160Z * [ci] move more workflows from CircleCI -> GHA (#30090) via Connor Tumbleson (@iBotPeaches)
Build	Fastlane Build & Archive	2026-07-20T11:48:00.4119100Z * [core] remove upper bound on excon (#30085) via Connor Tumbleson (@iBotPeaches)
Build	Fastlane Build & Archive	2026-07-20T11:48:00.4224380Z * Bump actions/checkout from 6 to 7 (#30091) via dependabot[bot] (@dependabot[bot])
Build	Fastlane Build & Archive	2026-07-20T11:48:00.4332670Z * [spaceship] Fix appInfoLocalizations create/delete on the Tunes API (#30084) via Marcel Hoppe (@hoppsen)
Build	Fastlane Build & Archive	2026-07-20T11:48:00.4437780Z * [match] Fix keychain import path escaping (#30072) via Ricardo Sawir (@sawirricardo)
Build	Fastlane Build & Archive	2026-07-20T11:48:00.4539080Z * [precheck] Fix copyright year check to allow past years (#30076) via Augusto Xavier (@augustocbx)
Build	Fastlane Build & Archive	2026-07-20T11:48:00.4640770Z * [supply] Fix version_codes_to_retain causing promote-only flow to use… (#30073) via Pratik Patil (@PratikPatil131)
Build	Fastlane Build & Archive	2026-07-20T11:48:00.4742910Z * Bump rubygems/configure-rubygems-credentials from 2.0.0 to 2.1.0 (#30074) via dependabot[bot] (@dependabot[bot])
Build	Fastlane Build & Archive	2026-07-20T11:48:00.4846720Z * [fastlane_core] Fix deprecated Transporter -f flag, use -assetFile fo… (#30061) via Pratik Patil (@PratikPatil131)
Build	Fastlane Build & Archive	2026-07-20T11:48:00.4956060Z * [core] fix: update addressable to 2.9.0 min for CVE-2026-35611 (#30060) via OrbisAI Security (@orbisai0security)
Build	Fastlane Build & Archive	2026-07-20T11:48:00.5057320Z 
Build	Fastlane Build & Archive	2026-07-20T11:48:00.5158590Z [32m2.236.1 Improvements[0m
Build	Fastlane Build & Archive	2026-07-20T11:48:00.5221400Z * Revert "[transporter] Decode Base64 key content for .p8 file generation in Al…" (#30066) via Connor Tumbleson (@iBotPeaches)
Build	Fastlane Build & Archive	2026-07-20T11:48:00.5322290Z 
Build	Fastlane Build & Archive	2026-07-20T11:48:00.5423250Z [32m2.236.0 Improvements[0m
Build	Fastlane Build & Archive	2026-07-20T11:48:00.5528640Z * [ci] fix: add 'multi_json' as direct dep due to upstream googleapis bug. (#30062) via Connor Tumbleson (@iBotPeaches)
Build	Fastlane Build & Archive	2026-07-20T11:48:00.5636080Z * Fix --copy_to_clipboard flag for spaceauth command (#29888) via owurman (@owurman)
Build	Fastlane Build & Archive	2026-07-20T11:48:00.5738810Z * [transporter] Decode Base64 key content for .p8 file generation in Al… (#30057) via Kaan Çembertaş (@kaancembertas)
Build	Fastlane Build & Archive	2026-07-20T11:48:00.5841880Z * [ci] remove xcode 16.3 as CircleCI dropped it (#30058) via Connor Tumbleson (@iBotPeaches)
Build	Fastlane Build & Archive	2026-07-20T11:48:00.5944100Z * [action] Add update_app_age_rating action for standalone age rating updates (#30025) via Pratik Patil (@PratikPatil131)
Build	Fastlane Build & Archive	2026-07-20T11:48:00.6046760Z * [core] Set ruby-jwt gem to v2.10.3 minimum.  (#30056) via Nakshatra Singh (@nakshatrasinghh)
Build	Fastlane Build & Archive	2026-07-20T11:48:00.6149250Z * [snapshot] run simulator using Rosetta2 for Apple Silicon (#21559) via Iceman (@sidepelican)
Build	Fastlane Build & Archive	2026-07-20T11:48:00.6252220Z * [snapshot] use simulator UDIDs for destinations (#30054) via Philip Niedertscheider (@philprime)
Build	Fastlane Build & Archive	2026-07-20T11:48:00.6355120Z * [spaceship] remove dots from names (#30052) via Tim Shedor (@tshedor)
Build	Fastlane Build & Archive	2026-07-20T11:48:00.6494230Z * [docs] keep docs assets moving along during update_docs (#30051) via Connor Tumbleson (@iBotPeaches)
Build	Fastlane Build & Archive	2026-07-20T11:48:00.6595040Z 
Build	Fastlane Build & Archive	2026-07-20T11:48:00.6720570Z [32mTo see all new releases, open https://github.com/fastlane/fastlane/releases[0m
Build	Fastlane Build & Archive	2026-07-20T11:48:00.6847150Z 
Build	Fastlane Build & Archive	2026-07-20T11:48:00.6967770Z [32mPlease update using `bundle update fastlane`[0m
Build	Fastlane Build & Archive	2026-07-20T11:48:00.9189600Z ##[error]Process completed with exit code 1.
Build	Upload build log, IPA and Symbol artifacts	﻿2026-07-20T11:48:00.9605330Z ##[group]Run actions/upload-artifact@v6
Build	Upload build log, IPA and Symbol artifacts	2026-07-20T11:48:00.9606150Z with:
Build	Upload build log, IPA and Symbol artifacts	2026-07-20T11:48:00.9606790Z   name: build-artifacts
Build	Upload build log, IPA and Symbol artifacts	2026-07-20T11:48:00.9608320Z   path: artifacts
Build	Upload build log, IPA and Symbol artifacts	buildlog
Build	Upload build log, IPA and Symbol artifacts	
Build	Upload build log, IPA and Symbol artifacts	2026-07-20T11:48:00.9608950Z   if-no-files-found: warn
Build	Upload build log, IPA and Symbol artifacts	2026-07-20T11:48:00.9609520Z   compression-level: 6
Build	Upload build log, IPA and Symbol artifacts	2026-07-20T11:48:00.9611420Z   overwrite: false
Build	Upload build log, IPA and Symbol artifacts	2026-07-20T11:48:00.9617600Z   include-hidden-files: false
Build	Upload build log, IPA and Symbol artifacts	2026-07-20T11:48:00.9618330Z env:
Build	Upload build log, IPA and Symbol artifacts	2026-07-20T11:48:00.9622860Z   GH_PAT: ***
Build	Upload build log, IPA and Symbol artifacts	2026-07-20T11:48:00.9623470Z   UPSTREAM_REPO: nightscout/Trio
Build	Upload build log, IPA and Symbol artifacts	2026-07-20T11:48:00.9624200Z   UPSTREAM_BRANCH: merge/sync-upstream-dev-20260720
Build	Upload build log, IPA and Symbol artifacts	2026-07-20T11:48:00.9625030Z   TARGET_BRANCH: merge/sync-upstream-dev-20260720
Build	Upload build log, IPA and Symbol artifacts	2026-07-20T11:48:00.9625730Z ##[endgroup]
Build	Upload build log, IPA and Symbol artifacts	2026-07-20T11:48:01.6167180Z Multiple search paths detected. Calculating the least common ancestor of all paths
Build	Upload build log, IPA and Symbol artifacts	2026-07-20T11:48:01.6168620Z The least common ancestor is /Users/runner/work/Trio/Trio. This will be the root directory of the artifact
Build	Upload build log, IPA and Symbol artifacts	2026-07-20T11:48:01.6177090Z With the provided path, there will be 1 file uploaded
Build	Upload build log, IPA and Symbol artifacts	2026-07-20T11:48:01.6178120Z Artifact name is valid!
Build	Upload build log, IPA and Symbol artifacts	2026-07-20T11:48:01.6178490Z Root directory input is valid!
Build	Upload build log, IPA and Symbol artifacts	2026-07-20T11:48:01.9574570Z Beginning upload of artifact content to blob storage
Build	Upload build log, IPA and Symbol artifacts	2026-07-20T11:48:02.7788070Z Uploaded bytes 439456
Build	Upload build log, IPA and Symbol artifacts	2026-07-20T11:48:02.8616540Z Finished uploading artifact content to blob storage!
Build	Upload build log, IPA and Symbol artifacts	2026-07-20T11:48:02.8669990Z SHA256 digest of uploaded artifact zip is 64d09e24e4ca48077161a2eac0ae2bc2b878d184ad31b3df17f70722968d2e38
Build	Upload build log, IPA and Symbol artifacts	2026-07-20T11:48:02.8672850Z Finalizing artifact upload
Build	Upload build log, IPA and Symbol artifacts	2026-07-20T11:48:03.2247510Z Artifact build-artifacts.zip successfully finalized. Artifact ID 8459860066
Build	Upload build log, IPA and Symbol artifacts	2026-07-20T11:48:03.2255550Z Artifact build-artifacts has been successfully uploaded! Final size is 439456 bytes. Artifact ID is 8459860066
Build	Upload build log, IPA and Symbol artifacts	2026-07-20T11:48:03.2261840Z Artifact download URL: https://github.com/pov-it/Trio/actions/runs/29738842894/artifacts/8459860066
Build	Post Checkout Repo for building	﻿2026-07-20T11:48:03.2455710Z Post job cleanup.
Build	Post Checkout Repo for building	2026-07-20T11:48:03.4561260Z [command]/opt/homebrew/bin/git version
Build	Post Checkout Repo for building	2026-07-20T11:48:03.5086700Z git version 2.55.0
Build	Post Checkout Repo for building	2026-07-20T11:48:03.5178180Z Copying '/Users/runner/.gitconfig' to '/Users/runner/work/_temp/ae60583e-861e-4bfe-8dd5-a5d095055e7b/.gitconfig'
Build	Post Checkout Repo for building	2026-07-20T11:48:03.5188500Z Temporarily overriding HOME='/Users/runner/work/_temp/ae60583e-861e-4bfe-8dd5-a5d095055e7b' before making global git config changes
Build	Post Checkout Repo for building	2026-07-20T11:48:03.5189880Z Adding repository directory to the temporary git global config as a safe directory
Build	Post Checkout Repo for building	2026-07-20T11:48:03.5193790Z [command]/opt/homebrew/bin/git config --global --add safe.directory /Users/runner/work/Trio/Trio
Build	Post Checkout Repo for building	2026-07-20T11:48:03.5365750Z [command]/opt/homebrew/bin/git config --local --name-only --get-regexp core\.sshCommand
Build	Post Checkout Repo for building	2026-07-20T11:48:03.5462230Z [command]/opt/homebrew/bin/git submodule foreach --recursive sh -c "git config --local --name-only --get-regexp 'core\.sshCommand' && git config --local --unset-all 'core.sshCommand' || :"
Build	Post Checkout Repo for building	2026-07-20T11:48:03.7361520Z Entering 'CGMBLEKit'
Build	Post Checkout Repo for building	2026-07-20T11:48:03.7708090Z Entering 'DanaKit'
Build	Post Checkout Repo for building	2026-07-20T11:48:03.8028670Z Entering 'EversenseKit'
Build	Post Checkout Repo for building	2026-07-20T11:48:03.8397630Z Entering 'G7SensorKit'
Build	Post Checkout Repo for building	2026-07-20T11:48:03.8829680Z Entering 'LibreTransmitter'
Build	Post Checkout Repo for building	2026-07-20T11:48:03.9379170Z Entering 'LoopKit'
Build	Post Checkout Repo for building	2026-07-20T11:48:03.9959940Z Entering 'MedtrumKit'
Build	Post Checkout Repo for building	2026-07-20T11:48:04.0492950Z Entering 'MinimedKit'
Build	Post Checkout Repo for building	2026-07-20T11:48:04.0980060Z Entering 'OmnipodKit'
Build	Post Checkout Repo for building	2026-07-20T11:48:04.1501380Z Entering 'RileyLinkKit'
Build	Post Checkout Repo for building	2026-07-20T11:48:04.1840130Z Entering 'TidepoolService'
Build	Post Checkout Repo for building	2026-07-20T11:48:04.2115520Z Entering 'dexcom-share-client-swift'
Build	Post Checkout Repo for building	2026-07-20T11:48:04.2383940Z [command]/opt/homebrew/bin/git config --local --name-only --get-regexp http\.https\:\/\/github\.com\/\.extraheader
Build	Post Checkout Repo for building	2026-07-20T11:48:04.2447410Z http.https://github.com/.extraheader
Build	Post Checkout Repo for building	2026-07-20T11:48:04.2462560Z [command]/opt/homebrew/bin/git config --local --unset-all http.https://github.com/.extraheader
Build	Post Checkout Repo for building	2026-07-20T11:48:04.2613990Z [command]/opt/homebrew/bin/git submodule foreach --recursive sh -c "git config --local --name-only --get-regexp 'http\.https\:\/\/github\.com\/\.extraheader' && git config --local --unset-all 'http.https://github.com/.extraheader' || :"
Build	Post Checkout Repo for building	2026-07-20T11:48:04.3648280Z Entering 'CGMBLEKit'
Build	Post Checkout Repo for building	2026-07-20T11:48:04.3839940Z http.https://github.com/.extraheader
Build	Post Checkout Repo for building	2026-07-20T11:48:04.4008700Z Entering 'DanaKit'
Build	Post Checkout Repo for building	2026-07-20T11:48:04.4183510Z http.https://github.com/.extraheader
Build	Post Checkout Repo for building	2026-07-20T11:48:04.4348820Z Entering 'EversenseKit'
Build	Post Checkout Repo for building	2026-07-20T11:48:04.4517040Z http.https://github.com/.extraheader
Build	Post Checkout Repo for building	2026-07-20T11:48:04.4657420Z Entering 'G7SensorKit'
Build	Post Checkout Repo for building	2026-07-20T11:48:04.4850830Z http.https://github.com/.extraheader
Build	Post Checkout Repo for building	2026-07-20T11:48:04.5002000Z Entering 'LibreTransmitter'
Build	Post Checkout Repo for building	2026-07-20T11:48:04.5165920Z http.https://github.com/.extraheader
Build	Post Checkout Repo for building	2026-07-20T11:48:04.5324750Z Entering 'LoopKit'
Build	Post Checkout Repo for building	2026-07-20T11:48:04.5488050Z http.https://github.com/.extraheader
Build	Post Checkout Repo for building	2026-07-20T11:48:04.5660010Z Entering 'MedtrumKit'
Build	Post Checkout Repo for building	2026-07-20T11:48:04.5824120Z http.https://github.com/.extraheader
Build	Post Checkout Repo for building	2026-07-20T11:48:04.6024900Z Entering 'MinimedKit'
Build	Post Checkout Repo for building	2026-07-20T11:48:04.6193120Z http.https://github.com/.extraheader
Build	Post Checkout Repo for building	2026-07-20T11:48:04.6430000Z Entering 'OmnipodKit'
Build	Post Checkout Repo for building	2026-07-20T11:48:04.6593240Z http.https://github.com/.extraheader
Build	Post Checkout Repo for building	2026-07-20T11:48:04.6765790Z Entering 'RileyLinkKit'
Build	Post Checkout Repo for building	2026-07-20T11:48:04.6975510Z http.https://github.com/.extraheader
Build	Post Checkout Repo for building	2026-07-20T11:48:04.7178910Z Entering 'TidepoolService'
Build	Post Checkout Repo for building	2026-07-20T11:48:04.7328310Z http.https://github.com/.extraheader
Build	Post Checkout Repo for building	2026-07-20T11:48:04.7470000Z Entering 'dexcom-share-client-swift'
Build	Post Checkout Repo for building	2026-07-20T11:48:04.7616170Z http.https://github.com/.extraheader
Build	Post Checkout Repo for building	2026-07-20T11:48:04.7828680Z [command]/opt/homebrew/bin/git config --local --name-only --get-regexp ^includeIf\.gitdir:
Build	Post Checkout Repo for building	2026-07-20T11:48:04.7918370Z [command]/opt/homebrew/bin/git submodule foreach --recursive git config --local --show-origin --name-only --get-regexp remote.origin.url
Build	Post Checkout Repo for building	2026-07-20T11:48:04.8828360Z Entering 'CGMBLEKit'
Build	Post Checkout Repo for building	2026-07-20T11:48:04.8955040Z file:/Users/runner/work/Trio/Trio/.git/modules/CGMBLEKit/config	remote.origin.url
Build	Post Checkout Repo for building	2026-07-20T11:48:04.9024620Z Entering 'DanaKit'
Build	Post Checkout Repo for building	2026-07-20T11:48:04.9129950Z file:/Users/runner/work/Trio/Trio/.git/modules/DanaKit/config	remote.origin.url
Build	Post Checkout Repo for building	2026-07-20T11:48:04.9212740Z Entering 'EversenseKit'
Build	Post Checkout Repo for building	2026-07-20T11:48:04.9339530Z file:/Users/runner/work/Trio/Trio/.git/modules/EversenseKit/config	remote.origin.url
Build	Post Checkout Repo for building	2026-07-20T11:48:04.9409780Z Entering 'G7SensorKit'
Build	Post Checkout Repo for building	2026-07-20T11:48:04.9520280Z file:/Users/runner/work/Trio/Trio/.git/modules/G7SensorKit/config	remote.origin.url
Build	Post Checkout Repo for building	2026-07-20T11:48:04.9594500Z Entering 'LibreTransmitter'
Build	Post Checkout Repo for building	2026-07-20T11:48:04.9703420Z file:/Users/runner/work/Trio/Trio/.git/modules/LibreTransmitter/config	remote.origin.url
Build	Post Checkout Repo for building	2026-07-20T11:48:04.9785270Z Entering 'LoopKit'
Build	Post Checkout Repo for building	2026-07-20T11:48:04.9943210Z file:/Users/runner/work/Trio/Trio/.git/modules/LoopKit/config	remote.origin.url
Build	Post Checkout Repo for building	2026-07-20T11:48:05.0021730Z Entering 'MedtrumKit'
Build	Post Checkout Repo for building	2026-07-20T11:48:05.0124750Z file:/Users/runner/work/Trio/Trio/.git/modules/MedtrumKit/config	remote.origin.url
Build	Post Checkout Repo for building	2026-07-20T11:48:05.0200460Z Entering 'MinimedKit'
Build	Post Checkout Repo for building	2026-07-20T11:48:05.0299180Z file:/Users/runner/work/Trio/Trio/.git/modules/MinimedKit/config	remote.origin.url
Build	Post Checkout Repo for building	2026-07-20T11:48:05.0412580Z Entering 'OmnipodKit'
Build	Post Checkout Repo for building	2026-07-20T11:48:05.0528490Z file:/Users/runner/work/Trio/Trio/.git/modules/OmnipodKit/config	remote.origin.url
Build	Post Checkout Repo for building	2026-07-20T11:48:05.0610130Z Entering 'RileyLinkKit'
Build	Post Checkout Repo for building	2026-07-20T11:48:05.0770240Z file:/Users/runner/work/Trio/Trio/.git/modules/RileyLinkKit/config	remote.origin.url
Build	Post Checkout Repo for building	2026-07-20T11:48:05.0854210Z Entering 'TidepoolService'
Build	Post Checkout Repo for building	2026-07-20T11:48:05.0992880Z file:/Users/runner/work/Trio/Trio/.git/modules/TidepoolService/config	remote.origin.url
Build	Post Checkout Repo for building	2026-07-20T11:48:05.1062480Z Entering 'dexcom-share-client-swift'
Build	Post Checkout Repo for building	2026-07-20T11:48:05.1173250Z file:/Users/runner/work/Trio/Trio/.git/modules/dexcom-share-client-swift/config	remote.origin.url
Build	Post Checkout Repo for building	2026-07-20T11:48:05.1272250Z [command]/opt/homebrew/bin/git config --file /Users/runner/work/Trio/Trio/.git/modules/CGMBLEKit/config --name-only --get-regexp ^includeIf\.gitdir:
Build	Post Checkout Repo for building	2026-07-20T11:48:05.1367480Z [command]/opt/homebrew/bin/git config --file /Users/runner/work/Trio/Trio/.git/modules/DanaKit/config --name-only --get-regexp ^includeIf\.gitdir:
Build	Post Checkout Repo for building	2026-07-20T11:48:05.1439800Z [command]/opt/homebrew/bin/git config --file /Users/runner/work/Trio/Trio/.git/modules/EversenseKit/config --name-only --get-regexp ^includeIf\.gitdir:
Build	Post Checkout Repo for building	2026-07-20T11:48:05.1509670Z [command]/opt/homebrew/bin/git config --file /Users/runner/work/Trio/Trio/.git/modules/G7SensorKit/config --name-only --get-regexp ^includeIf\.gitdir:
Build	Post Checkout Repo for building	2026-07-20T11:48:05.1577830Z [command]/opt/homebrew/bin/git config --file /Users/runner/work/Trio/Trio/.git/modules/LibreTransmitter/config --name-only --get-regexp ^includeIf\.gitdir:
Build	Post Checkout Repo for building	2026-07-20T11:48:05.1651450Z [command]/opt/homebrew/bin/git config --file /Users/runner/work/Trio/Trio/.git/modules/LoopKit/config --name-only --get-regexp ^includeIf\.gitdir:
Build	Post Checkout Repo for building	2026-07-20T11:48:05.1721100Z [command]/opt/homebrew/bin/git config --file /Users/runner/work/Trio/Trio/.git/modules/MedtrumKit/config --name-only --get-regexp ^includeIf\.gitdir:
Build	Post Checkout Repo for building	2026-07-20T11:48:05.1792940Z [command]/opt/homebrew/bin/git config --file /Users/runner/work/Trio/Trio/.git/modules/MinimedKit/config --name-only --get-regexp ^includeIf\.gitdir:
Build	Post Checkout Repo for building	2026-07-20T11:48:05.1862230Z [command]/opt/homebrew/bin/git config --file /Users/runner/work/Trio/Trio/.git/modules/OmnipodKit/config --name-only --get-regexp ^includeIf\.gitdir:
Build	Post Checkout Repo for building	2026-07-20T11:48:05.1927180Z [command]/opt/homebrew/bin/git config --file /Users/runner/work/Trio/Trio/.git/modules/RileyLinkKit/config --name-only --get-regexp ^includeIf\.gitdir:
Build	Post Checkout Repo for building	2026-07-20T11:48:05.1993210Z [command]/opt/homebrew/bin/git config --file /Users/runner/work/Trio/Trio/.git/modules/TidepoolService/config --name-only --get-regexp ^includeIf\.gitdir:
Build	Post Checkout Repo for building	2026-07-20T11:48:05.2093260Z [command]/opt/homebrew/bin/git config --file /Users/runner/work/Trio/Trio/.git/modules/dexcom-share-client-swift/config --name-only --get-regexp ^includeIf\.gitdir:
Build	Complete job	﻿2026-07-20T11:48:05.2265090Z Cleaning up orphan processes
Build	Complete job	2026-07-20T11:48:05.5161940Z Terminate orphan process: pid (31033) (ibtoold)
